solid OpenSCAD_Model
  facet normal -0.261496 -0.895465 0.360225
    outer loop
      vertex -64.4085 -21.6419 18.7734
      vertex -65.7222 -24.0442 11.848
      vertex -65.6915 -24.0452 11.8678
    endloop
  endfacet
  facet normal -0.388537 -0.838967 0.381017
    outer loop
      vertex -66.8775 -23.8551 11.3824
      vertex -64.4085 -21.6419 18.7734
      vertex -66.8831 -23.8496 11.3888
    endloop
  endfacet
  facet normal -0.393812 -0.836092 0.381919
    outer loop
      vertex -64.4085 -21.6419 18.7734
      vertex -66.8775 -23.8551 11.3824
      vertex -66.8637 -23.869 11.3662
    endloop
  endfacet
  facet normal -0.217471 -0.908573 0.356652
    outer loop
      vertex 0.795709 -37.1207 19.1002
      vertex -2.69898 -36.2911 19.0827
      vertex -2.50154 -36.5256 18.6057
    endloop
  endfacet
  facet normal -0.21748 -0.908586 0.356614
    outer loop
      vertex -64.4085 -21.6419 18.7734
      vertex -65.6915 -24.0452 11.8678
      vertex -52.7974 -24.3983 18.8316
    endloop
  endfacet
  facet normal -0.0508593 -0.201401 0.978188
    outer loop
      vertex 36.9424 -44.0311 19.5569
      vertex 66.5362 -27.856 24.4259
      vertex 66.5306 -26.279 24.7503
    endloop
  endfacet
  facet normal -0.0508613 -0.201399 0.978188
    outer loop
      vertex 66.5362 -27.856 24.4259
      vertex 40.456 -46.0465 19.3246
      vertex 52.49 -48.7548 19.3927
    endloop
  endfacet
  facet normal -0.0508552 -0.201408 0.978186
    outer loop
      vertex 66.5362 -27.856 24.4259
      vertex 36.9424 -44.0311 19.5569
      vertex 40.456 -46.0465 19.3246
    endloop
  endfacet
  facet normal -0.0512842 -0.200727 0.978304
    outer loop
      vertex 66.5306 -26.279 24.7503
      vertex 36.9196 -44.0243 19.5571
      vertex 36.9424 -44.0311 19.5569
    endloop
  endfacet
  facet normal -0.048874 -0.204552 0.977635
    outer loop
      vertex 66.5306 -26.279 24.7503
      vertex 36.9103 -44.0216 19.5572
      vertex 36.9196 -44.0243 19.5571
    endloop
  endfacet
  facet normal -0.0524181 -0.198922 0.978612
    outer loop
      vertex 66.5306 -26.279 24.7503
      vertex 36.8875 -44.0151 19.5573
      vertex 36.9103 -44.0216 19.5572
    endloop
  endfacet
  facet normal -0.0488752 -0.204557 0.977634
    outer loop
      vertex 66.5306 -26.279 24.7503
      vertex 36.8782 -44.0124 19.5574
      vertex 36.8875 -44.0151 19.5573
    endloop
  endfacet
  facet normal -0.0502849 -0.202315 0.978029
    outer loop
      vertex 66.5306 -26.279 24.7503
      vertex 36.8552 -44.0062 19.5575
      vertex 36.8782 -44.0124 19.5574
    endloop
  endfacet
  facet normal -0.0550349 -0.194739 0.97931
    outer loop
      vertex 66.5306 -26.279 24.7503
      vertex 36.846 -44.0036 19.5575
      vertex 36.8552 -44.0062 19.5575
    endloop
  endfacet
  facet normal -0.0496676 -0.203302 0.977856
    outer loop
      vertex 66.5306 -26.279 24.7503
      vertex 36.823 -43.9975 19.5576
      vertex 36.846 -44.0036 19.5575
    endloop
  endfacet
  facet normal -0.0512588 -0.200764 0.978298
    outer loop
      vertex 66.5306 -26.279 24.7503
      vertex 36.8136 -43.9951 19.5576
      vertex 36.823 -43.9975 19.5576
    endloop
  endfacet
  facet normal -0.0514301 -0.20049 0.978345
    outer loop
      vertex 66.5306 -26.279 24.7503
      vertex 36.7906 -43.9892 19.5576
      vertex 36.8136 -43.9951 19.5576
    endloop
  endfacet
  facet normal -0.0516491 -0.20014 0.978405
    outer loop
      vertex 66.5306 -26.279 24.7503
      vertex 36.7813 -43.9868 19.5576
      vertex 36.7906 -43.9892 19.5576
    endloop
  endfacet
  facet normal -0.0492393 -0.203992 0.977734
    outer loop
      vertex 66.5306 -26.279 24.7503
      vertex 36.7581 -43.9812 19.5576
      vertex 36.7813 -43.9868 19.5576
    endloop
  endfacet
  facet normal -0.0576518 -0.190505 0.979992
    outer loop
      vertex 66.5306 -26.279 24.7503
      vertex 36.7488 -43.9789 19.5575
      vertex 36.7581 -43.9812 19.5576
    endloop
  endfacet
  facet normal -0.0479587 -0.206045 0.977367
    outer loop
      vertex 66.5306 -26.279 24.7503
      vertex 36.7256 -43.9735 19.5575
      vertex 36.7488 -43.9789 19.5575
    endloop
  endfacet
  facet normal -0.0546375 -0.195337 0.979213
    outer loop
      vertex 66.5306 -26.279 24.7503
      vertex 36.7163 -43.9714 19.5574
      vertex 36.7256 -43.9735 19.5575
    endloop
  endfacet
  facet normal -0.049754 -0.203174 0.977878
    outer loop
      vertex 66.5306 -26.279 24.7503
      vertex 36.6931 -43.9662 19.5573
      vertex 36.7163 -43.9714 19.5574
    endloop
  endfacet
  facet normal -0.0542077 -0.19602 0.9791
    outer loop
      vertex 66.5306 -26.279 24.7503
      vertex 36.6837 -43.9641 19.5572
      vertex 36.6931 -43.9662 19.5573
    endloop
  endfacet
  facet normal -0.051423 -0.200498 0.978344
    outer loop
      vertex 66.5306 -26.279 24.7503
      vertex 36.6604 -43.9591 19.557
      vertex 36.6837 -43.9641 19.5572
    endloop
  endfacet
  facet normal -0.0448897 -0.210982 0.976459
    outer loop
      vertex 66.5306 -26.279 24.7503
      vertex 36.651 -43.9571 19.557
      vertex 36.6604 -43.9591 19.557
    endloop
  endfacet
  facet normal -0.0526466 -0.198524 0.978681
    outer loop
      vertex 66.5306 -26.279 24.7503
      vertex 36.6277 -43.9524 19.5567
      vertex 36.651 -43.9571 19.557
    endloop
  endfacet
  facet normal -0.0506455 -0.201747 0.978127
    outer loop
      vertex 66.5306 -26.279 24.7503
      vertex 36.6182 -43.9505 19.5566
      vertex 36.6277 -43.9524 19.5567
    endloop
  endfacet
  facet normal -0.0513434 -0.200623 0.978322
    outer loop
      vertex 66.5306 -26.279 24.7503
      vertex 36.5949 -43.946 19.5563
      vertex 36.6182 -43.9505 19.5566
    endloop
  endfacet
  facet normal -0.0490149 -0.204375 0.977665
    outer loop
      vertex 66.5306 -26.279 24.7503
      vertex 36.5854 -43.9442 19.5562
      vertex 36.5949 -43.946 19.5563
    endloop
  endfacet
  facet normal -0.049847 -0.203034 0.977902
    outer loop
      vertex 66.5306 -26.279 24.7503
      vertex 36.562 -43.9399 19.5559
      vertex 36.5854 -43.9442 19.5562
    endloop
  endfacet
  facet normal -0.0558153 -0.193387 0.979534
    outer loop
      vertex 66.5306 -26.279 24.7503
      vertex 36.5526 -43.9382 19.5557
      vertex 36.562 -43.9399 19.5559
    endloop
  endfacet
  facet normal -0.0484907 -0.205226 0.977513
    outer loop
      vertex 66.5306 -26.279 24.7503
      vertex 36.5292 -43.9341 19.5554
      vertex 36.5526 -43.9382 19.5557
    endloop
  endfacet
  facet normal -0.053744 -0.196732 0.978983
    outer loop
      vertex 66.5306 -26.279 24.7503
      vertex 36.5197 -43.9325 19.5552
      vertex 36.5292 -43.9341 19.5554
    endloop
  endfacet
  facet normal -0.0495524 -0.203515 0.977817
    outer loop
      vertex 66.5306 -26.279 24.7503
      vertex 36.4962 -43.9287 19.5548
      vertex 36.5197 -43.9325 19.5552
    endloop
  endfacet
  facet normal -0.0537431 -0.196727 0.978984
    outer loop
      vertex 66.5306 -26.279 24.7503
      vertex 36.4867 -43.9271 19.5546
      vertex 36.4962 -43.9287 19.5548
    endloop
  endfacet
  facet normal -0.0515083 -0.20035 0.978369
    outer loop
      vertex 66.5306 -26.279 24.7503
      vertex 36.4632 -43.9235 19.5541
      vertex 36.4867 -43.9271 19.5546
    endloop
  endfacet
  facet normal -0.0520868 -0.199412 0.97853
    outer loop
      vertex 66.5306 -26.279 24.7503
      vertex 36.4537 -43.922 19.5539
      vertex 36.4632 -43.9235 19.5541
    endloop
  endfacet
  facet normal -0.0492432 -0.204023 0.977727
    outer loop
      vertex 66.5306 -26.279 24.7503
      vertex 36.4301 -43.9187 19.5534
      vertex 36.4537 -43.922 19.5539
    endloop
  endfacet
  facet normal -0.0503843 -0.202172 0.978053
    outer loop
      vertex 66.5306 -26.279 24.7503
      vertex 36.4206 -43.9173 19.5532
      vertex 36.4301 -43.9187 19.5534
    endloop
  endfacet
  facet normal -0.0512449 -0.200774 0.978296
    outer loop
      vertex 66.5306 -26.279 24.7503
      vertex 36.397 -43.9142 19.5526
      vertex 36.4206 -43.9173 19.5532
    endloop
  endfacet
  facet normal -0.0486346 -0.205015 0.97755
    outer loop
      vertex 66.5306 -26.279 24.7503
      vertex 36.3875 -43.9129 19.5524
      vertex 36.397 -43.9142 19.5526
    endloop
  endfacet
  facet normal -0.0531065 -0.197743 0.978814
    outer loop
      vertex 66.5306 -26.279 24.7503
      vertex 36.3638 -43.91 19.5517
      vertex 36.3875 -43.9129 19.5524
    endloop
  endfacet
  facet normal -0.0468354 -0.207944 0.977019
    outer loop
      vertex 66.5306 -26.279 24.7503
      vertex 36.3543 -43.9088 19.5515
      vertex 36.3638 -43.91 19.5517
    endloop
  endfacet
  facet normal -0.0518749 -0.199747 0.978473
    outer loop
      vertex 66.5306 -26.279 24.7503
      vertex 36.3307 -43.9061 19.5508
      vertex 36.3543 -43.9088 19.5515
    endloop
  endfacet
  facet normal -0.0514523 -0.200436 0.978355
    outer loop
      vertex 66.5306 -26.279 24.7503
      vertex 36.3211 -43.9051 19.5505
      vertex 36.3307 -43.9061 19.5508
    endloop
  endfacet
  facet normal -0.0505877 -0.201845 0.97811
    outer loop
      vertex 66.5306 -26.279 24.7503
      vertex 36.2878 -43.9016 19.5495
      vertex 36.3211 -43.9051 19.5505
    endloop
  endfacet
  facet normal -0.0508584 -0.201404 0.978187
    outer loop
      vertex 66.5306 -26.279 24.7503
      vertex 23.4976 -42.2299 19.2287
      vertex 36.2878 -43.9016 19.5495
    endloop
  endfacet
  facet normal -0.050862 -0.201395 0.978189
    outer loop
      vertex 23.4976 -42.2299 19.2287
      vertex 66.5306 -26.279 24.7503
      vertex 0.795709 -37.1207 19.1002
    endloop
  endfacet
  facet normal -0.933424 -0.0576552 0.354111
    outer loop
      vertex -64.4085 -21.6419 18.7734
      vertex -67.0117 -23.4584 11.6157
      vertex -67.0116 -23.4895 11.6109
    endloop
  endfacet
  facet normal 0.331067 -0.855777 0.397543
    outer loop
      vertex 52.8858 -51.9244 12.24
      vertex 52.9561 -51.8776 12.2822
      vertex 52.49 -48.7548 19.3927
    endloop
  endfacet
  facet normal 0.334678 -0.856684 0.392534
    outer loop
      vertex 52.9561 -51.8776 12.2822
      vertex 52.8858 -51.9244 12.24
      vertex 52.9323 -51.894 12.2667
    endloop
  endfacet
  facet normal 0.332824 -0.856184 0.395193
    outer loop
      vertex 52.9323 -51.894 12.2667
      vertex 52.8858 -51.9244 12.24
      vertex 52.9007 -51.9157 12.2463
    endloop
  endfacet
  facet normal -0.049306 -0.107526 0.992979
    outer loop
      vertex 46.1685 -13.6552 25.1283
      vertex 66.5297 -26.0411 24.7981
      vertex 66.5285 -25.3895 24.8686
    endloop
  endfacet
  facet normal -0.0493011 -0.107518 0.99298
    outer loop
      vertex 66.5297 -26.0411 24.7981
      vertex 46.1685 -13.6552 25.1283
      vertex -64.4085 -21.6419 18.7734
    endloop
  endfacet
  facet normal -0.920774 -0.129383 0.368016
    outer loop
      vertex -64.4085 -21.6419 18.7734
      vertex -67.0116 -23.4895 11.6109
      vertex -67.0115 -23.5215 11.5999
    endloop
  endfacet
  facet normal -0.760411 0.0332898 -0.648588
    outer loop
      vertex -64.4414 14.3087 20.6572
      vertex -64.4543 28.4315 21.3972
      vertex -64.4214 -7.51918 19.5134
    endloop
  endfacet
  facet normal -0.0152035 -0.0539564 0.998428
    outer loop
      vertex 82.5731 0.758327 26.5192
      vertex 81.7545 -0.359978 26.4463
      vertex 82.2451 0.286367 26.4887
    endloop
  endfacet
  facet normal -0.0186085 -0.0514688 0.998501
    outer loop
      vertex 82.5731 0.758327 26.5192
      vertex 81.3666 -0.828897 26.4149
      vertex 81.7545 -0.359978 26.4463
    endloop
  endfacet
  facet normal -0.0162939 -0.0532248 0.99845
    outer loop
      vertex 80.8299 -1.43747 26.3737
      vertex 81.3666 -0.828897 26.4149
      vertex 82.5731 0.758327 26.5192
    endloop
  endfacet
  facet normal -0.0212444 -0.0488678 0.998579
    outer loop
      vertex 81.3666 -0.828897 26.4149
      vertex 80.8299 -1.43747 26.3737
      vertex 81.2373 -0.985203 26.4045
    endloop
  endfacet
  facet normal -0.0175138 -0.0522584 0.99848
    outer loop
      vertex 80.2682 -2.02304 26.3332
      vertex 80.8299 -1.43747 26.3737
      vertex 82.5731 0.758327 26.5192
    endloop
  endfacet
  facet normal -0.0142311 -0.0553991 0.998363
    outer loop
      vertex 80.8299 -1.43747 26.3737
      vertex 80.2682 -2.02304 26.3332
      vertex 80.6942 -1.58823 26.3634
    endloop
  endfacet
  facet normal -0.0178556 -0.0519757 0.998489
    outer loop
      vertex 79.9402 -2.3426 26.3107
      vertex 80.2682 -2.02304 26.3332
      vertex 82.5731 0.758327 26.5192
    endloop
  endfacet
  facet normal -0.0152819 -0.0546105 0.998391
    outer loop
      vertex 80.2682 -2.02304 26.3332
      vertex 79.9402 -2.3426 26.3107
      vertex 80.1263 -2.16798 26.3231
    endloop
  endfacet
  facet normal -0.0516759 -0.196913 0.979058
    outer loop
      vertex 66.5297 -26.0411 24.7981
      vertex 0.795709 -37.1207 19.1002
      vertex 66.5306 -26.279 24.7503
    endloop
  endfacet
  facet normal -0.0516654 -0.196969 0.979047
    outer loop
      vertex -8.34075 -28.6452 20.3232
      vertex 0.795709 -37.1207 19.1002
      vertex 66.5297 -26.0411 24.7981
    endloop
  endfacet
  facet normal -0.0516596 -0.196963 0.979049
    outer loop
      vertex 0.795709 -37.1207 19.1002
      vertex -8.34075 -28.6452 20.3232
      vertex -2.69898 -36.2911 19.0827
    endloop
  endfacet
  facet normal -0.0516651 -0.196976 0.979046
    outer loop
      vertex 66.5297 -26.0411 24.7981
      vertex -11.3113 -24.6194 20.9764
      vertex -8.34075 -28.6452 20.3232
    endloop
  endfacet
  facet normal -0.0516297 -0.192806 0.979878
    outer loop
      vertex 66.5297 -26.0411 24.7981
      vertex -11.3217 -24.6095 20.9778
      vertex -11.3113 -24.6194 20.9764
    endloop
  endfacet
  facet normal -0.05159 -0.188307 0.980754
    outer loop
      vertex 66.5297 -26.0411 24.7981
      vertex -11.3257 -24.6058 20.9783
      vertex -11.3217 -24.6095 20.9778
    endloop
  endfacet
  facet normal -0.0517113 -0.202361 0.977945
    outer loop
      vertex 66.5297 -26.0411 24.7981
      vertex -11.3364 -24.5963 20.9797
      vertex -11.3257 -24.6058 20.9783
    endloop
  endfacet
  facet normal -0.0516469 -0.194858 0.979471
    outer loop
      vertex 66.5297 -26.0411 24.7981
      vertex -11.3405 -24.5927 20.9802
      vertex -11.3364 -24.5963 20.9797
    endloop
  endfacet
  facet normal -0.051642 -0.194303 0.979581
    outer loop
      vertex 66.5297 -26.0411 24.7981
      vertex -11.3516 -24.5837 20.9814
      vertex -11.3405 -24.5927 20.9802
    endloop
  endfacet
  facet normal -0.0517566 -0.207588 0.976846
    outer loop
      vertex 66.5297 -26.0411 24.7981
      vertex -11.3558 -24.5803 20.9819
      vertex -11.3516 -24.5837 20.9814
    endloop
  endfacet
  facet normal -0.0516318 -0.193246 0.979791
    outer loop
      vertex 66.5297 -26.0411 24.7981
      vertex -11.3715 -24.5685 20.9834
      vertex -11.3558 -24.5803 20.9819
    endloop
  endfacet
  facet normal -0.0516745 -0.197931 0.978853
    outer loop
      vertex 66.5297 -26.0411 24.7981
      vertex -11.3832 -24.5605 20.9844
      vertex -11.3715 -24.5685 20.9834
    endloop
  endfacet
  facet normal -0.0516898 -0.199625 0.978508
    outer loop
      vertex 66.5297 -26.0411 24.7981
      vertex -11.3876 -24.5574 20.9848
      vertex -11.3832 -24.5605 20.9844
    endloop
  endfacet
  facet normal -0.0516706 -0.197512 0.978938
    outer loop
      vertex 66.5297 -26.0411 24.7981
      vertex -11.3996 -24.5498 20.9857
      vertex -11.3876 -24.5574 20.9848
    endloop
  endfacet
  facet normal -0.051534 -0.183299 0.981705
    outer loop
      vertex 66.5297 -26.0411 24.7981
      vertex -11.4042 -24.5469 20.986
      vertex -11.3996 -24.5498 20.9857
    endloop
  endfacet
  facet normal -0.0516856 -0.199079 0.97862
    outer loop
      vertex 66.5297 -26.0411 24.7981
      vertex -11.4164 -24.5398 20.9868
      vertex -11.4042 -24.5469 20.986
    endloop
  endfacet
  facet normal -0.0516821 -0.198709 0.978695
    outer loop
      vertex 66.5297 -26.0411 24.7981
      vertex -11.4211 -24.5371 20.9871
      vertex -11.4164 -24.5398 20.9868
    endloop
  endfacet
  facet normal -0.0517024 -0.200891 0.978248
    outer loop
      vertex 66.5297 -26.0411 24.7981
      vertex -11.4335 -24.5305 20.9878
      vertex -11.4211 -24.5371 20.9871
    endloop
  endfacet
  facet normal -0.0517697 -0.208271 0.9767
    outer loop
      vertex 66.5297 -26.0411 24.7981
      vertex -11.4383 -24.5279 20.9881
      vertex -11.4335 -24.5305 20.9878
    endloop
  endfacet
  facet normal -0.0515751 -0.187776 0.980857
    outer loop
      vertex 66.5297 -26.0411 24.7981
      vertex -11.451 -24.5218 20.9886
      vertex -11.4383 -24.5279 20.9881
    endloop
  endfacet
  facet normal -0.0516487 -0.1952 0.979403
    outer loop
      vertex 66.5297 -26.0411 24.7981
      vertex -11.4559 -24.5195 20.9888
      vertex -11.451 -24.5218 20.9886
    endloop
  endfacet
  facet normal -0.0517216 -0.20283 0.977847
    outer loop
      vertex 66.5297 -26.0411 24.7981
      vertex -11.4688 -24.5138 20.9893
      vertex -11.4559 -24.5195 20.9888
    endloop
  endfacet
  facet normal -0.0518438 -0.21629 0.974952
    outer loop
      vertex 66.5297 -26.0411 24.7981
      vertex -11.4738 -24.5117 20.9895
      vertex -11.4688 -24.5138 20.9893
    endloop
  endfacet
  facet normal -0.0515977 -0.190205 0.980388
    outer loop
      vertex 66.5297 -26.0411 24.7981
      vertex -11.4869 -24.5066 20.9898
      vertex -11.4738 -24.5117 20.9895
    endloop
  endfacet
  facet normal -0.0514676 -0.177805 0.982719
    outer loop
      vertex 66.5297 -26.0411 24.7981
      vertex -11.4919 -24.5046 20.9899
      vertex -11.4869 -24.5066 20.9898
    endloop
  endfacet
  facet normal -0.0516263 -0.192991 0.979841
    outer loop
      vertex 66.5297 -26.0411 24.7981
      vertex -11.5053 -24.5 20.9901
      vertex -11.4919 -24.5046 20.9899
    endloop
  endfacet
  facet normal -0.051704 -0.200842 0.978258
    outer loop
      vertex 66.5297 -26.0411 24.7981
      vertex -11.5104 -24.4982 20.9902
      vertex -11.5053 -24.5 20.9901
    endloop
  endfacet
  facet normal -0.0516354 -0.193913 0.979659
    outer loop
      vertex 66.5297 -26.0411 24.7981
      vertex -11.5239 -24.4941 20.9903
      vertex -11.5104 -24.4982 20.9902
    endloop
  endfacet
  facet normal -0.0520859 -0.245104 0.968097
    outer loop
      vertex 66.5297 -26.0411 24.7981
      vertex -11.5291 -24.4926 20.9904
      vertex -11.5239 -24.4941 20.9903
    endloop
  endfacet
  facet normal -0.0516615 -0.196601 0.979122
    outer loop
      vertex 66.5297 -26.0411 24.7981
      vertex -11.5428 -24.489 20.9904
      vertex -11.5291 -24.4926 20.9904
    endloop
  endfacet
  facet normal -0.0516116 -0.1917 0.980096
    outer loop
      vertex 66.5297 -26.0411 24.7981
      vertex -11.548 -24.4876 20.9904
      vertex -11.5428 -24.489 20.9904
    endloop
  endfacet
  facet normal -0.0515711 -0.187819 0.980849
    outer loop
      vertex 66.5297 -26.0411 24.7981
      vertex -11.5671 -24.4834 20.9902
      vertex -11.548 -24.4876 20.9904
    endloop
  endfacet
  facet normal -0.0518127 -0.212081 0.975878
    outer loop
      vertex 66.5297 -26.0411 24.7981
      vertex -11.5811 -24.4809 20.99
      vertex -11.5671 -24.4834 20.9902
    endloop
  endfacet
  facet normal -0.0514834 -0.179774 0.98236
    outer loop
      vertex 66.5297 -26.0411 24.7981
      vertex -11.5865 -24.4799 20.9899
      vertex -11.5811 -24.4809 20.99
    endloop
  endfacet
  facet normal -0.0514259 -0.174626 0.983291
    outer loop
      vertex 66.5297 -26.0411 24.7981
      vertex -11.6006 -24.478 20.9895
      vertex -11.5865 -24.4799 20.9899
    endloop
  endfacet
  facet normal -0.0519059 -0.222174 0.973624
    outer loop
      vertex 66.5297 -26.0411 24.7981
      vertex -11.6059 -24.4772 20.9894
      vertex -11.6006 -24.478 20.9895
    endloop
  endfacet
  facet normal -0.052154 -0.252971 0.966067
    outer loop
      vertex 66.5297 -26.0411 24.7981
      vertex -11.6201 -24.4758 20.989
      vertex -11.6059 -24.4772 20.9894
    endloop
  endfacet
  facet normal -0.0509678 -0.137474 0.989193
    outer loop
      vertex 66.5297 -26.0411 24.7981
      vertex -11.6256 -24.4752 20.9888
      vertex -11.6201 -24.4758 20.989
    endloop
  endfacet
  facet normal -0.0516434 -0.194827 0.979477
    outer loop
      vertex 66.5297 -26.0411 24.7981
      vertex -11.6453 -24.474 20.988
      vertex -11.6256 -24.4752 20.9888
    endloop
  endfacet
  facet normal -0.0516653 -0.196966 0.979048
    outer loop
      vertex -64.4085 -21.6419 18.7734
      vertex -11.6453 -24.474 20.988
      vertex 66.5297 -26.0411 24.7981
    endloop
  endfacet
  facet normal -0.0517059 -0.197865 0.978865
    outer loop
      vertex -11.6453 -24.474 20.988
      vertex -64.4085 -21.6419 18.7734
      vertex -11.6597 -24.4737 20.9873
    endloop
  endfacet
  facet normal -0.0516642 -0.196955 0.97905
    outer loop
      vertex -64.4085 -21.6419 18.7734
      vertex -50.7251 -24.4021 18.9402
      vertex -11.6651 -24.4736 20.987
    endloop
  endfacet
  facet normal -0.0516686 -0.196978 0.979046
    outer loop
      vertex -50.7251 -24.4021 18.9402
      vertex -64.4085 -21.6419 18.7734
      vertex -52.7974 -24.3983 18.8316
    endloop
  endfacet
  facet normal -0.0583965 -0.359739 0.931224
    outer loop
      vertex -11.6597 -24.4737 20.9873
      vertex -64.4085 -21.6419 18.7734
      vertex -11.6651 -24.4736 20.987
    endloop
  endfacet
  facet normal -0.729691 -0.530225 0.431755
    outer loop
      vertex -66.9793 -23.6971 11.5079
      vertex -66.9868 -23.6766 11.5204
      vertex -66.9844 -23.6843 11.515
    endloop
  endfacet
  facet normal -0.7904 -0.502667 0.350133
    outer loop
      vertex -66.9762 -23.7049 11.5037
      vertex -66.9868 -23.6766 11.5204
      vertex -66.9793 -23.6971 11.5079
    endloop
  endfacet
  facet normal -0.746399 -0.522667 0.411955
    outer loop
      vertex -66.9868 -23.6766 11.5204
      vertex -66.9762 -23.7049 11.5037
      vertex -64.4085 -21.6419 18.7734
    endloop
  endfacet
  facet normal 0.265861 -0.875818 0.402816
    outer loop
      vertex 52.49 -48.7548 19.3927
      vertex 52.842 -51.9497 12.2139
      vertex 52.8858 -51.9244 12.24
    endloop
  endfacet
  facet normal 0.266122 -0.875747 0.402797
    outer loop
      vertex 52.842 -51.9497 12.2139
      vertex 52.49 -48.7548 19.3927
      vertex 52.8129 -51.9665 12.1966
    endloop
  endfacet
  facet normal -0.0573167 -0.0522941 0.996986
    outer loop
      vertex 46.1099 31.5797 27.4976
      vertex 46.1685 -13.6552 25.1283
      vertex 46.1271 31.5761 27.4984
    endloop
  endfacet
  facet normal -0.0463687 -0.0523096 0.997554
    outer loop
      vertex 46.1004 31.5824 27.4973
      vertex 46.1685 -13.6552 25.1283
      vertex 46.1099 31.5797 27.4976
    endloop
  endfacet
  facet normal -0.0539082 -0.0523012 0.997175
    outer loop
      vertex 46.072 31.5907 27.4962
      vertex 46.1685 -13.6552 25.1283
      vertex 46.1004 31.5824 27.4973
    endloop
  endfacet
  facet normal -0.0524167 -0.0523021 0.997255
    outer loop
      vertex 46.0628 31.5942 27.4959
      vertex 46.1685 -13.6552 25.1283
      vertex 46.072 31.5907 27.4962
    endloop
  endfacet
  facet normal -0.0562397 -0.0523002 0.997047
    outer loop
      vertex 46.0354 31.6046 27.4949
      vertex 46.1685 -13.6552 25.1283
      vertex 46.0628 31.5942 27.4959
    endloop
  endfacet
  facet normal -0.0470371 -0.052298 0.997523
    outer loop
      vertex 46.0266 31.6087 27.4947
      vertex 46.1685 -13.6552 25.1283
      vertex 46.0354 31.6046 27.4949
    endloop
  endfacet
  facet normal -0.0547819 -0.0523016 0.997128
    outer loop
      vertex 46.0002 31.6211 27.4939
      vertex 46.1685 -13.6552 25.1283
      vertex 46.0266 31.6087 27.4947
    endloop
  endfacet
  facet normal -0.0534941 -0.0520643 0.99721
    outer loop
      vertex 32.8278 33.8394 26.9031
      vertex 46.0002 31.6211 27.4939
      vertex 45.9918 31.6259 27.4937
    endloop
  endfacet
  facet normal -0.0534941 -0.0520643 0.99721
    outer loop
      vertex 32.8278 33.8394 26.9031
      vertex 45.9918 31.6259 27.4937
      vertex 45.9666 31.6403 27.4931
    endloop
  endfacet
  facet normal -0.0625589 -0.0742488 0.995276
    outer loop
      vertex 40.6967 33.8245 27.3248
      vertex 45.9666 31.6403 27.4931
      vertex 45.9586 31.6457 27.493
    endloop
  endfacet
  facet normal -0.0492028 -0.0417894 0.997914
    outer loop
      vertex 40.6967 33.8245 27.3248
      vertex 45.9586 31.6457 27.493
      vertex 45.9347 31.6619 27.4925
    endloop
  endfacet
  facet normal -0.05572 -0.0576627 0.99678
    outer loop
      vertex 40.6967 33.8245 27.3248
      vertex 45.9347 31.6619 27.4925
      vertex 45.9046 31.6858 27.4922
    endloop
  endfacet
  facet normal -0.0467528 -0.0357105 0.998268
    outer loop
      vertex 40.6967 33.8245 27.3248
      vertex 45.9046 31.6858 27.4922
      vertex 45.8975 31.6923 27.4921
    endloop
  endfacet
  facet normal -0.0536852 -0.0527062 0.997166
    outer loop
      vertex 40.6967 33.8245 27.3248
      vertex 45.8975 31.6923 27.4921
      vertex 45.8764 31.7119 27.492
    endloop
  endfacet
  facet normal -0.0540207 -0.0535337 0.997104
    outer loop
      vertex 40.6967 33.8245 27.3248
      vertex 45.8764 31.7119 27.492
      vertex 45.8503 31.7401 27.4921
    endloop
  endfacet
  facet normal -0.0557819 -0.0579157 0.996762
    outer loop
      vertex 40.6967 33.8245 27.3248
      vertex 45.8503 31.7401 27.4921
      vertex 45.8443 31.7476 27.4922
    endloop
  endfacet
  facet normal -0.0528975 -0.0507225 0.997311
    outer loop
      vertex 40.6967 33.8245 27.3248
      vertex 45.8443 31.7476 27.4922
      vertex 45.8264 31.7702 27.4924
    endloop
  endfacet
  facet normal -0.0532932 -0.0517164 0.997239
    outer loop
      vertex 40.6967 33.8245 27.3248
      vertex 45.8264 31.7702 27.4924
      vertex 45.8048 31.8021 27.4929
    endloop
  endfacet
  facet normal -0.0542226 -0.0540785 0.997063
    outer loop
      vertex 40.6967 33.8245 27.3248
      vertex 45.8048 31.8021 27.4929
      vertex 45.8001 31.8105 27.4931
    endloop
  endfacet
  facet normal -0.0525519 -0.0498188 0.997375
    outer loop
      vertex 40.6967 33.8245 27.3248
      vertex 45.8001 31.8105 27.4931
      vertex 45.7857 31.8357 27.4936
    endloop
  endfacet
  facet normal -0.054116 -0.053846 0.997082
    outer loop
      vertex 40.6967 33.8245 27.3248
      vertex 45.7857 31.8357 27.4936
      vertex 45.7692 31.8708 27.4946
    endloop
  endfacet
  facet normal -0.0537814 -0.0529716 0.997147
    outer loop
      vertex 40.6967 33.8245 27.3248
      vertex 45.7692 31.8708 27.4946
      vertex 45.7554 31.9074 27.4958
    endloop
  endfacet
  facet normal -0.0514016 -0.0466527 0.997588
    outer loop
      vertex 40.6967 33.8245 27.3248
      vertex 45.7554 31.9074 27.4958
      vertex 45.7526 31.9169 27.4961
    endloop
  endfacet
  facet normal -0.0543437 -0.0545002 0.997034
    outer loop
      vertex 40.6967 33.8245 27.3248
      vertex 45.7526 31.9169 27.4961
      vertex 45.7444 31.9452 27.4972
    endloop
  endfacet
  facet normal -0.0533685 -0.0518631 0.997227
    outer loop
      vertex 40.6967 33.8245 27.3248
      vertex 45.7444 31.9452 27.4972
      vertex 45.7363 31.9843 27.4988
    endloop
  endfacet
  facet normal -0.0512618 -0.0460563 0.997623
    outer loop
      vertex 40.6967 33.8245 27.3248
      vertex 45.7363 31.9843 27.4988
      vertex 45.7351 31.9943 27.4992
    endloop
  endfacet
  facet normal -0.0538296 -0.0531719 0.997133
    outer loop
      vertex 40.6967 33.8245 27.3248
      vertex 45.7351 31.9943 27.4992
      vertex 45.7314 32.0243 27.5006
    endloop
  endfacet
  facet normal -0.0530468 -0.0509671 0.997291
    outer loop
      vertex 40.6967 33.8245 27.3248
      vertex 45.7314 32.0243 27.5006
      vertex 45.731 32.0345 27.5011
    endloop
  endfacet
  facet normal -0.0542091 -0.0542592 0.997054
    outer loop
      vertex 40.6967 33.8245 27.3248
      vertex 45.731 32.0345 27.5011
      vertex 45.7297 32.0652 27.5027
    endloop
  endfacet
  facet normal -0.0536646 -0.0523687 0.997185
    outer loop
      vertex 45.2287 33.8159 27.5676
      vertex 45.7289 32.3779 27.519
      vertex 45.7266 33.3152 27.5681
    endloop
  endfacet
  facet normal 0.0100335 -0.0487341 0.998761
    outer loop
      vertex 45.724 33.3659 27.5706
      vertex 45.7266 33.3152 27.5681
      vertex 45.7252 33.3559 27.5701
    endloop
  endfacet
  facet normal -0.0531945 -0.0519012 0.997234
    outer loop
      vertex 45.7266 33.3152 27.5681
      vertex 45.724 33.3659 27.5706
      vertex 45.2287 33.8159 27.5676
    endloop
  endfacet
  facet normal -0.0705823 -0.0548973 0.995994
    outer loop
      vertex 45.7186 33.4055 27.5724
      vertex 45.724 33.3659 27.5706
      vertex 45.7205 33.3958 27.572
    endloop
  endfacet
  facet normal -0.0538969 -0.0526749 0.997156
    outer loop
      vertex 45.724 33.3659 27.5706
      vertex 45.7186 33.4055 27.5724
      vertex 45.2287 33.8159 27.5676
    endloop
  endfacet
  facet normal -0.124969 -0.0661602 0.989952
    outer loop
      vertex 45.7101 33.444 27.5739
      vertex 45.7186 33.4055 27.5724
      vertex 45.7127 33.4346 27.5736
    endloop
  endfacet
  facet normal -0.0529389 -0.052118 0.997237
    outer loop
      vertex 45.7289 32.3779 27.519
      vertex 45.2287 33.8159 27.5676
      vertex 45.7297 32.0652 27.5027
    endloop
  endfacet
  facet normal -0.0519298 -0.0503241 0.997382
    outer loop
      vertex 45.7186 33.4055 27.5724
      vertex 45.7101 33.444 27.5739
      vertex 45.2287 33.8159 27.5676
    endloop
  endfacet
  facet normal -0.0672588 -0.0579665 0.99605
    outer loop
      vertex 45.6986 33.4814 27.5753
      vertex 45.7101 33.444 27.5739
      vertex 45.702 33.4723 27.575
    endloop
  endfacet
  facet normal -0.054928 -0.0542111 0.997018
    outer loop
      vertex 45.7101 33.444 27.5739
      vertex 45.6986 33.4814 27.5753
      vertex 45.2287 33.8159 27.5676
    endloop
  endfacet
  facet normal -0.0674479 -0.0580366 0.996033
    outer loop
      vertex 45.6673 33.5521 27.5773
      vertex 45.6986 33.4814 27.5753
      vertex 45.6884 33.5087 27.5762
    endloop
  endfacet
  facet normal -0.0209246 -0.0354971 0.999151
    outer loop
      vertex 45.6673 33.5521 27.5773
      vertex 45.6884 33.5087 27.5762
      vertex 45.672 33.5437 27.5771
    endloop
  endfacet
  facet normal -0.0531839 -0.0517559 0.997243
    outer loop
      vertex 45.6986 33.4814 27.5753
      vertex 45.6673 33.5521 27.5773
      vertex 45.2287 33.8159 27.5676
    endloop
  endfacet
  facet normal -0.121475 -0.0928302 0.988244
    outer loop
      vertex 45.6477 33.5852 27.578
      vertex 45.6673 33.5521 27.5773
      vertex 45.653 33.5772 27.5779
    endloop
  endfacet
  facet normal -0.05395 -0.0530337 0.997134
    outer loop
      vertex 45.6673 33.5521 27.5773
      vertex 45.6477 33.5852 27.578
      vertex 45.2287 33.8159 27.5676
    endloop
  endfacet
  facet normal -0.0300744 -0.0369767 0.998863
    outer loop
      vertex 45.6257 33.6166 27.5785
      vertex 45.6477 33.5852 27.578
      vertex 45.6316 33.6091 27.5784
    endloop
  endfacet
  facet normal -0.0545222 -0.0540768 0.997047
    outer loop
      vertex 45.6477 33.5852 27.578
      vertex 45.6257 33.6166 27.5785
      vertex 45.2287 33.8159 27.5676
    endloop
  endfacet
  facet normal -0.0645628 -0.0599511 0.996111
    outer loop
      vertex 45.6013 33.6462 27.5787
      vertex 45.6257 33.6166 27.5785
      vertex 45.6078 33.6392 27.5787
    endloop
  endfacet
  facet normal -0.0524872 -0.0500054 0.997369
    outer loop
      vertex 45.6257 33.6166 27.5785
      vertex 45.6013 33.6462 27.5787
      vertex 45.2287 33.8159 27.5676
    endloop
  endfacet
  facet normal -0.125311 -0.119883 0.984848
    outer loop
      vertex 45.5748 33.6739 27.5787
      vertex 45.6013 33.6462 27.5787
      vertex 45.5819 33.6673 27.5788
    endloop
  endfacet
  facet normal -0.0526535 -0.0503725 0.997342
    outer loop
      vertex 45.6013 33.6462 27.5787
      vertex 45.5748 33.6739 27.5787
      vertex 45.2287 33.8159 27.5676
    endloop
  endfacet
  facet normal -0.0644939 -0.0640197 0.995862
    outer loop
      vertex 45.5463 33.6995 27.5785
      vertex 45.5748 33.6739 27.5787
      vertex 45.5538 33.6935 27.5786
    endloop
  endfacet
  facet normal -0.0529932 -0.0512051 0.997281
    outer loop
      vertex 45.5748 33.6739 27.5787
      vertex 45.5463 33.6995 27.5785
      vertex 45.2287 33.8159 27.5676
    endloop
  endfacet
  facet normal -0.0716795 -0.0789905 0.994295
    outer loop
      vertex 45.4835 33.7439 27.5775
      vertex 45.5463 33.6995 27.5785
      vertex 45.5238 33.7174 27.5783
    endloop
  endfacet
  facet normal -0.0499534 -0.0458476 0.997699
    outer loop
      vertex 45.4835 33.7439 27.5775
      vertex 45.5238 33.7174 27.5783
      vertex 45.4919 33.7391 27.5777
    endloop
  endfacet
  facet normal -0.0539629 -0.0538689 0.997089
    outer loop
      vertex 45.5463 33.6995 27.5785
      vertex 45.4835 33.7439 27.5775
      vertex 45.2287 33.8159 27.5676
    endloop
  endfacet
  facet normal -0.0171289 0.0117197 0.999785
    outer loop
      vertex 45.4496 33.7626 27.5767
      vertex 45.4835 33.7439 27.5775
      vertex 45.4584 33.7584 27.5769
    endloop
  endfacet
  facet normal -0.0547061 -0.0565249 0.996901
    outer loop
      vertex 45.4835 33.7439 27.5775
      vertex 45.4496 33.7626 27.5767
      vertex 45.2287 33.8159 27.5676
    endloop
  endfacet
  facet normal -0.0413479 -0.0230678 0.998878
    outer loop
      vertex 45.4141 33.7786 27.5756
      vertex 45.4496 33.7626 27.5767
      vertex 45.4233 33.7751 27.5759
    endloop
  endfacet
  facet normal -0.0528212 -0.0486244 0.997419
    outer loop
      vertex 45.4496 33.7626 27.5767
      vertex 45.4141 33.7786 27.5756
      vertex 45.2287 33.8159 27.5676
    endloop
  endfacet
  facet normal -0.072362 -0.103805 0.991962
    outer loop
      vertex 45.3772 33.7919 27.5743
      vertex 45.4141 33.7786 27.5756
      vertex 45.3867 33.7891 27.5747
    endloop
  endfacet
  facet normal -0.053015 -0.0496003 0.997361
    outer loop
      vertex 45.4141 33.7786 27.5756
      vertex 45.3772 33.7919 27.5743
      vertex 45.2287 33.8159 27.5676
    endloop
  endfacet
  facet normal -0.0458107 -0.0235598 0.998672
    outer loop
      vertex 45.3391 33.8024 27.5728
      vertex 45.3772 33.7919 27.5743
      vertex 45.3489 33.8003 27.5732
    endloop
  endfacet
  facet normal -0.0531255 -0.0502952 0.99732
    outer loop
      vertex 45.3772 33.7919 27.5743
      vertex 45.3391 33.8024 27.5728
      vertex 45.2287 33.8159 27.5676
    endloop
  endfacet
  facet normal -0.0638854 -0.109933 0.991884
    outer loop
      vertex 45.2998 33.8099 27.5711
      vertex 45.3391 33.8024 27.5728
      vertex 45.3098 33.8086 27.5716
    endloop
  endfacet
  facet normal -0.053796 -0.0559076 0.996986
    outer loop
      vertex 45.3391 33.8024 27.5728
      vertex 45.2998 33.8099 27.5711
      vertex 45.2287 33.8159 27.5676
    endloop
  endfacet
  facet normal -0.0496375 -0.0240551 0.998478
    outer loop
      vertex 45.2594 33.8144 27.5692
      vertex 45.2998 33.8099 27.5711
      vertex 45.2697 33.8139 27.5697
    endloop
  endfacet
  facet normal -0.0558209 -0.0809724 0.995152
    outer loop
      vertex 45.2287 33.8159 27.5676
      vertex 45.2998 33.8099 27.5711
      vertex 45.2594 33.8144 27.5692
    endloop
  endfacet
  facet normal -0.0535236 -0.0522839 0.997197
    outer loop
      vertex 45.7297 32.0652 27.5027
      vertex 45.2287 33.8159 27.5676
      vertex 40.6967 33.8245 27.3248
    endloop
  endfacet
  facet normal -0.0535394 -0.0523394 0.997193
    outer loop
      vertex 45.9666 31.6403 27.4931
      vertex 40.6967 33.8245 27.3248
      vertex 32.8278 33.8394 26.9031
    endloop
  endfacet
  facet normal -0.0535333 -0.0523005 0.997195
    outer loop
      vertex 46.0002 31.6211 27.4939
      vertex 32.8278 33.8394 26.9031
      vertex 46.1685 -13.6552 25.1283
    endloop
  endfacet
  facet normal -0.0535312 -0.0523 0.997196
    outer loop
      vertex 46.1685 -13.6552 25.1283
      vertex 32.8278 33.8394 26.9031
      vertex -64.4543 28.4315 21.3972
    endloop
  endfacet
  facet normal -0.0535316 -0.0523017 0.997196
    outer loop
      vertex 46.1685 -13.6552 25.1283
      vertex -64.4414 14.3087 20.6572
      vertex -64.4085 -21.6419 18.7734
    endloop
  endfacet
  facet normal -0.016718 -0.047072 0.998752
    outer loop
      vertex 68.5521 30.9411 27.8565
      vertex 69.8938 30.7489 27.8699
      vertex 69.3582 30.8394 27.8652
    endloop
  endfacet
  facet normal -0.0174165 -0.051785 0.998506
    outer loop
      vertex 67.5395 31.0175 27.8428
      vertex 68.5521 30.9411 27.8565
      vertex 67.7425 31.009 27.8459
    endloop
  endfacet
  facet normal -0.0174448 -0.0521644 0.998486
    outer loop
      vertex 68.5521 30.9411 27.8565
      vertex 67.5395 31.0175 27.8428
      vertex 69.8938 30.7489 27.8699
    endloop
  endfacet
  facet normal -0.0173832 -0.0510408 0.998545
    outer loop
      vertex 66.4769 31.0429 27.8256
      vertex 67.5395 31.0175 27.8428
      vertex 66.9307 31.0429 27.8335
    endloop
  endfacet
  facet normal -0.0174 -0.0517698 0.998507
    outer loop
      vertex 67.5395 31.0175 27.8428
      vertex 66.4769 31.0429 27.8256
      vertex 69.8938 30.7489 27.8699
    endloop
  endfacet
  facet normal -0.1133 -0.0530776 0.992142
    outer loop
      vertex 66.4765 31.0774 27.8274
      vertex 66.4769 31.0429 27.8256
      vertex 66.4769 31.0672 27.8269
    endloop
  endfacet
  facet normal -0.0317178 -0.0537088 0.998053
    outer loop
      vertex 66.474 31.1179 27.8295
      vertex 66.4765 31.0774 27.8274
      vertex 66.4752 31.1079 27.829
    endloop
  endfacet
  facet normal -0.0211824 -0.0530747 0.998366
    outer loop
      vertex 66.4335 31.2695 27.8367
      vertex 66.4765 31.0774 27.8274
      vertex 66.474 31.1179 27.8295
    endloop
  endfacet
  facet normal -0.0139469 -0.0517743 0.998561
    outer loop
      vertex 66.4624 31.1866 27.8329
      vertex 66.474 31.1179 27.8295
      vertex 66.4704 31.1478 27.831
    endloop
  endfacet
  facet normal -0.0141764 -0.0518128 0.998556
    outer loop
      vertex 66.4514 31.2243 27.8347
      vertex 66.474 31.1179 27.8295
      vertex 66.4624 31.1866 27.8329
    endloop
  endfacet
  facet normal -0.0251408 -0.0541251 0.998218
    outer loop
      vertex 66.4335 31.2695 27.8367
      vertex 66.474 31.1179 27.8295
      vertex 66.4514 31.2243 27.8347
    endloop
  endfacet
  facet normal 0.0148389 -0.0383339 0.999155
    outer loop
      vertex 66.4335 31.2695 27.8367
      vertex 66.4514 31.2243 27.8347
      vertex 66.4377 31.2607 27.8363
    endloop
  endfacet
  facet normal -0.00801364 -0.0501436 0.99871
    outer loop
      vertex 66.4164 31.3041 27.8383
      vertex 66.4765 31.0774 27.8274
      vertex 66.4335 31.2695 27.8367
    endloop
  endfacet
  facet normal 0.0210566 -0.0357963 0.999137
    outer loop
      vertex 66.4164 31.3041 27.8383
      vertex 66.4335 31.2695 27.8367
      vertex 66.4211 31.2957 27.8379
    endloop
  endfacet
  facet normal -0.0258926 -0.054857 0.998158
    outer loop
      vertex 66.3966 31.3371 27.8396
      vertex 66.4765 31.0774 27.8274
      vertex 66.4164 31.3041 27.8383
    endloop
  endfacet
  facet normal -0.0169648 -0.0495188 0.998629
    outer loop
      vertex 66.3966 31.3371 27.8396
      vertex 66.4164 31.3041 27.8383
      vertex 66.402 31.3292 27.8393
    endloop
  endfacet
  facet normal -0.0140553 -0.0512352 0.998588
    outer loop
      vertex 66.3745 31.3685 27.8409
      vertex 66.4765 31.0774 27.8274
      vertex 66.3966 31.3371 27.8396
    endloop
  endfacet
  facet normal -0.0145486 -0.0515814 0.998563
    outer loop
      vertex 66.3745 31.3685 27.8409
      vertex 66.3966 31.3371 27.8396
      vertex 66.3805 31.361 27.8406
    endloop
  endfacet
  facet normal -0.0188983 -0.0529244 0.99842
    outer loop
      vertex 66.35 31.398 27.842
      vertex 66.4765 31.0774 27.8274
      vertex 66.3745 31.3685 27.8409
    endloop
  endfacet
  facet normal -0.105858 -0.124702 0.986531
    outer loop
      vertex 66.35 31.398 27.842
      vertex 66.3745 31.3685 27.8409
      vertex 66.3565 31.3909 27.8418
    endloop
  endfacet
  facet normal -0.0159988 -0.0517853 0.99853
    outer loop
      vertex 66.3234 31.4255 27.843
      vertex 66.4765 31.0774 27.8274
      vertex 66.35 31.398 27.842
    endloop
  endfacet
  facet normal -0.0507685 -0.085291 0.995062
    outer loop
      vertex 66.3234 31.4255 27.843
      vertex 66.35 31.398 27.842
      vertex 66.3304 31.419 27.8428
    endloop
  endfacet
  facet normal -0.0192685 -0.0532175 0.998397
    outer loop
      vertex 66.2947 31.4509 27.8438
      vertex 66.4765 31.0774 27.8274
      vertex 66.3234 31.4255 27.843
    endloop
  endfacet
  facet normal 0.0170015 -0.0122788 0.99978
    outer loop
      vertex 66.2947 31.4509 27.8438
      vertex 66.3234 31.4255 27.843
      vertex 66.3022 31.445 27.8436
    endloop
  endfacet
  facet normal -0.0167506 -0.0519967 0.998507
    outer loop
      vertex 66.2641 31.4742 27.8445
      vertex 66.4765 31.0774 27.8274
      vertex 66.2947 31.4509 27.8438
    endloop
  endfacet
  facet normal -0.0678802 -0.118907 0.990582
    outer loop
      vertex 66.2641 31.4742 27.8445
      vertex 66.2947 31.4509 27.8438
      vertex 66.2721 31.4688 27.8444
    endloop
  endfacet
  facet normal -0.0188588 -0.053121 0.99841
    outer loop
      vertex 66.2317 31.4951 27.845
      vertex 66.4765 31.0774 27.8274
      vertex 66.2641 31.4742 27.8445
    endloop
  endfacet
  facet normal -0.0154495 -0.0478436 0.998735
    outer loop
      vertex 66.2317 31.4951 27.845
      vertex 66.2641 31.4742 27.8445
      vertex 66.2401 31.4903 27.8449
    endloop
  endfacet
  facet normal -0.0161414 -0.051534 0.998541
    outer loop
      vertex 66.1977 31.5135 27.8454
      vertex 66.4765 31.0774 27.8274
      vertex 66.2317 31.4951 27.845
    endloop
  endfacet
  facet normal 0.00888052 -0.00532831 0.999946
    outer loop
      vertex 66.1977 31.5135 27.8454
      vertex 66.2317 31.4951 27.845
      vertex 66.2065 31.5094 27.8453
    endloop
  endfacet
  facet normal -0.0177046 -0.05253 0.998462
    outer loop
      vertex 66.1621 31.5293 27.8456
      vertex 66.4765 31.0774 27.8274
      vertex 66.1977 31.5135 27.8454
    endloop
  endfacet
  facet normal -0.0363092 -0.0944039 0.994872
    outer loop
      vertex 66.1621 31.5293 27.8456
      vertex 66.1977 31.5135 27.8454
      vertex 66.1712 31.5258 27.8456
    endloop
  endfacet
  facet normal -0.0151302 -0.0507444 0.998597
    outer loop
      vertex 66.1251 31.5423 27.8457
      vertex 66.4765 31.0774 27.8274
      vertex 66.1621 31.5293 27.8456
    endloop
  endfacet
  facet normal -0.0114307 -0.040219 0.999126
    outer loop
      vertex 66.1251 31.5423 27.8457
      vertex 66.1621 31.5293 27.8456
      vertex 66.1346 31.5396 27.8457
    endloop
  endfacet
  facet normal -0.0196307 -0.0541361 0.998341
    outer loop
      vertex 66.0868 31.5525 27.8455
      vertex 66.4765 31.0774 27.8274
      vertex 66.1251 31.5423 27.8457
    endloop
  endfacet
  facet normal -0.0264472 -0.0797682 0.996463
    outer loop
      vertex 66.0868 31.5525 27.8455
      vertex 66.1251 31.5423 27.8457
      vertex 66.0966 31.5505 27.8456
    endloop
  endfacet
  facet normal -0.0167123 -0.0517491 0.99852
    outer loop
      vertex 66.0172 31.5634 27.8449
      vertex 66.4765 31.0774 27.8274
      vertex 66.0868 31.5525 27.8455
    endloop
  endfacet
  facet normal -0.0146058 -0.0382631 0.999161
    outer loop
      vertex 66.0172 31.5634 27.8449
      vertex 66.0868 31.5525 27.8455
      vertex 66.0574 31.5585 27.8453
    endloop
  endfacet
  facet normal -0.0192426 -0.0541342 0.998348
    outer loop
      vertex 65.9761 31.5651 27.8442
      vertex 66.4765 31.0774 27.8274
      vertex 66.0172 31.5634 27.8449
    endloop
  endfacet
  facet normal -0.0174475 -0.0522969 0.998479
    outer loop
      vertex 66.4765 31.0774 27.8274
      vertex 65.9761 31.5651 27.8442
      vertex 66.4769 31.0429 27.8256
    endloop
  endfacet
  facet normal -0.0174461 -0.0523097 0.998479
    outer loop
      vertex 66.4769 31.0429 27.8256
      vertex 46.8806 15.8471 26.6871
      vertex 69.8938 30.7489 27.8699
    endloop
  endfacet
  facet normal -0.0174525 -0.0523016 0.998479
    outer loop
      vertex 65.9761 31.5651 27.8442
      vertex 46.8806 15.8471 26.6871
      vertex 66.4769 31.0429 27.8256
    endloop
  endfacet
  facet normal -0.0174239 -0.0523362 0.998478
    outer loop
      vertex 46.8806 15.8471 26.6871
      vertex 65.9761 31.5651 27.8442
      vertex 46.246 31.5651 27.4999
    endloop
  endfacet
  facet normal -0.186395 0.850791 0.491336
    outer loop
      vertex -65.7795 32.1457 14.463
      vertex -65.8111 32.1464 14.4498
      vertex -64.4543 28.4315 21.3972
    endloop
  endfacet
  facet normal -0.535799 -0.725157 0.432512
    outer loop
      vertex -66.9257 -23.7973 11.4379
      vertex -66.9355 -23.7832 11.4494
      vertex -66.9337 -23.7862 11.4466
    endloop
  endfacet
  facet normal -0.421067 -0.730817 0.537223
    outer loop
      vertex -66.919 -23.8066 11.4305
      vertex -66.9355 -23.7832 11.4494
      vertex -66.9257 -23.7973 11.4379
    endloop
  endfacet
  facet normal -0.560817 -0.722302 0.404677
    outer loop
      vertex -66.9355 -23.7832 11.4494
      vertex -66.919 -23.8066 11.4305
      vertex -64.4085 -21.6419 18.7734
    endloop
  endfacet
  facet normal -0.216849 -0.908615 0.356924
    outer loop
      vertex 12.1076 -40.6362 17.0234
      vertex 0.795709 -37.1207 19.1002
      vertex 12.0972 -40.6347 17.0209
    endloop
  endfacet
  facet normal -0.217355 -0.909199 0.355124
    outer loop
      vertex -0.646772 -38.7267 14.1056
      vertex 0.795709 -37.1207 19.1002
      vertex -2.50154 -36.5256 18.6057
    endloop
  endfacet
  facet normal -0.217351 -0.909186 0.35516
    outer loop
      vertex 0.795709 -37.1207 19.1002
      vertex 11.1448 -40.4987 16.7862
      vertex 12.0972 -40.6347 17.0209
    endloop
  endfacet
  facet normal -0.217258 -0.90923 0.355106
    outer loop
      vertex 0.795709 -37.1207 19.1002
      vertex -0.646772 -38.7267 14.1056
      vertex -0.290706 -38.8656 13.9678
    endloop
  endfacet
  facet normal -0.219882 -0.910665 0.349775
    outer loop
      vertex -0.290706 -38.8656 13.9678
      vertex -0.646772 -38.7267 14.1056
      vertex -0.641785 -38.7309 14.0978
    endloop
  endfacet
  facet normal -0.217412 -0.909245 0.354974
    outer loop
      vertex -0.290706 -38.8656 13.9678
      vertex -0.641785 -38.7309 14.0978
      vertex -0.632054 -38.7392 14.0825
    endloop
  endfacet
  facet normal -0.216143 -0.908422 0.357844
    outer loop
      vertex -0.290706 -38.8656 13.9678
      vertex -0.632054 -38.7392 14.0825
      vertex -0.626908 -38.7433 14.0752
    endloop
  endfacet
  facet normal -0.218685 -0.910151 0.351856
    outer loop
      vertex -0.290706 -38.8656 13.9678
      vertex -0.626908 -38.7433 14.0752
      vertex -0.616876 -38.7512 14.061
    endloop
  endfacet
  facet normal -0.216367 -0.908386 0.3578
    outer loop
      vertex -0.290706 -38.8656 13.9678
      vertex -0.616876 -38.7512 14.061
      vertex -0.611582 -38.7551 14.0543
    endloop
  endfacet
  facet normal -0.215675 -0.907821 0.359646
    outer loop
      vertex -0.290706 -38.8656 13.9678
      vertex -0.611582 -38.7551 14.0543
      vertex -0.60127 -38.7627 14.0413
    endloop
  endfacet
  facet normal -0.217073 -0.909106 0.355537
    outer loop
      vertex -0.290706 -38.8656 13.9678
      vertex -0.60127 -38.7627 14.0413
      vertex -0.585266 -38.7736 14.0232
    endloop
  endfacet
  facet normal -0.218112 -0.91026 0.35193
    outer loop
      vertex -0.290706 -38.8656 13.9678
      vertex -0.585266 -38.7736 14.0232
      vertex -0.579695 -38.7771 14.0176
    endloop
  endfacet
  facet normal -0.201217 -0.907217 0.369417
    outer loop
      vertex -0.563165 -38.7872 14.0018
      vertex -0.579695 -38.7771 14.0176
      vertex -0.568864 -38.7839 14.0068
    endloop
  endfacet
  facet normal -0.217596 -0.909645 0.353833
    outer loop
      vertex -0.579695 -38.7771 14.0176
      vertex -0.563165 -38.7872 14.0018
      vertex -0.290706 -38.8656 13.9678
    endloop
  endfacet
  facet normal -0.19333 -0.904045 0.381218
    outer loop
      vertex -0.546274 -38.7968 13.9876
      vertex -0.563165 -38.7872 14.0018
      vertex -0.552094 -38.7937 13.992
    endloop
  endfacet
  facet normal -0.217065 -0.908838 0.356226
    outer loop
      vertex -0.563165 -38.7872 14.0018
      vertex -0.546274 -38.7968 13.9876
      vertex -0.290706 -38.8656 13.9678
    endloop
  endfacet
  facet normal -0.148039 -0.888013 0.435336
    outer loop
      vertex -0.529046 -38.8058 13.9751
      vertex -0.546274 -38.7968 13.9876
      vertex -0.534973 -38.8029 13.979
    endloop
  endfacet
  facet normal -0.217536 -0.909262 0.354853
    outer loop
      vertex -0.303693 -38.8651 13.9613
      vertex -0.546274 -38.7968 13.9876
      vertex -0.529046 -38.8058 13.9751
    endloop
  endfacet
  facet normal -0.217365 -0.909199 0.355119
    outer loop
      vertex 0.795709 -37.1207 19.1002
      vertex -0.290706 -38.8656 13.9678
      vertex 11.1448 -40.4987 16.7862
    endloop
  endfacet
  facet normal -0.31012 -0.925307 0.218247
    outer loop
      vertex -0.511513 -38.8142 13.9644
      vertex -0.529046 -38.8058 13.9751
      vertex -0.517545 -38.8114 13.9677
    endloop
  endfacet
  facet normal -0.216639 -0.908234 0.358021
    outer loop
      vertex -0.323326 -38.8637 13.9527
      vertex -0.529046 -38.8058 13.9751
      vertex -0.511513 -38.8142 13.9644
    endloop
  endfacet
  facet normal -0.216073 -0.906806 0.36196
    outer loop
      vertex -0.546274 -38.7968 13.9876
      vertex -0.303693 -38.8651 13.9613
      vertex -0.290706 -38.8656 13.9678
    endloop
  endfacet
  facet normal -0.309213 -0.93097 0.194117
    outer loop
      vertex -0.493679 -38.822 13.9554
      vertex -0.511513 -38.8142 13.9644
      vertex -0.499812 -38.8194 13.9581
    endloop
  endfacet
  facet normal -0.218278 -0.910958 0.350013
    outer loop
      vertex -0.529046 -38.8058 13.9751
      vertex -0.323326 -38.8637 13.9527
      vertex -0.303693 -38.8651 13.9613
    endloop
  endfacet
  facet normal -0.216666 -0.908294 0.357853
    outer loop
      vertex -0.511513 -38.8142 13.9644
      vertex -0.493679 -38.822 13.9554
      vertex -0.323326 -38.8637 13.9527
    endloop
  endfacet
  facet normal -0.158429 -0.965976 0.204428
    outer loop
      vertex -0.303693 -38.8651 13.9613
      vertex -0.323326 -38.8637 13.9527
      vertex -0.31039 -38.8647 13.958
    endloop
  endfacet
  facet normal -0.234307 -0.92019 0.31361
    outer loop
      vertex -0.475566 -38.8291 13.9481
      vertex -0.493679 -38.822 13.9554
      vertex -0.481788 -38.8268 13.9502
    endloop
  endfacet
  facet normal -0.219556 -0.913172 0.343384
    outer loop
      vertex -0.362311 -38.859 13.941
      vertex -0.493679 -38.822 13.9554
      vertex -0.475566 -38.8291 13.9481
    endloop
  endfacet
  facet normal -0.216734 -0.908533 0.357204
    outer loop
      vertex -0.493679 -38.822 13.9554
      vertex -0.362311 -38.859 13.941
      vertex -0.323326 -38.8637 13.9527
    endloop
  endfacet
  facet normal -0.217719 -0.90852 0.356638
    outer loop
      vertex -0.457198 -38.8357 13.9425
      vertex -0.475566 -38.8291 13.9481
      vertex -0.463504 -38.8336 13.944
    endloop
  endfacet
  facet normal -0.217382 -0.908278 0.357459
    outer loop
      vertex -0.362311 -38.859 13.941
      vertex -0.475566 -38.8291 13.9481
      vertex -0.457198 -38.8357 13.9425
    endloop
  endfacet
  facet normal -0.224623 -0.893141 0.389671
    outer loop
      vertex -0.323326 -38.8637 13.9527
      vertex -0.362311 -38.859 13.941
      vertex -0.329998 -38.8632 13.95
    endloop
  endfacet
  facet normal -0.202389 -0.935333 0.290155
    outer loop
      vertex -0.329998 -38.8632 13.95
      vertex -0.362311 -38.859 13.941
      vertex -0.349516 -38.8609 13.9438
    endloop
  endfacet
  facet normal -0.203985 -0.892527 0.402227
    outer loop
      vertex -0.426236 -38.8453 13.9369
      vertex -0.457198 -38.8357 13.9425
      vertex -0.444977 -38.8398 13.9396
    endloop
  endfacet
  facet normal -0.217615 -0.909086 0.355256
    outer loop
      vertex -0.457198 -38.8357 13.9425
      vertex -0.426236 -38.8453 13.9369
      vertex -0.362311 -38.859 13.941
    endloop
  endfacet
  facet normal -0.217661 -0.910064 0.352715
    outer loop
      vertex -0.388188 -38.8544 13.9369
      vertex -0.362311 -38.859 13.941
      vertex -0.426236 -38.8453 13.9369
    endloop
  endfacet
  facet normal -0.21731 -0.911715 0.348642
    outer loop
      vertex -0.362311 -38.859 13.941
      vertex -0.388188 -38.8544 13.9369
      vertex -0.368913 -38.858 13.9395
    endloop
  endfacet
  facet normal -0.215998 -0.90311 0.371129
    outer loop
      vertex -0.388188 -38.8544 13.9369
      vertex -0.426236 -38.8453 13.9369
      vertex -0.407295 -38.8502 13.936
    endloop
  endfacet
  facet normal -0.203024 -0.891942 0.404006
    outer loop
      vertex 23.4976 -42.2299 19.2287
      vertex 0.795709 -37.1207 19.1002
      vertex 12.1076 -40.6362 17.0234
    endloop
  endfacet
  facet normal -0.203034 -0.892 0.403873
    outer loop
      vertex 41.1689 -46.428 18.8404
      vertex 52.49 -48.7548 19.3927
      vertex 40.456 -46.0465 19.3246
    endloop
  endfacet
  facet normal -0.203028 -0.89194 0.404009
    outer loop
      vertex 51.3722 -51.8896 11.9102
      vertex 52.49 -48.7548 19.3927
      vertex 41.1689 -46.428 18.8404
    endloop
  endfacet
  facet normal -0.203011 -0.891944 0.404008
    outer loop
      vertex 51.3722 -51.8896 11.9102
      vertex 52.3373 -52.1113 11.9057
      vertex 52.49 -48.7548 19.3927
    endloop
  endfacet
  facet normal -0.202974 -0.89179 0.404367
    outer loop
      vertex 51.4078 -51.9099 11.8833
      vertex 52.3373 -52.1113 11.9057
      vertex 51.3722 -51.8896 11.9102
    endloop
  endfacet
  facet normal -0.202813 -0.890795 0.406635
    outer loop
      vertex 51.4078 -51.9099 11.8833
      vertex 52.308 -52.1149 11.8832
      vertex 52.3373 -52.1113 11.9057
    endloop
  endfacet
  facet normal -0.203243 -0.892038 0.403683
    outer loop
      vertex 51.6086 -52.0081 11.7674
      vertex 51.4078 -51.9099 11.8833
      vertex 51.4703 -51.9455 11.8361
    endloop
  endfacet
  facet normal -0.20313 -0.892184 0.403417
    outer loop
      vertex 51.4078 -51.9099 11.8833
      vertex 52.2027 -52.12 11.8189
      vertex 52.308 -52.1149 11.8832
    endloop
  endfacet
  facet normal -0.202878 -0.89164 0.404746
    outer loop
      vertex 51.4078 -51.9099 11.8833
      vertex 52.1353 -52.1186 11.7882
      vertex 52.2027 -52.12 11.8189
    endloop
  endfacet
  facet normal -0.202472 -0.891664 0.404895
    outer loop
      vertex 51.6086 -52.0081 11.7674
      vertex 51.4703 -51.9455 11.8361
      vertex 51.5711 -51.9935 11.7808
    endloop
  endfacet
  facet normal -0.203084 -0.891974 0.403905
    outer loop
      vertex 51.4078 -51.9099 11.8833
      vertex 51.6086 -52.0081 11.7674
      vertex 52.1353 -52.1186 11.7882
    endloop
  endfacet
  facet normal -0.203054 -0.891724 0.404472
    outer loop
      vertex 51.9228 -52.0972 11.7287
      vertex 52.1353 -52.1186 11.7882
      vertex 51.6086 -52.0081 11.7674
    endloop
  endfacet
  facet normal -0.200117 -0.889643 0.410474
    outer loop
      vertex 51.7121 -52.0455 11.7368
      vertex 51.6086 -52.0081 11.7674
      vertex 51.674 -52.0337 11.7438
    endloop
  endfacet
  facet normal -0.20353 -0.892527 0.402456
    outer loop
      vertex 51.9228 -52.0972 11.7287
      vertex 51.6086 -52.0081 11.7674
      vertex 51.7121 -52.0455 11.7368
    endloop
  endfacet
  facet normal -0.203213 -0.891373 0.405166
    outer loop
      vertex 52.1353 -52.1186 11.7882
      vertex 51.9228 -52.0972 11.7287
      vertex 52.0967 -52.1178 11.7706
    endloop
  endfacet
  facet normal -0.202513 -0.893265 0.401331
    outer loop
      vertex 52.0967 -52.1178 11.7706
      vertex 51.9228 -52.0972 11.7287
      vertex 51.9903 -52.1081 11.7385
    endloop
  endfacet
  facet normal -0.205297 -0.894719 0.396649
    outer loop
      vertex 51.817 -52.0752 11.7241
      vertex 51.7121 -52.0455 11.7368
      vertex 51.7785 -52.0661 11.7247
    endloop
  endfacet
  facet normal -0.202891 -0.890628 0.406962
    outer loop
      vertex 51.7121 -52.0455 11.7368
      vertex 51.817 -52.0752 11.7241
      vertex 51.9228 -52.0972 11.7287
    endloop
  endfacet
  facet normal -0.203666 -0.897802 0.390476
    outer loop
      vertex 51.9228 -52.0972 11.7287
      vertex 51.817 -52.0752 11.7241
      vertex 51.8841 -52.0909 11.723
    endloop
  endfacet
  facet normal 0.131785 -0.902723 0.409541
    outer loop
      vertex 52.6603 -52.0344 12.1089
      vertex 52.7376 -52.0027 12.1539
      vertex 52.49 -48.7548 19.3927
    endloop
  endfacet
  facet normal 0.132061 -0.902855 0.409161
    outer loop
      vertex 52.7376 -52.0027 12.1539
      vertex 52.6603 -52.0344 12.1089
      vertex 52.7137 -52.0139 12.1369
    endloop
  endfacet
  facet normal -0.0188387 -0.0523918 0.998449
    outer loop
      vertex 46.2301 31.5651 27.4996
      vertex 46.8806 15.8471 26.6871
      vertex 46.246 31.5651 27.4999
    endloop
  endfacet
  facet normal -0.0190916 -0.052402 0.998444
    outer loop
      vertex 46.1891 31.5667 27.4989
      vertex 46.8806 15.8471 26.6871
      vertex 46.2301 31.5651 27.4996
    endloop
  endfacet
  facet normal -0.0166172 -0.0522957 0.998493
    outer loop
      vertex 46.179 31.568 27.4988
      vertex 46.8806 15.8471 26.6871
      vertex 46.1891 31.5667 27.4989
    endloop
  endfacet
  facet normal -0.0162043 -0.0522777 0.998501
    outer loop
      vertex 46.1489 31.5716 27.4985
      vertex 46.8806 15.8471 26.6871
      vertex 46.179 31.568 27.4988
    endloop
  endfacet
  facet normal -0.0211177 -0.052501 0.998398
    outer loop
      vertex 46.1392 31.5736 27.4984
      vertex 46.8806 15.8471 26.6871
      vertex 46.1489 31.5716 27.4985
    endloop
  endfacet
  facet normal -0.0107483 -0.052022 0.998588
    outer loop
      vertex 46.1271 31.5761 27.4984
      vertex 46.8806 15.8471 26.6871
      vertex 46.1392 31.5736 27.4984
    endloop
  endfacet
  facet normal -0.017417 -0.0523357 0.998478
    outer loop
      vertex 46.8806 15.8471 26.6871
      vertex 46.1271 31.5761 27.4984
      vertex 46.1685 -13.6552 25.1283
    endloop
  endfacet
  facet normal -0.0165104 -0.0514193 0.998541
    outer loop
      vertex 79.5082 26.071 27.7925
      vertex 80.3124 25.3001 27.7661
      vertex 80.1009 25.5156 27.7737
    endloop
  endfacet
  facet normal -0.0218558 -0.0569817 0.998136
    outer loop
      vertex 79.3543 26.2036 27.7967
      vertex 80.3124 25.3001 27.7661
      vertex 79.5082 26.071 27.7925
    endloop
  endfacet
  facet normal -0.0117698 -0.0463106 0.998858
    outer loop
      vertex 79.2762 26.2709 27.7989
      vertex 80.3124 25.3001 27.7661
      vertex 79.3543 26.2036 27.7967
    endloop
  endfacet
  facet normal -0.0174258 -0.0523349 0.998478
    outer loop
      vertex 79.2762 26.2709 27.7989
      vertex 76.7994 -4.77524 26.1284
      vertex 80.3124 25.3001 27.7661
    endloop
  endfacet
  facet normal -0.0175843 -0.0523221 0.998475
    outer loop
      vertex 79.2762 26.2709 27.7989
      vertex 76.2561 -5.10408 26.1016
      vertex 76.7994 -4.77524 26.1284
    endloop
  endfacet
  facet normal -0.0172638 -0.0523532 0.998479
    outer loop
      vertex 79.2762 26.2709 27.7989
      vertex 75.7224 -5.39726 26.077
      vertex 76.2561 -5.10408 26.1016
    endloop
  endfacet
  facet normal -0.0179599 -0.0522746 0.998471
    outer loop
      vertex 79.2762 26.2709 27.7989
      vertex 75.5876 -5.47128 26.0707
      vertex 75.7224 -5.39726 26.077
    endloop
  endfacet
  facet normal -0.017427 -0.0523369 0.998477
    outer loop
      vertex 75.5876 -5.47128 26.0707
      vertex 79.2762 26.2709 27.7989
      vertex 46.8806 15.8471 26.6871
    endloop
  endfacet
  facet normal -0.053531 -0.0522995 0.997196
    outer loop
      vertex 46.1685 -13.6552 25.1283
      vertex -64.4543 28.4315 21.3972
      vertex -64.4414 14.3087 20.6572
    endloop
  endfacet
  facet normal -0.730135 0.0350894 -0.682401
    outer loop
      vertex -64.4085 -21.6419 18.7734
      vertex -64.4414 14.3087 20.6572
      vertex -64.4214 -7.51918 19.5134
    endloop
  endfacet
  facet normal -0.0185428 -0.0535536 0.998393
    outer loop
      vertex 78.7334 26.7273 27.8133
      vertex 79.2762 26.2709 27.7989
      vertex 78.8927 26.6013 27.8095
    endloop
  endfacet
  facet normal -0.016509 -0.0512513 0.998549
    outer loop
      vertex 78.0911 27.2245 27.8282
      vertex 78.7334 26.7273 27.8133
      vertex 78.2555 27.1053 27.8248
    endloop
  endfacet
  facet normal -0.0154232 -0.0498513 0.998638
    outer loop
      vertex 78.7334 26.7273 27.8133
      vertex 78.0911 27.2245 27.8282
      vertex 79.2762 26.2709 27.7989
    endloop
  endfacet
  facet normal -0.011832 -0.0445233 0.998938
    outer loop
      vertex 77.4285 27.6945 27.8413
      vertex 78.0911 27.2245 27.8282
      vertex 77.5978 27.5822 27.8383
    endloop
  endfacet
  facet normal -0.017058 -0.0518789 0.998508
    outer loop
      vertex 78.0911 27.2245 27.8282
      vertex 77.4285 27.6945 27.8413
      vertex 79.2762 26.2709 27.7989
    endloop
  endfacet
  facet normal -0.0173956 -0.0523162 0.998479
    outer loop
      vertex 76.9207 28.0313 27.8501
      vertex 79.2762 26.2709 27.7989
      vertex 77.4285 27.6945 27.8413
    endloop
  endfacet
  facet normal -0.0185862 -0.0542628 0.998354
    outer loop
      vertex 76.0473 28.5494 27.862
      vertex 76.9207 28.0313 27.8501
      vertex 76.2254 28.4516 27.86
    endloop
  endfacet
  facet normal -0.0175608 -0.0525369 0.998465
    outer loop
      vertex 76.9207 28.0313 27.8501
      vertex 76.0473 28.5494 27.862
      vertex 79.2762 26.2709 27.7989
    endloop
  endfacet
  facet normal -0.0139057 -0.0457761 0.998855
    outer loop
      vertex 75.3311 28.9328 27.8696
      vertex 76.0473 28.5494 27.862
      vertex 75.5131 28.8426 27.868
    endloop
  endfacet
  facet normal -0.0174294 -0.052351 0.998477
    outer loop
      vertex 76.0473 28.5494 27.862
      vertex 75.3311 28.9328 27.8696
      vertex 79.2762 26.2709 27.7989
    endloop
  endfacet
  facet normal -0.0178078 -0.0529108 0.99844
    outer loop
      vertex 74.785 29.2034 27.8742
      vertex 79.2762 26.2709 27.7989
      vertex 75.3311 28.9328 27.8696
    endloop
  endfacet
  facet normal -0.0189823 -0.0560202 0.998249
    outer loop
      vertex 73.8536 29.6081 27.8792
      vertex 74.785 29.2034 27.8742
      vertex 74.0425 29.5334 27.8786
    endloop
  endfacet
  facet normal -0.0172779 -0.0521006 0.998492
    outer loop
      vertex 74.785 29.2034 27.8742
      vertex 73.8536 29.6081 27.8792
      vertex 79.2762 26.2709 27.7989
    endloop
  endfacet
  facet normal -0.0144941 -0.0446957 0.998895
    outer loop
      vertex 73.095 29.8988 27.8812
      vertex 73.8536 29.6081 27.8792
      vertex 73.2869 29.8321 27.881
    endloop
  endfacet
  facet normal -0.0174231 -0.0523362 0.998478
    outer loop
      vertex 73.8536 29.6081 27.8792
      vertex 73.095 29.8988 27.8812
      vertex 79.2762 26.2709 27.7989
    endloop
  endfacet
  facet normal -0.0160102 -0.0480267 0.998718
    outer loop
      vertex 72.3249 30.1576 27.8813
      vertex 73.095 29.8988 27.8812
      vertex 72.5194 30.099 27.8816
    endloop
  endfacet
  facet normal -0.0175056 -0.0524766 0.998469
    outer loop
      vertex 73.095 29.8988 27.8812
      vertex 72.3249 30.1576 27.8813
      vertex 79.2762 26.2709 27.7989
    endloop
  endfacet
  facet normal -0.0174905 -0.0523435 0.998476
    outer loop
      vertex 71.5446 30.384 27.8795
      vertex 72.3249 30.1576 27.8813
      vertex 71.7414 30.3335 27.8803
    endloop
  endfacet
  facet normal -0.0175543 -0.0525635 0.998463
    outer loop
      vertex 72.3249 30.1576 27.8813
      vertex 71.5446 30.384 27.8795
      vertex 79.2762 26.2709 27.7989
    endloop
  endfacet
  facet normal -0.0192971 -0.0601168 0.998005
    outer loop
      vertex 70.7556 30.5775 27.8759
      vertex 71.5446 30.384 27.8795
      vertex 70.9543 30.5353 27.8772
    endloop
  endfacet
  facet normal -0.0173552 -0.0521897 0.998486
    outer loop
      vertex 71.5446 30.384 27.8795
      vertex 70.7556 30.5775 27.8759
      vertex 79.2762 26.2709 27.7989
    endloop
  endfacet
  facet normal -0.0167968 -0.0491653 0.998649
    outer loop
      vertex 69.9591 30.7379 27.8704
      vertex 70.7556 30.5775 27.8759
      vertex 70.1594 30.704 27.8721
    endloop
  endfacet
  facet normal -0.0174374 -0.0523522 0.998476
    outer loop
      vertex 70.7556 30.5775 27.8759
      vertex 69.9591 30.7379 27.8704
      vertex 79.2762 26.2709 27.7989
    endloop
  endfacet
  facet normal -0.01594 -0.0492318 0.99866
    outer loop
      vertex 69.8938 30.7489 27.8699
      vertex 79.2762 26.2709 27.7989
      vertex 69.9591 30.7379 27.8704
    endloop
  endfacet
  facet normal -0.0174255 -0.0523415 0.998477
    outer loop
      vertex 79.2762 26.2709 27.7989
      vertex 69.8938 30.7489 27.8699
      vertex 46.8806 15.8471 26.6871
    endloop
  endfacet
  facet normal -0.126473 0.864151 0.48708
    outer loop
      vertex -7.96977 35.9212 22.7757
      vertex -29.1329 34.9849 18.9417
      vertex -29.1908 33.1073 22.2578
    endloop
  endfacet
  facet normal -0.126191 0.865214 0.485264
    outer loop
      vertex -29.1329 34.9849 18.9417
      vertex -7.96977 35.9212 22.7757
      vertex -29.1322 35.0071 18.9023
    endloop
  endfacet
  facet normal -0.126473 0.864169 0.487049
    outer loop
      vertex -39.2432 31.7744 22.0125
      vertex -65.7795 32.1457 14.463
      vertex -64.4543 28.4315 21.3972
    endloop
  endfacet
  facet normal -0.0734584 0.384691 0.920118
    outer loop
      vertex 26.7522 34.7735 26.0276
      vertex -7.96977 35.9212 22.7757
      vertex 26.7498 34.3693 26.1964
    endloop
  endfacet
  facet normal -0.0734494 0.384817 0.920066
    outer loop
      vertex -7.96977 35.9212 22.7757
      vertex 26.7522 34.7735 26.0276
      vertex 26.7539 35.0593 25.9082
    endloop
  endfacet
  facet normal 0.170196 0.815521 -0.553136
    outer loop
      vertex 27.1638 33.8644 26.4405
      vertex 27.2037 33.8596 26.4457
      vertex 27.1934 33.8608 26.4443
    endloop
  endfacet
  facet normal 0.311036 0.500363 -0.808018
    outer loop
      vertex 27.0874 33.8836 26.4264
      vertex 27.125 33.8725 26.434
      vertex 27.1153 33.8753 26.432
    endloop
  endfacet
  facet normal -0.331378 0.0254906 0.943154
    outer loop
      vertex 26.9511 33.9561 26.3852
      vertex 26.9827 33.934 26.3969
      vertex 26.9746 33.9397 26.3939
    endloop
  endfacet
  facet normal 0.380516 -0.0653411 -0.922463
    outer loop
      vertex 26.8934 34.0072 26.3592
      vertex 26.9213 33.9805 26.3726
      vertex 26.914 33.9874 26.3691
    endloop
  endfacet
  facet normal 0.583383 0.713024 0.388922
    outer loop
      vertex 26.8676 34.036 26.3451
      vertex 26.8934 34.0072 26.3592
      vertex 26.8867 34.0147 26.3555
    endloop
  endfacet
  facet normal -0.651898 -0.582547 -0.485456
    outer loop
      vertex 26.8038 34.134 26.299
      vertex 26.8227 34.0996 26.3149
      vertex 26.8178 34.1085 26.3108
    endloop
  endfacet
  facet normal -0.867408 -0.180352 0.463763
    outer loop
      vertex 26.7876 34.17 26.2827
      vertex 26.8038 34.134 26.299
      vertex 26.7996 34.1434 26.2948
    endloop
  endfacet
  facet normal 0.28531 0.475517 0.832155
    outer loop
      vertex 26.7741 34.2075 26.2659
      vertex 26.7876 34.17 26.2827
      vertex 26.7841 34.1798 26.2783
    endloop
  endfacet
  facet normal -0.0735597 0.383501 0.920606
    outer loop
      vertex -7.96977 35.9212 22.7757
      vertex 26.7511 34.3273 26.214
      vertex 26.7498 34.3693 26.1964
    endloop
  endfacet
  facet normal -0.0733203 0.386264 0.919469
    outer loop
      vertex -7.96977 35.9212 22.7757
      vertex 26.7545 34.297 26.227
      vertex 26.7511 34.3273 26.214
    endloop
  endfacet
  facet normal -0.0739066 0.379557 0.922211
    outer loop
      vertex -7.96977 35.9212 22.7757
      vertex 26.7557 34.2863 26.2315
      vertex 26.7545 34.297 26.227
    endloop
  endfacet
  facet normal -0.0733489 0.385913 0.919615
    outer loop
      vertex -7.96977 35.9212 22.7757
      vertex 26.7634 34.2463 26.2489
      vertex 26.7557 34.2863 26.2315
    endloop
  endfacet
  facet normal -0.0735321 0.383863 0.920458
    outer loop
      vertex -7.96977 35.9212 22.7757
      vertex 26.7713 34.2176 26.2615
      vertex 26.7634 34.2463 26.2489
    endloop
  endfacet
  facet normal -0.0737862 0.381038 0.92161
    outer loop
      vertex -7.96977 35.9212 22.7757
      vertex 26.7741 34.2075 26.2659
      vertex 26.7713 34.2176 26.2615
    endloop
  endfacet
  facet normal -0.0733713 0.385627 0.919733
    outer loop
      vertex -7.96977 35.9212 22.7757
      vertex 26.7876 34.17 26.2827
      vertex 26.7741 34.2075 26.2659
    endloop
  endfacet
  facet normal -0.0735485 0.383697 0.920526
    outer loop
      vertex -7.96977 35.9212 22.7757
      vertex 26.8038 34.134 26.299
      vertex 26.7876 34.17 26.2827
    endloop
  endfacet
  facet normal -0.0734367 0.3849 0.920032
    outer loop
      vertex -7.96977 35.9212 22.7757
      vertex 26.8227 34.0996 26.3149
      vertex 26.8038 34.134 26.299
    endloop
  endfacet
  facet normal -0.0733651 0.38566 0.91972
    outer loop
      vertex -7.96977 35.9212 22.7757
      vertex 26.8384 34.0754 26.3263
      vertex 26.8227 34.0996 26.3149
    endloop
  endfacet
  facet normal -0.0733921 0.385375 0.919837
    outer loop
      vertex -7.96977 35.9212 22.7757
      vertex 26.8439 34.0669 26.3303
      vertex 26.8384 34.0754 26.3263
    endloop
  endfacet
  facet normal -0.0734851 0.384399 0.920238
    outer loop
      vertex -7.96977 35.9212 22.7757
      vertex 26.8676 34.036 26.3451
      vertex 26.8439 34.0669 26.3303
    endloop
  endfacet
  facet normal -0.0734589 0.384671 0.920126
    outer loop
      vertex -7.96977 35.9212 22.7757
      vertex 26.8934 34.0072 26.3592
      vertex 26.8676 34.036 26.3451
    endloop
  endfacet
  facet normal -0.0734278 0.384992 0.919994
    outer loop
      vertex -7.96977 35.9212 22.7757
      vertex 26.9213 33.9805 26.3726
      vertex 26.8934 34.0072 26.3592
    endloop
  endfacet
  facet normal -0.0733911 0.385366 0.919841
    outer loop
      vertex -7.96977 35.9212 22.7757
      vertex 26.9511 33.9561 26.3852
      vertex 26.9213 33.9805 26.3726
    endloop
  endfacet
  facet normal -0.0736963 0.382269 0.921107
    outer loop
      vertex -7.96977 35.9212 22.7757
      vertex 26.9827 33.934 26.3969
      vertex 26.9511 33.9561 26.3852
    endloop
  endfacet
  facet normal -0.0735411 0.383835 0.920468
    outer loop
      vertex -7.96977 35.9212 22.7757
      vertex 27.0161 33.9145 26.4077
      vertex 26.9827 33.934 26.3969
    endloop
  endfacet
  facet normal -0.0734113 0.385134 0.919936
    outer loop
      vertex -7.96977 35.9212 22.7757
      vertex 27.042 33.902 26.415
      vertex 27.0161 33.9145 26.4077
    endloop
  endfacet
  facet normal -0.0726052 0.393125 0.916614
    outer loop
      vertex -7.96977 35.9212 22.7757
      vertex 27.051 33.8976 26.4176
      vertex 27.042 33.902 26.415
    endloop
  endfacet
  facet normal -0.0734894 0.384367 0.920251
    outer loop
      vertex -7.96977 35.9212 22.7757
      vertex 27.078 33.8872 26.4241
      vertex 27.051 33.8976 26.4176
    endloop
  endfacet
  facet normal -0.0723061 0.396031 0.915386
    outer loop
      vertex -7.96977 35.9212 22.7757
      vertex 27.0874 33.8836 26.4264
      vertex 27.078 33.8872 26.4241
    endloop
  endfacet
  facet normal -0.0738364 0.380928 0.921652
    outer loop
      vertex -7.96977 35.9212 22.7757
      vertex 27.125 33.8725 26.434
      vertex 27.0874 33.8836 26.4264
    endloop
  endfacet
  facet normal -0.0735995 0.383279 0.920696
    outer loop
      vertex -7.96977 35.9212 22.7757
      vertex 27.1538 33.8665 26.4388
      vertex 27.125 33.8725 26.434
    endloop
  endfacet
  facet normal -0.0722142 0.396864 0.915032
    outer loop
      vertex -7.96977 35.9212 22.7757
      vertex 27.1638 33.8644 26.4405
      vertex 27.1538 33.8665 26.4388
    endloop
  endfacet
  facet normal -0.0734605 0.384659 0.920131
    outer loop
      vertex -29.5412 31.7681 22.7897
      vertex 27.1638 33.8644 26.4405
      vertex -7.96977 35.9212 22.7757
    endloop
  endfacet
  facet normal -0.0734671 0.384706 0.920111
    outer loop
      vertex -29.197 32.2549 22.6137
      vertex -7.96977 35.9212 22.7757
      vertex -29.1908 33.1073 22.2578
    endloop
  endfacet
  facet normal -0.0732561 0.38346 0.920648
    outer loop
      vertex -29.1975 32.2428 22.6187
      vertex -7.96977 35.9212 22.7757
      vertex -29.197 32.2549 22.6137
    endloop
  endfacet
  facet normal -0.073366 0.384106 0.92037
    outer loop
      vertex -29.1988 32.2126 22.6312
      vertex -7.96977 35.9212 22.7757
      vertex -29.1975 32.2428 22.6187
    endloop
  endfacet
  facet normal -0.0744637 0.390498 0.917587
    outer loop
      vertex -29.2003 32.2008 22.6361
      vertex -7.96977 35.9212 22.7757
      vertex -29.1988 32.2126 22.6312
    endloop
  endfacet
  facet normal -0.0732475 0.383443 0.920656
    outer loop
      vertex -29.2039 32.1713 22.6481
      vertex -7.96977 35.9212 22.7757
      vertex -29.2003 32.2008 22.6361
    endloop
  endfacet
  facet normal -0.0734847 0.384806 0.920068
    outer loop
      vertex -29.2121 32.131 22.6643
      vertex -7.96977 35.9212 22.7757
      vertex -29.2039 32.1713 22.6481
    endloop
  endfacet
  facet normal -0.0735484 0.385168 0.919911
    outer loop
      vertex -29.2232 32.0921 22.6797
      vertex -7.96977 35.9212 22.7757
      vertex -29.2121 32.131 22.6643
    endloop
  endfacet
  facet normal -0.0721338 0.377231 0.923306
    outer loop
      vertex -29.2272 32.0813 22.6838
      vertex -7.96977 35.9212 22.7757
      vertex -29.2232 32.0921 22.6797
    endloop
  endfacet
  facet normal -0.0739886 0.387605 0.918851
    outer loop
      vertex -29.2372 32.0545 22.6943
      vertex -7.96977 35.9212 22.7757
      vertex -29.2272 32.0813 22.6838
    endloop
  endfacet
  facet normal -0.0730011 0.382124 0.921223
    outer loop
      vertex -29.2419 32.0442 22.6982
      vertex -7.96977 35.9212 22.7757
      vertex -29.2372 32.0545 22.6943
    endloop
  endfacet
  facet normal -0.0736406 0.385663 0.919696
    outer loop
      vertex -29.2539 32.0183 22.7081
      vertex -7.96977 35.9212 22.7757
      vertex -29.2419 32.0442 22.6982
    endloop
  endfacet
  facet normal -0.0725223 0.379519 0.922337
    outer loop
      vertex -29.2594 32.0085 22.7117
      vertex -7.96977 35.9212 22.7757
      vertex -29.2539 32.0183 22.7081
    endloop
  endfacet
  facet normal -0.0735748 0.385286 0.919859
    outer loop
      vertex -29.2732 31.9839 22.7209
      vertex -7.96977 35.9212 22.7757
      vertex -29.2594 32.0085 22.7117
    endloop
  endfacet
  facet normal -0.0735613 0.385213 0.919891
    outer loop
      vertex -29.2949 31.9511 22.7329
      vertex -7.96977 35.9212 22.7757
      vertex -29.2732 31.9839 22.7209
    endloop
  endfacet
  facet normal -0.0727681 0.380932 0.921735
    outer loop
      vertex -29.3017 31.9423 22.736
      vertex -7.96977 35.9212 22.7757
      vertex -29.2949 31.9511 22.7329
    endloop
  endfacet
  facet normal -0.0740452 0.387809 0.918761
    outer loop
      vertex -29.3189 31.9203 22.7439
      vertex -7.96977 35.9212 22.7757
      vertex -29.3017 31.9423 22.736
    endloop
  endfacet
  facet normal -0.0728292 0.381298 0.921579
    outer loop
      vertex -29.3264 31.9121 22.7467
      vertex -7.96977 35.9212 22.7757
      vertex -29.3189 31.9203 22.7439
    endloop
  endfacet
  facet normal -0.0729425 0.381903 0.921319
    outer loop
      vertex -29.3451 31.8914 22.7538
      vertex -7.96977 35.9212 22.7757
      vertex -29.3264 31.9121 22.7467
    endloop
  endfacet
  facet normal -0.0737383 0.386134 0.919491
    outer loop
      vertex -29.3532 31.8839 22.7563
      vertex -7.96977 35.9212 22.7757
      vertex -29.3451 31.8914 22.7538
    endloop
  endfacet
  facet normal -0.0737288 0.386084 0.919513
    outer loop
      vertex -29.3734 31.8648 22.7627
      vertex -7.96977 35.9212 22.7757
      vertex -29.3532 31.8839 22.7563
    endloop
  endfacet
  facet normal -0.0723633 0.378869 0.922617
    outer loop
      vertex -29.382 31.8578 22.7649
      vertex -7.96977 35.9212 22.7757
      vertex -29.3734 31.8648 22.7627
    endloop
  endfacet
  facet normal -0.074109 0.388078 0.918642
    outer loop
      vertex -29.4037 31.8404 22.7705
      vertex -7.96977 35.9212 22.7757
      vertex -29.382 31.8578 22.7649
    endloop
  endfacet
  facet normal -0.0730631 0.382582 0.921028
    outer loop
      vertex -29.4357 31.8184 22.7771
      vertex -7.96977 35.9212 22.7757
      vertex -29.4037 31.8404 22.7705
    endloop
  endfacet
  facet normal -0.0741423 0.388228 0.918576
    outer loop
      vertex -29.4452 31.8128 22.7787
      vertex -7.96977 35.9212 22.7757
      vertex -29.4357 31.8184 22.7771
    endloop
  endfacet
  facet normal -0.0737993 0.386435 0.919359
    outer loop
      vertex -29.4694 31.7989 22.7826
      vertex -7.96977 35.9212 22.7757
      vertex -29.4452 31.8128 22.7787
    endloop
  endfacet
  facet normal -0.0730284 0.382417 0.921099
    outer loop
      vertex -29.4794 31.7941 22.7838
      vertex -7.96977 35.9212 22.7757
      vertex -29.4694 31.7989 22.7826
    endloop
  endfacet
  facet normal -0.0733601 0.384145 0.920354
    outer loop
      vertex -29.5046 31.7821 22.7868
      vertex -7.96977 35.9212 22.7757
      vertex -29.4794 31.7941 22.7838
    endloop
  endfacet
  facet normal -0.0727969 0.381218 0.921615
    outer loop
      vertex -29.5412 31.7681 22.7897
      vertex -7.96977 35.9212 22.7757
      vertex -29.5046 31.7821 22.7868
    endloop
  endfacet
  facet normal -0.0735267 0.391473 0.917248
    outer loop
      vertex -29.552 31.7649 22.7902
      vertex 27.1638 33.8644 26.4405
      vertex -29.5412 31.7681 22.7897
    endloop
  endfacet
  facet normal -0.0734146 0.380217 0.921979
    outer loop
      vertex -29.5791 31.757 22.7913
      vertex 27.1638 33.8644 26.4405
      vertex -29.552 31.7649 22.7902
    endloop
  endfacet
  facet normal -0.0734706 0.385639 0.91972
    outer loop
      vertex 27.1638 33.8644 26.4405
      vertex -29.5791 31.757 22.7913
      vertex 27.2037 33.8596 26.4457
    endloop
  endfacet
  facet normal -0.0735589 0.394819 0.915809
    outer loop
      vertex -29.5902 31.7547 22.7914
      vertex 27.2037 33.8596 26.4457
      vertex -29.5791 31.757 22.7913
    endloop
  endfacet
  facet normal -0.0734781 0.386425 0.919389
    outer loop
      vertex -29.6182 31.7489 22.7916
      vertex 27.2037 33.8596 26.4457
      vertex -29.5902 31.7547 22.7914
    endloop
  endfacet
  facet normal -0.0733909 0.378041 0.922875
    outer loop
      vertex 27.2037 33.8596 26.4457
      vertex -29.6182 31.7489 22.7916
      vertex 27.2445 33.858 26.4496
    endloop
  endfacet
  facet normal -0.0734473 0.38343 0.920645
    outer loop
      vertex -29.6583 31.7441 22.7904
      vertex 27.2445 33.858 26.4496
      vertex -29.6182 31.7489 22.7916
    endloop
  endfacet
  facet normal -0.073459 0.384569 0.920169
    outer loop
      vertex 27.2445 33.858 26.4496
      vertex -29.6583 31.7441 22.7904
      vertex 32.8278 33.8394 26.9031
    endloop
  endfacet
  facet normal -0.0716933 0.362222 0.92933
    outer loop
      vertex -64.4543 28.4315 21.3972
      vertex -29.6583 31.7441 22.7904
      vertex -29.6699 31.7436 22.7897
    endloop
  endfacet
  facet normal -0.0741995 0.394123 0.916058
    outer loop
      vertex -64.4543 28.4315 21.3972
      vertex -29.6699 31.7436 22.7897
      vertex -29.6992 31.7425 22.7878
    endloop
  endfacet
  facet normal -0.0734594 0.384639 0.920139
    outer loop
      vertex -29.6583 31.7441 22.7904
      vertex -64.4543 28.4315 21.3972
      vertex 32.8278 33.8394 26.9031
    endloop
  endfacet
  facet normal -0.0734606 0.384656 0.920132
    outer loop
      vertex -64.4543 28.4315 21.3972
      vertex -29.6992 31.7425 22.7878
      vertex -39.2432 31.7744 22.0125
    endloop
  endfacet
  facet normal -0.383246 0.772957 0.505628
    outer loop
      vertex -66.9691 31.9404 14.127
      vertex -66.9859 31.9131 14.156
      vertex -64.4543 28.4315 21.3972
    endloop
  endfacet
  facet normal -0.368278 0.773913 0.515199
    outer loop
      vertex -66.9859 31.9131 14.156
      vertex -66.9691 31.9404 14.127
      vertex -66.9795 31.9246 14.1433
    endloop
  endfacet
  facet normal -0.287827 -0.886574 0.362136
    outer loop
      vertex -66.8434 -23.8866 11.3427
      vertex -65.7222 -24.0442 11.848
      vertex -64.4085 -21.6419 18.7734
    endloop
  endfacet
  facet normal -0.278005 -0.886557 0.369769
    outer loop
      vertex -66.8205 -23.9045 11.317
      vertex -66.8434 -23.8866 11.3427
      vertex -66.8317 -23.8964 11.328
    endloop
  endfacet
  facet normal -0.288309 -0.88694 0.360854
    outer loop
      vertex -66.5302 -24.014 11.2798
      vertex -66.8434 -23.8866 11.3427
      vertex -66.8205 -23.9045 11.317
    endloop
  endfacet
  facet normal -0.271769 -0.884451 0.379325
    outer loop
      vertex -66.7891 -23.9262 11.2889
      vertex -66.8205 -23.9045 11.317
      vertex -66.8009 -23.9188 11.2977
    endloop
  endfacet
  facet normal -0.2878 -0.886611 0.362065
    outer loop
      vertex -66.8434 -23.8866 11.3427
      vertex -66.5042 -24.0159 11.2957
      vertex -65.7222 -24.0442 11.848
    endloop
  endfacet
  facet normal -0.287815 -0.886298 0.362821
    outer loop
      vertex -66.8205 -23.9045 11.317
      vertex -66.7891 -23.9262 11.2889
      vertex -66.5302 -24.014 11.2798
    endloop
  endfacet
  facet normal -0.287309 -0.886004 0.363939
    outer loop
      vertex -66.8434 -23.8866 11.3427
      vertex -66.5302 -24.014 11.2798
      vertex -66.5042 -24.0159 11.2957
    endloop
  endfacet
  facet normal -0.306761 -0.889992 0.33736
    outer loop
      vertex -66.7561 -23.9458 11.2672
      vertex -66.7891 -23.9262 11.2889
      vertex -66.7685 -23.9391 11.2736
    endloop
  endfacet
  facet normal -0.287817 -0.886303 0.362807
    outer loop
      vertex -66.7891 -23.9262 11.2889
      vertex -66.5705 -24.0091 11.2598
      vertex -66.5302 -24.014 11.2798
    endloop
  endfacet
  facet normal -0.287808 -0.886292 0.362841
    outer loop
      vertex -66.7891 -23.9262 11.2889
      vertex -66.7561 -23.9458 11.2672
      vertex -66.5705 -24.0091 11.2598
    endloop
  endfacet
  facet normal -0.272604 -0.904611 0.327667
    outer loop
      vertex -66.5302 -24.014 11.2798
      vertex -66.5705 -24.0091 11.2598
      vertex -66.545 -24.0128 11.2708
    endloop
  endfacet
  facet normal -0.287383 -0.887066 0.361282
    outer loop
      vertex -66.7215 -23.9632 11.252
      vertex -66.7561 -23.9458 11.2672
      vertex -66.7345 -23.9574 11.2559
    endloop
  endfacet
  facet normal -0.287885 -0.887272 0.360376
    outer loop
      vertex -66.6099 -24.0014 11.2471
      vertex -66.7561 -23.9458 11.2672
      vertex -66.7215 -23.9632 11.252
    endloop
  endfacet
  facet normal -0.288723 -0.888306 0.357143
    outer loop
      vertex -66.7561 -23.9458 11.2672
      vertex -66.6099 -24.0014 11.2471
      vertex -66.5705 -24.0091 11.2598
    endloop
  endfacet
  facet normal -0.286592 -0.892656 0.347895
    outer loop
      vertex -66.5705 -24.0091 11.2598
      vertex -66.6099 -24.0014 11.2471
      vertex -66.585 -24.0069 11.2535
    endloop
  endfacet
  facet normal -0.285717 -0.884072 0.369842
    outer loop
      vertex -66.6856 -23.9784 11.2434
      vertex -66.7215 -23.9632 11.252
      vertex -66.699 -23.9734 11.245
    endloop
  endfacet
  facet normal -0.28681 -0.884962 0.366855
    outer loop
      vertex -66.7215 -23.9632 11.252
      vertex -66.6856 -23.9784 11.2434
      vertex -66.6099 -24.0014 11.2471
    endloop
  endfacet
  facet normal -0.286044 -0.880735 0.377472
    outer loop
      vertex -66.6483 -23.9912 11.2418
      vertex -66.6099 -24.0014 11.2471
      vertex -66.6856 -23.9784 11.2434
    endloop
  endfacet
  facet normal -0.285695 -0.886796 0.363279
    outer loop
      vertex -66.6099 -24.0014 11.2471
      vertex -66.6483 -23.9912 11.2418
      vertex -66.6241 -23.9983 11.2435
    endloop
  endfacet
  facet normal -0.289797 -0.888851 0.354912
    outer loop
      vertex -66.6483 -23.9912 11.2418
      vertex -66.6856 -23.9784 11.2434
      vertex -66.6621 -23.9871 11.2408
    endloop
  endfacet
  facet normal -0.853213 -0.292579 0.43177
    outer loop
      vertex -67.0075 -23.5844 11.5701
      vertex -67.0102 -23.5538 11.5855
      vertex -67.0094 -23.5703 11.5759
    endloop
  endfacet
  facet normal -0.833301 -0.305426 0.460787
    outer loop
      vertex -67.0073 -23.5857 11.5696
      vertex -67.0102 -23.5538 11.5855
      vertex -67.0075 -23.5844 11.5701
    endloop
  endfacet
  facet normal -0.878411 -0.274757 0.391028
    outer loop
      vertex -67.0102 -23.5538 11.5855
      vertex -67.0073 -23.5857 11.5696
      vertex -64.4085 -21.6419 18.7734
    endloop
  endfacet
  facet normal -0.938043 -0.0189856 0.345999
    outer loop
      vertex -67.044 11.7761 13.462
      vertex -64.4214 -7.51918 19.5134
      vertex -67.0533 21.9783 13.9966
    endloop
  endfacet
  facet normal -0.938047 -0.0189902 0.345986
    outer loop
      vertex -64.4214 -7.51918 19.5134
      vertex -67.044 11.7761 13.462
      vertex -67.0151 -19.7514 11.8099
    endloop
  endfacet
  facet normal 0.062152 -0.909525 0.410976
    outer loop
      vertex 52.5814 -52.0613 12.0613
      vertex 52.6603 -52.0344 12.1089
      vertex 52.49 -48.7548 19.3927
    endloop
  endfacet
  facet normal 0.11799 -0.935484 0.33309
    outer loop
      vertex 52.6603 -52.0344 12.1089
      vertex 52.5814 -52.0613 12.0613
      vertex 52.6509 -52.0379 12.1024
    endloop
  endfacet
  facet normal 0.0652385 -0.910593 0.408122
    outer loop
      vertex 52.6509 -52.0379 12.1024
      vertex 52.5814 -52.0613 12.0613
      vertex 52.6154 -52.0512 12.0784
    endloop
  endfacet
  facet normal -0.0162515 -0.0546734 0.998372
    outer loop
      vertex 75.5876 -5.47128 26.0707
      vertex 74.9989 -5.76559 26.045
      vertex 75.5445 -5.49499 26.0687
    endloop
  endfacet
  facet normal -0.0175577 -0.0520709 0.998489
    outer loop
      vertex 73.5089 -6.40988 25.9852
      vertex 74.9989 -5.76559 26.045
      vertex 75.5876 -5.47128 26.0707
    endloop
  endfacet
  facet normal -0.0168387 -0.0535065 0.998426
    outer loop
      vertex 74.9989 -5.76559 26.045
      vertex 74.0752 -6.18584 26.0069
      vertex 74.8171 -5.85579 26.0371
    endloop
  endfacet
  facet normal -0.0187711 -0.0492757 0.998609
    outer loop
      vertex 74.9989 -5.76559 26.045
      vertex 73.5089 -6.40988 25.9852
      vertex 74.0752 -6.18584 26.0069
    endloop
  endfacet
  facet normal -0.017121 -0.0530341 0.998446
    outer loop
      vertex 72.7448 -6.6847 25.9575
      vertex 73.5089 -6.40988 25.9852
      vertex 75.5876 -5.47128 26.0707
    endloop
  endfacet
  facet normal -0.0173171 -0.0524912 0.998471
    outer loop
      vertex 73.5089 -6.40988 25.9852
      vertex 72.7448 -6.6847 25.9575
      vertex 73.3201 -6.48455 25.978
    endloop
  endfacet
  facet normal -0.0172428 -0.0527497 0.998459
    outer loop
      vertex 71.9699 -6.92732 25.9313
      vertex 72.7448 -6.6847 25.9575
      vertex 75.5876 -5.47128 26.0707
    endloop
  endfacet
  facet normal -0.0188793 -0.047548 0.998691
    outer loop
      vertex 72.7448 -6.6847 25.9575
      vertex 71.9699 -6.92732 25.9313
      vertex 72.5531 -6.75141 25.9507
    endloop
  endfacet
  facet normal -0.0174727 -0.0521811 0.998485
    outer loop
      vertex 71.1855 -7.1373 25.9066
      vertex 71.9699 -6.92732 25.9313
      vertex 75.5876 -5.47128 26.0707
    endloop
  endfacet
  facet normal -0.0161075 -0.057251 0.99823
    outer loop
      vertex 71.9699 -6.92732 25.9313
      vertex 71.1855 -7.1373 25.9066
      vertex 71.7755 -6.98596 25.9248
    endloop
  endfacet
  facet normal -0.0177208 -0.0515285 0.998514
    outer loop
      vertex 70.3929 -7.31429 25.8834
      vertex 71.1855 -7.1373 25.9066
      vertex 75.5876 -5.47128 26.0707
    endloop
  endfacet
  facet normal -0.017527 -0.0523911 0.998473
    outer loop
      vertex 71.1855 -7.1373 25.9066
      vertex 70.3929 -7.31429 25.8834
      vertex 70.9888 -7.18775 25.9005
    endloop
  endfacet
  facet normal -0.0172104 -0.0529605 0.998448
    outer loop
      vertex 69.5935 -7.45796 25.862
      vertex 70.3929 -7.31429 25.8834
      vertex 75.5876 -5.47128 26.0707
    endloop
  endfacet
  facet normal -0.0188834 -0.0437138 0.998866
    outer loop
      vertex 70.3929 -7.31429 25.8834
      vertex 69.5935 -7.45796 25.862
      vertex 70.1943 -7.35646 25.8778
    endloop
  endfacet
  facet normal -0.017614 -0.0517487 0.998505
    outer loop
      vertex 68.7889 -7.56807 25.8421
      vertex 69.5935 -7.45796 25.862
      vertex 75.5876 -5.47128 26.0707
    endloop
  endfacet
  facet normal -0.0172906 -0.0540899 0.998386
    outer loop
      vertex 69.5935 -7.45796 25.862
      vertex 68.7889 -7.56807 25.8421
      vertex 69.3933 -7.49179 25.8567
    endloop
  endfacet
  facet normal -0.017396 -0.0524517 0.998472
    outer loop
      vertex 67.9802 -7.64441 25.824
      vertex 68.7889 -7.56807 25.8421
      vertex 75.5876 -5.47128 26.0707
    endloop
  endfacet
  facet normal -0.0180802 -0.0452845 0.998811
    outer loop
      vertex 68.7889 -7.56807 25.8421
      vertex 67.9802 -7.64441 25.824
      vertex 68.5874 -7.59349 25.8373
    endloop
  endfacet
  facet normal -0.0174179 -0.0523755 0.998476
    outer loop
      vertex 66.6258 -7.69537 25.7977
      vertex 67.9802 -7.64441 25.824
      vertex 75.5876 -5.47128 26.0707
    endloop
  endfacet
  facet normal -0.0175061 -0.0500925 0.998591
    outer loop
      vertex 67.9802 -7.64441 25.824
      vertex 66.6258 -7.69537 25.7977
      vertex 67.7778 -7.66139 25.8196
    endloop
  endfacet
  facet normal -0.0176095 -0.0466901 0.998754
    outer loop
      vertex 67.7778 -7.66139 25.8196
      vertex 66.6258 -7.69537 25.7977
      vertex 66.9661 -7.69537 25.8037
    endloop
  endfacet
  facet normal -0.0175949 -0.0516666 0.998509
    outer loop
      vertex 75.5876 -5.47128 26.0707
      vertex 66.5123 -7.69537 25.7957
      vertex 66.6258 -7.69537 25.7977
    endloop
  endfacet
  facet normal -0.017429 -0.0523396 0.998477
    outer loop
      vertex 66.5123 -7.69537 25.7957
      vertex 75.5876 -5.47128 26.0707
      vertex 46.8806 15.8471 26.6871
    endloop
  endfacet
  facet normal -0.0174241 -0.0523355 0.998478
    outer loop
      vertex 46.1685 -13.6552 25.1283
      vertex 66.5123 -7.69537 25.7957
      vertex 46.8806 15.8471 26.6871
    endloop
  endfacet
  facet normal -0.0174234 -0.0523379 0.998477
    outer loop
      vertex 66.5123 -7.69537 25.7957
      vertex 46.1685 -13.6552 25.1283
      vertex 66.5132 -8.70487 25.7428
    endloop
  endfacet
  facet normal -0.0174249 -0.0523317 0.998478
    outer loop
      vertex 66.5132 -8.70487 25.7428
      vertex 46.1685 -13.6552 25.1283
      vertex 66.5285 -25.3895 24.8686
    endloop
  endfacet
  facet normal 0.838564 -0.524577 0.147068
    outer loop
      vertex 64.5863 -32.1121 21.2612
      vertex 66.552 -28.3522 23.4642
      vertex 66.5516 -28.3407 23.5075
    endloop
  endfacet
  facet normal 0.838357 -0.524765 0.147574
    outer loop
      vertex 66.552 -28.3522 23.4642
      vertex 64.5863 -32.1121 21.2612
      vertex 66.552 -28.3808 23.3625
    endloop
  endfacet
  facet normal 0.838589 -0.524559 0.146992
    outer loop
      vertex 66.552 -28.3808 23.3625
      vertex 64.5863 -32.1121 21.2612
      vertex 66.552 -28.391 23.3261
    endloop
  endfacet
  facet normal 0.838234 -0.524872 0.147894
    outer loop
      vertex 66.552 -28.391 23.3261
      vertex 64.5863 -32.1121 21.2612
      vertex 66.5511 -28.4196 23.2297
    endloop
  endfacet
  facet normal 0.839159 -0.524071 0.145468
    outer loop
      vertex 66.5511 -28.4196 23.2297
      vertex 64.5863 -32.1121 21.2612
      vertex 66.5507 -28.4299 23.1949
    endloop
  endfacet
  facet normal 0.838255 -0.524847 0.147864
    outer loop
      vertex 66.5507 -28.4299 23.1949
      vertex 64.5863 -32.1121 21.2612
      vertex 66.5488 -28.4586 23.1038
    endloop
  endfacet
  facet normal 0.838456 -0.52468 0.147319
    outer loop
      vertex 66.3512 -29.0645 22.0705
      vertex 66.5488 -28.4586 23.1038
      vertex 64.5863 -32.1121 21.2612
    endloop
  endfacet
  facet normal 0.837985 -0.525304 0.147775
    outer loop
      vertex 66.5488 -28.4586 23.1038
      vertex 66.3512 -29.0645 22.0705
      vertex 66.5481 -28.469 23.0708
    endloop
  endfacet
  facet normal 0.835059 -0.529087 0.15081
    outer loop
      vertex 66.5451 -28.4978 22.985
      vertex 66.3512 -29.0645 22.0705
      vertex 66.5441 -28.5083 22.9537
    endloop
  endfacet
  facet normal 0.837245 -0.526263 0.148554
    outer loop
      vertex 66.5441 -28.5083 22.9537
      vertex 66.3512 -29.0645 22.0705
      vertex 66.5402 -28.5372 22.8733
    endloop
  endfacet
  facet normal 0.843843 -0.517642 0.141338
    outer loop
      vertex 66.5402 -28.5372 22.8733
      vertex 66.3512 -29.0645 22.0705
      vertex 66.5387 -28.5477 22.8438
    endloop
  endfacet
  facet normal 0.839082 -0.523865 0.146652
    outer loop
      vertex 66.5387 -28.5477 22.8438
      vertex 66.3512 -29.0645 22.0705
      vertex 66.5338 -28.5766 22.7686
    endloop
  endfacet
  facet normal 0.837092 -0.526397 0.148942
    outer loop
      vertex 66.5338 -28.5766 22.7686
      vertex 66.3512 -29.0645 22.0705
      vertex 66.532 -28.5873 22.7409
    endloop
  endfacet
  facet normal 0.838443 -0.524688 0.147361
    outer loop
      vertex 66.532 -28.5873 22.7409
      vertex 66.3512 -29.0645 22.0705
      vertex 66.5262 -28.6162 22.671
    endloop
  endfacet
  facet normal 0.835235 -0.528676 0.151273
    outer loop
      vertex 66.5262 -28.6162 22.671
      vertex 66.3512 -29.0645 22.0705
      vertex 66.5241 -28.6269 22.6452
    endloop
  endfacet
  facet normal 0.839361 -0.523562 0.146137
    outer loop
      vertex 66.5241 -28.6269 22.6452
      vertex 66.3512 -29.0645 22.0705
      vertex 66.5147 -28.6667 22.5566
    endloop
  endfacet
  facet normal 0.838455 -0.524672 0.14735
    outer loop
      vertex 66.5147 -28.6667 22.5566
      vertex 66.3512 -29.0645 22.0705
      vertex 66.5041 -28.7065 22.4752
    endloop
  endfacet
  facet normal 0.837054 -0.52634 0.149355
    outer loop
      vertex 66.5041 -28.7065 22.4752
      vertex 66.3512 -29.0645 22.0705
      vertex 66.4955 -28.7355 22.4212
    endloop
  endfacet
  facet normal 0.839969 -0.522918 0.144946
    outer loop
      vertex 66.4955 -28.7355 22.4212
      vertex 66.3512 -29.0645 22.0705
      vertex 66.4922 -28.7464 22.401
    endloop
  endfacet
  facet normal 0.837216 -0.526125 0.149207
    outer loop
      vertex 66.4922 -28.7464 22.401
      vertex 66.3512 -29.0645 22.0705
      vertex 66.4827 -28.7753 22.3524
    endloop
  endfacet
  facet normal 0.843921 -0.518379 0.138132
    outer loop
      vertex 66.4827 -28.7753 22.3524
      vertex 66.3512 -29.0645 22.0705
      vertex 66.479 -28.7862 22.3341
    endloop
  endfacet
  facet normal 0.836982 -0.526309 0.149869
    outer loop
      vertex 66.479 -28.7862 22.3341
      vertex 66.3512 -29.0645 22.0705
      vertex 66.4646 -28.8261 22.2744
    endloop
  endfacet
  facet normal 0.839159 -0.523951 0.145901
    outer loop
      vertex 66.4646 -28.8261 22.2744
      vertex 66.3512 -29.0645 22.0705
      vertex 66.4531 -28.8551 22.2364
    endloop
  endfacet
  facet normal 0.837606 -0.525585 0.148918
    outer loop
      vertex 66.4365 -28.8949 22.1893
      vertex 66.4531 -28.8551 22.2364
      vertex 66.3512 -29.0645 22.0705
    endloop
  endfacet
  facet normal 0.844989 -0.5165 0.138639
    outer loop
      vertex 66.4531 -28.8551 22.2364
      vertex 66.4365 -28.8949 22.1893
      vertex 66.4488 -28.866 22.222
    endloop
  endfacet
  facet normal 0.837126 -0.52606 0.14994
    outer loop
      vertex 66.4186 -28.9347 22.1496
      vertex 66.4365 -28.8949 22.1893
      vertex 66.3512 -29.0645 22.0705
    endloop
  endfacet
  facet normal 0.839925 -0.522847 0.145457
    outer loop
      vertex 66.4365 -28.8949 22.1893
      vertex 66.4186 -28.9347 22.1496
      vertex 66.4318 -28.9059 22.1769
    endloop
  endfacet
  facet normal 0.834225 -0.528685 0.156721
    outer loop
      vertex 66.3573 -29.0536 22.0748
      vertex 66.4186 -28.9347 22.1496
      vertex 66.3512 -29.0645 22.0705
    endloop
  endfacet
  facet normal 0.847758 -0.514573 0.128533
    outer loop
      vertex 66.4186 -28.9347 22.1496
      vertex 66.3994 -28.9744 22.1173
      vertex 66.4135 -28.9457 22.1392
    endloop
  endfacet
  facet normal 0.839218 -0.52404 0.145245
    outer loop
      vertex 66.4186 -28.9347 22.1496
      vertex 66.3573 -29.0536 22.0748
      vertex 66.3994 -28.9744 22.1173
    endloop
  endfacet
  facet normal 0.834001 -0.528462 0.158652
    outer loop
      vertex 66.379 -29.0141 22.0923
      vertex 66.3994 -28.9744 22.1173
      vertex 66.3573 -29.0536 22.0748
    endloop
  endfacet
  facet normal 0.850142 -0.515207 0.108719
    outer loop
      vertex 66.379 -29.0141 22.0923
      vertex 66.3573 -29.0536 22.0748
      vertex 66.3732 -29.025 22.086
    endloop
  endfacet
  facet normal 0.840386 -0.522511 0.143992
    outer loop
      vertex 66.3994 -28.9744 22.1173
      vertex 66.379 -29.0141 22.0923
      vertex 66.394 -28.9854 22.1089
    endloop
  endfacet
  facet normal 0.839467 -0.523342 0.146315
    outer loop
      vertex 66.5481 -28.469 23.0708
      vertex 66.3512 -29.0645 22.0705
      vertex 66.5451 -28.4978 22.985
    endloop
  endfacet
  facet normal -0.938049 -0.0189815 0.345983
    outer loop
      vertex -67.0533 21.9783 13.9966
      vertex -64.4543 28.4315 21.3972
      vertex -67.0619 31.4149 14.491
    endloop
  endfacet
  facet normal -0.938047 -0.0189881 0.345988
    outer loop
      vertex -64.4543 28.4315 21.3972
      vertex -67.0533 21.9783 13.9966
      vertex -64.4214 -7.51918 19.5134
    endloop
  endfacet
  facet normal -0.93805 -0.0189854 0.34598
    outer loop
      vertex -67.0151 -19.7514 11.8099
      vertex -64.4085 -21.6419 18.7734
      vertex -64.4214 -7.51918 19.5134
    endloop
  endfacet
  facet normal -0.93805 -0.0189853 0.34598
    outer loop
      vertex -64.4085 -21.6419 18.7734
      vertex -67.0151 -19.7514 11.8099
      vertex -67.0117 -23.4584 11.6157
    endloop
  endfacet
  facet normal -0.653837 0.568327 0.499502
    outer loop
      vertex -67.0478 31.7514 14.2982
      vertex -67.039 31.7871 14.2691
      vertex -67.0429 31.774 14.2789
    endloop
  endfacet
  facet normal -0.648625 0.570524 0.503774
    outer loop
      vertex -67.039 31.7871 14.2691
      vertex -67.0478 31.7514 14.2982
      vertex -64.4543 28.4315 21.3972
    endloop
  endfacet
  facet normal -0.121165 0.882917 0.453627
    outer loop
      vertex -14.9412 36.6909 19.4155
      vertex -29.1322 35.0071 18.9023
      vertex -7.96977 35.9212 22.7757
    endloop
  endfacet
  facet normal -0.121166 0.882926 0.453609
    outer loop
      vertex -28.5699 36.8894 15.3887
      vertex -29.1322 35.0071 18.9023
      vertex -14.9412 36.6909 19.4155
    endloop
  endfacet
  facet normal -0.121216 0.882924 0.4536
    outer loop
      vertex -29.1322 35.0071 18.9023
      vertex -28.5699 36.8894 15.3887
      vertex -29.0872 36.3389 16.322
    endloop
  endfacet
  facet normal -0.122263 0.883042 0.453089
    outer loop
      vertex -29.0872 36.3389 16.322
      vertex -28.5699 36.8894 15.3887
      vertex -29.085 36.3684 16.2651
    endloop
  endfacet
  facet normal -0.119927 0.882746 0.454287
    outer loop
      vertex -29.085 36.3684 16.2651
      vertex -28.5699 36.8894 15.3887
      vertex -29.0839 36.3844 16.2343
    endloop
  endfacet
  facet normal -0.12108 0.882902 0.453678
    outer loop
      vertex -29.0839 36.3844 16.2343
      vertex -28.5699 36.8894 15.3887
      vertex -29.0796 36.4132 16.1794
    endloop
  endfacet
  facet normal -0.119275 0.882632 0.45468
    outer loop
      vertex -29.0796 36.4132 16.1794
      vertex -28.5699 36.8894 15.3887
      vertex -29.0774 36.4289 16.1495
    endloop
  endfacet
  facet normal -0.120433 0.882816 0.454018
    outer loop
      vertex -29.0774 36.4289 16.1495
      vertex -28.5699 36.8894 15.3887
      vertex -29.0712 36.4569 16.0967
    endloop
  endfacet
  facet normal -0.124437 0.8835 0.451601
    outer loop
      vertex -29.0712 36.4569 16.0967
      vertex -28.5699 36.8894 15.3887
      vertex -29.0678 36.4721 16.0679
    endloop
  endfacet
  facet normal -0.121042 0.882889 0.453714
    outer loop
      vertex -29.0678 36.4721 16.0679
      vertex -28.5699 36.8894 15.3887
      vertex -29.0598 36.4992 16.0173
    endloop
  endfacet
  facet normal -0.120494 0.882779 0.454073
    outer loop
      vertex -29.0598 36.4992 16.0173
      vertex -28.5699 36.8894 15.3887
      vertex -29.0554 36.5141 15.9895
    endloop
  endfacet
  facet normal -0.120453 0.88277 0.454101
    outer loop
      vertex -29.0554 36.5141 15.9895
      vertex -28.5699 36.8894 15.3887
      vertex -29.0402 36.5546 15.9148
    endloop
  endfacet
  facet normal -0.121264 0.882968 0.453501
    outer loop
      vertex -29.0402 36.5546 15.9148
      vertex -28.5699 36.8894 15.3887
      vertex -29.0287 36.5796 15.8692
    endloop
  endfacet
  facet normal -0.121687 0.88308 0.453169
    outer loop
      vertex -29.0287 36.5796 15.8692
      vertex -28.5699 36.8894 15.3887
      vertex -29.0224 36.5934 15.844
    endloop
  endfacet
  facet normal -0.120803 0.882832 0.453888
    outer loop
      vertex -29.0224 36.5934 15.844
      vertex -28.5699 36.8894 15.3887
      vertex -29.0093 36.6173 15.801
    endloop
  endfacet
  facet normal -0.122595 0.88338 0.452339
    outer loop
      vertex -29.0093 36.6173 15.801
      vertex -28.5699 36.8894 15.3887
      vertex -29.002 36.6305 15.7772
    endloop
  endfacet
  facet normal -0.119858 0.882495 0.454794
    outer loop
      vertex -29.002 36.6305 15.7772
      vertex -28.5699 36.8894 15.3887
      vertex -28.9874 36.6532 15.737
    endloop
  endfacet
  facet normal -0.124465 0.884122 0.450375
    outer loop
      vertex -28.9874 36.6532 15.737
      vertex -28.5699 36.8894 15.3887
      vertex -28.9793 36.6657 15.7147
    endloop
  endfacet
  facet normal -0.118471 0.881874 0.456359
    outer loop
      vertex -28.9793 36.6657 15.7147
      vertex -28.5699 36.8894 15.3887
      vertex -28.9633 36.6871 15.6775
    endloop
  endfacet
  facet normal -0.126154 0.885034 0.448107
    outer loop
      vertex -28.9633 36.6871 15.6775
      vertex -28.5699 36.8894 15.3887
      vertex -28.9544 36.6989 15.6567
    endloop
  endfacet
  facet normal -0.121544 0.883033 0.453299
    outer loop
      vertex -28.9544 36.6989 15.6567
      vertex -28.5699 36.8894 15.3887
      vertex -28.937 36.7188 15.6226
    endloop
  endfacet
  facet normal -0.121011 0.882774 0.453946
    outer loop
      vertex -28.937 36.7188 15.6226
      vertex -28.5699 36.8894 15.3887
      vertex -28.9273 36.7299 15.6036
    endloop
  endfacet
  facet normal -0.120658 0.88259 0.454396
    outer loop
      vertex -28.9273 36.7299 15.6036
      vertex -28.5699 36.8894 15.3887
      vertex -28.9087 36.7483 15.5728
    endloop
  endfacet
  facet normal -0.121938 0.883332 0.452611
    outer loop
      vertex -28.9087 36.7483 15.5728
      vertex -28.5699 36.8894 15.3887
      vertex -28.8983 36.7586 15.5555
    endloop
  endfacet
  facet normal -0.121167 0.882852 0.453752
    outer loop
      vertex -28.8983 36.7586 15.5555
      vertex -28.5699 36.8894 15.3887
      vertex -28.8785 36.7754 15.5281
    endloop
  endfacet
  facet normal -0.118553 0.880999 0.458023
    outer loop
      vertex -28.8785 36.7754 15.5281
      vertex -28.5699 36.8894 15.3887
      vertex -28.8674 36.7849 15.5127
    endloop
  endfacet
  facet normal -0.121649 0.883377 0.452599
    outer loop
      vertex -28.8674 36.7849 15.5127
      vertex -28.5699 36.8894 15.3887
      vertex -28.8348 36.8085 15.4754
    endloop
  endfacet
  facet normal -0.120414 0.88218 0.455257
    outer loop
      vertex -28.8348 36.8085 15.4754
      vertex -28.5699 36.8894 15.3887
      vertex -28.813 36.8219 15.4552
    endloop
  endfacet
  facet normal -0.121772 0.883735 0.451868
    outer loop
      vertex -28.7779 36.8409 15.4275
      vertex -28.813 36.8219 15.4552
      vertex -28.5699 36.8894 15.3887
    endloop
  endfacet
  facet normal -0.132171 0.887564 0.441318
    outer loop
      vertex -28.813 36.8219 15.4552
      vertex -28.7779 36.8409 15.4275
      vertex -28.8007 36.8294 15.4438
    endloop
  endfacet
  facet normal -0.119669 0.880372 0.458938
    outer loop
      vertex -28.5847 36.8889 15.3858
      vertex -28.7779 36.8409 15.4275
      vertex -28.5699 36.8894 15.3887
    endloop
  endfacet
  facet normal -0.121524 0.882999 0.453371
    outer loop
      vertex -28.7415 36.857 15.4059
      vertex -28.7779 36.8409 15.4275
      vertex -28.5847 36.8889 15.3858
    endloop
  endfacet
  facet normal -0.13373 0.889241 0.437454
    outer loop
      vertex -28.7779 36.8409 15.4275
      vertex -28.7415 36.857 15.4059
      vertex -28.7651 36.8474 15.4182
    endloop
  endfacet
  facet normal -0.121413 0.882764 0.453858
    outer loop
      vertex -28.7038 36.87 15.3907
      vertex -28.7415 36.857 15.4059
      vertex -28.5847 36.8889 15.3858
    endloop
  endfacet
  facet normal -0.131961 0.890883 0.434642
    outer loop
      vertex -28.7415 36.857 15.4059
      vertex -28.7038 36.87 15.3907
      vertex -28.7281 36.8624 15.3989
    endloop
  endfacet
  facet normal -0.122112 0.885651 0.448007
    outer loop
      vertex -28.665 36.8797 15.3821
      vertex -28.7038 36.87 15.3907
      vertex -28.5847 36.8889 15.3858
    endloop
  endfacet
  facet normal -0.11118 0.87023 0.479936
    outer loop
      vertex -28.7038 36.87 15.3907
      vertex -28.665 36.8797 15.3821
      vertex -28.69 36.8743 15.3861
    endloop
  endfacet
  facet normal -0.120341 0.889143 0.441522
    outer loop
      vertex -28.6252 36.8861 15.3804
      vertex -28.5847 36.8889 15.3858
      vertex -28.6108 36.8879 15.3807
    endloop
  endfacet
  facet normal -0.121982 0.880338 0.458395
    outer loop
      vertex -28.5847 36.8889 15.3858
      vertex -28.6252 36.8861 15.3804
      vertex -28.665 36.8797 15.3821
    endloop
  endfacet
  facet normal -0.121944 0.88018 0.458707
    outer loop
      vertex -28.665 36.8797 15.3821
      vertex -28.6252 36.8861 15.3804
      vertex -28.6509 36.8828 15.3799
    endloop
  endfacet
  facet normal -0.115082 0.889128 0.442953
    outer loop
      vertex -7.96977 35.9212 22.7757
      vertex -10.5527 36.6412 20.6594
      vertex -10.5798 36.6356 20.6636
    endloop
  endfacet
  facet normal -0.112909 0.890493 0.440765
    outer loop
      vertex -7.96977 35.9212 22.7757
      vertex -10.5404 36.6437 20.6575
      vertex -10.5527 36.6412 20.6594
    endloop
  endfacet
  facet normal -0.116172 0.88845 0.444028
    outer loop
      vertex -7.96977 35.9212 22.7757
      vertex -10.514 36.6517 20.6484
      vertex -10.5404 36.6437 20.6575
    endloop
  endfacet
  facet normal -0.115922 0.888605 0.443782
    outer loop
      vertex -7.96977 35.9212 22.7757
      vertex -10.5021 36.6553 20.6443
      vertex -10.514 36.6517 20.6484
    endloop
  endfacet
  facet normal -0.114863 0.889258 0.442749
    outer loop
      vertex -7.96977 35.9212 22.7757
      vertex -10.465 36.67 20.6244
      vertex -10.5021 36.6553 20.6443
    endloop
  endfacet
  facet normal -0.115962 0.888595 0.443793
    outer loop
      vertex -7.96977 35.9212 22.7757
      vertex -10.4404 36.6823 20.6062
      vertex -10.465 36.67 20.6244
    endloop
  endfacet
  facet normal -0.117688 0.887565 0.445397
    outer loop
      vertex -7.96977 35.9212 22.7757
      vertex -10.4292 36.6879 20.598
      vertex -10.4404 36.6823 20.6062
    endloop
  endfacet
  facet normal -0.115667 0.888762 0.443536
    outer loop
      vertex -7.96977 35.9212 22.7757
      vertex -10.4056 36.7022 20.5755
      vertex -10.4292 36.6879 20.598
    endloop
  endfacet
  facet normal -0.114441 0.889471 0.442431
    outer loop
      vertex -7.96977 35.9212 22.7757
      vertex -10.3949 36.7087 20.5652
      vertex -10.4056 36.7022 20.5755
    endloop
  endfacet
  facet normal -0.115627 0.88879 0.443489
    outer loop
      vertex -7.96977 35.9212 22.7757
      vertex -10.3724 36.7249 20.5386
      vertex -10.3949 36.7087 20.5652
    endloop
  endfacet
  facet normal -0.116888 0.888076 0.444587
    outer loop
      vertex -7.96977 35.9212 22.7757
      vertex -10.3622 36.7323 20.5265
      vertex -10.3724 36.7249 20.5386
    endloop
  endfacet
  facet normal -0.115006 0.889132 0.442966
    outer loop
      vertex -7.96977 35.9212 22.7757
      vertex -10.3409 36.7503 20.4959
      vertex -10.3622 36.7323 20.5265
    endloop
  endfacet
  facet normal -0.116154 0.888501 0.44393
    outer loop
      vertex -7.96977 35.9212 22.7757
      vertex -10.3313 36.7585 20.482
      vertex -10.3409 36.7503 20.4959
    endloop
  endfacet
  facet normal -0.116121 0.888519 0.443903
    outer loop
      vertex -7.96977 35.9212 22.7757
      vertex -10.3113 36.7783 20.4476
      vertex -10.3313 36.7585 20.482
    endloop
  endfacet
  facet normal -0.11502 0.889107 0.443012
    outer loop
      vertex -7.96977 35.9212 22.7757
      vertex -10.3022 36.7873 20.4319
      vertex -10.3113 36.7783 20.4476
    endloop
  endfacet
  facet normal -0.115933 0.888624 0.443742
    outer loop
      vertex -7.96977 35.9212 22.7757
      vertex -10.2751 36.8185 20.3765
      vertex -10.3022 36.7873 20.4319
    endloop
  endfacet
  facet normal -0.11483 0.88919 0.442894
    outer loop
      vertex -7.96977 35.9212 22.7757
      vertex -10.2502 36.8518 20.3161
      vertex -10.2751 36.8185 20.3765
    endloop
  endfacet
  facet normal -0.115897 0.888658 0.443682
    outer loop
      vertex -7.96977 35.9212 22.7757
      vertex -10.2276 36.8873 20.2509
      vertex -10.2502 36.8518 20.3161
    endloop
  endfacet
  facet normal -0.115482 0.888859 0.443388
    outer loop
      vertex -7.96977 35.9212 22.7757
      vertex -10.2137 36.9129 20.2032
      vertex -10.2276 36.8873 20.2509
    endloop
  endfacet
  facet normal -0.115721 0.888746 0.443553
    outer loop
      vertex -7.96977 35.9212 22.7757
      vertex -10.2074 36.9247 20.1812
      vertex -10.2137 36.9129 20.2032
    endloop
  endfacet
  facet normal -0.115288 0.888949 0.443258
    outer loop
      vertex -7.96977 35.9212 22.7757
      vertex -10.1953 36.9515 20.1306
      vertex -10.2074 36.9247 20.1812
    endloop
  endfacet
  facet normal -0.118789 0.88733 0.445573
    outer loop
      vertex -7.96977 35.9212 22.7757
      vertex -10.1897 36.964 20.1072
      vertex -10.1953 36.9515 20.1306
    endloop
  endfacet
  facet normal -0.115056 0.88904 0.443136
    outer loop
      vertex -7.96977 35.9212 22.7757
      vertex -10.1794 36.9919 20.0539
      vertex -10.1897 36.964 20.1072
    endloop
  endfacet
  facet normal -0.117775 0.887821 0.444863
    outer loop
      vertex -7.96977 35.9212 22.7757
      vertex -10.1747 37.0049 20.0292
      vertex -10.1794 36.9919 20.0539
    endloop
  endfacet
  facet normal -0.115015 0.889048 0.443131
    outer loop
      vertex -7.96977 35.9212 22.7757
      vertex -10.1625 37.0473 19.9473
      vertex -10.1747 37.0049 20.0292
    endloop
  endfacet
  facet normal -0.115356 0.888901 0.443338
    outer loop
      vertex -7.96977 35.9212 22.7757
      vertex -10.1532 37.0911 19.8619
      vertex -10.1625 37.0473 19.9473
    endloop
  endfacet
  facet normal -0.115022 0.889041 0.443144
    outer loop
      vertex -7.96977 35.9212 22.7757
      vertex -10.149 37.1217 19.8016
      vertex -10.1532 37.0911 19.8619
    endloop
  endfacet
  facet normal -0.116323 0.888504 0.44388
    outer loop
      vertex -7.96977 35.9212 22.7757
      vertex -10.147 37.1361 19.7733
      vertex -10.149 37.1217 19.8016
    endloop
  endfacet
  facet normal -0.116577 0.8884 0.444022
    outer loop
      vertex -7.96977 35.9212 22.7757
      vertex -10.145 37.1675 19.711
      vertex -10.147 37.1361 19.7733
    endloop
  endfacet
  facet normal -0.115599 0.888794 0.443488
    outer loop
      vertex -7.96977 35.9212 22.7757
      vertex -10.144 37.1823 19.6816
      vertex -10.145 37.1675 19.711
    endloop
  endfacet
  facet normal -0.115633 0.888781 0.443507
    outer loop
      vertex -8.8521 39.122 16.1313
      vertex -10.144 37.1823 19.6816
      vertex -7.96977 35.9212 22.7757
    endloop
  endfacet
  facet normal -0.115729 0.888784 0.443474
    outer loop
      vertex -10.144 37.1823 19.6816
      vertex -8.8521 39.122 16.1313
      vertex -10.1106 38.1035 17.8441
    endloop
  endfacet
  facet normal -0.115677 0.888775 0.443506
    outer loop
      vertex -10.1106 38.1035 17.8441
      vertex -8.8521 39.122 16.1313
      vertex -10.0934 38.5781 16.8975
    endloop
  endfacet
  facet normal -0.115319 0.888595 0.443959
    outer loop
      vertex -10.0934 38.5781 16.8975
      vertex -8.8521 39.122 16.1313
      vertex -10.0913 38.6079 16.8384
    endloop
  endfacet
  facet normal -0.114981 0.88841 0.444418
    outer loop
      vertex -10.0913 38.6079 16.8384
      vertex -8.8521 39.122 16.1313
      vertex -10.0902 38.624 16.8065
    endloop
  endfacet
  facet normal -0.115906 0.888942 0.443112
    outer loop
      vertex -10.0902 38.624 16.8065
      vertex -8.8521 39.122 16.1313
      vertex -10.0838 38.6687 16.7185
    endloop
  endfacet
  facet normal -0.115669 0.888785 0.443488
    outer loop
      vertex -10.0838 38.6687 16.7185
      vertex -8.8521 39.122 16.1313
      vertex -10.0743 38.7123 16.6336
    endloop
  endfacet
  facet normal -0.115834 0.888912 0.443191
    outer loop
      vertex -10.0743 38.7123 16.6336
      vertex -8.8521 39.122 16.1313
      vertex -10.0619 38.7545 16.5522
    endloop
  endfacet
  facet normal -0.115384 0.888503 0.444126
    outer loop
      vertex -10.0619 38.7545 16.5522
      vertex -8.8521 39.122 16.1313
      vertex -10.0468 38.7953 16.4745
    endloop
  endfacet
  facet normal -0.115967 0.889138 0.442703
    outer loop
      vertex -10.0468 38.7953 16.4745
      vertex -8.8521 39.122 16.1313
      vertex -10.0353 38.8205 16.4269
    endloop
  endfacet
  facet normal -0.11507 0.888027 0.445159
    outer loop
      vertex -10.0353 38.8205 16.4269
      vertex -8.8521 39.122 16.1313
      vertex -10.029 38.8344 16.4008
    endloop
  endfacet
  facet normal -0.115985 0.889252 0.442469
    outer loop
      vertex -10.029 38.8344 16.4008
      vertex -8.8521 39.122 16.1313
      vertex -10.0159 38.8584 16.356
    endloop
  endfacet
  facet normal -0.115685 0.888787 0.44348
    outer loop
      vertex -9.57762 39.1323 15.9214
      vertex -10.0159 38.8584 16.356
      vertex -8.8521 39.122 16.1313
    endloop
  endfacet
  facet normal -0.113693 0.888219 0.44513
    outer loop
      vertex -10.0159 38.8584 16.356
      vertex -9.57762 39.1323 15.9214
      vertex -10.0087 38.8717 16.3313
    endloop
  endfacet
  facet normal -0.117355 0.889317 0.441977
    outer loop
      vertex -10.0087 38.8717 16.3313
      vertex -9.57762 39.1323 15.9214
      vertex -9.9941 38.8945 16.2893
    endloop
  endfacet
  facet normal -0.114545 0.888394 0.444562
    outer loop
      vertex -9.9941 38.8945 16.2893
      vertex -9.57762 39.1323 15.9214
      vertex -9.98603 38.9071 16.2662
    endloop
  endfacet
  facet normal -0.115561 0.888748 0.44359
    outer loop
      vertex -9.98603 38.9071 16.2662
      vertex -9.57762 39.1323 15.9214
      vertex -9.97 38.9286 16.2273
    endloop
  endfacet
  facet normal -0.11733 0.889423 0.44177
    outer loop
      vertex -9.97 38.9286 16.2273
      vertex -9.57762 39.1323 15.9214
      vertex -9.96112 38.9405 16.2057
    endloop
  endfacet
  facet normal -0.113463 0.88785 0.445925
    outer loop
      vertex -9.96112 38.9405 16.2057
      vertex -9.57762 39.1323 15.9214
      vertex -9.94375 38.9606 16.1701
    endloop
  endfacet
  facet normal -0.11723 0.889545 0.44155
    outer loop
      vertex -9.94375 38.9606 16.1701
      vertex -9.57762 39.1323 15.9214
      vertex -9.9341 38.9717 16.1503
    endloop
  endfacet
  facet normal -0.113807 0.887904 0.44573
    outer loop
      vertex -9.9341 38.9717 16.1503
      vertex -9.57762 39.1323 15.9214
      vertex -9.91549 38.9903 16.118
    endloop
  endfacet
  facet normal -0.116774 0.889492 0.441777
    outer loop
      vertex -9.91549 38.9903 16.118
      vertex -9.57762 39.1323 15.9214
      vertex -9.90513 39.0006 16.1
    endloop
  endfacet
  facet normal -0.11582 0.888947 0.443125
    outer loop
      vertex -9.90513 39.0006 16.1
      vertex -9.57762 39.1323 15.9214
      vertex -9.87429 39.027 16.0551
    endloop
  endfacet
  facet normal -0.115393 0.888647 0.443836
    outer loop
      vertex -9.87429 39.027 16.0551
      vertex -9.57762 39.1323 15.9214
      vertex -9.84178 39.0508 16.0159
    endloop
  endfacet
  facet normal -0.114778 0.888102 0.445086
    outer loop
      vertex -9.84178 39.0508 16.0159
      vertex -9.57762 39.1323 15.9214
      vertex -9.81992 39.0643 15.9946
    endloop
  endfacet
  facet normal -0.116583 0.889976 0.440853
    outer loop
      vertex -9.78491 39.0834 15.9653
      vertex -9.81992 39.0643 15.9946
      vertex -9.57762 39.1323 15.9214
    endloop
  endfacet
  facet normal -0.115682 0.889662 0.441724
    outer loop
      vertex -9.81992 39.0643 15.9946
      vertex -9.78491 39.0834 15.9653
      vertex -9.80768 39.0718 15.9827
    endloop
  endfacet
  facet normal -0.113333 0.885303 0.450992
    outer loop
      vertex -9.59227 39.1318 15.9187
      vertex -9.78491 39.0834 15.9653
      vertex -9.57762 39.1323 15.9214
    endloop
  endfacet
  facet normal -0.0787072 0.869346 0.487896
    outer loop
      vertex -9.78491 39.0834 15.9653
      vertex -9.74855 39.0996 15.9423
      vertex -9.77214 39.09 15.9556
    endloop
  endfacet
  facet normal -0.116437 0.889281 0.442291
    outer loop
      vertex -9.78491 39.0834 15.9653
      vertex -9.59227 39.1318 15.9187
      vertex -9.74855 39.0996 15.9423
    endloop
  endfacet
  facet normal -0.116058 0.888565 0.443827
    outer loop
      vertex -9.71097 39.1127 15.9259
      vertex -9.74855 39.0996 15.9423
      vertex -9.59227 39.1318 15.9187
    endloop
  endfacet
  facet normal -0.0969037 0.874031 0.476108
    outer loop
      vertex -9.74855 39.0996 15.9423
      vertex -9.71097 39.1127 15.9259
      vertex -9.7353 39.1051 15.9349
    endloop
  endfacet
  facet normal -0.116665 0.890677 0.439412
    outer loop
      vertex -9.67231 39.1225 15.9163
      vertex -9.71097 39.1127 15.9259
      vertex -9.59227 39.1318 15.9187
    endloop
  endfacet
  facet normal -0.109688 0.881883 0.458531
    outer loop
      vertex -9.71097 39.1127 15.9259
      vertex -9.67231 39.1225 15.9163
      vertex -9.6973 39.117 15.9209
    endloop
  endfacet
  facet normal -0.117 0.884892 0.450862
    outer loop
      vertex -9.6327 39.1289 15.9139
      vertex -9.59227 39.1318 15.9187
      vertex -9.61833 39.1308 15.9139
    endloop
  endfacet
  facet normal -0.116515 0.88796 0.444917
    outer loop
      vertex -9.59227 39.1318 15.9187
      vertex -9.6327 39.1289 15.9139
      vertex -9.67231 39.1225 15.9163
    endloop
  endfacet
  facet normal -0.116288 0.887169 0.446553
    outer loop
      vertex -9.67231 39.1225 15.9163
      vertex -9.6327 39.1289 15.9139
      vertex -9.65826 39.1256 15.9138
    endloop
  endfacet
  facet normal -0.119706 0.886155 0.447661
    outer loop
      vertex -10.5924 36.6341 20.6632
      vertex -7.96977 35.9212 22.7757
      vertex -10.5798 36.6356 20.6636
    endloop
  endfacet
  facet normal -0.115093 0.889134 0.442939
    outer loop
      vertex -10.6202 36.6309 20.6624
      vertex -7.96977 35.9212 22.7757
      vertex -10.5924 36.6341 20.6632
    endloop
  endfacet
  facet normal -0.115471 0.888889 0.443332
    outer loop
      vertex -10.6613 36.6299 20.6537
      vertex -7.96977 35.9212 22.7757
      vertex -10.6202 36.6309 20.6624
    endloop
  endfacet
  facet normal -0.115643 0.888776 0.443512
    outer loop
      vertex -7.96977 35.9212 22.7757
      vertex -10.6613 36.6299 20.6537
      vertex -14.9412 36.6909 19.4155
    endloop
  endfacet
  facet normal -0.0488118 0.897291 0.438733
    outer loop
      vertex -8.82252 39.1218 16.135
      vertex -8.8521 39.122 16.1313
      vertex -7.96977 35.9212 22.7757
    endloop
  endfacet
  facet normal -0.0223915 0.898865 0.437654
    outer loop
      vertex 26.3089 36.5488 22.816
      vertex 26.7862 35.9881 23.992
      vertex 26.7863 36.0012 23.9651
    endloop
  endfacet
  facet normal -0.0170833 0.899829 0.435908
    outer loop
      vertex 26.3089 36.5488 22.816
      vertex 26.7863 36.0012 23.9651
      vertex 26.7865 36.034 23.8974
    endloop
  endfacet
  facet normal -0.0152471 0.900175 0.435262
    outer loop
      vertex 26.3089 36.5488 22.816
      vertex 26.7865 36.034 23.8974
      vertex 26.7857 36.0468 23.8709
    endloop
  endfacet
  facet normal -0.0161391 0.900004 0.435583
    outer loop
      vertex 26.3089 36.5488 22.816
      vertex 26.7857 36.0468 23.8709
      vertex 26.7835 36.0788 23.8047
    endloop
  endfacet
  facet normal -0.0188107 0.899456 0.436606
    outer loop
      vertex 26.3089 36.5488 22.816
      vertex 26.7835 36.0788 23.8047
      vertex 26.7773 36.1226 23.7142
    endloop
  endfacet
  facet normal -0.00808979 0.901781 0.432118
    outer loop
      vertex 26.3089 36.5488 22.816
      vertex 26.7773 36.1226 23.7142
      vertex 26.7747 36.1347 23.6889
    endloop
  endfacet
  facet normal -0.02022 0.899083 0.437311
    outer loop
      vertex 26.3089 36.5488 22.816
      vertex 26.7747 36.1347 23.6889
      vertex 26.7681 36.165 23.6263
    endloop
  endfacet
  facet normal -0.0147605 0.900389 0.434836
    outer loop
      vertex 26.3089 36.5488 22.816
      vertex 26.7681 36.165 23.6263
      vertex 26.756 36.2059 23.5412
    endloop
  endfacet
  facet normal -0.0211396 0.898733 0.437986
    outer loop
      vertex 26.3089 36.5488 22.816
      vertex 26.756 36.2059 23.5412
      vertex 26.7517 36.2173 23.5176
    endloop
  endfacet
  facet normal -0.0155935 0.900208 0.435182
    outer loop
      vertex 26.3089 36.5488 22.816
      vertex 26.7517 36.2173 23.5176
      vertex 26.7411 36.2453 23.4593
    endloop
  endfacet
  facet normal -0.0168832 0.899847 0.435878
    outer loop
      vertex 26.3089 36.5488 22.816
      vertex 26.7411 36.2453 23.4593
      vertex 26.736 36.2562 23.4366
    endloop
  endfacet
  facet normal -0.0187502 0.89931 0.43691
    outer loop
      vertex 26.3089 36.5488 22.816
      vertex 26.736 36.2562 23.4366
      vertex 26.7235 36.283 23.3809
    endloop
  endfacet
  facet normal -0.0170153 0.899841 0.435886
    outer loop
      vertex 26.3089 36.5488 22.816
      vertex 26.7235 36.283 23.3809
      vertex 26.7176 36.2934 23.3592
    endloop
  endfacet
  facet normal -0.0169102 0.899874 0.435823
    outer loop
      vertex 26.3089 36.5488 22.816
      vertex 26.7176 36.2934 23.3592
      vertex 26.7033 36.3188 23.3062
    endloop
  endfacet
  facet normal -0.0150876 0.900478 0.43464
    outer loop
      vertex 26.3089 36.5488 22.816
      vertex 26.7033 36.3188 23.3062
      vertex 26.6808 36.3525 23.2356
    endloop
  endfacet
  facet normal -0.024782 0.896892 0.441555
    outer loop
      vertex 26.3089 36.5488 22.816
      vertex 26.6808 36.3525 23.2356
      vertex 26.6735 36.3618 23.2163
    endloop
  endfacet
  facet normal -0.0157356 0.900331 0.434921
    outer loop
      vertex 26.3089 36.5488 22.816
      vertex 26.6735 36.3618 23.2163
      vertex 26.6559 36.3841 23.1695
    endloop
  endfacet
  facet normal -0.0196492 0.898748 0.438026
    outer loop
      vertex 26.3089 36.5488 22.816
      vertex 26.6559 36.3841 23.1695
      vertex 26.648 36.3927 23.1515
    endloop
  endfacet
  facet normal -0.0166669 0.899991 0.43559
    outer loop
      vertex 26.3089 36.5488 22.816
      vertex 26.648 36.3927 23.1515
      vertex 26.6289 36.4134 23.108
    endloop
  endfacet
  facet normal -0.0187939 0.899033 0.437477
    outer loop
      vertex 26.3089 36.5488 22.816
      vertex 26.6289 36.4134 23.108
      vertex 26.6204 36.4213 23.0914
    endloop
  endfacet
  facet normal -0.0156398 0.900495 0.434586
    outer loop
      vertex 26.3089 36.5488 22.816
      vertex 26.6204 36.4213 23.0914
      vertex 26.5999 36.4402 23.0515
    endloop
  endfacet
  facet normal -0.0128966 0.901864 0.431827
    outer loop
      vertex 26.3089 36.5488 22.816
      vertex 26.5999 36.4402 23.0515
      vertex 26.5908 36.4473 23.0364
    endloop
  endfacet
  facet normal -0.0288694 0.896472 0.442158
    outer loop
      vertex 26.5593 36.4707 22.9869
      vertex 26.5908 36.4473 23.0364
      vertex 26.5689 36.4644 23.0003
    endloop
  endfacet
  facet normal -0.0170804 0.899697 0.436181
    outer loop
      vertex 26.5908 36.4473 23.0364
      vertex 26.5593 36.4707 22.9869
      vertex 26.3089 36.5488 22.816
    endloop
  endfacet
  facet normal -0.0123943 0.900763 0.434135
    outer loop
      vertex 26.526 36.4914 22.943
      vertex 26.5593 36.4707 22.9869
      vertex 26.5361 36.4859 22.9547
    endloop
  endfacet
  facet normal -0.0184871 0.898855 0.437857
    outer loop
      vertex 26.5593 36.4707 22.9869
      vertex 26.526 36.4914 22.943
      vertex 26.3089 36.5488 22.816
    endloop
  endfacet
  facet normal -0.0580095 0.883976 0.463919
    outer loop
      vertex 26.4911 36.509 22.9051
      vertex 26.526 36.4914 22.943
      vertex 26.5017 36.5045 22.915
    endloop
  endfacet
  facet normal -0.0141934 0.901828 0.431861
    outer loop
      vertex 26.526 36.4914 22.943
      vertex 26.4911 36.509 22.9051
      vertex 26.3089 36.5488 22.816
    endloop
  endfacet
  facet normal -0.0541428 0.880618 0.470724
    outer loop
      vertex 26.4547 36.5236 22.8736
      vertex 26.4911 36.509 22.9051
      vertex 26.4657 36.52 22.8816
    endloop
  endfacet
  facet normal -0.0169953 0.899516 0.436557
    outer loop
      vertex 26.4911 36.509 22.9051
      vertex 26.4547 36.5236 22.8736
      vertex 26.3089 36.5488 22.816
    endloop
  endfacet
  facet normal -0.000448215 0.90898 0.41684
    outer loop
      vertex 26.4169 36.535 22.8487
      vertex 26.4547 36.5236 22.8736
      vertex 26.4283 36.5323 22.8546
    endloop
  endfacet
  facet normal -0.0180291 0.898449 0.438708
    outer loop
      vertex 26.4547 36.5236 22.8736
      vertex 26.4169 36.535 22.8487
      vertex 26.3089 36.5488 22.816
    endloop
  endfacet
  facet normal 0.00285386 0.916088 0.400967
    outer loop
      vertex 26.3779 36.543 22.8307
      vertex 26.4169 36.535 22.8487
      vertex 26.3897 36.5413 22.8345
    endloop
  endfacet
  facet normal -0.0177428 0.898836 0.437926
    outer loop
      vertex 26.4169 36.535 22.8487
      vertex 26.3779 36.543 22.8307
      vertex 26.3089 36.5488 22.816
    endloop
  endfacet
  facet normal -0.0161482 0.901897 0.431648
    outer loop
      vertex 26.3089 36.5488 22.816
      vertex 26.3779 36.543 22.8307
      vertex 26.3498 36.5469 22.8215
    endloop
  endfacet
  facet normal -0.0169807 0.899827 0.435917
    outer loop
      vertex 26.7862 35.9881 23.992
      vertex 26.3089 36.5488 22.816
      vertex 20.9625 36.5556 22.5937
    endloop
  endfacet
  facet normal -0.0169695 0.899846 0.435878
    outer loop
      vertex 26.7862 35.9881 23.992
      vertex 20.9625 36.5556 22.5937
      vertex 26.7539 35.0593 25.9082
    endloop
  endfacet
  facet normal -0.0169933 0.899829 0.435912
    outer loop
      vertex 8.31922 36.5715 22.068
      vertex 26.7539 35.0593 25.9082
      vertex 20.9625 36.5556 22.5937
    endloop
  endfacet
  facet normal -0.0169865 0.899843 0.435884
    outer loop
      vertex 26.7539 35.0593 25.9082
      vertex 8.31922 36.5715 22.068
      vertex -7.96977 35.9212 22.7757
    endloop
  endfacet
  facet normal -0.0168084 0.898467 0.438719
    outer loop
      vertex 8.30692 36.5721 22.0663
      vertex -7.96977 35.9212 22.7757
      vertex 8.31922 36.5715 22.068
    endloop
  endfacet
  facet normal -0.0165277 0.89629 0.44316
    outer loop
      vertex 8.27827 36.5735 22.0624
      vertex -7.96977 35.9212 22.7757
      vertex 8.30692 36.5721 22.0663
    endloop
  endfacet
  facet normal -0.0171266 0.900884 0.433722
    outer loop
      vertex 8.23836 36.579 22.0494
      vertex -7.96977 35.9212 22.7757
      vertex 8.27827 36.5735 22.0624
    endloop
  endfacet
  facet normal -0.0172368 0.901706 0.432007
    outer loop
      vertex 8.22672 36.5817 22.0433
      vertex -7.96977 35.9212 22.7757
      vertex 8.23836 36.579 22.0494
    endloop
  endfacet
  facet normal -0.0167346 0.897969 0.439741
    outer loop
      vertex 8.19963 36.5881 22.0292
      vertex -7.96977 35.9212 22.7757
      vertex 8.22672 36.5817 22.0433
    endloop
  endfacet
  facet normal -0.0170507 0.900286 0.434965
    outer loop
      vertex 8.18836 36.5918 22.0211
      vertex -7.96977 35.9212 22.7757
      vertex 8.19963 36.5881 22.0292
    endloop
  endfacet
  facet normal -0.0171363 0.900904 0.433681
    outer loop
      vertex 8.16217 36.6004 22.0022
      vertex -7.96977 35.9212 22.7757
      vertex 8.18836 36.5918 22.0211
    endloop
  endfacet
  facet normal -0.0169289 0.899438 0.43672
    outer loop
      vertex 8.15133 36.6051 21.9921
      vertex -7.96977 35.9212 22.7757
      vertex 8.16217 36.6004 22.0022
    endloop
  endfacet
  facet normal -0.0170031 0.899958 0.435646
    outer loop
      vertex 8.12615 36.616 21.9686
      vertex -7.96977 35.9212 22.7757
      vertex 8.15133 36.6051 21.9921
    endloop
  endfacet
  facet normal -0.0168531 0.898935 0.437757
    outer loop
      vertex 8.11575 36.6216 21.9567
      vertex -7.96977 35.9212 22.7757
      vertex 8.12615 36.616 21.9686
    endloop
  endfacet
  facet normal -0.0170085 0.89998 0.435599
    outer loop
      vertex 8.09165 36.6346 21.9289
      vertex -7.96977 35.9212 22.7757
      vertex 8.11575 36.6216 21.9567
    endloop
  endfacet
  facet normal -0.0169792 0.899789 0.435994
    outer loop
      vertex 8.08175 36.6411 21.9151
      vertex -7.96977 35.9212 22.7757
      vertex 8.09165 36.6346 21.9289
    endloop
  endfacet
  facet normal -0.0169348 0.899504 0.436583
    outer loop
      vertex 8.05883 36.6562 21.8831
      vertex -7.96977 35.9212 22.7757
      vertex 8.08175 36.6411 21.9151
    endloop
  endfacet
  facet normal -0.0170989 0.900521 0.434475
    outer loop
      vertex 8.04944 36.6635 21.8676
      vertex -7.96977 35.9212 22.7757
      vertex 8.05883 36.6562 21.8831
    endloop
  endfacet
  facet normal -0.0169578 0.899661 0.436259
    outer loop
      vertex 8.02777 36.6805 21.8317
      vertex -7.96977 35.9212 22.7757
      vertex 8.04944 36.6635 21.8676
    endloop
  endfacet
  facet normal -0.0170453 0.900177 0.435191
    outer loop
      vertex 8.01895 36.6886 21.8146
      vertex -7.96977 35.9212 22.7757
      vertex 8.02777 36.6805 21.8317
    endloop
  endfacet
  facet normal -0.0169856 0.899831 0.435908
    outer loop
      vertex 7.99863 36.7074 21.775
      vertex -7.96977 35.9212 22.7757
      vertex 8.01895 36.6886 21.8146
    endloop
  endfacet
  facet normal -0.0169979 0.899899 0.435766
    outer loop
      vertex 7.99041 36.7163 21.7563
      vertex -7.96977 35.9212 22.7757
      vertex 7.99863 36.7074 21.775
    endloop
  endfacet
  facet normal -0.0169478 0.899624 0.436336
    outer loop
      vertex 7.97152 36.7368 21.7133
      vertex -7.96977 35.9212 22.7757
      vertex 7.99041 36.7163 21.7563
    endloop
  endfacet
  facet normal -0.014976 0.900896 0.433776
    outer loop
      vertex 1.37175 39.1089 16.5589
      vertex 7.97152 36.7368 21.7133
      vertex 7.96393 36.7464 21.6931
    endloop
  endfacet
  facet normal -0.0170027 0.899839 0.435891
    outer loop
      vertex 1.37175 39.1089 16.5589
      vertex 7.96393 36.7464 21.6931
      vertex 7.94656 36.7685 21.6468
    endloop
  endfacet
  facet normal -0.0198619 0.898322 0.438889
    outer loop
      vertex 1.37175 39.1089 16.5589
      vertex 7.94656 36.7685 21.6468
      vertex 7.93964 36.7789 21.6252
    endloop
  endfacet
  facet normal -0.015472 0.900651 0.434269
    outer loop
      vertex 1.37175 39.1089 16.5589
      vertex 7.93964 36.7789 21.6252
      vertex 7.92386 36.8024 21.5759
    endloop
  endfacet
  facet normal -0.0170475 0.899814 0.435941
    outer loop
      vertex 1.37175 39.1089 16.5589
      vertex 7.92386 36.8024 21.5759
      vertex 7.90357 36.8384 21.5008
    endloop
  endfacet
  facet normal -0.0163372 0.900196 0.435178
    outer loop
      vertex 1.37175 39.1089 16.5589
      vertex 7.90357 36.8384 21.5008
      vertex 7.89812 36.85 21.4766
    endloop
  endfacet
  facet normal -0.0175252 0.899553 0.43646
    outer loop
      vertex 1.37175 39.1089 16.5589
      vertex 7.89812 36.85 21.4766
      vertex 7.88579 36.8763 21.4219
    endloop
  endfacet
  facet normal -0.0179859 0.899301 0.436961
    outer loop
      vertex 1.37175 39.1089 16.5589
      vertex 7.88579 36.8763 21.4219
      vertex 7.88114 36.8885 21.3966
    endloop
  endfacet
  facet normal -0.016871 0.899914 0.435742
    outer loop
      vertex 1.37175 39.1089 16.5589
      vertex 7.88114 36.8885 21.3966
      vertex 7.87066 36.916 21.3394
    endloop
  endfacet
  facet normal -0.0172457 0.899739 0.436088
    outer loop
      vertex 3.14623 39.1067 16.6327
      vertex 7.87066 36.916 21.3394
      vertex 7.85828 36.9573 21.2537
    endloop
  endfacet
  facet normal -0.0181099 0.899376 0.4368
    outer loop
      vertex 3.14623 39.1067 16.6327
      vertex 7.85828 36.9573 21.2537
      vertex 7.85536 36.9705 21.2264
    endloop
  endfacet
  facet normal -0.0158944 0.900308 0.434963
    outer loop
      vertex 3.14623 39.1067 16.6327
      vertex 7.85536 36.9705 21.2264
      vertex 7.84881 37 21.1651
    endloop
  endfacet
  facet normal -0.017951 0.899433 0.43669
    outer loop
      vertex 3.14623 39.1067 16.6327
      vertex 7.84881 37 21.1651
      vertex 7.8468 37.0137 21.1368
    endloop
  endfacet
  facet normal -0.0165191 0.900047 0.43548
    outer loop
      vertex 3.14623 39.1067 16.6327
      vertex 7.8468 37.0137 21.1368
      vertex 7.84233 37.0441 21.0738
    endloop
  endfacet
  facet normal -0.0191582 0.898899 0.437738
    outer loop
      vertex 3.14623 39.1067 16.6327
      vertex 7.84233 37.0441 21.0738
      vertex 7.84129 37.0582 21.0448
    endloop
  endfacet
  facet normal -0.0163487 0.900128 0.435319
    outer loop
      vertex 3.14623 39.1067 16.6327
      vertex 7.84129 37.0582 21.0448
      vertex 7.83899 37.0894 20.9802
    endloop
  endfacet
  facet normal -0.0160348 0.900266 0.435044
    outer loop
      vertex 3.14623 39.1067 16.6327
      vertex 7.83899 37.0894 20.9802
      vertex 7.83896 37.1038 20.9504
    endloop
  endfacet
  facet normal -0.0173329 0.899689 0.436187
    outer loop
      vertex 3.14623 39.1067 16.6327
      vertex 7.83896 37.1038 20.9504
      vertex 7.8389 37.1357 20.8846
    endloop
  endfacet
  facet normal -0.0169301 0.899871 0.435827
    outer loop
      vertex 3.14623 39.1067 16.6327
      vertex 7.8389 37.1357 20.8846
      vertex 7.85516 37.5872 19.953
    endloop
  endfacet
  facet normal -0.0169727 0.899847 0.435876
    outer loop
      vertex 3.14623 39.1067 16.6327
      vertex 7.85516 37.5872 19.953
      vertex 7.88943 38.5388 17.9898
    endloop
  endfacet
  facet normal -0.0173873 0.899256 0.437078
    outer loop
      vertex 3.14623 39.1067 16.6327
      vertex 7.88943 38.5388 17.9898
      vertex 7.88947 38.5545 17.9575
    endloop
  endfacet
  facet normal 0.00907856 0.9001 0.435589
    outer loop
      vertex 7.88846 38.6 17.8635
      vertex 7.88947 38.5545 17.9575
      vertex 7.88954 38.5846 17.8953
    endloop
  endfacet
  facet normal -0.0169474 0.899898 0.435771
    outer loop
      vertex 7.88947 38.5545 17.9575
      vertex 7.88846 38.6 17.8635
      vertex 3.14623 39.1067 16.6327
    endloop
  endfacet
  facet normal -0.017565 0.898925 0.43775
    outer loop
      vertex 3.14623 39.1067 16.6327
      vertex 7.88846 38.6 17.8635
      vertex 7.88796 38.6071 17.8489
    endloop
  endfacet
  facet normal -0.0170133 0.899835 0.435899
    outer loop
      vertex 7.87066 36.916 21.3394
      vertex 3.14623 39.1067 16.6327
      vertex 1.37175 39.1089 16.5589
    endloop
  endfacet
  facet normal -0.0169902 0.899848 0.435872
    outer loop
      vertex 7.97152 36.7368 21.7133
      vertex 1.37175 39.1089 16.5589
      vertex -7.96977 35.9212 22.7757
    endloop
  endfacet
  facet normal -0.0169861 0.899846 0.435877
    outer loop
      vertex -7.96977 35.9212 22.7757
      vertex 1.37175 39.1089 16.5589
      vertex -8.82252 39.1218 16.135
    endloop
  endfacet
  facet normal -0.277512 -0.868732 0.410234
    outer loop
      vertex -66.8501 -23.8809 11.3502
      vertex -66.8637 -23.869 11.3662
      vertex -66.8605 -23.8721 11.3618
    endloop
  endfacet
  facet normal -0.326241 -0.869976 0.36974
    outer loop
      vertex -66.8434 -23.8866 11.3427
      vertex -66.8637 -23.869 11.3662
      vertex -66.8501 -23.8809 11.3502
    endloop
  endfacet
  facet normal -0.326267 -0.869976 0.369718
    outer loop
      vertex -66.8637 -23.869 11.3662
      vertex -66.8434 -23.8866 11.3427
      vertex -64.4085 -21.6419 18.7734
    endloop
  endfacet
  facet normal 0 0 -1
    outer loop
      vertex 66.9408 -27.1848 1.19192
      vertex 66.9418 -27.0925 1.19192
      vertex 66.9419 -27.1387 1.19192
    endloop
  endfacet
  facet normal 0 0 -1
    outer loop
      vertex 66.7156 -27.9702 1.19192
      vertex 66.9418 -27.0925 1.19192
      vertex 66.9408 -27.1848 1.19192
    endloop
  endfacet
  facet normal 0 0 -1
    outer loop
      vertex 66.7156 -27.9702 1.19192
      vertex 66.9408 -27.1848 1.19192
      vertex 66.9396 -27.2085 1.19192
    endloop
  endfacet
  facet normal 0 0 -1
    outer loop
      vertex 66.9365 -27.2544 1.19192
      vertex 66.9396 -27.2085 1.19192
      vertex 66.9384 -27.2308 1.19192
    endloop
  endfacet
  facet normal 0 0 -1
    outer loop
      vertex 66.9396 -27.2085 1.19192
      vertex 66.9365 -27.2544 1.19192
      vertex 66.7156 -27.9702 1.19192
    endloop
  endfacet
  facet normal 0 0 -1
    outer loop
      vertex 66.9323 -27.3001 1.19192
      vertex 66.9365 -27.2544 1.19192
      vertex 66.9348 -27.2766 1.19192
    endloop
  endfacet
  facet normal 0 0 -1
    outer loop
      vertex 66.9365 -27.2544 1.19192
      vertex 66.9323 -27.3001 1.19192
      vertex 66.7156 -27.9702 1.19192
    endloop
  endfacet
  facet normal 0 0 -1
    outer loop
      vertex 66.9268 -27.3456 1.19192
      vertex 66.9323 -27.3001 1.19192
      vertex 66.93 -27.3222 1.19192
    endloop
  endfacet
  facet normal 0 0 -1
    outer loop
      vertex 66.9323 -27.3001 1.19192
      vertex 66.9268 -27.3456 1.19192
      vertex 66.7156 -27.9702 1.19192
    endloop
  endfacet
  facet normal 0 0 -1
    outer loop
      vertex 66.9202 -27.3909 1.19192
      vertex 66.9268 -27.3456 1.19192
      vertex 66.9239 -27.3677 1.19192
    endloop
  endfacet
  facet normal 0 0 -1
    outer loop
      vertex 66.9268 -27.3456 1.19192
      vertex 66.9202 -27.3909 1.19192
      vertex 66.7156 -27.9702 1.19192
    endloop
  endfacet
  facet normal 0 0 -1
    outer loop
      vertex 66.9123 -27.436 1.19192
      vertex 66.9202 -27.3909 1.19192
      vertex 66.9166 -27.4128 1.19192
    endloop
  endfacet
  facet normal 0 0 -1
    outer loop
      vertex 66.9202 -27.3909 1.19192
      vertex 66.9123 -27.436 1.19192
      vertex 66.7156 -27.9702 1.19192
    endloop
  endfacet
  facet normal 0 0 -1
    outer loop
      vertex 66.9032 -27.4808 1.19192
      vertex 66.9123 -27.436 1.19192
      vertex 66.9082 -27.4578 1.19192
    endloop
  endfacet
  facet normal 0 0 -1
    outer loop
      vertex 66.9123 -27.436 1.19192
      vertex 66.9032 -27.4808 1.19192
      vertex 66.7156 -27.9702 1.19192
    endloop
  endfacet
  facet normal 0 0 -1
    outer loop
      vertex 66.7265 -27.9506 1.19192
      vertex 66.9032 -27.4808 1.19192
      vertex 66.8985 -27.5025 1.19192
    endloop
  endfacet
  facet normal 0 0 -1
    outer loop
      vertex 66.8689 -27.6134 1.19192
      vertex 66.8985 -27.5025 1.19192
      vertex 66.8877 -27.5468 1.19192
    endloop
  endfacet
  facet normal 0 0 -1
    outer loop
      vertex 66.8689 -27.6134 1.19192
      vertex 66.8877 -27.5468 1.19192
      vertex 66.8756 -27.5909 1.19192
    endloop
  endfacet
  facet normal 0 0 -1
    outer loop
      vertex 66.855 -27.657 1.19192
      vertex 66.8985 -27.5025 1.19192
      vertex 66.8689 -27.6134 1.19192
    endloop
  endfacet
  facet normal 0 0 -1
    outer loop
      vertex 66.855 -27.657 1.19192
      vertex 66.8689 -27.6134 1.19192
      vertex 66.8624 -27.6347 1.19192
    endloop
  endfacet
  facet normal 0 0 -1
    outer loop
      vertex 66.824 -27.743 1.19192
      vertex 66.8985 -27.5025 1.19192
      vertex 66.855 -27.657 1.19192
    endloop
  endfacet
  facet normal 0 0 -1
    outer loop
      vertex 66.824 -27.743 1.19192
      vertex 66.855 -27.657 1.19192
      vertex 66.8481 -27.6781 1.19192
    endloop
  endfacet
  facet normal 0 0 -1
    outer loop
      vertex 66.824 -27.743 1.19192
      vertex 66.8481 -27.6781 1.19192
      vertex 66.8326 -27.7211 1.19192
    endloop
  endfacet
  facet normal 0 0 -1
    outer loop
      vertex 66.8067 -27.7854 1.19192
      vertex 66.8985 -27.5025 1.19192
      vertex 66.824 -27.743 1.19192
    endloop
  endfacet
  facet normal 0 0 -1
    outer loop
      vertex 66.8067 -27.7854 1.19192
      vertex 66.824 -27.743 1.19192
      vertex 66.8159 -27.7637 1.19192
    endloop
  endfacet
  facet normal 0 0 -1
    outer loop
      vertex 66.7884 -27.8274 1.19192
      vertex 66.8985 -27.5025 1.19192
      vertex 66.8067 -27.7854 1.19192
    endloop
  endfacet
  facet normal 0 0 -1
    outer loop
      vertex 66.7884 -27.8274 1.19192
      vertex 66.8067 -27.7854 1.19192
      vertex 66.7981 -27.8059 1.19192
    endloop
  endfacet
  facet normal 0 0 -1
    outer loop
      vertex 66.7688 -27.869 1.19192
      vertex 66.8985 -27.5025 1.19192
      vertex 66.7884 -27.8274 1.19192
    endloop
  endfacet
  facet normal 0 0 -1
    outer loop
      vertex 66.7688 -27.869 1.19192
      vertex 66.7884 -27.8274 1.19192
      vertex 66.7792 -27.8477 1.19192
    endloop
  endfacet
  facet normal 0 0 -1
    outer loop
      vertex 66.7482 -27.91 1.19192
      vertex 66.8985 -27.5025 1.19192
      vertex 66.7688 -27.869 1.19192
    endloop
  endfacet
  facet normal 0 0 -1
    outer loop
      vertex 66.7482 -27.91 1.19192
      vertex 66.7688 -27.869 1.19192
      vertex 66.7591 -27.889 1.19192
    endloop
  endfacet
  facet normal 0 0 -1
    outer loop
      vertex 66.7265 -27.9506 1.19192
      vertex 66.8985 -27.5025 1.19192
      vertex 66.7482 -27.91 1.19192
    endloop
  endfacet
  facet normal 0 0 -1
    outer loop
      vertex 66.7265 -27.9506 1.19192
      vertex 66.7482 -27.91 1.19192
      vertex 66.7379 -27.9298 1.19192
    endloop
  endfacet
  facet normal 0 0 -1
    outer loop
      vertex 66.9032 -27.4808 1.19192
      vertex 66.7265 -27.9506 1.19192
      vertex 66.7156 -27.9702 1.19192
    endloop
  endfacet
  facet normal -0 0 -1
    outer loop
      vertex 66.9418 -27.0925 1.19192
      vertex 66.7156 -27.9702 1.19192
      vertex 66.9418 -26.5552 1.19192
    endloop
  endfacet
  facet normal 1.40239e-05 -2.24183e-06 -1
    outer loop
      vertex 59.8054 -39.9727 1.19185
      vertex 66.9418 -26.5552 1.19192
      vertex 66.7156 -27.9702 1.19192
    endloop
  endfacet
  facet normal 2.68424e-05 -9.98653e-06 -1
    outer loop
      vertex 52.5175 -51.5508 1.19177
      vertex 59.8054 -39.9727 1.19185
      vertex 53.4876 -50.946 1.19179
    endloop
  endfacet
  facet normal 3.79513e-05 -2.78051e-05 -1
    outer loop
      vertex 52.5175 -51.5508 1.19177
      vertex 53.4876 -50.946 1.19179
      vertex 53.4517 -50.995 1.19179
    endloop
  endfacet
  facet normal 0 0 -1
    outer loop
      vertex 53.3807 -51.0838 1.19179
      vertex 53.4517 -50.995 1.19179
      vertex 53.4198 -51.0386 1.19179
    endloop
  endfacet
  facet normal 4.28662e-05 -3.42736e-05 -1
    outer loop
      vertex 52.5441 -51.5466 1.19177
      vertex 53.4517 -50.995 1.19179
      vertex 53.3807 -51.0838 1.19179
    endloop
  endfacet
  facet normal 0 0 -1
    outer loop
      vertex 53.304 -51.1654 1.19179
      vertex 53.3807 -51.0838 1.19179
      vertex 53.346 -51.124 1.19179
    endloop
  endfacet
  facet normal 4.9802e-05 -4.68114e-05 -1
    outer loop
      vertex 52.5441 -51.5466 1.19177
      vertex 53.3807 -51.0838 1.19179
      vertex 53.304 -51.1654 1.19179
    endloop
  endfacet
  facet normal -0.00111221 0.00139906 -0.999998
    outer loop
      vertex 53.1355 -51.3065 1.19178
      vertex 53.304 -51.1654 1.19179
      vertex 53.2667 -51.2022 1.19178
    endloop
  endfacet
  facet normal 0 0 -1
    outer loop
      vertex 53.1355 -51.3065 1.19178
      vertex 53.2667 -51.2022 1.19178
      vertex 53.1825 -51.273 1.19178
    endloop
  endfacet
  facet normal -2.30288e-05 9.83724e-05 -1
    outer loop
      vertex 52.5441 -51.5466 1.19177
      vertex 53.304 -51.1654 1.19179
      vertex 53.1355 -51.3065 1.19178
    endloop
  endfacet
  facet normal 0 0 -1
    outer loop
      vertex 53.0446 -51.3658 1.19178
      vertex 53.1355 -51.3065 1.19178
      vertex 53.0937 -51.3363 1.19178
    endloop
  endfacet
  facet normal 4.47718e-05 -6.863e-05 -1
    outer loop
      vertex 52.5441 -51.5466 1.19177
      vertex 53.1355 -51.3065 1.19178
      vertex 53.0446 -51.3658 1.19178
    endloop
  endfacet
  facet normal 0 0 -1
    outer loop
      vertex 52.8522 -51.4616 1.19178
      vertex 53.0446 -51.3658 1.19178
      vertex 53.001 -51.3921 1.19178
    endloop
  endfacet
  facet normal 0 0 -1
    outer loop
      vertex 52.8522 -51.4616 1.19178
      vertex 53.001 -51.3921 1.19178
      vertex 52.9047 -51.4402 1.19178
    endloop
  endfacet
  facet normal 7.27854e-05 -0.000146179 -1
    outer loop
      vertex 52.5441 -51.5466 1.19177
      vertex 53.0446 -51.3658 1.19178
      vertex 52.8522 -51.4616 1.19178
    endloop
  endfacet
  facet normal 0 0 -1
    outer loop
      vertex 52.7516 -51.4979 1.19178
      vertex 52.8522 -51.4616 1.19178
      vertex 52.8055 -51.4806 1.19178
    endloop
  endfacet
  facet normal 0.000137864 -0.000382069 -1
    outer loop
      vertex 52.5441 -51.5466 1.19177
      vertex 52.8522 -51.4616 1.19178
      vertex 52.7516 -51.4979 1.19178
    endloop
  endfacet
  facet normal -0.000594148 0.0025137 -0.999997
    outer loop
      vertex 52.6487 -51.5262 1.19177
      vertex 52.7516 -51.4979 1.19178
      vertex 52.7037 -51.5132 1.19177
    endloop
  endfacet
  facet normal -0.000236928 0.00121484 -0.999999
    outer loop
      vertex 52.5441 -51.5466 1.19177
      vertex 52.7516 -51.4979 1.19178
      vertex 52.6487 -51.5262 1.19177
    endloop
  endfacet
  facet normal 0 0 -1
    outer loop
      vertex 52.5441 -51.5466 1.19177
      vertex 52.6487 -51.5262 1.19177
      vertex 52.5999 -51.5378 1.19177
    endloop
  endfacet
  facet normal -7.73435e-06 4.89842e-05 -1
    outer loop
      vertex 53.4517 -50.995 1.19179
      vertex 52.5441 -51.5466 1.19177
      vertex 52.5175 -51.5508 1.19177
    endloop
  endfacet
  facet normal 2.38468e-05 -8.10092e-06 -1
    outer loop
      vertex -66.0035 32.8411 1.18826
      vertex 59.8054 -39.9727 1.19185
      vertex 52.5175 -51.5508 1.19177
    endloop
  endfacet
  facet normal 2.41276e-05 -7.61575e-06 -1
    outer loop
      vertex 59.8054 -39.9727 1.19185
      vertex -66.0035 32.8411 1.18826
      vertex 66.9418 -26.5552 1.19192
    endloop
  endfacet
  facet normal 2.07141e-05 -1.25005e-05 -1
    outer loop
      vertex -66.5066 32.8074 1.18825
      vertex -66.0035 32.8411 1.18826
      vertex 52.5175 -51.5508 1.19177
    endloop
  endfacet
  facet normal -2.78432e-07 0.000300893 -1
    outer loop
      vertex -66.0035 32.8411 1.18826
      vertex -66.5066 32.8074 1.18825
      vertex -66.3277 32.8408 1.18826
    endloop
  endfacet
  facet normal 0.000296647 -0.00128952 -0.999999
    outer loop
      vertex -66.3277 32.8408 1.18826
      vertex -66.5066 32.8074 1.18825
      vertex -66.3688 32.8391 1.18825
    endloop
  endfacet
  facet normal 0 -0 -1
    outer loop
      vertex -66.4281 32.8303 1.18825
      vertex -66.3688 32.8391 1.18825
      vertex -66.5066 32.8074 1.18825
    endloop
  endfacet
  facet normal 0 0 -1
    outer loop
      vertex -66.3688 32.8391 1.18825
      vertex -66.4281 32.8303 1.18825
      vertex -66.4089 32.8342 1.18825
    endloop
  endfacet
  facet normal 0 -0 -1
    outer loop
      vertex -66.4666 32.8208 1.18825
      vertex -66.4281 32.8303 1.18825
      vertex -66.5066 32.8074 1.18825
    endloop
  endfacet
  facet normal 0 0 -1
    outer loop
      vertex -66.4281 32.8303 1.18825
      vertex -66.4666 32.8208 1.18825
      vertex -66.4479 32.8262 1.18825
    endloop
  endfacet
  facet normal 0 0 -1
    outer loop
      vertex -66.4666 32.8208 1.18825
      vertex -66.5039 32.8084 1.18825
      vertex -66.4858 32.8152 1.18825
    endloop
  endfacet
  facet normal 0 0 -1
    outer loop
      vertex -66.4666 32.8208 1.18825
      vertex -66.5066 32.8074 1.18825
      vertex -66.5039 32.8084 1.18825
    endloop
  endfacet
  facet normal 2.43054e-05 -7.7629e-06 -1
    outer loop
      vertex 27.5656 35.1956 1.19048
      vertex 66.9418 -6.40573 1.19176
      vertex 66.9418 -25.7284 1.19191
    endloop
  endfacet
  facet normal 2.40146e-05 -7.97068e-06 -1
    outer loop
      vertex 66.9418 -6.40573 1.19176
      vertex 46.6893 32.9441 1.19096
      vertex 66.941 32.4844 1.19145
    endloop
  endfacet
  facet normal 2.38105e-05 -1.69602e-05 -1
    outer loop
      vertex 66.4413 32.9621 1.19143
      vertex 66.941 32.4844 1.19145
      vertex 46.6893 32.9441 1.19096
    endloop
  endfacet
  facet normal 4.34141e-05 3.5462e-06 -1
    outer loop
      vertex 66.9377 32.5248 1.19145
      vertex 66.941 32.4844 1.19145
      vertex 66.4413 32.9621 1.19143
    endloop
  endfacet
  facet normal 0 0 -1
    outer loop
      vertex 66.941 32.4844 1.19145
      vertex 66.9377 32.5248 1.19145
      vertex 66.9402 32.5041 1.19145
    endloop
  endfacet
  facet normal -0.000131241 -0.000194713 -1
    outer loop
      vertex 66.9274 32.5831 1.19144
      vertex 66.9377 32.5248 1.19145
      vertex 66.4413 32.9621 1.19143
    endloop
  endfacet
  facet normal 0.00298298 0.000355485 -0.999995
    outer loop
      vertex 66.9377 32.5248 1.19145
      vertex 66.9274 32.5831 1.19144
      vertex 66.9354 32.5441 1.19145
    endloop
  endfacet
  facet normal 2.65589e-05 7.67883e-06 -1
    outer loop
      vertex 66.9274 32.5831 1.19144
      vertex 66.4413 32.9621 1.19143
      vertex 66.9165 32.6208 1.19144
    endloop
  endfacet
  facet normal 2.97566e-05 1.21311e-05 -1
    outer loop
      vertex 66.8942 32.6755 1.19144
      vertex 66.9165 32.6208 1.19144
      vertex 66.4413 32.9621 1.19143
    endloop
  endfacet
  facet normal 0 0 -1
    outer loop
      vertex 66.9165 32.6208 1.19144
      vertex 66.8942 32.6755 1.19144
      vertex 66.9027 32.6573 1.19144
    endloop
  endfacet
  facet normal 3.29236e-05 1.71357e-05 -1
    outer loop
      vertex 66.8764 32.7097 1.19144
      vertex 66.8942 32.6755 1.19144
      vertex 66.4413 32.9621 1.19143
    endloop
  endfacet
  facet normal 0 0 -1
    outer loop
      vertex 66.8942 32.6755 1.19144
      vertex 66.8764 32.7097 1.19144
      vertex 66.8862 32.6924 1.19144
    endloop
  endfacet
  facet normal 3.60179e-05 2.24699e-05 -1
    outer loop
      vertex 66.856 32.7424 1.19144
      vertex 66.8764 32.7097 1.19144
      vertex 66.4413 32.9621 1.19143
    endloop
  endfacet
  facet normal 0 0 -1
    outer loop
      vertex 66.8764 32.7097 1.19144
      vertex 66.856 32.7424 1.19144
      vertex 66.8672 32.7259 1.19144
    endloop
  endfacet
  facet normal 3.94785e-05 2.9002e-05 -1
    outer loop
      vertex 66.8333 32.7733 1.19144
      vertex 66.856 32.7424 1.19144
      vertex 66.4413 32.9621 1.19143
    endloop
  endfacet
  facet normal 0 0 -1
    outer loop
      vertex 66.856 32.7424 1.19144
      vertex 66.8333 32.7733 1.19144
      vertex 66.8456 32.7578 1.19144
    endloop
  endfacet
  facet normal 4.36392e-05 3.76407e-05 -1
    outer loop
      vertex 66.8082 32.8024 1.19144
      vertex 66.8333 32.7733 1.19144
      vertex 66.4413 32.9621 1.19143
    endloop
  endfacet
  facet normal 0 0 -1
    outer loop
      vertex 66.8333 32.7733 1.19144
      vertex 66.8082 32.8024 1.19144
      vertex 66.8217 32.7878 1.19144
    endloop
  endfacet
  facet normal 4.84007e-05 4.858e-05 -1
    outer loop
      vertex 66.7811 32.8294 1.19144
      vertex 66.8082 32.8024 1.19144
      vertex 66.4413 32.9621 1.19143
    endloop
  endfacet
  facet normal 0 0 -1
    outer loop
      vertex 66.8082 32.8024 1.19144
      vertex 66.7811 32.8294 1.19144
      vertex 66.7956 32.8159 1.19144
    endloop
  endfacet
  facet normal 0 0 -1
    outer loop
      vertex 66.7811 32.8294 1.19144
      vertex 66.7519 32.8543 1.19144
      vertex 66.7674 32.842 1.19144
    endloop
  endfacet
  facet normal 6.13839e-05 8.40986e-05 -1
    outer loop
      vertex 66.7208 32.877 1.19144
      vertex 66.7519 32.8543 1.19144
      vertex 66.4413 32.9621 1.19143
    endloop
  endfacet
  facet normal 0 0 -1
    outer loop
      vertex 66.7519 32.8543 1.19144
      vertex 66.7208 32.877 1.19144
      vertex 66.7373 32.8658 1.19144
    endloop
  endfacet
  facet normal 7.07625e-05 0.000114901 -1
    outer loop
      vertex 66.688 32.8972 1.19144
      vertex 66.7208 32.877 1.19144
      vertex 66.4413 32.9621 1.19143
    endloop
  endfacet
  facet normal 0 0 -1
    outer loop
      vertex 66.7208 32.877 1.19144
      vertex 66.688 32.8972 1.19144
      vertex 66.7054 32.8874 1.19144
    endloop
  endfacet
  facet normal 8.27057e-05 0.0001603 -1
    outer loop
      vertex 66.6535 32.915 1.19144
      vertex 66.688 32.8972 1.19144
      vertex 66.4413 32.9621 1.19143
    endloop
  endfacet
  facet normal 0 0 -1
    outer loop
      vertex 66.688 32.8972 1.19144
      vertex 66.6535 32.915 1.19144
      vertex 66.6717 32.9064 1.19144
    endloop
  endfacet
  facet normal -0.000215813 -0.00118462 -0.999999
    outer loop
      vertex 66.6175 32.93 1.19143
      vertex 66.6535 32.915 1.19144
      vertex 66.4413 32.9621 1.19143
    endloop
  endfacet
  facet normal 0.00268702 0.0057822 -0.99998
    outer loop
      vertex 66.6535 32.915 1.19144
      vertex 66.6175 32.93 1.19143
      vertex 66.6365 32.9229 1.19144
    endloop
  endfacet
  facet normal -0 -0 -1
    outer loop
      vertex 66.5802 32.9424 1.19143
      vertex 66.6175 32.93 1.19143
      vertex 66.4413 32.9621 1.19143
    endloop
  endfacet
  facet normal 0 0 -1
    outer loop
      vertex 66.6175 32.93 1.19143
      vertex 66.5802 32.9424 1.19143
      vertex 66.5998 32.9367 1.19143
    endloop
  endfacet
  facet normal -0 -0 -1
    outer loop
      vertex 66.5416 32.9518 1.19143
      vertex 66.5802 32.9424 1.19143
      vertex 66.4413 32.9621 1.19143
    endloop
  endfacet
  facet normal 0 0 -1
    outer loop
      vertex 66.5802 32.9424 1.19143
      vertex 66.5416 32.9518 1.19143
      vertex 66.5619 32.9476 1.19143
    endloop
  endfacet
  facet normal -0 -0 -1
    outer loop
      vertex 66.4825 32.9605 1.19143
      vertex 66.5416 32.9518 1.19143
      vertex 66.4413 32.9621 1.19143
    endloop
  endfacet
  facet normal 0 0 -1
    outer loop
      vertex 66.5416 32.9518 1.19143
      vertex 66.4825 32.9605 1.19143
      vertex 66.5227 32.9556 1.19143
    endloop
  endfacet
  facet normal 5.42936e-05 6.36695e-05 -1
    outer loop
      vertex 66.7519 32.8543 1.19144
      vertex 66.7811 32.8294 1.19144
      vertex 66.4413 32.9621 1.19143
    endloop
  endfacet
  facet normal -8.09645e-07 -2.07472e-05 -1
    outer loop
      vertex 66.9418 -6.40573 1.19176
      vertex 46.6483 32.9457 1.19096
      vertex 46.6893 32.9441 1.19096
    endloop
  endfacet
  facet normal -2.63191e-06 -2.16869e-05 -1
    outer loop
      vertex 66.9418 -6.40573 1.19176
      vertex 46.6277 32.9482 1.19096
      vertex 46.6483 32.9457 1.19096
    endloop
  endfacet
  facet normal -2.65713e-06 -2.16999e-05 -1
    outer loop
      vertex 66.9418 -6.40573 1.19176
      vertex 46.6081 32.9506 1.19096
      vertex 46.6277 32.9482 1.19096
    endloop
  endfacet
  facet normal -4.66069e-06 -2.27351e-05 -1
    outer loop
      vertex 66.9418 -6.40573 1.19176
      vertex 46.5881 32.9547 1.19096
      vertex 46.6081 32.9506 1.19096
    endloop
  endfacet
  facet normal 0.000579094 0.000279131 -1
    outer loop
      vertex 66.9418 -6.40573 1.19176
      vertex 46.569 32.9585 1.19095
      vertex 46.5881 32.9547 1.19096
    endloop
  endfacet
  facet normal -7.13005e-06 -2.42672e-05 -1
    outer loop
      vertex 66.9418 -6.40573 1.19176
      vertex 46.5496 32.9642 1.19095
      vertex 46.569 32.9585 1.19095
    endloop
  endfacet
  facet normal -6.92123e-06 -2.4159e-05 -1
    outer loop
      vertex 66.9418 -6.40573 1.19176
      vertex 46.5311 32.9695 1.19095
      vertex 46.5496 32.9642 1.19095
    endloop
  endfacet
  facet normal 2.30075e-05 -8.62065e-06 -1
    outer loop
      vertex 46.4945 32.9833 1.19095
      vertex 66.9418 -6.40573 1.19176
      vertex 36.4553 35.19 1.1907
    endloop
  endfacet
  facet normal -9.66005e-06 -2.55787e-05 -1
    outer loop
      vertex 66.9418 -6.40573 1.19176
      vertex 46.5123 32.9766 1.19095
      vertex 46.5311 32.9695 1.19095
    endloop
  endfacet
  facet normal -9.62016e-06 -2.5558e-05 -1
    outer loop
      vertex 66.9418 -6.40573 1.19176
      vertex 46.4945 32.9833 1.19095
      vertex 46.5123 32.9766 1.19095
    endloop
  endfacet
  facet normal 4.6588e-05 9.86569e-05 -1
    outer loop
      vertex 46.4945 32.9833 1.19095
      vertex 36.4553 35.19 1.1907
      vertex 46.4765 32.9918 1.19095
    endloop
  endfacet
  facet normal 4.72137e-05 0.00010151 -1
    outer loop
      vertex 46.4765 32.9918 1.19095
      vertex 36.4553 35.19 1.1907
      vertex 46.4593 32.9998 1.19095
    endloop
  endfacet
  facet normal 4.05846e-05 7.12301e-05 -1
    outer loop
      vertex 46.4593 32.9998 1.19095
      vertex 36.4553 35.19 1.1907
      vertex 46.4421 33.0096 1.19095
    endloop
  endfacet
  facet normal 4.07047e-05 7.17804e-05 -1
    outer loop
      vertex 46.4421 33.0096 1.19095
      vertex 36.4553 35.19 1.1907
      vertex 46.4257 33.0189 1.19095
    endloop
  endfacet
  facet normal 3.69678e-05 5.4619e-05 -1
    outer loop
      vertex 46.4257 33.0189 1.19095
      vertex 36.4553 35.19 1.1907
      vertex 46.4093 33.03 1.19095
    endloop
  endfacet
  facet normal 3.69526e-05 5.4549e-05 -1
    outer loop
      vertex 46.4093 33.03 1.19095
      vertex 36.4553 35.19 1.1907
      vertex 46.3938 33.0405 1.19095
    endloop
  endfacet
  facet normal 3.45715e-05 4.35398e-05 -1
    outer loop
      vertex 46.3938 33.0405 1.19095
      vertex 36.4553 35.19 1.1907
      vertex 46.3637 33.0644 1.19095
    endloop
  endfacet
  facet normal 3.28588e-05 3.55562e-05 -1
    outer loop
      vertex 46.3637 33.0644 1.19095
      vertex 36.4553 35.19 1.1907
      vertex 46.3492 33.0778 1.19095
    endloop
  endfacet
  facet normal 3.28283e-05 3.54132e-05 -1
    outer loop
      vertex 46.3492 33.0778 1.19095
      vertex 36.4553 35.19 1.1907
      vertex 46.3355 33.0905 1.19095
    endloop
  endfacet
  facet normal 3.14979e-05 2.91523e-05 -1
    outer loop
      vertex 46.3355 33.0905 1.19095
      vertex 36.4553 35.19 1.1907
      vertex 46.3094 33.1187 1.19095
    endloop
  endfacet
  facet normal 3.04887e-05 2.43514e-05 -1
    outer loop
      vertex 46.3094 33.1187 1.19095
      vertex 36.4553 35.19 1.1907
      vertex 46.2971 33.1341 1.19095
    endloop
  endfacet
  facet normal 3.04156e-05 2.40015e-05 -1
    outer loop
      vertex 46.2971 33.1341 1.19095
      vertex 36.4553 35.19 1.1907
      vertex 46.2855 33.1488 1.19095
    endloop
  endfacet
  facet normal 2.95926e-05 2.00376e-05 -1
    outer loop
      vertex 46.2855 33.1488 1.19095
      vertex 36.4553 35.19 1.1907
      vertex 46.2639 33.1807 1.19095
    endloop
  endfacet
  facet normal 2.88338e-05 1.63336e-05 -1
    outer loop
      vertex 46.2639 33.1807 1.19095
      vertex 36.4553 35.19 1.1907
      vertex 46.2541 33.198 1.19095
    endloop
  endfacet
  facet normal 2.88378e-05 1.63531e-05 -1
    outer loop
      vertex 46.2541 33.198 1.19095
      vertex 36.4553 35.19 1.1907
      vertex 46.2448 33.2144 1.19095
    endloop
  endfacet
  facet normal -3.51162e-05 -0.000300552 -1
    outer loop
      vertex 46.2448 33.2144 1.19095
      vertex 36.4553 35.19 1.1907
      vertex 46.2283 33.2496 1.19094
    endloop
  endfacet
  facet normal 0 0 -1
    outer loop
      vertex 46.2145 33.2862 1.19094
      vertex 46.2035 33.3241 1.19094
      vertex 46.2089 33.3057 1.19094
    endloop
  endfacet
  facet normal 0 0 1
    outer loop
      vertex 46.1907 33.4033 1.19094
      vertex 46.189 33.4444 1.19094
      vertex 46.1898 33.4244 1.19094
    endloop
  endfacet
  facet normal 4.02271e-05 6.24451e-08 -1
    outer loop
      vertex 45.6891 35.1984 1.19092
      vertex 46.188 34.0886 1.19094
      vertex 46.189 33.4444 1.19094
    endloop
  endfacet
  facet normal 3.58629e-06 -1.64091e-05 -1
    outer loop
      vertex 46.188 34.0886 1.19094
      vertex 45.6891 35.1984 1.19092
      vertex 46.187 34.6978 1.19093
    endloop
  endfacet
  facet normal -9.45991e-07 -2.09169e-05 -1
    outer loop
      vertex 45.709 35.1975 1.19092
      vertex 46.187 34.6978 1.19093
      vertex 45.6891 35.1984 1.19092
    endloop
  endfacet
  facet normal 0 0 -1
    outer loop
      vertex 46.187 34.6978 1.19093
      vertex 46.1832 34.7592 1.19093
      vertex 46.1856 34.7386 1.19093
    endloop
  endfacet
  facet normal 2.23677e-05 1.38432e-06 -1
    outer loop
      vertex 46.187 34.6978 1.19093
      vertex 45.709 35.1975 1.19092
      vertex 46.1832 34.7592 1.19093
    endloop
  endfacet
  facet normal 0 0 -1
    outer loop
      vertex 46.1832 34.7592 1.19093
      vertex 46.177 34.7986 1.19093
      vertex 46.181 34.7785 1.19093
    endloop
  endfacet
  facet normal 2.46774e-05 3.88325e-06 -1
    outer loop
      vertex 46.1832 34.7592 1.19093
      vertex 45.709 35.1975 1.19092
      vertex 46.177 34.7986 1.19093
    endloop
  endfacet
  facet normal 0 0 -1
    outer loop
      vertex 46.177 34.7986 1.19093
      vertex 46.1677 34.8369 1.19093
      vertex 46.1733 34.8175 1.19093
    endloop
  endfacet
  facet normal 2.69441e-05 6.54256e-06 -1
    outer loop
      vertex 46.177 34.7986 1.19093
      vertex 45.709 35.1975 1.19092
      vertex 46.1677 34.8369 1.19093
    endloop
  endfacet
  facet normal 0 0 -1
    outer loop
      vertex 46.1677 34.8369 1.19093
      vertex 46.1555 34.874 1.19093
      vertex 46.1625 34.8552 1.19093
    endloop
  endfacet
  facet normal 2.94014e-05 9.66838e-06 -1
    outer loop
      vertex 46.1677 34.8369 1.19093
      vertex 45.709 35.1975 1.19092
      vertex 46.1555 34.874 1.19093
    endloop
  endfacet
  facet normal 3.38548e-05 1.5815e-05 -1
    outer loop
      vertex 46.1228 34.944 1.19093
      vertex 46.1555 34.874 1.19093
      vertex 45.709 35.1975 1.19092
    endloop
  endfacet
  facet normal 4.68e-05 1.93577e-06 -1
    outer loop
      vertex 45.6891 35.1984 1.19092
      vertex 46.189 33.4444 1.19094
      vertex 46.1907 33.4033 1.19094
    endloop
  endfacet
  facet normal 0 0 -1
    outer loop
      vertex 46.1489 34.8917 1.19093
      vertex 46.1228 34.944 1.19093
      vertex 46.1326 34.9268 1.19093
    endloop
  endfacet
  facet normal 0 0 -1
    outer loop
      vertex 46.1555 34.874 1.19093
      vertex 46.1228 34.944 1.19093
      vertex 46.1489 34.8917 1.19093
    endloop
  endfacet
  facet normal 0 0 -1
    outer loop
      vertex 46.1228 34.944 1.19093
      vertex 46.1026 34.9767 1.19093
      vertex 46.1136 34.9603 1.19093
    endloop
  endfacet
  facet normal 3.88797e-05 2.40174e-05 -1
    outer loop
      vertex 46.1228 34.944 1.19093
      vertex 45.709 35.1975 1.19092
      vertex 46.1026 34.9767 1.19093
    endloop
  endfacet
  facet normal 0 0 -1
    outer loop
      vertex 46.1026 34.9767 1.19093
      vertex 46.08 35.0077 1.19093
      vertex 46.0922 34.9922 1.19093
    endloop
  endfacet
  facet normal 4.29868e-05 3.13387e-05 -1
    outer loop
      vertex 46.1026 34.9767 1.19093
      vertex 45.709 35.1975 1.19092
      vertex 46.08 35.0077 1.19093
    endloop
  endfacet
  facet normal 0 0 -1
    outer loop
      vertex 46.08 35.0077 1.19093
      vertex 46.0551 35.0368 1.19093
      vertex 46.0684 35.0223 1.19093
    endloop
  endfacet
  facet normal 4.79401e-05 4.10209e-05 -1
    outer loop
      vertex 46.08 35.0077 1.19093
      vertex 45.709 35.1975 1.19092
      vertex 46.0551 35.0368 1.19093
    endloop
  endfacet
  facet normal 0 0 -1
    outer loop
      vertex 46.0551 35.0368 1.19093
      vertex 46.028 35.0639 1.19093
      vertex 46.0425 35.0505 1.19093
    endloop
  endfacet
  facet normal 5.39374e-05 5.39374e-05 -1
    outer loop
      vertex 46.0551 35.0368 1.19093
      vertex 45.709 35.1975 1.19092
      vertex 46.028 35.0639 1.19093
    endloop
  endfacet
  facet normal -0.00415953 -0.00524168 -0.999978
    outer loop
      vertex 46.028 35.0639 1.19093
      vertex 45.9989 35.0889 1.19092
      vertex 46.0144 35.0766 1.19092
    endloop
  endfacet
  facet normal -0.000265705 -0.00070928 -1
    outer loop
      vertex 46.028 35.0639 1.19093
      vertex 45.709 35.1975 1.19092
      vertex 45.9989 35.0889 1.19092
    endloop
  endfacet
  facet normal 2.51977e-05 2.97204e-06 -1
    outer loop
      vertex 36.4553 35.19 1.1907
      vertex 46.1907 33.4033 1.19094
      vertex 46.193 33.3838 1.19094
    endloop
  endfacet
  facet normal 2.52141e-05 3.05996e-06 -1
    outer loop
      vertex 36.4553 35.19 1.1907
      vertex 46.193 33.3838 1.19094
      vertex 46.1955 33.3632 1.19094
    endloop
  endfacet
  facet normal -0 -0 -1
    outer loop
      vertex 45.9352 35.1321 1.19092
      vertex 45.9989 35.0889 1.19092
      vertex 45.709 35.1975 1.19092
    endloop
  endfacet
  facet normal 0 0 -1
    outer loop
      vertex 45.9844 35.1006 1.19092
      vertex 45.9352 35.1321 1.19092
      vertex 45.9525 35.1222 1.19092
    endloop
  endfacet
  facet normal 0 0 -1
    outer loop
      vertex 45.9989 35.0889 1.19092
      vertex 45.9352 35.1321 1.19092
      vertex 45.9844 35.1006 1.19092
    endloop
  endfacet
  facet normal 0 0 -1
    outer loop
      vertex 45.9352 35.1321 1.19092
      vertex 45.9009 35.15 1.19092
      vertex 45.9189 35.1414 1.19092
    endloop
  endfacet
  facet normal 0 0 -1
    outer loop
      vertex 45.9352 35.1321 1.19092
      vertex 45.709 35.1975 1.19092
      vertex 45.9009 35.15 1.19092
    endloop
  endfacet
  facet normal 0 0 -1
    outer loop
      vertex 45.9009 35.15 1.19092
      vertex 45.865 35.1653 1.19092
      vertex 45.8838 35.1581 1.19092
    endloop
  endfacet
  facet normal 0 0 -1
    outer loop
      vertex 45.9009 35.15 1.19092
      vertex 45.709 35.1975 1.19092
      vertex 45.865 35.1653 1.19092
    endloop
  endfacet
  facet normal 0 0 -1
    outer loop
      vertex 45.865 35.1653 1.19092
      vertex 45.8277 35.1778 1.19092
      vertex 45.8472 35.172 1.19092
    endloop
  endfacet
  facet normal 2.56234e-05 5.24264e-06 -1
    outer loop
      vertex 36.4553 35.19 1.1907
      vertex 46.1955 33.3632 1.19094
      vertex 46.2035 33.3241 1.19094
    endloop
  endfacet
  facet normal 0 0 -1
    outer loop
      vertex 45.865 35.1653 1.19092
      vertex 45.709 35.1975 1.19092
      vertex 45.8277 35.1778 1.19092
    endloop
  endfacet
  facet normal 0 0 -1
    outer loop
      vertex 45.8277 35.1778 1.19092
      vertex 45.7893 35.1874 1.19092
      vertex 45.8094 35.1832 1.19092
    endloop
  endfacet
  facet normal 0 0 -1
    outer loop
      vertex 45.8277 35.1778 1.19092
      vertex 45.709 35.1975 1.19092
      vertex 45.7893 35.1874 1.19092
    endloop
  endfacet
  facet normal 0 0 -1
    outer loop
      vertex 45.7893 35.1874 1.19092
      vertex 45.7496 35.194 1.19092
      vertex 45.7703 35.1914 1.19092
    endloop
  endfacet
  facet normal 0 0 -1
    outer loop
      vertex 45.7496 35.194 1.19092
      vertex 45.709 35.1975 1.19092
      vertex 45.7302 35.1965 1.19092
    endloop
  endfacet
  facet normal -0 -0 -1
    outer loop
      vertex 45.7496 35.194 1.19092
      vertex 45.7893 35.1874 1.19092
      vertex 45.709 35.1975 1.19092
    endloop
  endfacet
  facet normal 2.38296e-05 -4.4828e-06 -1
    outer loop
      vertex 46.1907 33.4033 1.19094
      vertex 36.4553 35.19 1.1907
      vertex 45.6891 35.1984 1.19092
    endloop
  endfacet
  facet normal 2.60681e-05 7.56595e-06 -1
    outer loop
      vertex 46.2145 33.2862 1.19094
      vertex 36.4553 35.19 1.1907
      vertex 46.2035 33.3241 1.19094
    endloop
  endfacet
  facet normal 2.65446e-05 1.00086e-05 -1
    outer loop
      vertex 46.2283 33.2496 1.19094
      vertex 36.4553 35.19 1.1907
      vertex 46.2145 33.2862 1.19094
    endloop
  endfacet
  facet normal 2.39528e-05 -7.92783e-06 -1
    outer loop
      vertex 66.9418 -6.40573 1.19176
      vertex 27.6854 35.182 1.19049
      vertex 36.4553 35.19 1.1907
    endloop
  endfacet
  facet normal 0.000251061 0.000206449 -1
    outer loop
      vertex 66.9418 -6.40573 1.19176
      vertex 27.6445 35.1833 1.19048
      vertex 27.6854 35.182 1.19049
    endloop
  endfacet
  facet normal -4.07372e-06 -3.46266e-05 -1
    outer loop
      vertex 66.9418 -6.40573 1.19176
      vertex 27.6241 35.1857 1.19048
      vertex 27.6445 35.1833 1.19048
    endloop
  endfacet
  facet normal -3.88664e-06 -3.44497e-05 -1
    outer loop
      vertex 66.9418 -6.40573 1.19176
      vertex 27.6046 35.1879 1.19048
      vertex 27.6241 35.1857 1.19048
    endloop
  endfacet
  facet normal -7.59054e-06 -3.79527e-05 -1
    outer loop
      vertex 66.9418 -6.40573 1.19176
      vertex 27.5846 35.1919 1.19048
      vertex 27.6046 35.1879 1.19048
    endloop
  endfacet
  facet normal -7.34567e-06 -3.7721e-05 -1
    outer loop
      vertex 66.9418 -6.40573 1.19176
      vertex 27.5656 35.1956 1.19048
      vertex 27.5846 35.1919 1.19048
    endloop
  endfacet
  facet normal -8.19899e-06 -2.8771e-05 -1
    outer loop
      vertex 66.9418 -25.7284 1.19191
      vertex 27.5463 35.2011 1.19048
      vertex 27.5656 35.1956 1.19048
    endloop
  endfacet
  facet normal -8.06211e-06 -2.86825e-05 -1
    outer loop
      vertex 66.9418 -25.7284 1.19191
      vertex 27.5278 35.2063 1.19048
      vertex 27.5463 35.2011 1.19048
    endloop
  endfacet
  facet normal 2.37713e-05 -8.09193e-06 -1
    outer loop
      vertex 11.1181 37.6681 1.19007
      vertex 27.5278 35.2063 1.19048
      vertex 66.9418 -25.7284 1.19191
    endloop
  endfacet
  facet normal 4.1547e-05 0.000110396 -1
    outer loop
      vertex 27.5278 35.2063 1.19048
      vertex 11.1181 37.6681 1.19007
      vertex 27.5092 35.2133 1.19048
    endloop
  endfacet
  facet normal 4.21231e-05 0.000114243 -1
    outer loop
      vertex 27.5092 35.2133 1.19048
      vertex 11.1181 37.6681 1.19007
      vertex 27.4913 35.2199 1.19048
    endloop
  endfacet
  facet normal 2.35532e-05 -9.94937e-06 -1
    outer loop
      vertex 17.4891 37.6739 1.19022
      vertex 27.4913 35.2199 1.19048
      vertex 11.1181 37.6681 1.19007
    endloop
  endfacet
  facet normal 5.44749e-05 0.000116083 -1
    outer loop
      vertex 27.4913 35.2199 1.19048
      vertex 17.4891 37.6739 1.19022
      vertex 27.4734 35.2283 1.19048
    endloop
  endfacet
  facet normal 5.46582e-05 0.000116832 -1
    outer loop
      vertex 27.4734 35.2283 1.19048
      vertex 17.4891 37.6739 1.19022
      vertex 27.4563 35.2363 1.19048
    endloop
  endfacet
  facet normal 4.61509e-05 8.20461e-05 -1
    outer loop
      vertex 27.4563 35.2363 1.19048
      vertex 17.4891 37.6739 1.19022
      vertex 27.4227 35.2552 1.19048
    endloop
  endfacet
  facet normal 4.09479e-05 6.06774e-05 -1
    outer loop
      vertex 27.4227 35.2552 1.19048
      vertex 17.4891 37.6739 1.19022
      vertex 27.4064 35.2662 1.19048
    endloop
  endfacet
  facet normal 4.08607e-05 6.03182e-05 -1
    outer loop
      vertex 27.4064 35.2662 1.19048
      vertex 17.4891 37.6739 1.19022
      vertex 27.3909 35.2767 1.19048
    endloop
  endfacet
  facet normal 3.7916e-05 4.8155e-05 -1
    outer loop
      vertex 27.3909 35.2767 1.19048
      vertex 17.4891 37.6739 1.19022
      vertex 27.3608 35.3004 1.19048
    endloop
  endfacet
  facet normal 3.56072e-05 3.85521e-05 -1
    outer loop
      vertex 27.3608 35.3004 1.19048
      vertex 17.4891 37.6739 1.19022
      vertex 27.3464 35.3137 1.19048
    endloop
  endfacet
  facet normal 3.54651e-05 3.79588e-05 -1
    outer loop
      vertex 27.3464 35.3137 1.19048
      vertex 17.4891 37.6739 1.19022
      vertex 27.3327 35.3265 1.19048
    endloop
  endfacet
  facet normal 3.3941e-05 3.15675e-05 -1
    outer loop
      vertex 27.3327 35.3265 1.19048
      vertex 17.4891 37.6739 1.19022
      vertex 27.3194 35.3408 1.19048
    endloop
  endfacet
  facet normal -0.000188615 -0.000906151 -1
    outer loop
      vertex 27.3194 35.3408 1.19048
      vertex 17.4891 37.6739 1.19022
      vertex 27.3066 35.3545 1.19047
    endloop
  endfacet
  facet normal 3.13144e-05 2.47602e-05 -1
    outer loop
      vertex 27.3066 35.3545 1.19047
      vertex 17.4891 37.6739 1.19022
      vertex 27.2828 35.3846 1.19047
    endloop
  endfacet
  facet normal 0 0 1
    outer loop
      vertex 27.2612 35.4165 1.19047
      vertex 27.2421 35.4501 1.19047
      vertex 27.2514 35.4337 1.19047
    endloop
  endfacet
  facet normal 0 0 -1
    outer loop
      vertex 27.2421 35.4501 1.19047
      vertex 27.2256 35.4852 1.19047
      vertex 27.2337 35.4681 1.19047
    endloop
  endfacet
  facet normal 0 0 -1
    outer loop
      vertex 27.2118 35.5218 1.19047
      vertex 27.2008 35.5597 1.19047
      vertex 27.2062 35.5412 1.19047
    endloop
  endfacet
  facet normal 4.02317e-05 5.48341e-08 -1
    outer loop
      vertex 26.6864 37.6823 1.19044
      vertex 27.1842 37.1833 1.19046
      vertex 27.1852 36.4496 1.19046
    endloop
  endfacet
  facet normal 8.01264e-06 -1.29823e-05 -1
    outer loop
      vertex 26.6864 37.6823 1.19044
      vertex 27.1852 36.4496 1.19046
      vertex 27.1863 35.68 1.19047
    endloop
  endfacet
  facet normal 4.15725e-05 1.39238e-06 -1
    outer loop
      vertex 27.1842 37.1833 1.19046
      vertex 26.6864 37.6823 1.19044
      vertex 27.1835 37.2042 1.19046
    endloop
  endfacet
  facet normal 4.33196e-05 3.20886e-06 -1
    outer loop
      vertex 27.1805 37.2447 1.19046
      vertex 27.1835 37.2042 1.19046
      vertex 26.6864 37.6823 1.19044
    endloop
  endfacet
  facet normal 0 0 -1
    outer loop
      vertex 27.1835 37.2042 1.19046
      vertex 27.1805 37.2447 1.19046
      vertex 27.1829 37.2242 1.19046
    endloop
  endfacet
  facet normal 4.915e-05 9.7921e-06 -1
    outer loop
      vertex 27.165 37.3225 1.19046
      vertex 27.1805 37.2447 1.19046
      vertex 26.6864 37.6823 1.19044
    endloop
  endfacet
  facet normal 0 0 -1
    outer loop
      vertex 27.1805 37.2447 1.19046
      vertex 27.165 37.3225 1.19046
      vertex 27.1782 37.2642 1.19046
    endloop
  endfacet
  facet normal 0 0 -1
    outer loop
      vertex 27.1782 37.2642 1.19046
      vertex 27.165 37.3225 1.19046
      vertex 27.1705 37.3032 1.19046
    endloop
  endfacet
  facet normal -8.53698e-05 -0.000169144 -1
    outer loop
      vertex 27.1377 37.3954 1.19045
      vertex 27.165 37.3225 1.19046
      vertex 26.6864 37.6823 1.19044
    endloop
  endfacet
  facet normal 0.00155881 0.000446578 -0.999999
    outer loop
      vertex 27.165 37.3225 1.19046
      vertex 27.1377 37.3954 1.19045
      vertex 27.1597 37.341 1.19046
    endloop
  endfacet
  facet normal 0.00577886 0.00215322 -0.999981
    outer loop
      vertex 27.1597 37.341 1.19046
      vertex 27.1377 37.3954 1.19045
      vertex 27.1461 37.3775 1.19046
    endloop
  endfacet
  facet normal 3.28392e-05 1.68015e-05 -1
    outer loop
      vertex 27.1201 37.4298 1.19045
      vertex 27.1377 37.3954 1.19045
      vertex 26.6864 37.6823 1.19044
    endloop
  endfacet
  facet normal 0 0 -1
    outer loop
      vertex 27.1377 37.3954 1.19045
      vertex 27.1201 37.4298 1.19045
      vertex 27.1298 37.4126 1.19045
    endloop
  endfacet
  facet normal 7.11303e-05 2.77581e-06 -1
    outer loop
      vertex 26.6864 37.6823 1.19044
      vertex 27.1863 35.68 1.19047
      vertex 27.1879 35.639 1.19047
    endloop
  endfacet
  facet normal 3.61705e-05 2.25233e-05 -1
    outer loop
      vertex 27.0998 37.4624 1.19045
      vertex 27.1201 37.4298 1.19045
      vertex 26.6864 37.6823 1.19044
    endloop
  endfacet
  facet normal 0 0 -1
    outer loop
      vertex 27.1201 37.4298 1.19045
      vertex 27.0998 37.4624 1.19045
      vertex 27.1108 37.4461 1.19045
    endloop
  endfacet
  facet normal 4.17359e-05 3.29859e-05 -1
    outer loop
      vertex 27.0523 37.5225 1.19045
      vertex 27.0998 37.4624 1.19045
      vertex 26.6864 37.6823 1.19044
    endloop
  endfacet
  facet normal 0 0 -1
    outer loop
      vertex 27.0998 37.4624 1.19045
      vertex 27.0523 37.5225 1.19045
      vertex 27.0894 37.478 1.19045
    endloop
  endfacet
  facet normal 0 0 -1
    outer loop
      vertex 27.0894 37.478 1.19045
      vertex 27.0523 37.5225 1.19045
      vertex 27.0656 37.508 1.19045
    endloop
  endfacet
  facet normal 4.86599e-05 4.88401e-05 -1
    outer loop
      vertex 27.0252 37.5495 1.19045
      vertex 27.0523 37.5225 1.19045
      vertex 26.6864 37.6823 1.19044
    endloop
  endfacet
  facet normal 0 0 -1
    outer loop
      vertex 27.0523 37.5225 1.19045
      vertex 27.0252 37.5495 1.19045
      vertex 27.0396 37.5362 1.19045
    endloop
  endfacet
  facet normal 5.44662e-05 6.36533e-05 -1
    outer loop
      vertex 26.9961 37.5744 1.19045
      vertex 27.0252 37.5495 1.19045
      vertex 26.6864 37.6823 1.19044
    endloop
  endfacet
  facet normal 0 0 -1
    outer loop
      vertex 27.0252 37.5495 1.19045
      vertex 26.9961 37.5744 1.19045
      vertex 27.0115 37.5622 1.19045
    endloop
  endfacet
  facet normal 6.15962e-05 8.41182e-05 -1
    outer loop
      vertex 26.9651 37.5971 1.19045
      vertex 26.9961 37.5744 1.19045
      vertex 26.6864 37.6823 1.19044
    endloop
  endfacet
  facet normal 0 0 -1
    outer loop
      vertex 26.9961 37.5744 1.19045
      vertex 26.9651 37.5971 1.19045
      vertex 26.9815 37.5861 1.19045
    endloop
  endfacet
  facet normal 7.0693e-05 0.000113875 -1
    outer loop
      vertex 26.9324 37.6174 1.19045
      vertex 26.9651 37.5971 1.19045
      vertex 26.6864 37.6823 1.19044
    endloop
  endfacet
  facet normal 2.64561e-05 3.23952e-06 -1
    outer loop
      vertex 17.4891 37.6739 1.19022
      vertex 27.1879 35.639 1.19047
      vertex 27.1903 35.6194 1.19047
    endloop
  endfacet
  facet normal 2.64498e-05 3.20993e-06 -1
    outer loop
      vertex 17.4891 37.6739 1.19022
      vertex 27.1903 35.6194 1.19047
      vertex 27.1928 35.5988 1.19047
    endloop
  endfacet
  facet normal 0 0 -1
    outer loop
      vertex 26.9651 37.5971 1.19045
      vertex 26.9324 37.6174 1.19045
      vertex 26.9496 37.6076 1.19045
    endloop
  endfacet
  facet normal 8.3426e-05 0.000162139 -1
    outer loop
      vertex 26.898 37.6351 1.19045
      vertex 26.9324 37.6174 1.19045
      vertex 26.6864 37.6823 1.19044
    endloop
  endfacet
  facet normal 0 0 -1
    outer loop
      vertex 26.9324 37.6174 1.19045
      vertex 26.898 37.6351 1.19045
      vertex 26.916 37.6267 1.19045
    endloop
  endfacet
  facet normal 0.000100306 0.000237811 -1
    outer loop
      vertex 26.8622 37.6502 1.19045
      vertex 26.898 37.6351 1.19045
      vertex 26.6864 37.6823 1.19044
    endloop
  endfacet
  facet normal 0 0 -1
    outer loop
      vertex 26.898 37.6351 1.19045
      vertex 26.8622 37.6502 1.19045
      vertex 26.8809 37.6432 1.19045
    endloop
  endfacet
  facet normal 0.000126197 0.000379609 -1
    outer loop
      vertex 26.8249 37.6626 1.19045
      vertex 26.8622 37.6502 1.19045
      vertex 26.6864 37.6823 1.19044
    endloop
  endfacet
  facet normal 0 0 -1
    outer loop
      vertex 26.8622 37.6502 1.19045
      vertex 26.8249 37.6626 1.19045
      vertex 26.8444 37.6569 1.19045
    endloop
  endfacet
  facet normal -0.000188845 -0.00183528 -0.999998
    outer loop
      vertex 26.7865 37.672 1.19044
      vertex 26.8249 37.6626 1.19045
      vertex 26.6864 37.6823 1.19044
    endloop
  endfacet
  facet normal -0.00134159 -0.00654436 -0.999978
    outer loop
      vertex 26.8249 37.6626 1.19045
      vertex 26.7865 37.672 1.19044
      vertex 26.8065 37.6679 1.19044
    endloop
  endfacet
  facet normal 2.69422e-05 5.51247e-06 -1
    outer loop
      vertex 17.4891 37.6739 1.19022
      vertex 27.1928 35.5988 1.19047
      vertex 27.2008 35.5597 1.19047
    endloop
  endfacet
  facet normal -0 -0 -1
    outer loop
      vertex 26.7469 37.6783 1.19044
      vertex 26.7865 37.672 1.19044
      vertex 26.6864 37.6823 1.19044
    endloop
  endfacet
  facet normal 0 0 -1
    outer loop
      vertex 26.7865 37.672 1.19044
      vertex 26.7469 37.6783 1.19044
      vertex 26.7675 37.6758 1.19044
    endloop
  endfacet
  facet normal 0 0 -1
    outer loop
      vertex 26.7469 37.6783 1.19044
      vertex 26.6864 37.6823 1.19044
      vertex 26.7274 37.6807 1.19044
    endloop
  endfacet
  facet normal 2.39281e-05 -8.80931e-06 -1
    outer loop
      vertex 27.1879 35.639 1.19047
      vertex 17.4891 37.6739 1.19022
      vertex 26.6864 37.6823 1.19044
    endloop
  endfacet
  facet normal 2.74783e-05 7.97524e-06 -1
    outer loop
      vertex 27.2118 35.5218 1.19047
      vertex 17.4891 37.6739 1.19022
      vertex 27.2008 35.5597 1.19047
    endloop
  endfacet
  facet normal 2.80501e-05 1.05582e-05 -1
    outer loop
      vertex 27.2185 35.504 1.19047
      vertex 17.4891 37.6739 1.19022
      vertex 27.2118 35.5218 1.19047
    endloop
  endfacet
  facet normal 2.80586e-05 1.05966e-05 -1
    outer loop
      vertex 27.2256 35.4852 1.19047
      vertex 17.4891 37.6739 1.19022
      vertex 27.2185 35.504 1.19047
    endloop
  endfacet
  facet normal 2.87105e-05 1.34964e-05 -1
    outer loop
      vertex 27.2421 35.4501 1.19047
      vertex 17.4891 37.6739 1.19022
      vertex 27.2256 35.4852 1.19047
    endloop
  endfacet
  facet normal 2.94503e-05 1.67411e-05 -1
    outer loop
      vertex 27.2612 35.4165 1.19047
      vertex 17.4891 37.6739 1.19022
      vertex 27.2421 35.4501 1.19047
    endloop
  endfacet
  facet normal 3.03592e-05 2.06741e-05 -1
    outer loop
      vertex 27.2828 35.3846 1.19047
      vertex 17.4891 37.6739 1.19022
      vertex 27.2717 35.4009 1.19047
    endloop
  endfacet
  facet normal 3.02931e-05 2.03896e-05 -1
    outer loop
      vertex 27.2717 35.4009 1.19047
      vertex 17.4891 37.6739 1.19022
      vertex 27.2612 35.4165 1.19047
    endloop
  endfacet
  facet normal 4.47218e-05 -0.00104258 -0.999999
    outer loop
      vertex 67.1672 -6.40553 1.19176
      vertex 67.7328 -6.39086 1.19177
      vertex 67.3957 -6.40532 1.19177
    endloop
  endfacet
  facet normal 1.78849e-05 -7.88762e-06 -1
    outer loop
      vertex 67.1672 -6.40553 1.19176
      vertex 66.9654 32.439 1.19145
      vertex 67.7328 -6.39086 1.19177
    endloop
  endfacet
  facet normal 0 -7.98053e-06 -1
    outer loop
      vertex 67.1672 -6.40553 1.19176
      vertex 66.9418 32.439 1.19145
      vertex 66.9654 32.439 1.19145
    endloop
  endfacet
  facet normal 7.08118e-09 -7.98049e-06 -1
    outer loop
      vertex 66.9418 -6.40573 1.19176
      vertex 66.9418 32.439 1.19145
      vertex 67.1672 -6.40553 1.19176
    endloop
  endfacet
  facet normal -0.000452893 -7.98049e-06 -1
    outer loop
      vertex 66.941 32.4844 1.19145
      vertex 66.9418 32.439 1.19145
      vertex 66.9418 -6.40573 1.19176
    endloop
  endfacet
  facet normal 0 0 -1
    outer loop
      vertex 66.9418 32.439 1.19145
      vertex 66.941 32.4844 1.19145
      vertex 66.9418 32.4633 1.19145
    endloop
  endfacet
  facet normal 1.94383e-05 -1.20948e-05 -1
    outer loop
      vertex 8.6426 37.6675 1.19001
      vertex 66.9418 -25.7284 1.19191
      vertex 66.9418 -26.5552 1.19192
    endloop
  endfacet
  facet normal 2.46528e-05 -7.31566e-06 -1
    outer loop
      vertex 66.9418 -25.7284 1.19191
      vertex 8.68365 37.6659 1.19001
      vertex 11.1181 37.6681 1.19007
    endloop
  endfacet
  facet normal -1.18846e-06 -3.10633e-05 -1
    outer loop
      vertex 66.9418 -25.7284 1.19191
      vertex 8.66274 37.6667 1.19001
      vertex 8.68365 37.6659 1.19001
    endloop
  endfacet
  facet normal -1.23562e-06 -3.11067e-05 -1
    outer loop
      vertex 66.9418 -25.7284 1.19191
      vertex 8.6426 37.6675 1.19001
      vertex 8.66274 37.6667 1.19001
    endloop
  endfacet
  facet normal -4.08292e-06 -3.34466e-05 -1
    outer loop
      vertex 66.9418 -26.5552 1.19192
      vertex 8.60246 37.6724 1.19001
      vertex 8.6426 37.6675 1.19001
    endloop
  endfacet
  facet normal 2.38892e-05 -8.03888e-06 -1
    outer loop
      vertex -10.2399 37.6563 1.18956
      vertex 8.60246 37.6724 1.19001
      vertex 66.9418 -26.5552 1.19192
    endloop
  endfacet
  facet normal 2.37812e-05 0.000118371 -1
    outer loop
      vertex 8.60246 37.6724 1.19001
      vertex -10.2399 37.6563 1.18956
      vertex 8.58255 37.6764 1.19001
    endloop
  endfacet
  facet normal 2.37859e-05 0.000113994 -1
    outer loop
      vertex 8.58255 37.6764 1.19001
      vertex -10.2399 37.6563 1.18956
      vertex 8.56338 37.6804 1.19001
    endloop
  endfacet
  facet normal 2.40856e-05 -0.00011981 -1
    outer loop
      vertex -10.2205 37.6602 1.18956
      vertex 8.56338 37.6804 1.19001
      vertex -10.2399 37.6563 1.18956
    endloop
  endfacet
  facet normal 2.40856e-05 -0.000119826 -1
    outer loop
      vertex -10.2006 37.6642 1.18956
      vertex 8.56338 37.6804 1.19001
      vertex -10.2205 37.6602 1.18956
    endloop
  endfacet
  facet normal 2.39096e-05 8.39879e-05 -1
    outer loop
      vertex 8.56338 37.6804 1.19001
      vertex -10.2006 37.6642 1.18956
      vertex 8.54406 37.6859 1.19001
    endloop
  endfacet
  facet normal 2.39114e-05 8.24059e-05 -1
    outer loop
      vertex 8.54406 37.6859 1.19001
      vertex -10.2006 37.6642 1.18956
      vertex 8.52545 37.6913 1.19001
    endloop
  endfacet
  facet normal 2.41547e-05 -8.56808e-05 -1
    outer loop
      vertex -10.1818 37.6695 1.18956
      vertex 8.52545 37.6913 1.19001
      vertex -10.2006 37.6642 1.18956
    endloop
  endfacet
  facet normal 2.41536e-05 -8.47572e-05 -1
    outer loop
      vertex -10.1625 37.675 1.18956
      vertex 8.52545 37.6913 1.19001
      vertex -10.1818 37.6695 1.18956
    endloop
  endfacet
  facet normal 2.40246e-05 6.3107e-05 -1
    outer loop
      vertex 8.52545 37.6913 1.19001
      vertex -10.1625 37.675 1.18956
      vertex 8.5068 37.6984 1.19001
    endloop
  endfacet
  facet normal 2.4023e-05 6.43961e-05 -1
    outer loop
      vertex 8.5068 37.6984 1.19001
      vertex -10.1625 37.675 1.18956
      vertex 8.48884 37.7051 1.19001
    endloop
  endfacet
  facet normal 2.4232e-05 -6.50903e-05 -1
    outer loop
      vertex -10.1257 37.6887 1.18956
      vertex 8.48884 37.7051 1.19001
      vertex -10.1625 37.675 1.18956
    endloop
  endfacet
  facet normal 2.41298e-05 5.08714e-05 -1
    outer loop
      vertex 8.48884 37.7051 1.19001
      vertex -10.1257 37.6887 1.18956
      vertex 8.47092 37.7136 1.19001
    endloop
  endfacet
  facet normal 2.41291e-05 5.14455e-05 -1
    outer loop
      vertex 8.47092 37.7136 1.19001
      vertex -10.1257 37.6887 1.18956
      vertex 8.45365 37.7217 1.19001
    endloop
  endfacet
  facet normal 2.43121e-05 -5.1589e-05 -1
    outer loop
      vertex -10.1083 37.6969 1.18956
      vertex 8.45365 37.7217 1.19001
      vertex -10.1257 37.6887 1.18956
    endloop
  endfacet
  facet normal 2.43132e-05 -5.24345e-05 -1
    outer loop
      vertex -10.0904 37.7052 1.18956
      vertex 8.45365 37.7217 1.19001
      vertex -10.1083 37.6969 1.18956
    endloop
  endfacet
  facet normal 2.42752e-05 -9.70321e-06 -1
    outer loop
      vertex -0.969395 39.9121 1.18976
      vertex 8.45365 37.7217 1.19001
      vertex -10.0904 37.7052 1.18956
    endloop
  endfacet
  facet normal -0.000361512 -0.00166935 -0.999999
    outer loop
      vertex 8.45365 37.7217 1.19001
      vertex -0.969395 39.9121 1.18976
      vertex 8.43652 37.7314 1.19
    endloop
  endfacet
  facet normal 0 0 -1
    outer loop
      vertex 8.30363 37.8408 1.19
      vertex 8.2797 37.871 1.19
      vertex 8.29144 37.8562 1.19
    endloop
  endfacet
  facet normal 0 0 -1
    outer loop
      vertex 8.23894 37.9368 1.19
      vertex 8.22237 37.9721 1.19
      vertex 8.2305 37.9548 1.19
    endloop
  endfacet
  facet normal 0 0 -1
    outer loop
      vertex 8.1894 38.0863 1.19
      vertex 8.18443 38.1267 1.19
      vertex 8.18687 38.1069 1.19
    endloop
  endfacet
  facet normal 5.07138e-06 -1.5674e-05 -1
    outer loop
      vertex 7.68229 39.9201 1.18997
      vertex 8.18267 38.806 1.18999
      vertex 8.18267 38.168 1.19
    endloop
  endfacet
  facet normal 3.99696e-05 0 -1
    outer loop
      vertex 8.18267 38.806 1.18999
      vertex 7.68229 39.9201 1.18997
      vertex 8.18267 39.4194 1.18999
    endloop
  endfacet
  facet normal -0.000455828 -0.000495481 -1
    outer loop
      vertex 8.18267 39.4194 1.18999
      vertex 7.68229 39.9201 1.18997
      vertex 8.18189 39.4403 1.18998
    endloop
  endfacet
  facet normal -1.08957e-06 -2.19765e-05 -1
    outer loop
      vertex 7.70246 39.9191 1.18997
      vertex 8.18189 39.4403 1.18998
      vertex 7.68229 39.9201 1.18997
    endloop
  endfacet
  facet normal 0 0 -1
    outer loop
      vertex 8.18189 39.4403 1.18998
      vertex 8.1787 39.4806 1.18998
      vertex 8.18113 39.4603 1.18998
    endloop
  endfacet
  facet normal 2.26485e-05 1.79277e-06 -1
    outer loop
      vertex 8.18189 39.4403 1.18998
      vertex 7.70246 39.9191 1.18997
      vertex 8.1787 39.4806 1.18998
    endloop
  endfacet
  facet normal 2.58123e-05 5.22881e-06 -1
    outer loop
      vertex 8.16294 39.5584 1.18998
      vertex 8.1787 39.4806 1.18998
      vertex 7.70246 39.9191 1.18997
    endloop
  endfacet
  facet normal 0 0 -1
    outer loop
      vertex 8.17637 39.5002 1.18998
      vertex 8.16294 39.5584 1.18998
      vertex 8.16848 39.5391 1.18998
    endloop
  endfacet
  facet normal 0 0 -1
    outer loop
      vertex 8.1787 39.4806 1.18998
      vertex 8.16294 39.5584 1.18998
      vertex 8.17637 39.5002 1.18998
    endloop
  endfacet
  facet normal 0 0 -1
    outer loop
      vertex 8.16294 39.5584 1.18998
      vertex 8.1506 39.5956 1.18998
      vertex 8.15761 39.5769 1.18998
    endloop
  endfacet
  facet normal 2.93403e-05 9.73277e-06 -1
    outer loop
      vertex 8.16294 39.5584 1.18998
      vertex 7.70246 39.9191 1.18997
      vertex 8.1506 39.5956 1.18998
    endloop
  endfacet
  facet normal 0 0 -1
    outer loop
      vertex 8.1506 39.5956 1.18998
      vertex 8.13548 39.6313 1.18998
      vertex 8.14388 39.6134 1.18998
    endloop
  endfacet
  facet normal 3.21411e-05 1.36127e-05 -1
    outer loop
      vertex 8.1506 39.5956 1.18998
      vertex 7.70246 39.9191 1.18997
      vertex 8.13548 39.6313 1.18998
    endloop
  endfacet
  facet normal 7.03972e-05 2.98235e-06 -1
    outer loop
      vertex 7.68229 39.9201 1.18997
      vertex 8.18267 38.168 1.19
      vertex 8.18353 38.1477 1.19
    endloop
  endfacet
  facet normal 7.05418e-05 3.02322e-06 -1
    outer loop
      vertex 7.68229 39.9201 1.18997
      vertex 8.18353 38.1477 1.19
      vertex 8.18443 38.1267 1.19
    endloop
  endfacet
  facet normal 0 0 -1
    outer loop
      vertex 8.13548 39.6313 1.18998
      vertex 8.1177 39.6657 1.18998
      vertex 8.12743 39.6485 1.18998
    endloop
  endfacet
  facet normal 3.51781e-05 1.81822e-05 -1
    outer loop
      vertex 8.13548 39.6313 1.18998
      vertex 7.70246 39.9191 1.18997
      vertex 8.1177 39.6657 1.18998
    endloop
  endfacet
  facet normal 4.35981e-05 3.19798e-05 -1
    outer loop
      vertex 8.04963 39.7585 1.18998
      vertex 8.1177 39.6657 1.18998
      vertex 7.70246 39.9191 1.18997
    endloop
  endfacet
  facet normal 0 0 -1
    outer loop
      vertex 8.1177 39.6657 1.18998
      vertex 8.08683 39.714 1.18998
      vertex 8.10837 39.6821 1.18998
    endloop
  endfacet
  facet normal 0 0 -1
    outer loop
      vertex 8.08683 39.714 1.18998
      vertex 8.04963 39.7585 1.18998
      vertex 8.06295 39.7441 1.18998
    endloop
  endfacet
  facet normal 0 0 -1
    outer loop
      vertex 8.1177 39.6657 1.18998
      vertex 8.04963 39.7585 1.18998
      vertex 8.08683 39.714 1.18998
    endloop
  endfacet
  facet normal 0 0 -1
    outer loop
      vertex 8.04963 39.7585 1.18998
      vertex 8.02248 39.7856 1.18998
      vertex 8.03685 39.7723 1.18998
    endloop
  endfacet
  facet normal 5.36844e-05 5.37835e-05 -1
    outer loop
      vertex 8.04963 39.7585 1.18998
      vertex 7.70246 39.9191 1.18997
      vertex 8.02248 39.7856 1.18998
    endloop
  endfacet
  facet normal 0 0 -1
    outer loop
      vertex 8.02248 39.7856 1.18998
      vertex 7.9933 39.8106 1.18998
      vertex 8.00868 39.7984 1.18998
    endloop
  endfacet
  facet normal 6.09018e-05 7.10846e-05 -1
    outer loop
      vertex 8.02248 39.7856 1.18998
      vertex 7.70246 39.9191 1.18997
      vertex 7.9933 39.8106 1.18998
    endloop
  endfacet
  facet normal 2.68631e-05 3.30469e-06 -1
    outer loop
      vertex -0.969395 39.9121 1.18976
      vertex 8.18443 38.1267 1.19
      vertex 8.1894 38.0863 1.19
    endloop
  endfacet
  facet normal 0 0 -1
    outer loop
      vertex 7.9933 39.8106 1.18998
      vertex 7.96222 39.8334 1.18998
      vertex 7.97854 39.8223 1.18998
    endloop
  endfacet
  facet normal 6.99607e-05 9.53675e-05 -1
    outer loop
      vertex 7.9933 39.8106 1.18998
      vertex 7.70246 39.9191 1.18997
      vertex 7.96222 39.8334 1.18998
    endloop
  endfacet
  facet normal 0 0 -1
    outer loop
      vertex 7.96222 39.8334 1.18998
      vertex 7.92939 39.8538 1.18998
      vertex 7.94657 39.844 1.18998
    endloop
  endfacet
  facet normal 8.20736e-05 0.000132082 -1
    outer loop
      vertex 7.96222 39.8334 1.18998
      vertex 7.70246 39.9191 1.18997
      vertex 7.92939 39.8538 1.18998
    endloop
  endfacet
  facet normal 0.00324792 0.00569768 -0.999978
    outer loop
      vertex 7.92939 39.8538 1.18998
      vertex 7.89491 39.8717 1.18997
      vertex 7.9129 39.8632 1.18998
    endloop
  endfacet
  facet normal -0.000261806 -0.00106296 -0.999999
    outer loop
      vertex 7.92939 39.8538 1.18998
      vertex 7.70246 39.9191 1.18997
      vertex 7.89491 39.8717 1.18997
    endloop
  endfacet
  facet normal 0 0 -1
    outer loop
      vertex 7.89491 39.8717 1.18997
      vertex 7.85892 39.887 1.18997
      vertex 7.87765 39.8798 1.18997
    endloop
  endfacet
  facet normal 0 0 -1
    outer loop
      vertex 7.89491 39.8717 1.18997
      vertex 7.70246 39.9191 1.18997
      vertex 7.85892 39.887 1.18997
    endloop
  endfacet
  facet normal 0 0 -1
    outer loop
      vertex 7.85892 39.887 1.18997
      vertex 7.82156 39.8995 1.18997
      vertex 7.84096 39.8938 1.18997
    endloop
  endfacet
  facet normal 2.73219e-05 5.60594e-06 -1
    outer loop
      vertex -0.969395 39.9121 1.18976
      vertex 8.1894 38.0863 1.19
      vertex 8.19336 38.067 1.19
    endloop
  endfacet
  facet normal 2.73266e-05 5.62927e-06 -1
    outer loop
      vertex -0.969395 39.9121 1.18976
      vertex 8.19336 38.067 1.19
      vertex 8.19748 38.047 1.19
    endloop
  endfacet
  facet normal 0 0 -1
    outer loop
      vertex 7.85892 39.887 1.18997
      vertex 7.70246 39.9191 1.18997
      vertex 7.82156 39.8995 1.18997
    endloop
  endfacet
  facet normal 0 0 -1
    outer loop
      vertex 7.82156 39.8995 1.18997
      vertex 7.78294 39.9091 1.18997
      vertex 7.80295 39.9049 1.18997
    endloop
  endfacet
  facet normal 0 0 -1
    outer loop
      vertex 7.82156 39.8995 1.18997
      vertex 7.70246 39.9191 1.18997
      vertex 7.78294 39.9091 1.18997
    endloop
  endfacet
  facet normal 0 0 -1
    outer loop
      vertex 7.78294 39.9091 1.18997
      vertex 7.74319 39.9157 1.18997
      vertex 7.76374 39.9131 1.18997
    endloop
  endfacet
  facet normal 0 0 -1
    outer loop
      vertex 7.74319 39.9157 1.18997
      vertex 7.70246 39.9191 1.18997
      vertex 7.72348 39.9182 1.18997
    endloop
  endfacet
  facet normal -0 -0 -1
    outer loop
      vertex 7.74319 39.9157 1.18997
      vertex 7.78294 39.9091 1.18997
      vertex 7.70246 39.9191 1.18997
    endloop
  endfacet
  facet normal 2.42819e-05 -9.92923e-06 -1
    outer loop
      vertex 8.18443 38.1267 1.19
      vertex -0.969395 39.9121 1.18976
      vertex 7.68229 39.9201 1.18997
    endloop
  endfacet
  facet normal 2.78155e-05 8.03228e-06 -1
    outer loop
      vertex 8.20288 38.0283 1.19
      vertex -0.969395 39.9121 1.18976
      vertex 8.19748 38.047 1.19
    endloop
  endfacet
  facet normal 2.78179e-05 8.04426e-06 -1
    outer loop
      vertex 8.20849 38.0089 1.19
      vertex -0.969395 39.9121 1.18976
      vertex 8.20288 38.0283 1.19
    endloop
  endfacet
  facet normal 2.83686e-05 1.06999e-05 -1
    outer loop
      vertex 8.22237 37.9721 1.19
      vertex -0.969395 39.9121 1.18976
      vertex 8.20849 38.0089 1.19
    endloop
  endfacet
  facet normal 2.89816e-05 1.36041e-05 -1
    outer loop
      vertex 8.23894 37.9368 1.19
      vertex -0.969395 39.9121 1.18976
      vertex 8.22237 37.9721 1.19
    endloop
  endfacet
  facet normal 2.96627e-05 1.67791e-05 -1
    outer loop
      vertex 8.24833 37.9202 1.19
      vertex -0.969395 39.9121 1.18976
      vertex 8.23894 37.9368 1.19
    endloop
  endfacet
  facet normal 2.96757e-05 1.68392e-05 -1
    outer loop
      vertex 8.25809 37.903 1.19
      vertex -0.969395 39.9121 1.18976
      vertex 8.24833 37.9202 1.19
    endloop
  endfacet
  facet normal 3.04928e-05 2.05922e-05 -1
    outer loop
      vertex 8.2797 37.871 1.19
      vertex -0.969395 39.9121 1.18976
      vertex 8.25809 37.903 1.19
    endloop
  endfacet
  facet normal 3.14475e-05 2.49185e-05 -1
    outer loop
      vertex 8.30363 37.8408 1.19
      vertex -0.969395 39.9121 1.18976
      vertex 8.2797 37.871 1.19
    endloop
  endfacet
  facet normal 4.30076e-05 7.54463e-05 -1
    outer loop
      vertex 8.43652 37.7314 1.19
      vertex -0.969395 39.9121 1.18976
      vertex 8.42003 37.7408 1.19
    endloop
  endfacet
  facet normal 3.41286e-05 3.68486e-05 -1
    outer loop
      vertex 8.35795 37.7864 1.19
      vertex -0.969395 39.9121 1.18976
      vertex 8.34359 37.7997 1.19
    endloop
  endfacet
  facet normal 3.26154e-05 3.01466e-05 -1
    outer loop
      vertex 8.32976 37.8125 1.19
      vertex -0.969395 39.9121 1.18976
      vertex 8.31645 37.8269 1.19
    endloop
  endfacet
  facet normal 2.31839e-05 -3.74009e-08 -1
    outer loop
      vertex -3.34841 39.91 1.18971
      vertex -9.82027 38.7681 1.18956
      vertex -9.81947 39.264 1.18956
    endloop
  endfacet
  facet normal 2.31838e-05 -3.68533e-08 -1
    outer loop
      vertex -3.34841 39.91 1.18971
      vertex -9.82125 38.1516 1.18956
      vertex -9.82027 38.7681 1.18956
    endloop
  endfacet
  facet normal 2.33855e-05 -7.79517e-07 -1
    outer loop
      vertex -3.34841 39.91 1.18971
      vertex -9.82195 38.1306 1.18956
      vertex -9.82125 38.1516 1.18956
    endloop
  endfacet
  facet normal 2.33855e-05 -7.79517e-07 -1
    outer loop
      vertex -3.34841 39.91 1.18971
      vertex -9.82263 38.1102 1.18956
      vertex -9.82195 38.1306 1.18956
    endloop
  endfacet
  facet normal 2.39353e-05 -2.75725e-06 -1
    outer loop
      vertex -3.34841 39.91 1.18971
      vertex -9.82498 38.0898 1.18956
      vertex -9.82263 38.1102 1.18956
    endloop
  endfacet
  facet normal 0.0001691 -0.000519277 -1
    outer loop
      vertex -3.34841 39.91 1.18971
      vertex -9.82726 38.0698 1.18957
      vertex -9.82498 38.0898 1.18956
    endloop
  endfacet
  facet normal 2.28944e-05 -4.52646e-06 -1
    outer loop
      vertex -3.34841 39.91 1.18971
      vertex -9.83503 38.0305 1.18957
      vertex -9.82726 38.0698 1.18957
    endloop
  endfacet
  facet normal 2.35048e-05 -6.63303e-06 -1
    outer loop
      vertex -3.34841 39.91 1.18971
      vertex -9.84581 37.9923 1.18957
      vertex -9.83503 38.0305 1.18957
    endloop
  endfacet
  facet normal 2.41964e-05 -8.97607e-06 -1
    outer loop
      vertex -3.34841 39.91 1.18971
      vertex -9.85271 37.9737 1.18957
      vertex -9.84581 37.9923 1.18957
    endloop
  endfacet
  facet normal 2.41912e-05 -8.95872e-06 -1
    outer loop
      vertex -3.34841 39.91 1.18971
      vertex -9.85945 37.9555 1.18957
      vertex -9.85271 37.9737 1.18957
    endloop
  endfacet
  facet normal 2.49836e-05 -1.15985e-05 -1
    outer loop
      vertex -3.34841 39.91 1.18971
      vertex -9.86776 37.9376 1.18957
      vertex -9.85945 37.9555 1.18957
    endloop
  endfacet
  facet normal 2.49948e-05 -1.16355e-05 -1
    outer loop
      vertex -3.34841 39.91 1.18971
      vertex -9.87586 37.9202 1.18957
      vertex -9.86776 37.9376 1.18957
    endloop
  endfacet
  facet normal -0.000189278 0.000691278 -1
    outer loop
      vertex -3.34841 39.91 1.18971
      vertex -9.88548 37.9031 1.18956
      vertex -9.87586 37.9202 1.18957
    endloop
  endfacet
  facet normal 2.77334e-05 -1.55938e-05 -1
    outer loop
      vertex -3.34841 39.91 1.18971
      vertex -9.89487 37.8864 1.18956
      vertex -9.88548 37.9031 1.18956
    endloop
  endfacet
  facet normal 2.89228e-05 -1.94415e-05 -1
    outer loop
      vertex -3.34841 39.91 1.18971
      vertex -9.91638 37.8544 1.18956
      vertex -9.89487 37.8864 1.18956
    endloop
  endfacet
  facet normal 3.03362e-05 -2.39575e-05 -1
    outer loop
      vertex -3.34841 39.91 1.18971
      vertex -9.94023 37.8242 1.18956
      vertex -9.91638 37.8544 1.18956
    endloop
  endfacet
  facet normal 3.21275e-05 -2.96186e-05 -1
    outer loop
      vertex -3.34841 39.91 1.18971
      vertex -9.96632 37.7959 1.18956
      vertex -9.94023 37.8242 1.18956
    endloop
  endfacet
  facet normal 3.46225e-05 -3.7429e-05 -1
    outer loop
      vertex -3.34841 39.91 1.18971
      vertex -9.98059 37.7827 1.18956
      vertex -9.96632 37.7959 1.18956
    endloop
  endfacet
  facet normal 3.45887e-05 -3.73236e-05 -1
    outer loop
      vertex -3.34841 39.91 1.18971
      vertex -9.99451 37.7698 1.18956
      vertex -9.98059 37.7827 1.18956
    endloop
  endfacet
  facet normal 3.8055e-05 -4.80877e-05 -1
    outer loop
      vertex -3.34841 39.91 1.18971
      vertex -10.0098 37.7577 1.18956
      vertex -9.99451 37.7698 1.18956
    endloop
  endfacet
  facet normal 3.78168e-05 -4.73504e-05 -1
    outer loop
      vertex -3.34841 39.91 1.18971
      vertex -10.0247 37.7458 1.18956
      vertex -10.0098 37.7577 1.18956
    endloop
  endfacet
  facet normal 4.33555e-05 -6.44365e-05 -1
    outer loop
      vertex -3.34841 39.91 1.18971
      vertex -10.0409 37.7349 1.18956
      vertex -10.0247 37.7458 1.18956
    endloop
  endfacet
  facet normal 4.34737e-05 -6.48005e-05 -1
    outer loop
      vertex -3.34841 39.91 1.18971
      vertex -10.0567 37.7243 1.18956
      vertex -10.0409 37.7349 1.18956
    endloop
  endfacet
  facet normal 2.10135e-05 4.13399e-06 -1
    outer loop
      vertex -0.969395 39.9121 1.18976
      vertex -10.0567 37.7243 1.18956
      vertex -3.34841 39.91 1.18971
    endloop
  endfacet
  facet normal 3.82375e-05 -6.74085e-05 -1
    outer loop
      vertex -10.0567 37.7243 1.18956
      vertex -0.969395 39.9121 1.18976
      vertex -10.0738 37.7146 1.18956
    endloop
  endfacet
  facet normal 3.82869e-05 -6.76131e-05 -1
    outer loop
      vertex -10.0738 37.7146 1.18956
      vertex -0.969395 39.9121 1.18976
      vertex -10.0904 37.7052 1.18956
    endloop
  endfacet
  facet normal 3.25969e-05 3.00642e-05 -1
    outer loop
      vertex 8.31645 37.8269 1.19
      vertex -0.969395 39.9121 1.18976
      vertex 8.30363 37.8408 1.19
    endloop
  endfacet
  facet normal 3.41365e-05 3.68834e-05 -1
    outer loop
      vertex 8.34359 37.7997 1.19
      vertex -0.969395 39.9121 1.18976
      vertex 8.32976 37.8125 1.19
    endloop
  endfacet
  facet normal 3.601e-05 4.5104e-05 -1
    outer loop
      vertex 8.37273 37.7746 1.19
      vertex -0.969395 39.9121 1.18976
      vertex 8.35795 37.7864 1.19
    endloop
  endfacet
  facet normal 3.60659e-05 4.53485e-05 -1
    outer loop
      vertex 8.38807 37.7624 1.19
      vertex -0.969395 39.9121 1.18976
      vertex 8.37273 37.7746 1.19
    endloop
  endfacet
  facet normal 3.88505e-05 5.74694e-05 -1
    outer loop
      vertex 8.40375 37.7518 1.19
      vertex -0.969395 39.9121 1.18976
      vertex 8.38807 37.7624 1.19
    endloop
  endfacet
  facet normal 3.88607e-05 5.75139e-05 -1
    outer loop
      vertex 8.42003 37.7408 1.19
      vertex -0.969395 39.9121 1.18976
      vertex 8.40375 37.7518 1.19
    endloop
  endfacet
  facet normal 3.78825e-06 -3.22001e-05 -1
    outer loop
      vertex 66.9418 -26.5552 1.19192
      vertex -10.2603 37.6539 1.18956
      vertex -10.2399 37.6563 1.18956
    endloop
  endfacet
  facet normal 3.71337e-06 -3.22901e-05 -1
    outer loop
      vertex 66.9418 -26.5552 1.19192
      vertex -10.2803 37.6516 1.18956
      vertex -10.2603 37.6539 1.18956
    endloop
  endfacet
  facet normal 2.42057e-05 -7.64379e-06 -1
    outer loop
      vertex -29.1276 32.9141 1.18914
      vertex -10.2803 37.6516 1.18956
      vertex 66.9418 -26.5552 1.19192
    endloop
  endfacet
  facet normal 4.7719e-05 -0.000101187 -1
    outer loop
      vertex -29.11 32.9224 1.18914
      vertex -10.2803 37.6516 1.18956
      vertex -29.1276 32.9141 1.18914
    endloop
  endfacet
  facet normal 2.49114e-05 -1.16064e-05 -1
    outer loop
      vertex -28.8701 33.1639 1.18915
      vertex -10.3216 37.6501 1.18956
      vertex -28.8783 33.1463 1.18915
    endloop
  endfacet
  facet normal 2.3287e-05 -5.31096e-06 -1
    outer loop
      vertex -28.823 37.1321 1.18912
      vertex -26.1316 37.6357 1.18918
      vertex -28.823 35.2492 1.18913
    endloop
  endfacet
  facet normal 2.34407e-05 -6.13228e-06 -1
    outer loop
      vertex -26.1316 37.6357 1.18918
      vertex -28.823 37.1321 1.18912
      vertex -28.7599 37.3733 1.18912
    endloop
  endfacet
  facet normal 0 -0 -1
    outer loop
      vertex -28.8221 37.1525 1.18912
      vertex -28.7599 37.3733 1.18912
      vertex -28.823 37.1321 1.18912
    endloop
  endfacet
  facet normal 0 0 -1
    outer loop
      vertex -28.7599 37.3733 1.18912
      vertex -28.7749 37.3439 1.18912
      vertex -28.7666 37.3616 1.18912
    endloop
  endfacet
  facet normal 0 0 -1
    outer loop
      vertex -28.7599 37.3733 1.18912
      vertex -28.8221 37.1525 1.18912
      vertex -28.7749 37.3439 1.18912
    endloop
  endfacet
  facet normal 0 -0 -1
    outer loop
      vertex -28.8026 37.2708 1.18912
      vertex -28.7749 37.3439 1.18912
      vertex -28.8221 37.1525 1.18912
    endloop
  endfacet
  facet normal 0 0 -1
    outer loop
      vertex -28.7832 37.3264 1.18912
      vertex -28.8026 37.2708 1.18912
      vertex -28.7971 37.2899 1.18912
    endloop
  endfacet
  facet normal 0 0 -1
    outer loop
      vertex -28.7749 37.3439 1.18912
      vertex -28.8026 37.2708 1.18912
      vertex -28.7832 37.3264 1.18912
    endloop
  endfacet
  facet normal 0 0 -1
    outer loop
      vertex -28.8026 37.2708 1.18912
      vertex -28.8122 37.2324 1.18912
      vertex -28.8081 37.252 1.18912
    endloop
  endfacet
  facet normal 0 0 -1
    outer loop
      vertex -28.8026 37.2708 1.18912
      vertex -28.8221 37.1525 1.18912
      vertex -28.8122 37.2324 1.18912
    endloop
  endfacet
  facet normal 0 0 -1
    outer loop
      vertex -28.8122 37.2324 1.18912
      vertex -28.8187 37.1929 1.18912
      vertex -28.8162 37.213 1.18912
    endloop
  endfacet
  facet normal 2.80547e-05 -1.06878e-05 -1
    outer loop
      vertex -26.1316 37.6357 1.18918
      vertex -28.823 33.3779 1.18915
      vertex -28.823 35.2492 1.18913
    endloop
  endfacet
  facet normal 1.18725e-05 -4.58841e-07 -1
    outer loop
      vertex -26.1316 37.6357 1.18918
      vertex -28.8238 33.3572 1.18915
      vertex -28.823 33.3779 1.18915
    endloop
  endfacet
  facet normal 1.18725e-05 -4.58841e-07 -1
    outer loop
      vertex -26.1316 37.6357 1.18918
      vertex -28.8246 33.3365 1.18915
      vertex -28.8238 33.3572 1.18915
    endloop
  endfacet
  facet normal 1.37317e-05 -1.62346e-06 -1
    outer loop
      vertex -26.1316 37.6357 1.18918
      vertex -28.827 33.3162 1.18915
      vertex -28.8246 33.3365 1.18915
    endloop
  endfacet
  facet normal 1.36142e-05 -1.55014e-06 -1
    outer loop
      vertex -26.1316 37.6357 1.18918
      vertex -28.8293 33.296 1.18915
      vertex -28.827 33.3162 1.18915
    endloop
  endfacet
  facet normal 1.64353e-05 -3.30378e-06 -1
    outer loop
      vertex -26.1316 37.6357 1.18918
      vertex -28.8372 33.2567 1.18915
      vertex -28.8293 33.296 1.18915
    endloop
  endfacet
  facet normal 2.06031e-05 -5.87888e-06 -1
    outer loop
      vertex -26.1316 37.6357 1.18918
      vertex -28.8481 33.2185 1.18915
      vertex -28.8372 33.2567 1.18915
    endloop
  endfacet
  facet normal 2.40427e-05 -7.9942e-06 -1
    outer loop
      vertex -10.3216 37.6501 1.18956
      vertex -28.8481 33.2185 1.18915
      vertex -26.1316 37.6357 1.18918
    endloop
  endfacet
  facet normal 2.43112e-05 -9.1167e-06 -1
    outer loop
      vertex -28.8481 33.2185 1.18915
      vertex -10.3216 37.6501 1.18956
      vertex -28.855 33.2001 1.18915
    endloop
  endfacet
  facet normal 2.42764e-05 -8.97171e-06 -1
    outer loop
      vertex -28.855 33.2001 1.18915
      vertex -10.3216 37.6501 1.18956
      vertex -28.8618 33.1817 1.18915
    endloop
  endfacet
  facet normal 2.4914e-05 -1.16172e-05 -1
    outer loop
      vertex -28.8618 33.1817 1.18915
      vertex -10.3216 37.6501 1.18956
      vertex -28.8701 33.1639 1.18915
    endloop
  endfacet
  facet normal 2.55613e-05 -1.42843e-05 -1
    outer loop
      vertex -10.3216 37.6501 1.18956
      vertex -28.8878 33.1293 1.18915
      vertex -28.8783 33.1463 1.18915
    endloop
  endfacet
  facet normal 2.56093e-05 -1.44815e-05 -1
    outer loop
      vertex -10.3216 37.6501 1.18956
      vertex -28.8973 33.1125 1.18915
      vertex -28.8878 33.1293 1.18915
    endloop
  endfacet
  facet normal 2.63895e-05 -1.76752e-05 -1
    outer loop
      vertex -10.3216 37.6501 1.18956
      vertex -28.9188 33.0804 1.18915
      vertex -28.8973 33.1125 1.18915
    endloop
  endfacet
  facet normal 2.73524e-05 -2.1594e-05 -1
    outer loop
      vertex -10.3216 37.6501 1.18956
      vertex -28.9308 33.0652 1.18915
      vertex -28.9188 33.0804 1.18915
    endloop
  endfacet
  facet normal 2.73407e-05 -2.15467e-05 -1
    outer loop
      vertex -10.3216 37.6501 1.18956
      vertex -28.9427 33.0501 1.18915
      vertex -28.9308 33.0652 1.18915
    endloop
  endfacet
  facet normal 2.84528e-05 -2.60483e-05 -1
    outer loop
      vertex -10.3216 37.6501 1.18956
      vertex -28.9557 33.0359 1.18915
      vertex -28.9427 33.0501 1.18915
    endloop
  endfacet
  facet normal 2.85121e-05 -2.62877e-05 -1
    outer loop
      vertex -10.3216 37.6501 1.18956
      vertex -28.9687 33.0218 1.18915
      vertex -28.9557 33.0359 1.18915
    endloop
  endfacet
  facet normal 3.00026e-05 -3.22928e-05 -1
    outer loop
      vertex -10.3216 37.6501 1.18956
      vertex -28.9828 33.0087 1.18915
      vertex -28.9687 33.0218 1.18915
    endloop
  endfacet
  facet normal 3.00026e-05 -3.22928e-05 -1
    outer loop
      vertex -10.3216 37.6501 1.18956
      vertex -28.9969 32.9956 1.18915
      vertex -28.9828 33.0087 1.18915
    endloop
  endfacet
  facet normal 3.177e-05 -3.93843e-05 -1
    outer loop
      vertex -10.3216 37.6501 1.18956
      vertex -29.0119 32.9835 1.18915
      vertex -28.9969 32.9956 1.18915
    endloop
  endfacet
  facet normal 3.21095e-05 -4.0744e-05 -1
    outer loop
      vertex -10.3216 37.6501 1.18956
      vertex -29.027 32.9716 1.18915
      vertex -29.0119 32.9835 1.18915
    endloop
  endfacet
  facet normal 3.46641e-05 -5.09579e-05 -1
    outer loop
      vertex -10.3216 37.6501 1.18956
      vertex -29.0589 32.9499 1.18915
      vertex -29.027 32.9716 1.18915
    endloop
  endfacet
  facet normal 3.90032e-05 -6.82557e-05 -1
    outer loop
      vertex -10.3216 37.6501 1.18956
      vertex -29.0757 32.9403 1.18915
      vertex -29.0589 32.9499 1.18915
    endloop
  endfacet
  facet normal 3.8822e-05 -6.75342e-05 -1
    outer loop
      vertex -10.3216 37.6501 1.18956
      vertex -29.0924 32.9307 1.18915
      vertex -29.0757 32.9403 1.18915
    endloop
  endfacet
  facet normal -3.68804e-06 0.000101544 -1
    outer loop
      vertex -10.2803 37.6516 1.18956
      vertex -29.0924 32.9307 1.18915
      vertex -10.3216 37.6501 1.18956
    endloop
  endfacet
  facet normal -0.000599648 0.00247636 -0.999997
    outer loop
      vertex -29.0924 32.9307 1.18915
      vertex -10.2803 37.6516 1.18956
      vertex -29.11 32.9224 1.18914
    endloop
  endfacet
  facet normal 1.09538e-05 -2.90515e-05 -1
    outer loop
      vertex 66.9418 -26.5552 1.19192
      vertex -29.1642 32.9003 1.18914
      vertex -29.1276 32.9141 1.18914
    endloop
  endfacet
  facet normal 9.25381e-06 -3.17995e-05 -1
    outer loop
      vertex 66.9418 -26.5552 1.19192
      vertex -29.1831 32.8948 1.18914
      vertex -29.1642 32.9003 1.18914
    endloop
  endfacet
  facet normal 9.25381e-06 -3.17995e-05 -1
    outer loop
      vertex 66.9418 -26.5552 1.19192
      vertex -29.202 32.8893 1.18914
      vertex -29.1831 32.8948 1.18914
    endloop
  endfacet
  facet normal 7.17564e-06 -3.51606e-05 -1
    outer loop
      vertex 66.9418 -26.5552 1.19192
      vertex -29.2216 32.8853 1.18914
      vertex -29.202 32.8893 1.18914
    endloop
  endfacet
  facet normal 7.33764e-06 -3.48985e-05 -1
    outer loop
      vertex 66.9418 -26.5552 1.19192
      vertex -29.2411 32.8812 1.18914
      vertex -29.2216 32.8853 1.18914
    endloop
  endfacet
  facet normal 4.77179e-06 -3.90507e-05 -1
    outer loop
      vertex 66.9418 -26.5552 1.19192
      vertex -29.2812 32.8763 1.18914
      vertex -29.2411 32.8812 1.18914
    endloop
  endfacet
  facet normal 1.71694e-06 -4.39967e-05 -1
    outer loop
      vertex 66.9418 -26.5552 1.19192
      vertex -29.3017 32.8755 1.18914
      vertex -29.2812 32.8763 1.18914
    endloop
  endfacet
  facet normal 1.91732e-06 -4.36722e-05 -1
    outer loop
      vertex 66.9418 -26.5552 1.19192
      vertex -29.3222 32.8746 1.18914
      vertex -29.3017 32.8755 1.18914
    endloop
  endfacet
  facet normal 2.39976e-05 -7.90665e-06 -1
    outer loop
      vertex -29.3222 32.8746 1.18914
      vertex 66.9418 -26.5552 1.19192
      vertex -66.0035 32.8411 1.18826
    endloop
  endfacet
  facet normal 0 0 -1
    outer loop
      vertex -28.8187 37.1929 1.18912
      vertex -28.8221 37.1525 1.18912
      vertex -28.8212 37.173 1.18912
    endloop
  endfacet
  facet normal 0 0 -1
    outer loop
      vertex -28.8122 37.2324 1.18912
      vertex -28.8221 37.1525 1.18912
      vertex -28.8187 37.1929 1.18912
    endloop
  endfacet
  facet normal 0.197978 -0.891766 0.406889
    outer loop
      vertex 52.7376 -52.0027 12.1539
      vertex 52.8129 -51.9665 12.1966
      vertex 52.49 -48.7548 19.3927
    endloop
  endfacet
  facet normal 0.241464 -0.907549 0.343584
    outer loop
      vertex 52.8129 -51.9665 12.1966
      vertex 52.7376 -52.0027 12.1539
      vertex 52.8089 -51.9687 12.1936
    endloop
  endfacet
  facet normal -0.0722145 -0.909263 0.409909
    outer loop
      vertex 52.49 -48.7548 19.3927
      vertex 52.4492 -52.0943 11.9778
      vertex 52.5011 -52.0835 12.0109
    endloop
  endfacet
  facet normal -0.0757271 -0.909019 0.409818
    outer loop
      vertex 52.4492 -52.0943 11.9778
      vertex 52.49 -48.7548 19.3927
      vertex 52.4196 -52.1004 11.9588
    endloop
  endfacet
  facet normal -0.142621 -0.902077 0.407327
    outer loop
      vertex 52.3457 -52.1103 11.911
      vertex 52.4196 -52.1004 11.9588
      vertex 52.49 -48.7548 19.3927
    endloop
  endfacet
  facet normal -0.153215 -0.893581 0.421946
    outer loop
      vertex 52.4196 -52.1004 11.9588
      vertex 52.3457 -52.1103 11.911
      vertex 52.4121 -52.1019 11.9529
    endloop
  endfacet
  facet normal -0.149537 -0.901095 0.40702
    outer loop
      vertex 52.3457 -52.1103 11.911
      vertex 52.49 -48.7548 19.3927
      vertex 52.3373 -52.1113 11.9057
    endloop
  endfacet
  facet normal -0.0059775 -0.91159 0.411057
    outer loop
      vertex 52.5011 -52.0835 12.0109
      vertex 52.5814 -52.0613 12.0613
      vertex 52.49 -48.7548 19.3927
    endloop
  endfacet
  facet normal -0.0221384 -0.901441 0.432335
    outer loop
      vertex 52.5814 -52.0613 12.0613
      vertex 52.5011 -52.0835 12.0109
      vertex 52.5511 -52.0701 12.0414
    endloop
  endfacet
  facet normal -0.0151013 -0.90608 0.422837
    outer loop
      vertex 52.5511 -52.0701 12.0414
      vertex 52.5011 -52.0835 12.0109
      vertex 52.5147 -52.0806 12.0176
    endloop
  endfacet
  facet normal -0.0200656 -0.051194 0.998487
    outer loop
      vertex 84.6677 4.76839 26.7659
      vertex 84.348 3.98091 26.7191
      vertex 84.5836 4.54195 26.7526
    endloop
  endfacet
  facet normal -0.020003 -0.0512194 0.998487
    outer loop
      vertex 84.0106 3.24323 26.6745
      vertex 84.348 3.98091 26.7191
      vertex 84.6677 4.76839 26.7659
    endloop
  endfacet
  facet normal -0.015129 -0.0534468 0.998456
    outer loop
      vertex 84.348 3.98091 26.7191
      vertex 84.0106 3.24323 26.6745
      vertex 84.2695 3.7939 26.7079
    endloop
  endfacet
  facet normal -0.0172261 -0.0524152 0.998477
    outer loop
      vertex 83.6424 2.52035 26.6302
      vertex 84.0106 3.24323 26.6745
      vertex 84.6677 4.76839 26.7659
    endloop
  endfacet
  facet normal -0.0209707 -0.0505095 0.998503
    outer loop
      vertex 84.0106 3.24323 26.6745
      vertex 83.6424 2.52035 26.6302
      vertex 83.9242 3.05967 26.6634
    endloop
  endfacet
  facet normal -0.0175713 -0.0522579 0.998479
    outer loop
      vertex 83.2443 1.81351 26.5862
      vertex 83.6424 2.52035 26.6302
      vertex 84.6677 4.76839 26.7659
    endloop
  endfacet
  facet normal -0.0123684 -0.0551832 0.9984
    outer loop
      vertex 83.6424 2.52035 26.6302
      vertex 83.2443 1.81351 26.5862
      vertex 83.5485 2.34057 26.6191
    endloop
  endfacet
  facet normal -0.0174645 -0.0523093 0.998478
    outer loop
      vertex 82.8169 1.12397 26.5426
      vertex 83.2443 1.81351 26.5862
      vertex 84.6677 4.76839 26.7659
    endloop
  endfacet
  facet normal -0.014438 -0.0541819 0.998427
    outer loop
      vertex 83.2443 1.81351 26.5862
      vertex 82.8169 1.12397 26.5426
      vertex 83.1429 1.63783 26.5752
    endloop
  endfacet
  facet normal -0.0171208 -0.0524836 0.998475
    outer loop
      vertex 82.5731 0.758327 26.5192
      vertex 82.8169 1.12397 26.5426
      vertex 84.6677 4.76839 26.7659
    endloop
  endfacet
  facet normal -0.0111428 -0.0564611 0.998343
    outer loop
      vertex 82.8169 1.12397 26.5426
      vertex 82.5731 0.758327 26.5192
      vertex 82.7082 0.952689 26.5317
    endloop
  endfacet
  facet normal -0.0174088 -0.0523333 0.998478
    outer loop
      vertex 80.8356 24.7522 27.7465
      vertex 82.5731 0.758327 26.5192
      vertex 84.6677 4.76839 26.7659
    endloop
  endfacet
  facet normal -0.023291 -0.0579849 0.998046
    outer loop
      vertex 80.5277 25.0807 27.7584
      vertex 80.8356 24.7522 27.7465
      vertex 80.6699 24.9358 27.7533
    endloop
  endfacet
  facet normal -0.0172309 -0.0523207 0.998482
    outer loop
      vertex 80.8356 24.7522 27.7465
      vertex 80.5277 25.0807 27.7584
      vertex 82.5731 0.758327 26.5192
    endloop
  endfacet
  facet normal -0.0176424 -0.0523548 0.998473
    outer loop
      vertex 80.3124 25.3001 27.7661
      vertex 82.5731 0.758327 26.5192
      vertex 80.5277 25.0807 27.7584
    endloop
  endfacet
  facet normal -0.0174309 -0.0523356 0.998477
    outer loop
      vertex 80.3124 25.3001 27.7661
      vertex 79.9402 -2.3426 26.3107
      vertex 82.5731 0.758327 26.5192
    endloop
  endfacet
  facet normal -0.0174984 -0.0523346 0.998476
    outer loop
      vertex 80.3124 25.3001 27.7661
      vertex 79.6825 -2.58459 26.2935
      vertex 79.9402 -2.3426 26.3107
    endloop
  endfacet
  facet normal -0.017342 -0.0523383 0.998479
    outer loop
      vertex 79.0736 -3.12113 26.2548
      vertex 79.6825 -2.58459 26.2935
      vertex 80.3124 25.3001 27.7661
    endloop
  endfacet
  facet normal -0.0121188 -0.0582478 0.998229
    outer loop
      vertex 79.6825 -2.58459 26.2935
      vertex 79.0736 -3.12113 26.2548
      vertex 79.5345 -2.72346 26.2836
    endloop
  endfacet
  facet normal -0.0174748 -0.0523324 0.998477
    outer loop
      vertex 78.4428 -3.6317 26.217
      vertex 79.0736 -3.12113 26.2548
      vertex 80.3124 25.3001 27.7661
    endloop
  endfacet
  facet normal -0.0111299 -0.0601455 0.998128
    outer loop
      vertex 79.0736 -3.12113 26.2548
      vertex 78.4428 -3.6317 26.217
      vertex 78.92 -3.25368 26.2451
    endloop
  endfacet
  facet normal -0.0173798 -0.0523386 0.998478
    outer loop
      vertex 77.7911 -4.11543 26.1803
      vertex 78.4428 -3.6317 26.217
      vertex 80.3124 25.3001 27.7661
    endloop
  endfacet
  facet normal -0.0148063 -0.0557947 0.998332
    outer loop
      vertex 78.4428 -3.6317 26.217
      vertex 77.7911 -4.11543 26.1803
      vertex 78.2838 -3.7577 26.2076
    endloop
  endfacet
  facet normal -0.017552 -0.0523237 0.998476
    outer loop
      vertex 77.1197 -4.57146 26.1446
      vertex 77.7911 -4.11543 26.1803
      vertex 80.3124 25.3001 27.7661
    endloop
  endfacet
  facet normal -0.0118345 -0.0607108 0.998085
    outer loop
      vertex 77.7911 -4.11543 26.1803
      vertex 77.1197 -4.57146 26.1446
      vertex 77.6269 -4.23467 26.1711
    endloop
  endfacet
  facet normal -0.0171865 -0.052363 0.99848
    outer loop
      vertex 76.7994 -4.77524 26.1284
      vertex 77.1197 -4.57146 26.1446
      vertex 80.3124 25.3001 27.7661
    endloop
  endfacet
  facet normal -0.0169706 -0.0527013 0.998466
    outer loop
      vertex 77.1197 -4.57146 26.1446
      vertex 76.7994 -4.77524 26.1284
      vertex 76.9506 -4.68373 26.1358
    endloop
  endfacet
  facet normal -0.0361833 -0.0519215 0.997995
    outer loop
      vertex 85.9384 11.7128 27.1521
      vertex 85.927 11.0653 27.118
      vertex 85.9392 11.6738 27.1501
    endloop
  endfacet
  facet normal -0.0196263 -0.0522365 0.998442
    outer loop
      vertex 85.8815 10.1936 27.0715
      vertex 85.927 11.0653 27.118
      vertex 85.9384 11.7128 27.1521
    endloop
  endfacet
  facet normal -0.0179166 -0.0523272 0.998469
    outer loop
      vertex 85.927 11.0653 27.118
      vertex 85.8815 10.1936 27.0715
      vertex 85.923 10.8625 27.1073
    endloop
  endfacet
  facet normal -0.0173734 -0.0523228 0.998479
    outer loop
      vertex 84.5842 18.769 27.4983
      vertex 85.8815 10.1936 27.0715
      vertex 85.9384 11.7128 27.1521
    endloop
  endfacet
  facet normal -0.0302949 -0.0576067 0.99788
    outer loop
      vertex 84.4917 18.9926 27.5084
      vertex 84.5842 18.769 27.4983
      vertex 84.5706 18.8056 27.5
    endloop
  endfacet
  facet normal -0.0175048 -0.0523426 0.998476
    outer loop
      vertex 84.5842 18.769 27.4983
      vertex 84.4917 18.9926 27.5084
      vertex 85.8815 10.1936 27.0715
    endloop
  endfacet
  facet normal -0.0172774 -0.0523069 0.998482
    outer loop
      vertex 84.2551 19.5537 27.5337
      vertex 85.8815 10.1936 27.0715
      vertex 84.4917 18.9926 27.5084
    endloop
  endfacet
  facet normal -0.0274389 -0.0571302 0.99799
    outer loop
      vertex 83.8142 20.4677 27.5739
      vertex 84.2551 19.5537 27.5337
      vertex 83.9085 20.2879 27.5662
    endloop
  endfacet
  facet normal -0.0174616 -0.0523387 0.998477
    outer loop
      vertex 84.2551 19.5537 27.5337
      vertex 83.8142 20.4677 27.5739
      vertex 85.8815 10.1936 27.0715
    endloop
  endfacet
  facet normal -0.0233271 -0.0555431 0.998184
    outer loop
      vertex 83.4297 21.1827 27.6047
      vertex 83.8142 20.4677 27.5739
      vertex 83.5314 21.007 27.5973
    endloop
  endfacet
  facet normal -0.0172751 -0.0523014 0.998482
    outer loop
      vertex 83.8142 20.4677 27.5739
      vertex 83.4297 21.1827 27.6047
      vertex 85.8815 10.1936 27.0715
    endloop
  endfacet
  facet normal -0.0150943 -0.0509938 0.998585
    outer loop
      vertex 83.0156 21.881 27.6341
      vertex 83.4297 21.1827 27.6047
      vertex 83.1246 21.7097 27.627
    endloop
  endfacet
  facet normal -0.0173258 -0.0523127 0.99848
    outer loop
      vertex 83.4297 21.1827 27.6047
      vertex 83.0156 21.881 27.6341
      vertex 85.8815 10.1936 27.0715
    endloop
  endfacet
  facet normal -0.0175752 -0.0523735 0.998473
    outer loop
      vertex 82.6886 22.3949 27.6553
      vertex 85.8815 10.1936 27.0715
      vertex 83.0156 21.881 27.6341
    endloop
  endfacet
  facet normal -0.0174966 -0.052353 0.998475
    outer loop
      vertex 82.2243 23.0612 27.6821
      vertex 85.8815 10.1936 27.0715
      vertex 82.6886 22.3949 27.6553
    endloop
  endfacet
  facet normal -0.0173977 -0.052325 0.998479
    outer loop
      vertex 81.7325 23.7075 27.7074
      vertex 85.8815 10.1936 27.0715
      vertex 82.2243 23.0612 27.6821
    endloop
  endfacet
  facet normal -0.0174632 -0.052345 0.998476
    outer loop
      vertex 85.8815 10.1936 27.0715
      vertex 81.7325 23.7075 27.7074
      vertex 81.2471 24.2929 27.7296
    endloop
  endfacet
  facet normal 0.586143 -0.72501 0.361658
    outer loop
      vertex 52.49 -48.7548 19.3927
      vertex 53.1766 -51.6816 12.4126
      vertex 53.2065 -51.6476 12.4323
    endloop
  endfacet
  facet normal 0.585342 -0.725578 0.361817
    outer loop
      vertex 53.1493 -51.7124 12.395
      vertex 53.1766 -51.6816 12.4126
      vertex 52.49 -48.7548 19.3927
    endloop
  endfacet
  facet normal 0.604525 -0.724743 0.3306
    outer loop
      vertex 53.1766 -51.6816 12.4126
      vertex 53.1493 -51.7124 12.395
      vertex 53.1504 -51.7113 12.3954
    endloop
  endfacet
  facet normal -0.00787685 0.91488 0.40365
    outer loop
      vertex 7.41144 39.1067 16.7071
      vertex 7.88648 38.6297 17.7975
      vertex 7.88034 38.6739 17.6972
    endloop
  endfacet
  facet normal -0.00492046 0.915414 0.402483
    outer loop
      vertex 7.41144 39.1067 16.7071
      vertex 7.88034 38.6739 17.6972
      vertex 7.87718 38.6887 17.6635
    endloop
  endfacet
  facet normal -0.0078773 0.914865 0.403683
    outer loop
      vertex 7.41144 39.1067 16.7071
      vertex 7.87718 38.6887 17.6635
      vertex 7.87118 38.7168 17.5997
    endloop
  endfacet
  facet normal -0.0115977 0.914122 0.405274
    outer loop
      vertex 7.41144 39.1067 16.7071
      vertex 7.87118 38.7168 17.5997
      vertex 7.86699 38.7312 17.5671
    endloop
  endfacet
  facet normal -0.00384054 0.915696 0.401853
    outer loop
      vertex 7.41144 39.1067 16.7071
      vertex 7.86699 38.7312 17.5671
      vertex 7.85909 38.7582 17.5055
    endloop
  endfacet
  facet normal -0.0109915 0.914165 0.405194
    outer loop
      vertex 7.41144 39.1067 16.7071
      vertex 7.85909 38.7582 17.5055
      vertex 7.85393 38.7721 17.474
    endloop
  endfacet
  facet normal -0.00804748 0.91482 0.403781
    outer loop
      vertex 7.41144 39.1067 16.7071
      vertex 7.85393 38.7721 17.474
      vertex 7.84422 38.7981 17.4149
    endloop
  endfacet
  facet normal -0.00657691 0.915163 0.403031
    outer loop
      vertex 7.41144 39.1067 16.7071
      vertex 7.84422 38.7981 17.4149
      vertex 7.83811 38.8114 17.3846
    endloop
  endfacet
  facet normal -0.00657714 0.915163 0.403031
    outer loop
      vertex 7.41144 39.1067 16.7071
      vertex 7.83811 38.8114 17.3846
      vertex 7.82667 38.8362 17.3281
    endloop
  endfacet
  facet normal -0.00574255 0.915373 0.402565
    outer loop
      vertex 7.41144 39.1067 16.7071
      vertex 7.82667 38.8362 17.3281
      vertex 7.80658 38.8724 17.2455
    endloop
  endfacet
  facet normal -0.00790935 0.914772 0.403894
    outer loop
      vertex 7.41144 39.1067 16.7071
      vertex 7.80658 38.8724 17.2455
      vertex 7.78406 38.9066 17.1676
    endloop
  endfacet
  facet normal -0.00579755 0.915417 0.402465
    outer loop
      vertex 7.41144 39.1067 16.7071
      vertex 7.78406 38.9066 17.1676
      vertex 7.77536 38.9178 17.142
    endloop
  endfacet
  facet normal -0.00822355 0.91465 0.404162
    outer loop
      vertex 7.41144 39.1067 16.7071
      vertex 7.77536 38.9178 17.142
      vertex 7.75924 38.9386 17.0946
    endloop
  endfacet
  facet normal -0.00245205 0.916589 0.399823
    outer loop
      vertex 7.41144 39.1067 16.7071
      vertex 7.75924 38.9386 17.0946
      vertex 7.74976 38.949 17.0707
    endloop
  endfacet
  facet normal -0.00844574 0.914501 0.404495
    outer loop
      vertex 7.41144 39.1067 16.7071
      vertex 7.74976 38.949 17.0707
      vertex 7.73225 38.9683 17.0267
    endloop
  endfacet
  facet normal -0.00905451 0.91427 0.405005
    outer loop
      vertex 7.41144 39.1067 16.7071
      vertex 7.73225 38.9683 17.0267
      vertex 7.72202 38.9779 17.0048
    endloop
  endfacet
  facet normal -0.00647392 0.915286 0.402753
    outer loop
      vertex 7.41144 39.1067 16.7071
      vertex 7.72202 38.9779 17.0048
      vertex 7.70319 38.9955 16.9645
    endloop
  endfacet
  facet normal -0.00809237 0.914596 0.404289
    outer loop
      vertex 7.41144 39.1067 16.7071
      vertex 7.70319 38.9955 16.9645
      vertex 7.69227 39.0042 16.9446
    endloop
  endfacet
  facet normal -0.00584134 0.915595 0.402059
    outer loop
      vertex 7.41144 39.1067 16.7071
      vertex 7.69227 39.0042 16.9446
      vertex 7.67221 39.0201 16.9081
    endloop
  endfacet
  facet normal -0.00595409 0.915541 0.402181
    outer loop
      vertex 7.41144 39.1067 16.7071
      vertex 7.67221 39.0201 16.9081
      vertex 7.66063 39.0278 16.8904
    endloop
  endfacet
  facet normal -0.0637596 0.89801 0.435331
    outer loop
      vertex 7.62722 39.0486 16.8426
      vertex 7.66063 39.0278 16.8904
      vertex 7.63941 39.042 16.858
    endloop
  endfacet
  facet normal -0.00651897 0.915253 0.402826
    outer loop
      vertex 7.66063 39.0278 16.8904
      vertex 7.62722 39.0486 16.8426
      vertex 7.41144 39.1067 16.7071
    endloop
  endfacet
  facet normal -0.033501 0.90553 0.422957
    outer loop
      vertex 7.59216 39.0665 16.8015
      vertex 7.62722 39.0486 16.8426
      vertex 7.60492 39.0609 16.8145
    endloop
  endfacet
  facet normal -0.00833377 0.914168 0.40525
    outer loop
      vertex 7.62722 39.0486 16.8426
      vertex 7.59216 39.0665 16.8015
      vertex 7.41144 39.1067 16.7071
    endloop
  endfacet
  facet normal 0.00154307 0.918486 0.39545
    outer loop
      vertex 7.55558 39.0812 16.7675
      vertex 7.59216 39.0665 16.8015
      vertex 7.56887 39.0767 16.7779
    endloop
  endfacet
  facet normal -0.00709923 0.915056 0.403265
    outer loop
      vertex 7.59216 39.0665 16.8015
      vertex 7.55558 39.0812 16.7675
      vertex 7.41144 39.1067 16.7071
    endloop
  endfacet
  facet normal -0.00535647 0.915628 0.401991
    outer loop
      vertex 7.5176 39.0927 16.7408
      vertex 7.55558 39.0812 16.7675
      vertex 7.53137 39.0894 16.7485
    endloop
  endfacet
  facet normal -0.00808587 0.914172 0.405246
    outer loop
      vertex 7.55558 39.0812 16.7675
      vertex 7.5176 39.0927 16.7408
      vertex 7.41144 39.1067 16.7071
    endloop
  endfacet
  facet normal 0.00250459 0.921748 0.387782
    outer loop
      vertex 7.47835 39.1008 16.7218
      vertex 7.5176 39.0927 16.7408
      vertex 7.49254 39.0987 16.7267
    endloop
  endfacet
  facet normal -0.00977463 0.912408 0.409166
    outer loop
      vertex 7.43794 39.1053 16.7108
      vertex 7.5176 39.0927 16.7408
      vertex 7.47835 39.1008 16.7218
    endloop
  endfacet
  facet normal -0.00231589 0.922534 0.385908
    outer loop
      vertex 7.43794 39.1053 16.7108
      vertex 7.47835 39.1008 16.7218
      vertex 7.45253 39.1045 16.7128
    endloop
  endfacet
  facet normal -0.00843872 0.913752 0.406184
    outer loop
      vertex 7.5176 39.0927 16.7408
      vertex 7.43794 39.1053 16.7108
      vertex 7.41144 39.1067 16.7071
    endloop
  endfacet
  facet normal -0.00502731 0.915355 0.402616
    outer loop
      vertex 7.88648 38.6297 17.7975
      vertex 7.41144 39.1067 16.7071
      vertex 7.88796 38.6071 17.8489
    endloop
  endfacet
  facet normal -0.00703519 0.915035 0.403314
    outer loop
      vertex 7.88796 38.6071 17.8489
      vertex 7.41144 39.1067 16.7071
      vertex 3.14623 39.1067 16.6327
    endloop
  endfacet
  facet normal -0.652401 -0.632591 0.417375
    outer loop
      vertex -66.9505 -23.7583 11.468
      vertex -66.9641 -23.7322 11.4863
      vertex -66.9532 -23.7538 11.4706
    endloop
  endfacet
  facet normal -0.657425 -0.631166 0.41161
    outer loop
      vertex -66.9641 -23.7322 11.4863
      vertex -66.9505 -23.7583 11.468
      vertex -64.4085 -21.6419 18.7734
    endloop
  endfacet
  facet normal -0.411622 -0.805949 0.425458
    outer loop
      vertex -66.8831 -23.8496 11.3888
      vertex -66.9015 -23.8288 11.4104
      vertex -66.8872 -23.8455 11.3926
    endloop
  endfacet
  facet normal -0.449399 -0.803335 0.39076
    outer loop
      vertex -66.9015 -23.8288 11.4104
      vertex -66.8831 -23.8496 11.3888
      vertex -64.4085 -21.6419 18.7734
    endloop
  endfacet
  facet normal -0.818456 -0.40714 0.405421
    outer loop
      vertex -67.0011 -23.6232 11.5498
      vertex -64.4085 -21.6419 18.7734
      vertex -67.0025 -23.617 11.5532
    endloop
  endfacet
  facet normal -0.820156 -0.403966 0.40516
    outer loop
      vertex -64.4085 -21.6419 18.7734
      vertex -67.0011 -23.6232 11.5498
      vertex -66.9958 -23.6474 11.5364
    endloop
  endfacet
  facet normal -0.908955 -0.199726 0.365937
    outer loop
      vertex -67.0102 -23.5538 11.5855
      vertex -67.0115 -23.5215 11.5999
      vertex -67.0114 -23.5302 11.5954
    endloop
  endfacet
  facet normal -0.901274 -0.206157 0.381057
    outer loop
      vertex -67.0115 -23.5215 11.5999
      vertex -67.0102 -23.5538 11.5855
      vertex -64.4085 -21.6419 18.7734
    endloop
  endfacet
  facet normal 0.763591 -0.574024 0.295677
    outer loop
      vertex 66.551 -28.3012 23.5857
      vertex 63.9824 -33.1509 20.804
      vertex 66.5511 -28.3039 23.5802
    endloop
  endfacet
  facet normal 0.758137 -0.576425 0.304899
    outer loop
      vertex 63.9824 -33.1509 20.804
      vertex 66.551 -28.3012 23.5857
      vertex 63.9249 -33.2498 20.76
    endloop
  endfacet
  facet normal 0 0 -1
    outer loop
      vertex 85.877 8.6048 1.19209
      vertex 86.0457 9.40109 1.19209
      vertex 85.9683 8.99498 1.19209
    endloop
  endfacet
  facet normal -0 0 -1
    outer loop
      vertex 86.0457 9.40109 1.19209
      vertex 85.877 8.6048 1.19209
      vertex 86.0476 9.41129 1.19209
    endloop
  endfacet
  facet normal 0 0 -1
    outer loop
      vertex 85.675 7.81625 1.19209
      vertex 85.877 8.6048 1.19209
      vertex 85.7828 8.20263 1.19209
    endloop
  endfacet
  facet normal -0 0 -1
    outer loop
      vertex 85.877 8.6048 1.19209
      vertex 85.675 7.81625 1.19209
      vertex 86.0476 9.41129 1.19209
    endloop
  endfacet
  facet normal 0 0 -1
    outer loop
      vertex 85.4403 7.03684 1.19209
      vertex 85.675 7.81625 1.19209
      vertex 85.5642 7.41872 1.19209
    endloop
  endfacet
  facet normal -0 0 -1
    outer loop
      vertex 85.675 7.81625 1.19209
      vertex 85.4403 7.03684 1.19209
      vertex 86.0476 9.41129 1.19209
    endloop
  endfacet
  facet normal 0 0 -1
    outer loop
      vertex 85.0298 5.88173 1.19209
      vertex 85.4403 7.03684 1.19209
      vertex 85.3131 6.64463 1.19209
    endloop
  endfacet
  facet normal 0 0 -1
    outer loop
      vertex 84.8742 5.51086 1.19209
      vertex 85.4403 7.03684 1.19209
      vertex 85.0298 5.88173 1.19209
    endloop
  endfacet
  facet normal -0 0 -1
    outer loop
      vertex 85.4403 7.03684 1.19209
      vertex 84.8742 5.51086 1.19209
      vertex 86.0476 9.41129 1.19209
    endloop
  endfacet
  facet normal 0 0 -1
    outer loop
      vertex 84.5437 4.76697 1.19209
      vertex 84.8742 5.51086 1.19209
      vertex 84.7149 5.13133 1.19209
    endloop
  endfacet
  facet normal -0 0 -1
    outer loop
      vertex 84.8742 5.51086 1.19209
      vertex 84.5437 4.76697 1.19209
      vertex 86.0476 9.41129 1.19209
    endloop
  endfacet
  facet normal 0.000538987 -0.000253275 -1
    outer loop
      vertex 84.1824 4.03758 1.19208
      vertex 84.5437 4.76697 1.19209
      vertex 84.3688 4.39477 1.19209
    endloop
  endfacet
  facet normal 7.9928e-05 -2.58819e-05 -1
    outer loop
      vertex 84.5437 4.76697 1.19209
      vertex 84.1824 4.03758 1.19208
      vertex 86.0476 9.41129 1.19209
    endloop
  endfacet
  facet normal 0 0 -1
    outer loop
      vertex 83.791 3.32396 1.19208
      vertex 84.1824 4.03758 1.19208
      vertex 83.9923 3.67335 1.19208
    endloop
  endfacet
  facet normal -9.24108e-06 5.06846e-06 -1
    outer loop
      vertex 84.1824 4.03758 1.19208
      vertex 83.791 3.32396 1.19208
      vertex 86.0476 9.41129 1.19209
    endloop
  endfacet
  facet normal 0 0 -1
    outer loop
      vertex 83.37 2.62735 1.19208
      vertex 83.791 3.32396 1.19208
      vertex 83.586 2.96831 1.19208
    endloop
  endfacet
  facet normal -7.03081e-06 4.24911e-06 -1
    outer loop
      vertex 83.791 3.32396 1.19208
      vertex 83.37 2.62735 1.19208
      vertex 86.0476 9.41129 1.19209
    endloop
  endfacet
  facet normal -0.00047979 0.000332835 -1
    outer loop
      vertex 82.6867 1.61231 1.19207
      vertex 83.37 2.62735 1.19208
      vertex 83.1505 2.28089 1.19207
    endloop
  endfacet
  facet normal 3.0084e-05 -1.04e-05 -1
    outer loop
      vertex 83.37 2.62735 1.19208
      vertex 82.6867 1.61231 1.19207
      vertex 86.0476 9.41129 1.19209
    endloop
  endfacet
  facet normal -0.000226338 0.000186873 -1
    outer loop
      vertex 81.9378 0.651739 1.19206
      vertex 82.6867 1.61231 1.19207
      vertex 82.1954 0.963741 1.19206
    endloop
  endfacet
  facet normal 2.25009e-05 -7.1321e-06 -1
    outer loop
      vertex 82.6867 1.61231 1.19207
      vertex 81.9378 0.651739 1.19206
      vertex 86.0476 9.41129 1.19209
    endloop
  endfacet
  facet normal -0.000437143 0.000392741 -1
    outer loop
      vertex 81.4067 0.0351312 1.19205
      vertex 81.9378 0.651739 1.19206
      vertex 81.6773 0.336325 1.19205
    endloop
  endfacet
  facet normal 3.26229e-05 -1.18811e-05 -1
    outer loop
      vertex 81.9378 0.651739 1.19206
      vertex 81.4067 0.0351312 1.19205
      vertex 86.0476 9.41129 1.19209
    endloop
  endfacet
  facet normal 0.000440176 -0.000395602 -1
    outer loop
      vertex 80.8503 -0.558682 1.19204
      vertex 81.4067 0.0351312 1.19205
      vertex 81.1335 -0.268851 1.19205
    endloop
  endfacet
  facet normal 2.84466e-05 -9.81404e-06 -1
    outer loop
      vertex 81.4067 0.0351312 1.19205
      vertex 80.8503 -0.558682 1.19204
      vertex 86.0476 9.41129 1.19209
    endloop
  endfacet
  facet normal 0.000422375 -0.000412776 -1
    outer loop
      vertex 80.2696 -1.12866 1.19203
      vertex 80.8503 -0.558682 1.19204
      vertex 80.5649 -0.850719 1.19204
    endloop
  endfacet
  facet normal 2.51841e-05 -8.11328e-06 -1
    outer loop
      vertex 80.8503 -0.558682 1.19204
      vertex 80.2696 -1.12866 1.19203
      vertex 86.0476 9.41129 1.19209
    endloop
  endfacet
  facet normal 0.000403865 -0.000429128 -1
    outer loop
      vertex 79.6656 -1.6738 1.19202
      vertex 80.2696 -1.12866 1.19203
      vertex 79.9725 -1.40827 1.19203
    endloop
  endfacet
  facet normal 2.26008e-05 -6.69711e-06 -1
    outer loop
      vertex 80.2696 -1.12866 1.19203
      vertex 79.6656 -1.6738 1.19202
      vertex 86.0476 9.41129 1.19209
    endloop
  endfacet
  facet normal 0.000385139 -0.000445213 -1
    outer loop
      vertex 79.0393 -2.19313 1.19201
      vertex 79.6656 -1.6738 1.19202
      vertex 79.3573 -1.9405 1.19202
    endloop
  endfacet
  facet normal 2.05328e-05 -5.50655e-06 -1
    outer loop
      vertex 79.6656 -1.6738 1.19202
      vertex 79.0393 -2.19313 1.19201
      vertex 86.0476 9.41129 1.19209
    endloop
  endfacet
  facet normal 0.000365833 -0.000460468 -1
    outer loop
      vertex 78.3919 -2.68576 1.192
      vertex 79.0393 -2.19313 1.19201
      vertex 78.7204 -2.44649 1.19201
    endloop
  endfacet
  facet normal 1.88744e-05 -4.50495e-06 -1
    outer loop
      vertex 79.0393 -2.19313 1.19201
      vertex 78.3919 -2.68576 1.192
      vertex 86.0476 9.41129 1.19209
    endloop
  endfacet
  facet normal -0.00032655 0.000490129 -1
    outer loop
      vertex 77.7245 -3.15082 1.19199
      vertex 78.3919 -2.68576 1.192
      vertex 78.0629 -2.92536 1.19199
    endloop
  endfacet
  facet normal 1.75297e-05 -3.65394e-06 -1
    outer loop
      vertex 78.3919 -2.68576 1.192
      vertex 77.7245 -3.15082 1.19199
      vertex 86.0476 9.41129 1.19209
    endloop
  endfacet
  facet normal -6.06334e-05 0.000135387 -1
    outer loop
      vertex 76.3343 -3.99501 1.19196
      vertex 77.7245 -3.15082 1.19199
      vertex 77.386 -3.37628 1.19198
    endloop
  endfacet
  facet normal 0.000162437 -0.000243781 -1
    outer loop
      vertex 76.3343 -3.99501 1.19196
      vertex 77.386 -3.37628 1.19198
      vertex 76.6909 -3.79842 1.19197
    endloop
  endfacet
  facet normal 2.80184e-05 -1.06033e-05 -1
    outer loop
      vertex 77.7245 -3.15082 1.19199
      vertex 76.3343 -3.99501 1.19196
      vertex 86.0476 9.41129 1.19209
    endloop
  endfacet
  facet normal -0.000262472 0.000527112 -1
    outer loop
      vertex 75.614 -4.37265 1.19195
      vertex 76.3343 -3.99501 1.19196
      vertex 75.9787 -4.19105 1.19195
    endloop
  endfacet
  facet normal 1.4189e-05 -5.83459e-07 -1
    outer loop
      vertex 76.3343 -3.99501 1.19196
      vertex 75.614 -4.37265 1.19195
      vertex 86.0476 9.41129 1.19209
    endloop
  endfacet
  facet normal -4.35327e-05 0.000142713 -1
    outer loop
      vertex 74.1293 -5.03575 1.19192
      vertex 75.614 -4.37265 1.19195
      vertex 75.2508 -4.55351 1.19194
    endloop
  endfacet
  facet normal -0.000217143 0.000546461 -1
    outer loop
      vertex 74.1293 -5.03575 1.19192
      vertex 75.2508 -4.55351 1.19194
      vertex 74.5083 -4.88515 1.19192
    endloop
  endfacet
  facet normal 2.36729e-05 -7.76216e-06 -1
    outer loop
      vertex 75.614 -4.37265 1.19195
      vertex 74.1293 -5.03575 1.19192
      vertex 86.0476 9.41129 1.19209
    endloop
  endfacet
  facet normal 2.16164e-05 1.24265e-05 -1
    outer loop
      vertex 73.3675 -5.32003 1.1919
      vertex 74.1293 -5.03575 1.19192
      vertex 73.7527 -5.18537 1.19191
    endloop
  endfacet
  facet normal 3.15864e-05 -1.42906e-05 -1
    outer loop
      vertex 74.1293 -5.03575 1.19192
      vertex 73.3675 -5.32003 1.1919
      vertex 86.0476 9.41129 1.19209
    endloop
  endfacet
  facet normal 2.19581e-05 1.2014e-05 -1
    outer loop
      vertex 72.5946 -5.57212 1.19188
      vertex 73.3675 -5.32003 1.1919
      vertex 72.9852 -5.45366 1.19189
    endloop
  endfacet
  facet normal 3.01282e-05 -1.30354e-05 -1
    outer loop
      vertex 73.3675 -5.32003 1.1919
      vertex 72.5946 -5.57212 1.19188
      vertex 86.0476 9.41129 1.19209
    endloop
  endfacet
  facet normal 0.000169877 -0.000560375 -1
    outer loop
      vertex 71.8118 -5.79158 1.19187
      vertex 72.5946 -5.57212 1.19188
      vertex 72.2072 -5.68956 1.19188
    endloop
  endfacet
  facet normal 1.18209e-05 3.40199e-06 -1
    outer loop
      vertex 72.5946 -5.57212 1.19188
      vertex 71.8118 -5.79158 1.19187
      vertex 86.0476 9.41129 1.19209
    endloop
  endfacet
  facet normal 2.25882e-05 1.14023e-05 -1
    outer loop
      vertex 71.0205 -5.97803 1.19185
      vertex 71.8118 -5.79158 1.19187
      vertex 71.4201 -5.89263 1.19186
    endloop
  endfacet
  facet normal 2.80551e-05 -1.17996e-05 -1
    outer loop
      vertex 71.8118 -5.79158 1.19187
      vertex 71.0205 -5.97803 1.19185
      vertex 86.0476 9.41129 1.19209
    endloop
  endfacet
  facet normal 2.29735e-05 1.08434e-05 -1
    outer loop
      vertex 70.2222 -6.13114 1.19183
      vertex 71.0205 -5.97803 1.19185
      vertex 70.6251 -6.06253 1.19184
    endloop
  endfacet
  facet normal 2.71461e-05 -1.09119e-05 -1
    outer loop
      vertex 71.0205 -5.97803 1.19185
      vertex 70.2222 -6.13114 1.19183
      vertex 86.0476 9.41129 1.19209
    endloop
  endfacet
  facet normal 2.33288e-05 1.04069e-05 -1
    outer loop
      vertex 69.4182 -6.25064 1.19181
      vertex 70.2222 -6.13114 1.19183
      vertex 69.8238 -6.19896 1.19182
    endloop
  endfacet
  facet normal 2.63818e-05 -1.01337e-05 -1
    outer loop
      vertex 70.2222 -6.13114 1.19183
      vertex 69.4182 -6.25064 1.19181
      vertex 86.0476 9.41129 1.19209
    endloop
  endfacet
  facet normal 2.36758e-05 1.00994e-05 -1
    outer loop
      vertex 68.61 -6.33631 1.19179
      vertex 69.4182 -6.25064 1.19181
      vertex 69.0176 -6.30168 1.1918
    endloop
  endfacet
  facet normal 2.57494e-05 -9.4622e-06 -1
    outer loop
      vertex 69.4182 -6.25064 1.19181
      vertex 68.61 -6.33631 1.19179
      vertex 86.0476 9.41129 1.19209
    endloop
  endfacet
  facet normal 2.41967e-05 -7.74286e-06 -1
    outer loop
      vertex 67.788 32.4233 1.19147
      vertex 86.0476 9.41129 1.19209
      vertex 68.61 -6.33631 1.19179
    endloop
  endfacet
  facet normal 2.17106e-05 -9.71553e-06 -1
    outer loop
      vertex 86.0476 9.41129 1.19209
      vertex 67.788 32.4233 1.19147
      vertex 68.2397 32.4034 1.19148
    endloop
  endfacet
  facet normal 8.49863e-05 -0.000999999 -0.999999
    outer loop
      vertex 67.7328 -6.39086 1.19177
      vertex 68.61 -6.33631 1.19179
      vertex 68.2077 -6.3705 1.19179
    endloop
  endfacet
  facet normal 4.63289e-05 0.000549083 -1
    outer loop
      vertex 68.2397 32.4034 1.19148
      vertex 67.788 32.4233 1.19147
      vertex 68.2077 32.4061 1.19148
    endloop
  endfacet
  facet normal 2.32825e-05 -7.76225e-06 -1
    outer loop
      vertex 68.61 -6.33631 1.19179
      vertex 67.7328 -6.39086 1.19177
      vertex 67.788 32.4233 1.19147
    endloop
  endfacet
  facet normal 2.4165e-05 -7.7635e-06 -1
    outer loop
      vertex 66.9654 32.439 1.19145
      vertex 67.788 32.4233 1.19147
      vertex 67.7328 -6.39086 1.19177
    endloop
  endfacet
  facet normal 2.32843e-05 -5.39067e-05 -1
    outer loop
      vertex 67.788 32.4233 1.19147
      vertex 66.9654 32.439 1.19145
      vertex 67.3958 32.4394 1.19146
    endloop
  endfacet
  facet normal 0.748869 -0.580237 0.320187
    outer loop
      vertex 66.5499 -28.2694 23.6459
      vertex 63.9249 -33.2498 20.76
      vertex 66.551 -28.3012 23.5857
    endloop
  endfacet
  facet normal 0.748521 -0.580377 0.320747
    outer loop
      vertex 66.5362 -27.856 24.4259
      vertex 63.9249 -33.2498 20.76
      vertex 66.5499 -28.2694 23.6459
    endloop
  endfacet
  facet normal 0.748575 -0.58035 0.320669
    outer loop
      vertex 52.49 -48.7548 19.3927
      vertex 63.9249 -33.2498 20.76
      vertex 66.5362 -27.856 24.4259
    endloop
  endfacet
  facet normal 0.748578 -0.580352 0.320659
    outer loop
      vertex 63.9249 -33.2498 20.76
      vertex 52.49 -48.7548 19.3927
      vertex 57.5829 -44.1562 15.8262
    endloop
  endfacet
  facet normal 0.748579 -0.580346 0.320667
    outer loop
      vertex 57.5829 -44.1562 15.8262
      vertex 52.49 -48.7548 19.3927
      vertex 53.3088 -51.5065 12.5012
    endloop
  endfacet
  facet normal 2.28258e-05 2.63375e-08 -1
    outer loop
      vertex -28.7599 37.3733 1.18912
      vertex -28.3221 37.6337 1.18913
      vertex -26.1316 37.6357 1.18918
    endloop
  endfacet
  facet normal -2.02986e-06 4.18152e-05 -1
    outer loop
      vertex -28.3221 37.6337 1.18913
      vertex -28.7599 37.3733 1.18912
      vertex -28.3427 37.6327 1.18913
    endloop
  endfacet
  facet normal 0.000282903 -0.00041645 -1
    outer loop
      vertex -28.3832 37.6292 1.18912
      vertex -28.3427 37.6327 1.18913
      vertex -28.7599 37.3733 1.18912
    endloop
  endfacet
  facet normal -0.000323618 0.0066018 -0.999978
    outer loop
      vertex -28.3427 37.6327 1.18913
      vertex -28.3832 37.6292 1.18912
      vertex -28.3631 37.6317 1.18913
    endloop
  endfacet
  facet normal 0 -0 -1
    outer loop
      vertex -28.4228 37.6225 1.18912
      vertex -28.3832 37.6292 1.18912
      vertex -28.7599 37.3733 1.18912
    endloop
  endfacet
  facet normal 0 0 -1
    outer loop
      vertex -28.3832 37.6292 1.18912
      vertex -28.4228 37.6225 1.18912
      vertex -28.4032 37.6266 1.18912
    endloop
  endfacet
  facet normal 0 -0 -1
    outer loop
      vertex -28.4613 37.6128 1.18912
      vertex -28.4228 37.6225 1.18912
      vertex -28.7599 37.3733 1.18912
    endloop
  endfacet
  facet normal 0 0 -1
    outer loop
      vertex -28.4228 37.6225 1.18912
      vertex -28.4613 37.6128 1.18912
      vertex -28.4422 37.6184 1.18912
    endloop
  endfacet
  facet normal 0 -0 -1
    outer loop
      vertex -28.4985 37.6002 1.18912
      vertex -28.4613 37.6128 1.18912
      vertex -28.7599 37.3733 1.18912
    endloop
  endfacet
  facet normal 0 0 -1
    outer loop
      vertex -28.4613 37.6128 1.18912
      vertex -28.4985 37.6002 1.18912
      vertex -28.4801 37.6072 1.18912
    endloop
  endfacet
  facet normal 0 -0 -1
    outer loop
      vertex -28.5344 37.5849 1.18912
      vertex -28.4985 37.6002 1.18912
      vertex -28.7599 37.3733 1.18912
    endloop
  endfacet
  facet normal 0 0 -1
    outer loop
      vertex -28.4985 37.6002 1.18912
      vertex -28.5344 37.5849 1.18912
      vertex -28.5167 37.5933 1.18912
    endloop
  endfacet
  facet normal 0 -0 -1
    outer loop
      vertex -28.5688 37.5669 1.18912
      vertex -28.5344 37.5849 1.18912
      vertex -28.7599 37.3733 1.18912
    endloop
  endfacet
  facet normal 0 0 -1
    outer loop
      vertex -28.5344 37.5849 1.18912
      vertex -28.5688 37.5669 1.18912
      vertex -28.5519 37.5766 1.18912
    endloop
  endfacet
  facet normal 0 -0 -1
    outer loop
      vertex -28.6326 37.5236 1.18912
      vertex -28.5688 37.5669 1.18912
      vertex -28.7599 37.3733 1.18912
    endloop
  endfacet
  facet normal 0 0 -1
    outer loop
      vertex -28.5688 37.5669 1.18912
      vertex -28.6326 37.5236 1.18912
      vertex -28.5855 37.5573 1.18912
    endloop
  endfacet
  facet normal 0 0 -1
    outer loop
      vertex -28.5855 37.5573 1.18912
      vertex -28.6326 37.5236 1.18912
      vertex -28.6174 37.5356 1.18912
    endloop
  endfacet
  facet normal 0 -0 -1
    outer loop
      vertex -28.6617 37.4985 1.18912
      vertex -28.6326 37.5236 1.18912
      vertex -28.7599 37.3733 1.18912
    endloop
  endfacet
  facet normal 0 0 -1
    outer loop
      vertex -28.6326 37.5236 1.18912
      vertex -28.6617 37.4985 1.18912
      vertex -28.6475 37.5116 1.18912
    endloop
  endfacet
  facet normal 0 -0 -1
    outer loop
      vertex -28.6889 37.4713 1.18912
      vertex -28.6617 37.4985 1.18912
      vertex -28.7599 37.3733 1.18912
    endloop
  endfacet
  facet normal 0 0 -1
    outer loop
      vertex -28.6617 37.4985 1.18912
      vertex -28.6889 37.4713 1.18912
      vertex -28.6757 37.4855 1.18912
    endloop
  endfacet
  facet normal 0 -0 -1
    outer loop
      vertex -28.7139 37.4421 1.18912
      vertex -28.6889 37.4713 1.18912
      vertex -28.7599 37.3733 1.18912
    endloop
  endfacet
  facet normal 0 0 -1
    outer loop
      vertex -28.6889 37.4713 1.18912
      vertex -28.7139 37.4421 1.18912
      vertex -28.7019 37.4572 1.18912
    endloop
  endfacet
  facet normal 0 -0 -1
    outer loop
      vertex -28.7367 37.411 1.18912
      vertex -28.7139 37.4421 1.18912
      vertex -28.7599 37.3733 1.18912
    endloop
  endfacet
  facet normal 0 0 -1
    outer loop
      vertex -28.7139 37.4421 1.18912
      vertex -28.7367 37.411 1.18912
      vertex -28.7258 37.4271 1.18912
    endloop
  endfacet
  facet normal 0 0 -1
    outer loop
      vertex -28.7367 37.411 1.18912
      vertex -28.757 37.3783 1.18912
      vertex -28.7474 37.3952 1.18912
    endloop
  endfacet
  facet normal 0 0 -1
    outer loop
      vertex -28.7367 37.411 1.18912
      vertex -28.7599 37.3733 1.18912
      vertex -28.757 37.3783 1.18912
    endloop
  endfacet
  facet normal 2.5135e-05 -1.95821e-05 -1
    outer loop
      vertex -9.81947 39.264 1.18956
      vertex -9.32047 39.9045 1.18956
      vertex -3.34841 39.91 1.18971
    endloop
  endfacet
  facet normal 9.35424e-05 -7.28769e-05 -1
    outer loop
      vertex -9.81925 39.4015 1.18955
      vertex -9.32047 39.9045 1.18956
      vertex -9.81947 39.264 1.18956
    endloop
  endfacet
  facet normal -1.00721e-06 2.08795e-05 -1
    outer loop
      vertex -9.32047 39.9045 1.18956
      vertex -9.81925 39.4015 1.18955
      vertex -9.3412 39.9035 1.18956
    endloop
  endfacet
  facet normal 2.18497e-05 -8.86969e-07 -1
    outer loop
      vertex -9.81843 39.4217 1.18955
      vertex -9.3412 39.9035 1.18956
      vertex -9.81925 39.4015 1.18955
    endloop
  endfacet
  facet normal 0 0 -1
    outer loop
      vertex -9.3412 39.9035 1.18956
      vertex -9.38158 39.8999 1.18956
      vertex -9.36131 39.9026 1.18956
    endloop
  endfacet
  facet normal -2.02965e-06 2.27659e-05 -1
    outer loop
      vertex -9.3412 39.9035 1.18956
      vertex -9.81843 39.4217 1.18955
      vertex -9.38158 39.8999 1.18956
    endloop
  endfacet
  facet normal 0 0 -1
    outer loop
      vertex -9.38158 39.8999 1.18956
      vertex -9.42099 39.8932 1.18956
      vertex -9.40125 39.8974 1.18956
    endloop
  endfacet
  facet normal -4.20882e-06 2.47566e-05 -1
    outer loop
      vertex -9.38158 39.8999 1.18956
      vertex -9.81843 39.4217 1.18955
      vertex -9.42099 39.8932 1.18956
    endloop
  endfacet
  facet normal 0 0 -1
    outer loop
      vertex -9.42099 39.8932 1.18956
      vertex -9.45932 39.8835 1.18956
      vertex -9.44017 39.8892 1.18956
    endloop
  endfacet
  facet normal -6.82261e-06 2.69599e-05 -1
    outer loop
      vertex -9.42099 39.8932 1.18956
      vertex -9.81843 39.4217 1.18955
      vertex -9.45932 39.8835 1.18956
    endloop
  endfacet
  facet normal 0 0 -1
    outer loop
      vertex -9.45932 39.8835 1.18956
      vertex -9.49643 39.8708 1.18956
      vertex -9.47792 39.878 1.18956
    endloop
  endfacet
  facet normal -1.0098e-05 2.95069e-05 -1
    outer loop
      vertex -9.45932 39.8835 1.18956
      vertex -9.81843 39.4217 1.18955
      vertex -9.49643 39.8708 1.18956
    endloop
  endfacet
  facet normal 0 0 -1
    outer loop
      vertex -9.49643 39.8708 1.18956
      vertex -9.53219 39.8554 1.18956
      vertex -9.5144 39.8639 1.18956
    endloop
  endfacet
  facet normal -1.38726e-05 3.22133e-05 -1
    outer loop
      vertex -9.49643 39.8708 1.18956
      vertex -9.81843 39.4217 1.18955
      vertex -9.53219 39.8554 1.18956
    endloop
  endfacet
  facet normal 0 0 -1
    outer loop
      vertex -9.53219 39.8554 1.18956
      vertex -9.56647 39.8374 1.18956
      vertex -9.54947 39.8472 1.18956
    endloop
  endfacet
  facet normal -1.85282e-05 3.52859e-05 -1
    outer loop
      vertex -9.53219 39.8554 1.18956
      vertex -9.81843 39.4217 1.18955
      vertex -9.56647 39.8374 1.18956
    endloop
  endfacet
  facet normal -3.23125e-05 4.36408e-05 -1
    outer loop
      vertex -9.65912 39.7688 1.18956
      vertex -9.56647 39.8374 1.18956
      vertex -9.81843 39.4217 1.18955
    endloop
  endfacet
  facet normal 0 0 -1
    outer loop
      vertex -9.56647 39.8374 1.18956
      vertex -9.61481 39.8062 1.18956
      vertex -9.58298 39.8279 1.18956
    endloop
  endfacet
  facet normal 0 0 -1
    outer loop
      vertex -9.61481 39.8062 1.18956
      vertex -9.65912 39.7688 1.18956
      vertex -9.64486 39.7821 1.18956
    endloop
  endfacet
  facet normal 0 0 -1
    outer loop
      vertex -9.56647 39.8374 1.18956
      vertex -9.65912 39.7688 1.18956
      vertex -9.61481 39.8062 1.18956
    endloop
  endfacet
  facet normal 0 0 -1
    outer loop
      vertex -9.65912 39.7688 1.18956
      vertex -9.68617 39.7416 1.18956
      vertex -9.67296 39.7559 1.18956
    endloop
  endfacet
  facet normal -5.37994e-05 5.35027e-05 -1
    outer loop
      vertex -9.65912 39.7688 1.18956
      vertex -9.81843 39.4217 1.18955
      vertex -9.68617 39.7416 1.18956
    endloop
  endfacet
  facet normal 0.00565563 -0.00447275 -0.999974
    outer loop
      vertex -9.68617 39.7416 1.18956
      vertex -9.71111 39.7123 1.18955
      vertex -9.69901 39.7276 1.18955
    endloop
  endfacet
  facet normal 0.000708247 -0.000261559 -1
    outer loop
      vertex -9.68617 39.7416 1.18956
      vertex -9.81843 39.4217 1.18955
      vertex -9.71111 39.7123 1.18955
    endloop
  endfacet
  facet normal 0 0 -1
    outer loop
      vertex -9.71111 39.7123 1.18955
      vertex -9.73378 39.6811 1.18955
      vertex -9.72286 39.6974 1.18955
    endloop
  endfacet
  facet normal 0 0 -1
    outer loop
      vertex -9.71111 39.7123 1.18955
      vertex -9.81843 39.4217 1.18955
      vertex -9.73378 39.6811 1.18955
    endloop
  endfacet
  facet normal 0 0 -1
    outer loop
      vertex -9.73378 39.6811 1.18955
      vertex -9.75407 39.6483 1.18955
      vertex -9.7444 39.6654 1.18955
    endloop
  endfacet
  facet normal 0 0 -1
    outer loop
      vertex -9.73378 39.6811 1.18955
      vertex -9.81843 39.4217 1.18955
      vertex -9.75407 39.6483 1.18955
    endloop
  endfacet
  facet normal 0 0 -1
    outer loop
      vertex -9.75407 39.6483 1.18955
      vertex -9.77185 39.6138 1.18955
      vertex -9.76347 39.6317 1.18955
    endloop
  endfacet
  facet normal 0 0 -1
    outer loop
      vertex -9.75407 39.6483 1.18955
      vertex -9.81843 39.4217 1.18955
      vertex -9.77185 39.6138 1.18955
    endloop
  endfacet
  facet normal 0 -0 -1
    outer loop
      vertex -9.79377 39.5598 1.18955
      vertex -9.77185 39.6138 1.18955
      vertex -9.81843 39.4217 1.18955
    endloop
  endfacet
  facet normal 0 0 -1
    outer loop
      vertex -9.77185 39.6138 1.18955
      vertex -9.79377 39.5598 1.18955
      vertex -9.77999 39.5964 1.18955
    endloop
  endfacet
  facet normal 0 0 -1
    outer loop
      vertex -9.81271 39.4827 1.18955
      vertex -9.81843 39.4217 1.18955
      vertex -9.81759 39.4425 1.18955
    endloop
  endfacet
  facet normal 0 0 -1
    outer loop
      vertex -9.79377 39.5598 1.18955
      vertex -9.81843 39.4217 1.18955
      vertex -9.80472 39.5218 1.18955
    endloop
  endfacet
  facet normal 0 0 -1
    outer loop
      vertex -9.80472 39.5218 1.18955
      vertex -9.81843 39.4217 1.18955
      vertex -9.81271 39.4827 1.18955
    endloop
  endfacet
  facet normal -0.680349 -0.585038 0.441426
    outer loop
      vertex -66.9641 -23.7321 11.4863
      vertex -66.9762 -23.7049 11.5037
      vertex -66.9702 -23.7198 11.4932
    endloop
  endfacet
  facet normal -0.821001 0 -0.570926
    outer loop
      vertex -66.9762 -23.7049 11.5037
      vertex -66.9641 -23.7321 11.4863
      vertex -66.9641 -23.7322 11.4863
    endloop
  endfacet
  facet normal -0.705757 -0.575841 0.41269
    outer loop
      vertex -66.9762 -23.7049 11.5037
      vertex -66.9641 -23.7322 11.4863
      vertex -64.4085 -21.6419 18.7734
    endloop
  endfacet
  facet normal -0.494283 -0.76442 0.41394
    outer loop
      vertex -66.9015 -23.8288 11.4104
      vertex -66.919 -23.8066 11.4305
      vertex -66.9116 -23.8168 11.4205
    endloop
  endfacet
  facet normal -0.509225 -0.762598 0.398917
    outer loop
      vertex -66.919 -23.8066 11.4305
      vertex -66.9015 -23.8288 11.4104
      vertex -64.4085 -21.6419 18.7734
    endloop
  endfacet
  facet normal -0.862554 -0.332226 0.381611
    outer loop
      vertex -67.0025 -23.617 11.5532
      vertex -67.0073 -23.5857 11.5696
      vertex -67.0041 -23.6094 11.5562
    endloop
  endfacet
  facet normal -0.851765 -0.339643 0.398923
    outer loop
      vertex -67.0073 -23.5857 11.5696
      vertex -67.0025 -23.617 11.5532
      vertex -64.4085 -21.6419 18.7734
    endloop
  endfacet
  facet normal 0.871894 0 0.489694
    outer loop
      vertex -66.9917 -23.6608 11.5291
      vertex -66.9958 -23.6474 11.5364
      vertex -66.9958 -23.6475 11.5364
    endloop
  endfacet
  facet normal -0.785866 -0.463479 0.409393
    outer loop
      vertex -66.9958 -23.6474 11.5364
      vertex -66.9917 -23.6608 11.5291
      vertex -64.4085 -21.6419 18.7734
    endloop
  endfacet
  facet normal -0.782827 -0.468352 0.409668
    outer loop
      vertex -64.4085 -21.6419 18.7734
      vertex -66.9917 -23.6608 11.5291
      vertex -66.9868 -23.6766 11.5204
    endloop
  endfacet
  facet normal -0.442824 0.737756 0.509532
    outer loop
      vertex -66.9859 31.9131 14.156
      vertex -67.0016 31.8842 14.1842
      vertex -64.4543 28.4315 21.3972
    endloop
  endfacet
  facet normal -0.477859 0.733147 0.483886
    outer loop
      vertex -67.0016 31.8842 14.1842
      vertex -66.9867 31.9116 14.1574
      vertex -66.9994 31.889 14.1791
    endloop
  endfacet
  facet normal -0.930897 0.293435 -0.217547
    outer loop
      vertex -67.0016 31.8842 14.1842
      vertex -66.9859 31.9131 14.156
      vertex -66.9867 31.9116 14.1574
    endloop
  endfacet
  facet normal 0 0 -1
    outer loop
      vertex 52.3882 -51.563 1.19177
      vertex 52.5175 -51.5508 1.19177
      vertex 52.4946 -51.5545 1.19177
    endloop
  endfacet
  facet normal 0 0 -1
    outer loop
      vertex 52.3316 -51.5631 1.19177
      vertex 52.5175 -51.5508 1.19177
      vertex 52.3882 -51.563 1.19177
    endloop
  endfacet
  facet normal 0.000191366 0.00187127 -0.999998
    outer loop
      vertex 52.118 -51.5466 1.19176
      vertex 52.3316 -51.5631 1.19177
      vertex 52.2813 -51.5633 1.19176
    endloop
  endfacet
  facet normal 0 0 -1
    outer loop
      vertex 52.118 -51.5466 1.19176
      vertex 52.2813 -51.5633 1.19176
      vertex 52.1744 -51.5553 1.19176
    endloop
  endfacet
  facet normal 2.15993e-05 -0.000326448 -1
    outer loop
      vertex 52.3316 -51.5631 1.19177
      vertex 52.118 -51.5466 1.19176
      vertex 52.5175 -51.5508 1.19177
    endloop
  endfacet
  facet normal 0 0 -1
    outer loop
      vertex 52.0119 -51.5257 1.19176
      vertex 52.118 -51.5466 1.19176
      vertex 52.0679 -51.5389 1.19176
    endloop
  endfacet
  facet normal 2.64425e-05 0.000134237 -1
    outer loop
      vertex 52.118 -51.5466 1.19176
      vertex 52.0119 -51.5257 1.19176
      vertex 52.5175 -51.5508 1.19177
    endloop
  endfacet
  facet normal -0.000504135 -0.00213719 -0.999998
    outer loop
      vertex 51.9071 -51.4963 1.19175
      vertex 52.0119 -51.5257 1.19176
      vertex 51.9623 -51.514 1.19176
    endloop
  endfacet
  facet normal 3.51475e-06 -0.000327607 -1
    outer loop
      vertex 52.0119 -51.5257 1.19176
      vertex 51.9071 -51.4963 1.19175
      vertex 52.5175 -51.5508 1.19177
    endloop
  endfacet
  facet normal 0 0 -1
    outer loop
      vertex 51.804 -51.4583 1.19175
      vertex 51.9071 -51.4963 1.19175
      vertex 51.8582 -51.4806 1.19175
    endloop
  endfacet
  facet normal 4.32402e-05 0.000117317 -1
    outer loop
      vertex 51.9071 -51.4963 1.19175
      vertex 51.804 -51.4583 1.19175
      vertex 52.5175 -51.5508 1.19177
    endloop
  endfacet
  facet normal 0 0 -1
    outer loop
      vertex 51.6048 -51.3559 1.19175
      vertex 51.804 -51.4583 1.19175
      vertex 51.7559 -51.4385 1.19175
    endloop
  endfacet
  facet normal 0 0 -1
    outer loop
      vertex 51.6048 -51.3559 1.19175
      vertex 51.7559 -51.4385 1.19175
      vertex 51.6561 -51.3876 1.19175
    endloop
  endfacet
  facet normal 3.74842e-05 7.29184e-05 -1
    outer loop
      vertex 51.804 -51.4583 1.19175
      vertex 51.6048 -51.3559 1.19175
      vertex 52.5175 -51.5508 1.19177
    endloop
  endfacet
  facet normal 3.35334e-05 5.44171e-05 -1
    outer loop
      vertex 51.5592 -51.3278 1.19175
      vertex 52.5175 -51.5508 1.19177
      vertex 51.6048 -51.3559 1.19175
    endloop
  endfacet
  facet normal 1.53192e-05 -2.38549e-05 -1
    outer loop
      vertex 43.9993 -46.9602 1.19153
      vertex 52.5175 -51.5508 1.19177
      vertex 51.5592 -51.3278 1.19175
    endloop
  endfacet
  facet normal 2.77525e-05 -7.83848e-07 -1
    outer loop
      vertex 37.263 -43.0684 1.19134
      vertex 52.5175 -51.5508 1.19177
      vertex 43.9993 -46.9602 1.19153
    endloop
  endfacet
  facet normal 0 0 -1
    outer loop
      vertex 37.1988 -43.0498 1.19134
      vertex 37.2309 -43.0589 1.19134
      vertex 37.2139 -43.0541 1.19134
    endloop
  endfacet
  facet normal -0.0870954 -0.315026 0.945078
    outer loop
      vertex 37.1665 -43.0409 1.19133
      vertex 37.1988 -43.0498 1.19134
      vertex 37.1818 -43.0451 1.19134
    endloop
  endfacet
  facet normal 0 0 1
    outer loop
      vertex 37.1018 -43.0242 1.19133
      vertex 37.1342 -43.0324 1.19133
      vertex 37.1171 -43.028 1.19133
    endloop
  endfacet
  facet normal 0 0 1
    outer loop
      vertex 37.0694 -43.0163 1.19133
      vertex 37.1018 -43.0242 1.19133
      vertex 37.0847 -43.02 1.19133
    endloop
  endfacet
  facet normal 0 0 -1
    outer loop
      vertex 37.0042 -43.0014 1.19133
      vertex 37.0368 -43.0087 1.19133
      vertex 37.0196 -43.0049 1.19133
    endloop
  endfacet
  facet normal 0 0 1
    outer loop
      vertex 36.9388 -42.9879 1.19133
      vertex 36.9715 -42.9945 1.19133
      vertex 36.9543 -42.991 1.19133
    endloop
  endfacet
  facet normal 0 0 1
    outer loop
      vertex 36.906 -42.9816 1.19133
      vertex 36.9388 -42.9879 1.19133
      vertex 36.9215 -42.9845 1.19133
    endloop
  endfacet
  facet normal 0 0 1
    outer loop
      vertex 36.8731 -42.9756 1.19133
      vertex 36.906 -42.9816 1.19133
      vertex 36.8886 -42.9784 1.19133
    endloop
  endfacet
  facet normal 0 0 1
    outer loop
      vertex 36.8402 -42.9699 1.19133
      vertex 36.8731 -42.9756 1.19133
      vertex 36.8558 -42.9726 1.19133
    endloop
  endfacet
  facet normal 0 0 1
    outer loop
      vertex 36.8072 -42.9646 1.19133
      vertex 36.8402 -42.9699 1.19133
      vertex 36.8228 -42.9671 1.19133
    endloop
  endfacet
  facet normal 0 0 1
    outer loop
      vertex 36.7411 -42.9549 1.19132
      vertex 36.7742 -42.9596 1.19132
      vertex 36.7567 -42.9571 1.19132
    endloop
  endfacet
  facet normal 0 0 -1
    outer loop
      vertex 36.708 -42.9505 1.19132
      vertex 36.7411 -42.9549 1.19132
      vertex 36.7236 -42.9526 1.19132
    endloop
  endfacet
  facet normal 2.35612e-05 -8.73565e-06 -1
    outer loop
      vertex -10.9659 -23.5823 1.19003
      vertex 36.6083 -42.9394 1.19132
      vertex 17.168 -40.4251 1.19084
    endloop
  endfacet
  facet normal 4.75283e-05 5.01688e-05 -1
    outer loop
      vertex -10.9735 -23.5751 1.19003
      vertex 36.6083 -42.9394 1.19132
      vertex -10.9659 -23.5823 1.19003
    endloop
  endfacet
  facet normal 4.66872e-05 4.8102e-05 -1
    outer loop
      vertex -10.9803 -23.5685 1.19003
      vertex 36.6083 -42.9394 1.19132
      vertex -10.9735 -23.5751 1.19003
    endloop
  endfacet
  facet normal 4.96693e-05 5.5428e-05 -1
    outer loop
      vertex -10.988 -23.5616 1.19003
      vertex 36.6083 -42.9394 1.19132
      vertex -10.9803 -23.5685 1.19003
    endloop
  endfacet
  facet normal 5.07762e-05 5.8147e-05 -1
    outer loop
      vertex -10.9951 -23.5554 1.19003
      vertex 36.6083 -42.9394 1.19132
      vertex -10.988 -23.5616 1.19003
    endloop
  endfacet
  facet normal 2.38066e-05 -8.82708e-06 -1
    outer loop
      vertex -5.99773 -30.3988 1.1902
      vertex 17.168 -40.4251 1.19084
      vertex -0.067676 -38.1959 1.19041
    endloop
  endfacet
  facet normal 0 0 -1
    outer loop
      vertex -0.0980343 -38.1949 1.19041
      vertex -0.0782364 -38.1957 1.19041
      vertex -0.0875305 -38.1955 1.19041
    endloop
  endfacet
  facet normal 0 0 -1
    outer loop
      vertex -0.0782364 -38.1957 1.19041
      vertex -0.0980343 -38.1949 1.19041
      vertex -0.067676 -38.1959 1.19041
    endloop
  endfacet
  facet normal 0.00230504 0.0226193 -0.999741
    outer loop
      vertex -0.126904 -38.1924 1.1904
      vertex -0.0980343 -38.1949 1.19041
      vertex -0.107278 -38.1944 1.1904
    endloop
  endfacet
  facet normal 0.000963991 0.00713216 -0.999974
    outer loop
      vertex -0.137262 -38.191 1.1904
      vertex -0.0980343 -38.1949 1.19041
      vertex -0.126904 -38.1924 1.1904
    endloop
  endfacet
  facet normal -0.00012631 -0.00383456 -0.999993
    outer loop
      vertex -0.0980343 -38.1949 1.19041
      vertex -0.137262 -38.191 1.1904
      vertex -0.067676 -38.1959 1.19041
    endloop
  endfacet
  facet normal 0 0 -1
    outer loop
      vertex -0.165698 -38.1863 1.1904
      vertex -0.137262 -38.191 1.1904
      vertex -0.146378 -38.1897 1.1904
    endloop
  endfacet
  facet normal 0.000250376 0.00151483 -0.999999
    outer loop
      vertex -0.137262 -38.191 1.1904
      vertex -0.165698 -38.1863 1.1904
      vertex -0.067676 -38.1959 1.19041
    endloop
  endfacet
  facet normal 0.000184113 0.000838238 -1
    outer loop
      vertex -0.18482 -38.1821 1.1904
      vertex -0.067676 -38.1959 1.19041
      vertex -0.165698 -38.1863 1.1904
    endloop
  endfacet
  facet normal 0.000156622 0.000604882 -1
    outer loop
      vertex -0.203744 -38.1772 1.1904
      vertex -0.067676 -38.1959 1.19041
      vertex -0.18482 -38.1821 1.1904
    endloop
  endfacet
  facet normal 9.60113e-05 0.000163854 -1
    outer loop
      vertex -0.421337 -38.0497 1.1904
      vertex -0.067676 -38.1959 1.19041
      vertex -0.203744 -38.1772 1.1904
    endloop
  endfacet
  facet normal 0 0 -1
    outer loop
      vertex -0.421337 -38.0497 1.1904
      vertex -0.203744 -38.1772 1.1904
      vertex -0.222439 -38.1715 1.1904
    endloop
  endfacet
  facet normal 0 0 -1
    outer loop
      vertex -0.421337 -38.0497 1.1904
      vertex -0.222439 -38.1715 1.1904
      vertex -0.232253 -38.1681 1.1904
    endloop
  endfacet
  facet normal 0 0 -1
    outer loop
      vertex -0.250558 -38.1613 1.1904
      vertex -0.232253 -38.1681 1.1904
      vertex -0.24089 -38.1651 1.1904
    endloop
  endfacet
  facet normal 0 0 -1
    outer loop
      vertex -0.232253 -38.1681 1.1904
      vertex -0.250558 -38.1613 1.1904
      vertex -0.421337 -38.0497 1.1904
    endloop
  endfacet
  facet normal 0 0 -1
    outer loop
      vertex -0.268579 -38.1539 1.1904
      vertex -0.250558 -38.1613 1.1904
      vertex -0.259066 -38.158 1.1904
    endloop
  endfacet
  facet normal 0 0 -1
    outer loop
      vertex -0.250558 -38.1613 1.1904
      vertex -0.268579 -38.1539 1.1904
      vertex -0.421337 -38.0497 1.1904
    endloop
  endfacet
  facet normal 0 0 -1
    outer loop
      vertex -0.286295 -38.1457 1.1904
      vertex -0.268579 -38.1539 1.1904
      vertex -0.276952 -38.1502 1.1904
    endloop
  endfacet
  facet normal 0 0 -1
    outer loop
      vertex -0.268579 -38.1539 1.1904
      vertex -0.286295 -38.1457 1.1904
      vertex -0.421337 -38.0497 1.1904
    endloop
  endfacet
  facet normal 0 0 -1
    outer loop
      vertex -0.303682 -38.1368 1.1904
      vertex -0.286295 -38.1457 1.1904
      vertex -0.294517 -38.1417 1.1904
    endloop
  endfacet
  facet normal 0 0 -1
    outer loop
      vertex -0.286295 -38.1457 1.1904
      vertex -0.303682 -38.1368 1.1904
      vertex -0.421337 -38.0497 1.1904
    endloop
  endfacet
  facet normal 0 0 -1
    outer loop
      vertex -0.320733 -38.1273 1.1904
      vertex -0.303682 -38.1368 1.1904
      vertex -0.311747 -38.1325 1.1904
    endloop
  endfacet
  facet normal 0 0 -1
    outer loop
      vertex -0.303682 -38.1368 1.1904
      vertex -0.320733 -38.1273 1.1904
      vertex -0.421337 -38.0497 1.1904
    endloop
  endfacet
  facet normal 0 0 -1
    outer loop
      vertex -0.337424 -38.1171 1.1904
      vertex -0.320733 -38.1273 1.1904
      vertex -0.328641 -38.1227 1.1904
    endloop
  endfacet
  facet normal 0 0 -1
    outer loop
      vertex -0.320733 -38.1273 1.1904
      vertex -0.337424 -38.1171 1.1904
      vertex -0.421337 -38.0497 1.1904
    endloop
  endfacet
  facet normal 0 0 -1
    outer loop
      vertex -0.353725 -38.1062 1.1904
      vertex -0.337424 -38.1171 1.1904
      vertex -0.345153 -38.1121 1.1904
    endloop
  endfacet
  facet normal 0 0 -1
    outer loop
      vertex -0.337424 -38.1171 1.1904
      vertex -0.353725 -38.1062 1.1904
      vertex -0.421337 -38.0497 1.1904
    endloop
  endfacet
  facet normal 0 0 -1
    outer loop
      vertex -0.385075 -38.0825 1.1904
      vertex -0.353725 -38.1062 1.1904
      vertex -0.361269 -38.1009 1.1904
    endloop
  endfacet
  facet normal 0 0 -1
    outer loop
      vertex -0.385075 -38.0825 1.1904
      vertex -0.361269 -38.1009 1.1904
      vertex -0.376958 -38.0891 1.1904
    endloop
  endfacet
  facet normal 0 0 -1
    outer loop
      vertex -0.353725 -38.1062 1.1904
      vertex -0.385075 -38.0825 1.1904
      vertex -0.421337 -38.0497 1.1904
    endloop
  endfacet
  facet normal 0 0 -1
    outer loop
      vertex -0.400092 -38.0696 1.1904
      vertex -0.385075 -38.0825 1.1904
      vertex -0.392219 -38.0766 1.1904
    endloop
  endfacet
  facet normal 0 0 -1
    outer loop
      vertex -0.385075 -38.0825 1.1904
      vertex -0.400092 -38.0696 1.1904
      vertex -0.421337 -38.0497 1.1904
    endloop
  endfacet
  facet normal 0 0 -1
    outer loop
      vertex -0.414636 -38.0562 1.1904
      vertex -0.400092 -38.0696 1.1904
      vertex -0.407022 -38.0635 1.1904
    endloop
  endfacet
  facet normal 0 0 -1
    outer loop
      vertex -0.421337 -38.0497 1.1904
      vertex -0.400092 -38.0696 1.1904
      vertex -0.414636 -38.0562 1.1904
    endloop
  endfacet
  facet normal 2.45899e-05 -7.01728e-06 -1
    outer loop
      vertex -10.9659 -23.5823 1.19003
      vertex 17.168 -40.4251 1.19084
      vertex -5.99773 -30.3988 1.1902
    endloop
  endfacet
  facet normal 2.50027e-05 -7.91739e-06 -1
    outer loop
      vertex -0.067676 -38.1959 1.19041
      vertex -0.421337 -38.0497 1.1904
      vertex -5.99773 -30.3988 1.1902
    endloop
  endfacet
  facet normal 5.351e-05 6.48606e-05 -1
    outer loop
      vertex -11.0031 -23.5488 1.19003
      vertex 36.6083 -42.9394 1.19132
      vertex -10.9951 -23.5554 1.19003
    endloop
  endfacet
  facet normal 5.3866e-05 6.57348e-05 -1
    outer loop
      vertex -11.0103 -23.5429 1.19003
      vertex 36.6083 -42.9394 1.19132
      vertex -11.0031 -23.5488 1.19003
    endloop
  endfacet
  facet normal -8.74446e-06 -8.79746e-05 -1
    outer loop
      vertex 36.6083 -42.9394 1.19132
      vertex -11.0103 -23.5429 1.19003
      vertex 36.6415 -42.9427 1.19132
    endloop
  endfacet
  facet normal -1.06123e-05 -9.25625e-05 -1
    outer loop
      vertex 36.6415 -42.9427 1.19132
      vertex -11.0103 -23.5429 1.19003
      vertex 36.6572 -42.9445 1.19132
    endloop
  endfacet
  facet normal -1.04821e-05 -9.22428e-05 -1
    outer loop
      vertex 36.6572 -42.9445 1.19132
      vertex -11.0103 -23.5429 1.19003
      vertex 36.6748 -42.9465 1.19132
    endloop
  endfacet
  facet normal -1.15562e-05 -9.48822e-05 -1
    outer loop
      vertex 36.6748 -42.9465 1.19132
      vertex -11.0103 -23.5429 1.19003
      vertex 36.6904 -42.9484 1.19132
    endloop
  endfacet
  facet normal -1.12237e-05 -9.40649e-05 -1
    outer loop
      vertex 36.6904 -42.9484 1.19132
      vertex -11.0103 -23.5429 1.19003
      vertex 36.708 -42.9505 1.19132
    endloop
  endfacet
  facet normal -1.31258e-05 -9.87418e-05 -1
    outer loop
      vertex 36.708 -42.9505 1.19132
      vertex -11.0103 -23.5429 1.19003
      vertex 36.7411 -42.9549 1.19132
    endloop
  endfacet
  facet normal 5.8264e-05 7.68693e-05 -1
    outer loop
      vertex -11.026 -23.531 1.19003
      vertex 36.7411 -42.9549 1.19132
      vertex -11.0103 -23.5429 1.19003
    endloop
  endfacet
  facet normal -1.449e-05 -0.000102047 -1
    outer loop
      vertex 36.7411 -42.9549 1.19132
      vertex -11.026 -23.531 1.19003
      vertex 36.7742 -42.9596 1.19132
    endloop
  endfacet
  facet normal 0.000990539 0.00237063 -0.999997
    outer loop
      vertex 36.7742 -42.9596 1.19132
      vertex -11.026 -23.531 1.19003
      vertex 36.7898 -42.9619 1.19133
    endloop
  endfacet
  facet normal -1.67947e-05 -0.000108232 -1
    outer loop
      vertex 36.7898 -42.9619 1.19133
      vertex -11.026 -23.531 1.19003
      vertex 36.8072 -42.9646 1.19133
    endloop
  endfacet
  facet normal -1.77672e-05 -0.000110626 -1
    outer loop
      vertex 36.8072 -42.9646 1.19133
      vertex -11.026 -23.531 1.19003
      vertex 36.8402 -42.9699 1.19133
    endloop
  endfacet
  facet normal -2.02071e-05 -0.000116634 -1
    outer loop
      vertex 36.8402 -42.9699 1.19133
      vertex -11.026 -23.531 1.19003
      vertex 36.8731 -42.9756 1.19133
    endloop
  endfacet
  facet normal 6.7001e-05 9.81911e-05 -1
    outer loop
      vertex -11.0345 -23.5252 1.19003
      vertex 36.8731 -42.9756 1.19133
      vertex -11.026 -23.531 1.19003
    endloop
  endfacet
  facet normal 6.33128e-05 8.91069e-05 -1
    outer loop
      vertex -11.0421 -23.5198 1.19003
      vertex 36.8731 -42.9756 1.19133
      vertex -11.0345 -23.5252 1.19003
    endloop
  endfacet
  facet normal -2.21211e-05 -0.000121297 -1
    outer loop
      vertex 36.8731 -42.9756 1.19133
      vertex -11.0421 -23.5198 1.19003
      vertex 36.906 -42.9816 1.19133
    endloop
  endfacet
  facet normal -2.43551e-05 -0.000126801 -1
    outer loop
      vertex 36.906 -42.9816 1.19133
      vertex -11.0421 -23.5198 1.19003
      vertex 36.9388 -42.9879 1.19133
    endloop
  endfacet
  facet normal -2.68181e-05 -0.000132872 -1
    outer loop
      vertex 36.9388 -42.9879 1.19133
      vertex -11.0421 -23.5198 1.19003
      vertex 36.9715 -42.9945 1.19133
    endloop
  endfacet
  facet normal -2.99136e-05 -0.000140503 -1
    outer loop
      vertex 36.9715 -42.9945 1.19133
      vertex -11.0421 -23.5198 1.19003
      vertex 36.987 -42.9978 1.19133
    endloop
  endfacet
  facet normal -2.88681e-05 -0.000137925 -1
    outer loop
      vertex 36.987 -42.9978 1.19133
      vertex -11.0421 -23.5198 1.19003
      vertex 37.0042 -43.0014 1.19133
    endloop
  endfacet
  facet normal 7.545e-05 0.000119348 -1
    outer loop
      vertex -11.0508 -23.5143 1.19003
      vertex 37.0042 -43.0014 1.19133
      vertex -11.0421 -23.5198 1.19003
    endloop
  endfacet
  facet normal 7.3633e-05 0.000114868 -1
    outer loop
      vertex -11.0586 -23.5093 1.19003
      vertex 37.0042 -43.0014 1.19133
      vertex -11.0508 -23.5143 1.19003
    endloop
  endfacet
  facet normal -3.33469e-05 -0.000148919 -1
    outer loop
      vertex 37.0042 -43.0014 1.19133
      vertex -11.0586 -23.5093 1.19003
      vertex 37.0368 -43.0087 1.19133
    endloop
  endfacet
  facet normal -3.68077e-05 -0.000157455 -1
    outer loop
      vertex 37.0368 -43.0087 1.19133
      vertex -11.0586 -23.5093 1.19003
      vertex 37.0522 -43.0123 1.19133
    endloop
  endfacet
  facet normal -3.63615e-05 -0.000156354 -1
    outer loop
      vertex 37.0522 -43.0123 1.19133
      vertex -11.0586 -23.5093 1.19003
      vertex 37.0694 -43.0163 1.19133
    endloop
  endfacet
  facet normal 2.36306e-05 -8.34084e-06 -1
    outer loop
      vertex -66.5066 32.8074 1.18825
      vertex 37.0694 -43.0163 1.19133
      vertex -11.0586 -23.5093 1.19003
    endloop
  endfacet
  facet normal -1.48507e-05 -6.09068e-05 -1
    outer loop
      vertex 37.0694 -43.0163 1.19133
      vertex -66.5066 32.8074 1.18825
      vertex 37.1018 -43.0242 1.19133
    endloop
  endfacet
  facet normal -1.57128e-05 -6.20846e-05 -1
    outer loop
      vertex 37.1018 -43.0242 1.19133
      vertex -66.5066 32.8074 1.18825
      vertex 37.1342 -43.0324 1.19133
    endloop
  endfacet
  facet normal -1.65195e-05 -6.3187e-05 -1
    outer loop
      vertex 37.1342 -43.0324 1.19133
      vertex -66.5066 32.8074 1.18825
      vertex 37.1495 -43.0364 1.19133
    endloop
  endfacet
  facet normal -1.6843e-05 -6.36292e-05 -1
    outer loop
      vertex 37.1495 -43.0364 1.19133
      vertex -66.5066 32.8074 1.18825
      vertex 37.1665 -43.0409 1.19133
    endloop
  endfacet
  facet normal 0.000478697 0.000613699 -1
    outer loop
      vertex 37.1665 -43.0409 1.19133
      vertex -66.5066 32.8074 1.18825
      vertex 37.1988 -43.0498 1.19134
    endloop
  endfacet
  facet normal -1.88554e-05 -6.65119e-05 -1
    outer loop
      vertex 37.1988 -43.0498 1.19134
      vertex -66.5066 32.8074 1.18825
      vertex 37.2309 -43.0589 1.19134
    endloop
  endfacet
  facet normal -2.04858e-05 -6.87413e-05 -1
    outer loop
      vertex 37.2309 -43.0589 1.19134
      vertex -66.5066 32.8074 1.18825
      vertex 37.246 -43.0634 1.19134
    endloop
  endfacet
  facet normal -4.34781e-05 -7.44144e-05 -1
    outer loop
      vertex -66.5066 32.8074 1.18825
      vertex -11.0586 -23.5093 1.19003
      vertex -11.0675 -23.5041 1.19003
    endloop
  endfacet
  facet normal -4.40482e-05 -7.49757e-05 -1
    outer loop
      vertex -66.5066 32.8074 1.18825
      vertex -11.0675 -23.5041 1.19003
      vertex -11.0755 -23.4994 1.19003
    endloop
  endfacet
  facet normal -3.46862e-05 -6.57593e-05 -1
    outer loop
      vertex -66.5066 32.8074 1.18825
      vertex -11.0755 -23.4994 1.19003
      vertex -11.0846 -23.4946 1.19003
    endloop
  endfacet
  facet normal 0.00261646 0.00254395 -0.999993
    outer loop
      vertex -66.5066 32.8074 1.18825
      vertex -11.0846 -23.4946 1.19003
      vertex -11.0927 -23.4902 1.19002
    endloop
  endfacet
  facet normal -2.90476e-05 -6.00317e-05 -1
    outer loop
      vertex -66.5066 32.8074 1.18825
      vertex -11.0927 -23.4902 1.19002
      vertex -11.102 -23.4857 1.19002
    endloop
  endfacet
  facet normal -2.88257e-05 -5.98133e-05 -1
    outer loop
      vertex -66.5066 32.8074 1.18825
      vertex -11.102 -23.4857 1.19002
      vertex -11.1103 -23.4817 1.19002
    endloop
  endfacet
  facet normal -2.40304e-05 -5.5094e-05 -1
    outer loop
      vertex -66.5066 32.8074 1.18825
      vertex -11.1103 -23.4817 1.19002
      vertex -11.1197 -23.4776 1.19002
    endloop
  endfacet
  facet normal -2.39459e-05 -5.5011e-05 -1
    outer loop
      vertex -66.5066 32.8074 1.18825
      vertex -11.1197 -23.4776 1.19002
      vertex -11.1282 -23.4739 1.19002
    endloop
  endfacet
  facet normal 0 0 1
    outer loop
      vertex -11.1463 -23.4668 1.19002
      vertex -11.1282 -23.4739 1.19002
      vertex -11.1377 -23.4701 1.19002
    endloop
  endfacet
  facet normal 0 0 1
    outer loop
      vertex -11.1648 -23.4604 1.19002
      vertex -11.1463 -23.4668 1.19002
      vertex -11.156 -23.4634 1.19002
    endloop
  endfacet
  facet normal 0 0 1
    outer loop
      vertex -11.1835 -23.4547 1.19002
      vertex -11.1648 -23.4604 1.19002
      vertex -11.1746 -23.4574 1.19002
    endloop
  endfacet
  facet normal 0 0 1
    outer loop
      vertex -11.2408 -23.4421 1.19002
      vertex -11.2215 -23.4456 1.19002
      vertex -11.2317 -23.4437 1.19002
    endloop
  endfacet
  facet normal -9.45077e-07 -2.08862e-05 -1
    outer loop
      vertex -66.8297 -22.9847 1.18869
      vertex -66.3277 -23.4862 1.1887
      vertex -66.3498 -23.4852 1.1887
    endloop
  endfacet
  facet normal 2.40396e-05 4.12342e-06 -1
    outer loop
      vertex -66.3277 -23.4862 1.1887
      vertex -66.8297 -22.9847 1.18869
      vertex -40.541 -23.4626 1.18932
    endloop
  endfacet
  facet normal 0 0 -1
    outer loop
      vertex -66.3906 -23.4817 1.1887
      vertex -66.3498 -23.4852 1.1887
      vertex -66.369 -23.4844 1.1887
    endloop
  endfacet
  facet normal -1.86759e-06 -2.17707e-05 -1
    outer loop
      vertex -66.3498 -23.4852 1.1887
      vertex -66.3906 -23.4817 1.1887
      vertex -66.8297 -22.9847 1.18869
    endloop
  endfacet
  facet normal 0 0 -1
    outer loop
      vertex -66.4304 -23.475 1.1887
      vertex -66.3906 -23.4817 1.1887
      vertex -66.4093 -23.4794 1.1887
    endloop
  endfacet
  facet normal -3.97895e-06 -2.36361e-05 -1
    outer loop
      vertex -66.3906 -23.4817 1.1887
      vertex -66.4304 -23.475 1.1887
      vertex -66.8297 -22.9847 1.18869
    endloop
  endfacet
  facet normal 0 0 -1
    outer loop
      vertex -66.469 -23.4654 1.1887
      vertex -66.4304 -23.475 1.1887
      vertex -66.4486 -23.4713 1.1887
    endloop
  endfacet
  facet normal -6.36086e-06 -2.5576e-05 -1
    outer loop
      vertex -66.4304 -23.475 1.1887
      vertex -66.469 -23.4654 1.1887
      vertex -66.8297 -22.9847 1.18869
    endloop
  endfacet
  facet normal 0 0 -1
    outer loop
      vertex -66.5064 -23.4528 1.1887
      vertex -66.469 -23.4654 1.1887
      vertex -66.4867 -23.4602 1.1887
    endloop
  endfacet
  facet normal -9.37963e-06 -2.78411e-05 -1
    outer loop
      vertex -66.469 -23.4654 1.1887
      vertex -66.5064 -23.4528 1.1887
      vertex -66.8297 -22.9847 1.18869
    endloop
  endfacet
  facet normal 2.3143e-05 -9.07354e-06 -1
    outer loop
      vertex 37.263 -43.0684 1.19134
      vertex -66.5066 32.8074 1.18825
      vertex 52.5175 -51.5508 1.19177
    endloop
  endfacet
  facet normal -2.00379e-05 -6.81287e-05 -1
    outer loop
      vertex 37.246 -43.0634 1.19134
      vertex -66.5066 32.8074 1.18825
      vertex 37.263 -43.0684 1.19134
    endloop
  endfacet
  facet normal -2.0091e-05 -5.12178e-05 -1
    outer loop
      vertex -11.1463 -23.4668 1.19002
      vertex -66.5066 32.8074 1.18825
      vertex -11.1282 -23.4739 1.19002
    endloop
  endfacet
  facet normal -1.64947e-05 -4.76799e-05 -1
    outer loop
      vertex -11.1648 -23.4604 1.19002
      vertex -66.5066 32.8074 1.18825
      vertex -11.1463 -23.4668 1.19002
    endloop
  endfacet
  facet normal -1.36937e-05 -4.49251e-05 -1
    outer loop
      vertex -11.1835 -23.4547 1.19002
      vertex -66.5066 32.8074 1.18825
      vertex -11.1648 -23.4604 1.19002
    endloop
  endfacet
  facet normal -1.11387e-05 -4.24127e-05 -1
    outer loop
      vertex -11.1934 -23.4521 1.19002
      vertex -66.5066 32.8074 1.18825
      vertex -11.1835 -23.4547 1.19002
    endloop
  endfacet
  facet normal -1.07382e-05 -4.20189e-05 -1
    outer loop
      vertex -11.2024 -23.4498 1.19002
      vertex -66.5066 32.8074 1.18825
      vertex -11.1934 -23.4521 1.19002
    endloop
  endfacet
  facet normal -8.82652e-06 -4.01396e-05 -1
    outer loop
      vertex -11.2215 -23.4456 1.19002
      vertex -66.5066 32.8074 1.18825
      vertex -11.2024 -23.4498 1.19002
    endloop
  endfacet
  facet normal -6.94363e-06 -3.82891e-05 -1
    outer loop
      vertex -11.2408 -23.4421 1.19002
      vertex -66.5066 32.8074 1.18825
      vertex -11.2215 -23.4456 1.19002
    endloop
  endfacet
  facet normal -4.93628e-06 -3.63169e-05 -1
    outer loop
      vertex -11.2511 -23.4407 1.19002
      vertex -66.5066 32.8074 1.18825
      vertex -11.2408 -23.4421 1.19002
    endloop
  endfacet
  facet normal -5.16324e-06 -3.65399e-05 -1
    outer loop
      vertex -11.2603 -23.4394 1.19002
      vertex -66.5066 32.8074 1.18825
      vertex -11.2511 -23.4407 1.19002
    endloop
  endfacet
  facet normal -3.34139e-06 -3.47504e-05 -1
    outer loop
      vertex -11.2707 -23.4384 1.19002
      vertex -66.5066 32.8074 1.18825
      vertex -11.2603 -23.4394 1.19002
    endloop
  endfacet
  facet normal -3.36521e-06 -3.47738e-05 -1
    outer loop
      vertex -11.28 -23.4375 1.19002
      vertex -66.5066 32.8074 1.18825
      vertex -11.2707 -23.4384 1.19002
    endloop
  endfacet
  facet normal -2.03887e-06 -3.34715e-05 -1
    outer loop
      vertex -11.2997 -23.4363 1.19002
      vertex -66.5066 32.8074 1.18825
      vertex -11.28 -23.4375 1.19002
    endloop
  endfacet
  facet normal -6.10853e-07 -3.20698e-05 -1
    outer loop
      vertex -11.3102 -23.4361 1.19002
      vertex -66.5066 32.8074 1.18825
      vertex -11.2997 -23.4363 1.19002
    endloop
  endfacet
  facet normal -6.8386e-07 -3.21414e-05 -1
    outer loop
      vertex -11.3196 -23.4359 1.19002
      vertex -66.5066 32.8074 1.18825
      vertex -11.3102 -23.4361 1.19002
    endloop
  endfacet
  facet normal 2.39622e-05 -7.85932e-06 -1
    outer loop
      vertex -40.541 -23.4626 1.18932
      vertex -66.8297 5.81018 1.18846
      vertex -11.3196 -23.4359 1.19002
    endloop
  endfacet
  facet normal 2.38544e-05 -8.06407e-06 -1
    outer loop
      vertex -11.3196 -23.4359 1.19002
      vertex -66.8297 5.81018 1.18846
      vertex -66.5066 32.8074 1.18825
    endloop
  endfacet
  facet normal 0 0 -1
    outer loop
      vertex -66.5423 -23.4374 1.1887
      vertex -66.5064 -23.4528 1.1887
      vertex -66.5234 -23.4463 1.1887
    endloop
  endfacet
  facet normal 1.14558e-05 -7.91568e-06 -1
    outer loop
      vertex -66.8297 32.3398 1.18825
      vertex -66.5066 32.8074 1.18825
      vertex -66.8297 5.81018 1.18846
    endloop
  endfacet
  facet normal -1.30222e-05 -3.03569e-05 -1
    outer loop
      vertex -66.5064 -23.4528 1.1887
      vertex -66.5423 -23.4374 1.1887
      vertex -66.8297 -22.9847 1.18869
    endloop
  endfacet
  facet normal 0 -0 -1
    outer loop
      vertex -66.5398 32.7932 1.18825
      vertex -66.5066 32.8074 1.18825
      vertex -66.8297 32.3398 1.18825
    endloop
  endfacet
  facet normal 0 0 -1
    outer loop
      vertex -66.5768 -23.4195 1.1887
      vertex -66.5423 -23.4374 1.1887
      vertex -66.5587 -23.4297 1.1887
    endloop
  endfacet
  facet normal 0 0 -1
    outer loop
      vertex -66.5066 32.8074 1.18825
      vertex -66.5398 32.7932 1.18825
      vertex -66.5224 32.8014 1.18825
    endloop
  endfacet
  facet normal -1.70904e-05 -3.29397e-05 -1
    outer loop
      vertex -66.5423 -23.4374 1.1887
      vertex -66.5768 -23.4195 1.1887
      vertex -66.8297 -22.9847 1.18869
    endloop
  endfacet
  facet normal 0 -0 -1
    outer loop
      vertex -66.5742 32.7754 1.18825
      vertex -66.5398 32.7932 1.18825
      vertex -66.8297 32.3398 1.18825
    endloop
  endfacet
  facet normal 0 0 -1
    outer loop
      vertex -66.6096 -23.399 1.1887
      vertex -66.5768 -23.4195 1.1887
      vertex -66.5925 -23.4105 1.1887
    endloop
  endfacet
  facet normal -2.25846e-05 -3.61353e-05 -1
    outer loop
      vertex -66.5768 -23.4195 1.1887
      vertex -66.6096 -23.399 1.1887
      vertex -66.8297 -22.9847 1.18869
    endloop
  endfacet
  facet normal 0 0 -1
    outer loop
      vertex -66.5398 32.7932 1.18825
      vertex -66.5742 32.7754 1.18825
      vertex -66.5576 32.7848 1.18825
    endloop
  endfacet
  facet normal 0 0 -1
    outer loop
      vertex -66.6407 -23.3761 1.1887
      vertex -66.6096 -23.399 1.1887
      vertex -66.6245 -23.3889 1.1887
    endloop
  endfacet
  facet normal 0 -0 -1
    outer loop
      vertex -66.6381 32.7322 1.18825
      vertex -66.5742 32.7754 1.18825
      vertex -66.8297 32.3398 1.18825
    endloop
  endfacet
  facet normal -2.91927e-05 -3.96459e-05 -1
    outer loop
      vertex -66.6096 -23.399 1.1887
      vertex -66.6407 -23.3761 1.1887
      vertex -66.8297 -22.9847 1.18869
    endloop
  endfacet
  facet normal 0 0 -1
    outer loop
      vertex -66.5742 32.7754 1.18825
      vertex -66.6381 32.7322 1.18825
      vertex -66.5912 32.7657 1.18825
    endloop
  endfacet
  facet normal 0.00493118 0.00531863 -0.999974
    outer loop
      vertex -66.6698 -23.351 1.18869
      vertex -66.6407 -23.3761 1.1887
      vertex -66.6547 -23.365 1.18869
    endloop
  endfacet
  facet normal 0 0 -1
    outer loop
      vertex -66.5912 32.7657 1.18825
      vertex -66.6381 32.7322 1.18825
      vertex -66.6232 32.7441 1.18825
    endloop
  endfacet
  facet normal 0.000551172 0.000240602 -1
    outer loop
      vertex -66.6407 -23.3761 1.1887
      vertex -66.6698 -23.351 1.18869
      vertex -66.8297 -22.9847 1.18869
    endloop
  endfacet
  facet normal 0 -0 -1
    outer loop
      vertex -66.6673 32.7072 1.18825
      vertex -66.6381 32.7322 1.18825
      vertex -66.8297 32.3398 1.18825
    endloop
  endfacet
  facet normal 0 0 -1
    outer loop
      vertex -66.6969 -23.3237 1.18869
      vertex -66.6698 -23.351 1.18869
      vertex -66.6829 -23.3388 1.18869
    endloop
  endfacet
  facet normal 0 0 -1
    outer loop
      vertex -66.6381 32.7322 1.18825
      vertex -66.6673 32.7072 1.18825
      vertex -66.6533 32.7201 1.18825
    endloop
  endfacet
  facet normal 0 0 -1
    outer loop
      vertex -66.6698 -23.351 1.18869
      vertex -66.6969 -23.3237 1.18869
      vertex -66.8297 -22.9847 1.18869
    endloop
  endfacet
  facet normal 0 -0 -1
    outer loop
      vertex -66.6945 32.68 1.18825
      vertex -66.6673 32.7072 1.18825
      vertex -66.8297 32.3398 1.18825
    endloop
  endfacet
  facet normal 0 0 -1
    outer loop
      vertex -66.7446 -23.2633 1.18869
      vertex -66.6969 -23.3237 1.18869
      vertex -66.7091 -23.3106 1.18869
    endloop
  endfacet
  facet normal 0 0 -1
    outer loop
      vertex -66.6673 32.7072 1.18825
      vertex -66.6945 32.68 1.18825
      vertex -66.6816 32.694 1.18825
    endloop
  endfacet
  facet normal 0 -0 -1
    outer loop
      vertex -66.7196 32.6509 1.18825
      vertex -66.6945 32.68 1.18825
      vertex -66.8297 32.3398 1.18825
    endloop
  endfacet
  facet normal 0 0 -1
    outer loop
      vertex -66.7446 -23.2633 1.18869
      vertex -66.7091 -23.3106 1.18869
      vertex -66.733 -23.2805 1.18869
    endloop
  endfacet
  facet normal 0 0 -1
    outer loop
      vertex -66.6945 32.68 1.18825
      vertex -66.7196 32.6509 1.18825
      vertex -66.7077 32.6658 1.18825
    endloop
  endfacet
  facet normal 0 0 -1
    outer loop
      vertex -66.6969 -23.3237 1.18869
      vertex -66.7446 -23.2633 1.18869
      vertex -66.8297 -22.9847 1.18869
    endloop
  endfacet
  facet normal 0 -0 -1
    outer loop
      vertex -66.7424 32.6198 1.18825
      vertex -66.7196 32.6509 1.18825
      vertex -66.8297 32.3398 1.18825
    endloop
  endfacet
  facet normal 0 0 -1
    outer loop
      vertex -66.7649 -23.2305 1.18869
      vertex -66.7446 -23.2633 1.18869
      vertex -66.7546 -23.2485 1.18869
    endloop
  endfacet
  facet normal 0 0 -1
    outer loop
      vertex -66.7196 32.6509 1.18825
      vertex -66.7424 32.6198 1.18825
      vertex -66.7317 32.6356 1.18825
    endloop
  endfacet
  facet normal 0 0 -1
    outer loop
      vertex -66.7446 -23.2633 1.18869
      vertex -66.7649 -23.2305 1.18869
      vertex -66.8297 -22.9847 1.18869
    endloop
  endfacet
  facet normal 0 -0 -1
    outer loop
      vertex -66.7629 32.587 1.18825
      vertex -66.7424 32.6198 1.18825
      vertex -66.8297 32.3398 1.18825
    endloop
  endfacet
  facet normal 0 0 -1
    outer loop
      vertex -66.7826 -23.196 1.18869
      vertex -66.7649 -23.2305 1.18869
      vertex -66.7738 -23.2149 1.18869
    endloop
  endfacet
  facet normal 0 0 -1
    outer loop
      vertex -66.7424 32.6198 1.18825
      vertex -66.7629 32.587 1.18825
      vertex -66.7534 32.6036 1.18825
    endloop
  endfacet
  facet normal 0 0 -1
    outer loop
      vertex -66.7649 -23.2305 1.18869
      vertex -66.7826 -23.196 1.18869
      vertex -66.8297 -22.9847 1.18869
    endloop
  endfacet
  facet normal 0 -0 -1
    outer loop
      vertex -66.7808 32.5526 1.18825
      vertex -66.7629 32.587 1.18825
      vertex -66.8297 32.3398 1.18825
    endloop
  endfacet
  facet normal 0 0 -1
    outer loop
      vertex -66.7977 -23.16 1.18869
      vertex -66.7826 -23.196 1.18869
      vertex -66.7903 -23.1796 1.18869
    endloop
  endfacet
  facet normal 0 0 -1
    outer loop
      vertex -66.7629 32.587 1.18825
      vertex -66.7808 32.5526 1.18825
      vertex -66.7726 32.57 1.18825
    endloop
  endfacet
  facet normal 0 0 -1
    outer loop
      vertex -66.7826 -23.196 1.18869
      vertex -66.7977 -23.16 1.18869
      vertex -66.8297 -22.9847 1.18869
    endloop
  endfacet
  facet normal 0 -0 -1
    outer loop
      vertex -66.7962 32.5167 1.18825
      vertex -66.7808 32.5526 1.18825
      vertex -66.8297 32.3398 1.18825
    endloop
  endfacet
  facet normal 0 0 -1
    outer loop
      vertex -66.81 -23.1227 1.18869
      vertex -66.7977 -23.16 1.18869
      vertex -66.8042 -23.143 1.18869
    endloop
  endfacet
  facet normal 0 0 -1
    outer loop
      vertex -66.7808 32.5526 1.18825
      vertex -66.7962 32.5167 1.18825
      vertex -66.7893 32.5347 1.18825
    endloop
  endfacet
  facet normal 0 0 -1
    outer loop
      vertex -66.7977 -23.16 1.18869
      vertex -66.81 -23.1227 1.18869
      vertex -66.8297 -22.9847 1.18869
    endloop
  endfacet
  facet normal 0 -0 -1
    outer loop
      vertex -66.8088 32.4794 1.18825
      vertex -66.7962 32.5167 1.18825
      vertex -66.8297 32.3398 1.18825
    endloop
  endfacet
  facet normal 0 0 -1
    outer loop
      vertex -66.8194 -23.0841 1.18869
      vertex -66.81 -23.1227 1.18869
      vertex -66.8151 -23.1051 1.18869
    endloop
  endfacet
  facet normal 0 0 -1
    outer loop
      vertex -66.81 -23.1227 1.18869
      vertex -66.8194 -23.0841 1.18869
      vertex -66.8297 -22.9847 1.18869
    endloop
  endfacet
  facet normal 0 0 -1
    outer loop
      vertex -66.7962 32.5167 1.18825
      vertex -66.8088 32.4794 1.18825
      vertex -66.8033 32.4981 1.18825
    endloop
  endfacet
  facet normal 0 0 -1
    outer loop
      vertex -66.8258 -23.0445 1.18869
      vertex -66.8194 -23.0841 1.18869
      vertex -66.8231 -23.066 1.18869
    endloop
  endfacet
  facet normal 0 -0 -1
    outer loop
      vertex -66.8252 32.4012 1.18825
      vertex -66.8088 32.4794 1.18825
      vertex -66.8297 32.3398 1.18825
    endloop
  endfacet
  facet normal 0 0 -1
    outer loop
      vertex -66.8194 -23.0841 1.18869
      vertex -66.8258 -23.0445 1.18869
      vertex -66.8297 -22.9847 1.18869
    endloop
  endfacet
  facet normal 0 0 -1
    outer loop
      vertex -66.8088 32.4794 1.18825
      vertex -66.8252 32.4012 1.18825
      vertex -66.8144 32.4601 1.18825
    endloop
  endfacet
  facet normal 0 0 -1
    outer loop
      vertex -66.8297 -22.9847 1.18869
      vertex -66.8258 -23.0445 1.18869
      vertex -66.828 -23.0258 1.18869
    endloop
  endfacet
  facet normal 0 0 -1
    outer loop
      vertex -66.8144 32.4601 1.18825
      vertex -66.8252 32.4012 1.18825
      vertex -66.8226 32.421 1.18825
    endloop
  endfacet
  facet normal 2.38195e-05 -7.98753e-06 -1
    outer loop
      vertex -40.541 -23.4626 1.18932
      vertex -66.8297 -22.9847 1.18869
      vertex -66.8297 5.81018 1.18846
    endloop
  endfacet
  facet normal 0 0 -1
    outer loop
      vertex -66.8252 32.4012 1.18825
      vertex -66.8297 32.3398 1.18825
      vertex -66.8278 32.3809 1.18825
    endloop
  endfacet
  facet normal -0.0177977 -0.0524131 0.998467
    outer loop
      vertex 85.9086 12.6875 27.2027
      vertex 85.9348 11.8766 27.1606
      vertex 85.9215 12.485 27.1923
    endloop
  endfacet
  facet normal -0.0206517 -0.0525022 0.998407
    outer loop
      vertex 85.8483 13.4966 27.244
      vertex 85.9348 11.8766 27.1606
      vertex 85.9086 12.6875 27.2027
    endloop
  endfacet
  facet normal -0.0149986 -0.0520871 0.99853
    outer loop
      vertex 85.8483 13.4966 27.244
      vertex 85.9086 12.6875 27.2027
      vertex 85.8697 13.2949 27.2338
    endloop
  endfacet
  facet normal -0.0174824 -0.0523365 0.998476
    outer loop
      vertex 85.7542 14.3026 27.2846
      vertex 85.9348 11.8766 27.1606
      vertex 85.8483 13.4966 27.244
    endloop
  endfacet
  facet normal -0.0323551 -0.0540496 0.998014
    outer loop
      vertex 85.7542 14.3026 27.2846
      vertex 85.8483 13.4966 27.244
      vertex 85.7841 14.1019 27.2747
    endloop
  endfacet
  facet normal -0.0148376 -0.0521423 0.998529
    outer loop
      vertex 85.9348 11.8766 27.1606
      vertex 85.7542 14.3026 27.2846
      vertex 85.9384 11.7128 27.1521
    endloop
  endfacet
  facet normal -0.0171793 -0.0523065 0.998483
    outer loop
      vertex 85.6646 14.9047 27.3146
      vertex 85.9384 11.7128 27.1521
      vertex 85.7542 14.3026 27.2846
    endloop
  endfacet
  facet normal -0.0245161 -0.0538017 0.998251
    outer loop
      vertex 85.4651 15.8992 27.3633
      vertex 85.6646 14.9047 27.3146
      vertex 85.5117 15.7017 27.3538
    endloop
  endfacet
  facet normal -0.0168768 -0.0522809 0.99849
    outer loop
      vertex 85.6646 14.9047 27.3146
      vertex 85.4651 15.8992 27.3633
      vertex 85.9384 11.7128 27.1521
    endloop
  endfacet
  facet normal -0.0150403 -0.0517436 0.998547
    outer loop
      vertex 85.2707 16.6871 27.4012
      vertex 85.4651 15.8992 27.3633
      vertex 85.3255 16.4917 27.3919
    endloop
  endfacet
  facet normal -0.0175271 -0.0523537 0.998475
    outer loop
      vertex 85.4651 15.8992 27.3633
      vertex 85.2707 16.6871 27.4012
      vertex 85.9384 11.7128 27.1521
    endloop
  endfacet
  facet normal -0.0169339 -0.0522748 0.998489
    outer loop
      vertex 85.1062 17.2733 27.4291
      vertex 85.9384 11.7128 27.1521
      vertex 85.2707 16.6871 27.4012
    endloop
  endfacet
  facet normal -0.0192557 -0.0528569 0.998416
    outer loop
      vertex 84.7835 18.2352 27.4738
      vertex 85.1062 17.2733 27.4291
      vertex 84.8545 18.045 27.4651
    endloop
  endfacet
  facet normal -0.0179744 -0.0524292 0.998463
    outer loop
      vertex 85.1062 17.2733 27.4291
      vertex 84.7835 18.2352 27.4738
      vertex 85.9384 11.7128 27.1521
    endloop
  endfacet
  facet normal -0.0174217 -0.0523321 0.998478
    outer loop
      vertex 85.9384 11.7128 27.1521
      vertex 84.7835 18.2352 27.4738
      vertex 84.5842 18.769 27.4983
    endloop
  endfacet
  facet normal -0.000960887 -0.00055424 -0.999999
    outer loop
      vertex 84.0931 22.1982 1.19194
      vertex 83.8481 22.641 1.19193
      vertex 83.9923 22.391 1.19193
    endloop
  endfacet
  facet normal 2.27811e-05 -9.97885e-06 -1
    outer loop
      vertex 84.0931 22.1982 1.19194
      vertex 73.2081 31.4205 1.1916
      vertex 83.8481 22.641 1.19193
    endloop
  endfacet
  facet normal 6.83669e-06 -2.87979e-05 -1
    outer loop
      vertex 72.5828 31.6193 1.19159
      vertex 73.2081 31.4205 1.1916
      vertex 84.0931 22.1982 1.19194
    endloop
  endfacet
  facet normal 0.000186827 0.000537338 -1
    outer loop
      vertex 73.2081 31.4205 1.1916
      vertex 72.5828 31.6193 1.19159
      vertex 72.9852 31.498 1.1916
    endloop
  endfacet
  facet normal 2.30588e-05 -8.97845e-06 -1
    outer loop
      vertex 71.8001 31.8367 1.19157
      vertex 72.5828 31.6193 1.19159
      vertex 84.0931 22.1982 1.19194
    endloop
  endfacet
  facet normal 1.28132e-05 -4.58653e-05 -1
    outer loop
      vertex 72.5828 31.6193 1.19159
      vertex 71.8001 31.8367 1.19157
      vertex 72.2072 31.7324 1.19158
    endloop
  endfacet
  facet normal 2.32376e-05 -8.75041e-06 -1
    outer loop
      vertex 71.0089 32.0212 1.19155
      vertex 71.8001 31.8367 1.19157
      vertex 84.0931 22.1982 1.19194
    endloop
  endfacet
  facet normal 1.4814e-05 -4.48735e-05 -1
    outer loop
      vertex 71.8001 31.8367 1.19157
      vertex 71.0089 32.0212 1.19155
      vertex 71.4201 31.9341 1.19156
    endloop
  endfacet
  facet normal 2.34547e-05 -8.46122e-06 -1
    outer loop
      vertex 70.2107 32.1723 1.19153
      vertex 71.0089 32.0212 1.19155
      vertex 84.0931 22.1982 1.19194
    endloop
  endfacet
  facet normal 1.66267e-05 -4.45306e-05 -1
    outer loop
      vertex 71.0089 32.0212 1.19155
      vertex 70.2107 32.1723 1.19153
      vertex 70.6252 32.1025 1.19154
    endloop
  endfacet
  facet normal 3.09963e-05 2.03561e-06 -1
    outer loop
      vertex 69.559 32.2707 1.19151
      vertex 70.2107 32.1723 1.19153
      vertex 84.0931 22.1982 1.19194
    endloop
  endfacet
  facet normal 7.24002e-05 0.000276252 -1
    outer loop
      vertex 70.2107 32.1723 1.19153
      vertex 69.559 32.2707 1.19151
      vertex 69.8238 32.2375 1.19152
    endloop
  endfacet
  facet normal 0.662098 -0.666791 0.342076
    outer loop
      vertex 66.5511 -28.3039 23.5802
      vertex 66.5516 -28.3407 23.5075
      vertex 66.5514 -28.3114 23.565
    endloop
  endfacet
  facet normal 0.763496 -0.574068 0.295838
    outer loop
      vertex 66.5511 -28.3039 23.5802
      vertex 64.5863 -32.1121 21.2612
      vertex 66.5516 -28.3407 23.5075
    endloop
  endfacet
  facet normal 0.763522 -0.574055 0.295795
    outer loop
      vertex 64.5863 -32.1121 21.2612
      vertex 66.5511 -28.3039 23.5802
      vertex 63.9824 -33.1509 20.804
    endloop
  endfacet
  facet normal -0.321447 0.804488 0.49947
    outer loop
      vertex -66.9513 31.9662 14.0969
      vertex -66.9691 31.9404 14.127
      vertex -64.4543 28.4315 21.3972
    endloop
  endfacet
  facet normal -0.459191 0.790236 0.405797
    outer loop
      vertex -66.9691 31.9404 14.127
      vertex -66.9513 31.9662 14.0969
      vertex -66.9653 31.9461 14.1202
    endloop
  endfacet
  facet normal -0.308526 0.804052 0.508244
    outer loop
      vertex -66.9653 31.9461 14.1202
      vertex -66.9513 31.9662 14.0969
      vertex -66.9572 31.9585 14.1055
    endloop
  endfacet
  facet normal -0.283718 0.821412 0.494759
    outer loop
      vertex -65.8428 32.1473 14.4319
      vertex -66.9513 31.9662 14.0969
      vertex -64.4543 28.4315 21.3972
    endloop
  endfacet
  facet normal -0.283704 0.821462 0.494685
    outer loop
      vertex -66.5512 32.1699 13.9881
      vertex -66.9513 31.9662 14.0969
      vertex -65.8428 32.1473 14.4319
    endloop
  endfacet
  facet normal -0.283181 0.821002 0.495746
    outer loop
      vertex -66.9513 31.9662 14.0969
      vertex -66.5512 32.1699 13.9881
      vertex -66.9415 31.979 14.0813
    endloop
  endfacet
  facet normal -0.283444 0.821258 0.495171
    outer loop
      vertex -66.9155 32.0098 14.0451
      vertex -66.9415 31.979 14.0813
      vertex -66.5512 32.1699 13.9881
    endloop
  endfacet
  facet normal -0.302045 0.822135 0.482558
    outer loop
      vertex -66.9415 31.979 14.0813
      vertex -66.9155 32.0098 14.0451
      vertex -66.9325 31.9907 14.067
    endloop
  endfacet
  facet normal -0.283391 0.821189 0.495316
    outer loop
      vertex -66.5918 32.1694 13.9657
      vertex -66.9155 32.0098 14.0451
      vertex -66.5512 32.1699 13.9881
    endloop
  endfacet
  facet normal -0.300183 0.823536 0.481331
    outer loop
      vertex -66.9155 32.0098 14.0451
      vertex -66.8875 32.0383 14.0138
      vertex -66.9058 32.0207 14.0325
    endloop
  endfacet
  facet normal -0.283907 0.821682 0.494202
    outer loop
      vertex -66.9155 32.0098 14.0451
      vertex -66.5918 32.1694 13.9657
      vertex -66.8875 32.0383 14.0138
    endloop
  endfacet
  facet normal -0.283828 0.821581 0.494414
    outer loop
      vertex -66.6458 32.1626 13.946
      vertex -66.8875 32.0383 14.0138
      vertex -66.5918 32.1694 13.9657
    endloop
  endfacet
  facet normal -0.297529 0.824323 0.481631
    outer loop
      vertex -66.8875 32.0383 14.0138
      vertex -66.8576 32.0644 13.9876
      vertex -66.877 32.0484 14.003
    endloop
  endfacet
  facet normal -0.283758 0.821521 0.494555
    outer loop
      vertex -66.8875 32.0383 14.0138
      vertex -66.6458 32.1626 13.946
      vertex -66.8576 32.0644 13.9876
    endloop
  endfacet
  facet normal -0.283644 0.821394 0.494832
    outer loop
      vertex -66.7927 32.1088 13.9511
      vertex -66.8576 32.0644 13.9876
      vertex -66.6458 32.1626 13.946
    endloop
  endfacet
  facet normal -0.289715 0.8239 0.487087
    outer loop
      vertex -66.8576 32.0644 13.9876
      vertex -66.7927 32.1088 13.9511
      vertex -66.8464 32.0736 13.9787
    endloop
  endfacet
  facet normal -0.279758 0.831577 0.479808
    outer loop
      vertex -66.6458 32.1626 13.946
      vertex -66.5918 32.1694 13.9657
      vertex -66.6316 32.1653 13.9496
    endloop
  endfacet
  facet normal -0.280566 0.819646 0.499462
    outer loop
      vertex -66.8464 32.0736 13.9787
      vertex -66.7927 32.1088 13.9511
      vertex -66.8142 32.0962 13.9597
    endloop
  endfacet
  facet normal -0.283385 0.820794 0.495975
    outer loop
      vertex -66.6843 32.1539 13.9384
      vertex -66.7927 32.1088 13.9511
      vertex -66.6458 32.1626 13.946
    endloop
  endfacet
  facet normal -0.288385 0.823956 0.487782
    outer loop
      vertex -66.7927 32.1088 13.9511
      vertex -66.7579 32.1269 13.9411
      vertex -66.7803 32.1161 13.9461
    endloop
  endfacet
  facet normal -0.282896 0.826003 0.487533
    outer loop
      vertex -66.6843 32.1539 13.9384
      vertex -66.6458 32.1626 13.946
      vertex -66.6705 32.1578 13.9398
    endloop
  endfacet
  facet normal -0.281925 0.818555 0.500486
    outer loop
      vertex -66.7927 32.1088 13.9511
      vertex -66.6843 32.1539 13.9384
      vertex -66.7579 32.1269 13.9411
    endloop
  endfacet
  facet normal -0.286581 0.829191 0.47991
    outer loop
      vertex -66.7217 32.1419 13.9368
      vertex -66.7579 32.1269 13.9411
      vertex -66.6843 32.1539 13.9384
    endloop
  endfacet
  facet normal -0.277144 0.814809 0.509194
    outer loop
      vertex -66.7579 32.1269 13.9411
      vertex -66.7217 32.1419 13.9368
      vertex -66.745 32.1331 13.9382
    endloop
  endfacet
  facet normal -0.286241 0.827777 0.482547
    outer loop
      vertex -66.7217 32.1419 13.9368
      vertex -66.6843 32.1539 13.9384
      vertex -66.7083 32.147 13.936
    endloop
  endfacet
  facet normal -0.614857 -0.674142 0.409248
    outer loop
      vertex -66.9462 -23.7655 11.4626
      vertex -64.4085 -21.6419 18.7734
      vertex -66.9505 -23.7583 11.468
    endloop
  endfacet
  facet normal -0.613146 -0.675771 0.409127
    outer loop
      vertex -64.4085 -21.6419 18.7734
      vertex -66.9462 -23.7655 11.4626
      vertex -66.9355 -23.7832 11.4494
    endloop
  endfacet
  facet normal -0.0268503 -0.0514625 0.998314
    outer loop
      vertex 85.8815 10.1936 27.0715
      vertex 85.8096 9.4474 27.0311
      vertex 85.8727 10.0527 27.064
    endloop
  endfacet
  facet normal -0.0169219 -0.0524283 0.998481
    outer loop
      vertex 85.6706 8.4429 26.976
      vertex 85.8096 9.4474 27.0311
      vertex 85.8815 10.1936 27.0715
    endloop
  endfacet
  facet normal -0.0244761 -0.0513773 0.998379
    outer loop
      vertex 85.8096 9.4474 27.0311
      vertex 85.6706 8.4429 26.976
      vertex 85.7885 9.24564 27.0202
    endloop
  endfacet
  facet normal -0.0165208 -0.0524768 0.998485
    outer loop
      vertex 85.8815 10.1936 27.0715
      vertex 85.5569 7.84509 26.9427
      vertex 85.6706 8.4429 26.976
    endloop
  endfacet
  facet normal -0.0175377 -0.0523357 0.998476
    outer loop
      vertex 85.3805 7.05331 26.8981
      vertex 85.5569 7.84509 26.9427
      vertex 85.8815 10.1936 27.0715
    endloop
  endfacet
  facet normal -0.018869 -0.0520386 0.998467
    outer loop
      vertex 85.5569 7.84509 26.9427
      vertex 85.3805 7.05331 26.8981
      vertex 85.5191 7.64582 26.9316
    endloop
  endfacet
  facet normal -0.0168525 -0.0524454 0.998482
    outer loop
      vertex 85.1709 6.26964 26.8534
      vertex 85.3805 7.05331 26.8981
      vertex 85.8815 10.1936 27.0715
    endloop
  endfacet
  facet normal -0.0249129 -0.0502862 0.998424
    outer loop
      vertex 85.3805 7.05331 26.8981
      vertex 85.1709 6.26964 26.8534
      vertex 85.3343 6.85581 26.887
    endloop
  endfacet
  facet normal -0.0173143 -0.0523615 0.998478
    outer loop
      vertex 84.9287 5.49544 26.8086
      vertex 85.1709 6.26964 26.8534
      vertex 85.8815 10.1936 27.0715
    endloop
  endfacet
  facet normal -0.0158855 -0.0528085 0.998478
    outer loop
      vertex 85.1709 6.26964 26.8534
      vertex 84.9287 5.49544 26.8086
      vertex 85.1165 6.07424 26.8422
    endloop
  endfacet
  facet normal -0.0177241 -0.0522783 0.998475
    outer loop
      vertex 84.6677 4.76839 26.7659
      vertex 84.9287 5.49544 26.8086
      vertex 85.8815 10.1936 27.0715
    endloop
  endfacet
  facet normal -0.0196236 -0.0515963 0.998475
    outer loop
      vertex 84.9287 5.49544 26.8086
      vertex 84.6677 4.76839 26.7659
      vertex 84.8661 5.30251 26.7974
    endloop
  endfacet
  facet normal -0.0174481 -0.0523401 0.998477
    outer loop
      vertex 81.2471 24.2929 27.7296
      vertex 84.6677 4.76839 26.7659
      vertex 85.8815 10.1936 27.0715
    endloop
  endfacet
  facet normal -0.00570234 -0.042276 0.99909
    outer loop
      vertex 81.078 24.4835 27.7367
      vertex 81.2471 24.2929 27.7296
      vertex 81.2141 24.3328 27.7311
    endloop
  endfacet
  facet normal -0.0169794 -0.0522586 0.998489
    outer loop
      vertex 81.2471 24.2929 27.7296
      vertex 81.078 24.4835 27.7367
      vertex 84.6677 4.76839 26.7659
    endloop
  endfacet
  facet normal -0.0177073 -0.0523902 0.99847
    outer loop
      vertex 84.6677 4.76839 26.7659
      vertex 81.078 24.4835 27.7367
      vertex 80.8356 24.7522 27.7465
    endloop
  endfacet
  facet normal -0.255478 0.830951 0.494218
    outer loop
      vertex -65.8111 32.1464 14.4498
      vertex -65.8428 32.1473 14.4319
      vertex -64.4543 28.4315 21.3972
    endloop
  endfacet
  facet normal -0.811725 0.354592 0.464076
    outer loop
      vertex -67.0602 31.6336 14.3925
      vertex -67.0607 31.5928 14.4228
      vertex -64.4543 28.4315 21.3972
    endloop
  endfacet
  facet normal 0.523958 -0.765727 0.373002
    outer loop
      vertex 52.49 -48.7548 19.3927
      vertex 53.1001 -51.7599 12.3666
      vertex 53.1493 -51.7124 12.395
    endloop
  endfacet
  facet normal 0.525149 -0.765009 0.372799
    outer loop
      vertex 53.1001 -51.7599 12.3666
      vertex 52.49 -48.7548 19.3927
      vertex 53.0881 -51.7715 12.3597
    endloop
  endfacet
  facet normal -0.000784045 -0.000737647 -0.999999
    outer loop
      vertex 81.7702 25.6115 1.19186
      vertex 81.3968 26.0355 1.19184
      vertex 81.6773 25.7238 1.19185
    endloop
  endfacet
  facet normal -0.000511294 -0.000497446 -1
    outer loop
      vertex 80.8401 26.6278 1.19183
      vertex 81.3968 26.0355 1.19184
      vertex 81.7702 25.6115 1.19186
    endloop
  endfacet
  facet normal -0.000435619 -0.00042632 -1
    outer loop
      vertex 81.3968 26.0355 1.19184
      vertex 80.8401 26.6278 1.19183
      vertex 81.1335 26.328 1.19183
    endloop
  endfacet
  facet normal 4.27947e-05 9.6461e-06 -1
    outer loop
      vertex 79.6548 27.7396 1.19179
      vertex 80.8401 26.6278 1.19183
      vertex 81.7702 25.6115 1.19186
    endloop
  endfacet
  facet normal 4.3276e-06 -3.13378e-05 -1
    outer loop
      vertex 80.8401 26.6278 1.19183
      vertex 79.9725 27.4653 1.1918
      vertex 80.5649 26.9089 1.19182
    endloop
  endfacet
  facet normal 5.19738e-06 -3.04367e-05 -1
    outer loop
      vertex 80.8401 26.6278 1.19183
      vertex 79.6548 27.7396 1.19179
      vertex 79.9725 27.4653 1.1918
    endloop
  endfacet
  facet normal 2.6531e-05 -6.52051e-06 -1
    outer loop
      vertex 79.0282 28.2573 1.19177
      vertex 79.6548 27.7396 1.19179
      vertex 81.7702 25.6115 1.19186
    endloop
  endfacet
  facet normal -5.94623e-06 -4.58294e-05 -1
    outer loop
      vertex 79.6548 27.7396 1.19179
      vertex 79.0282 28.2573 1.19177
      vertex 79.3573 27.9964 1.19178
    endloop
  endfacet
  facet normal 2.37837e-05 -9.36769e-06 -1
    outer loop
      vertex 78.3806 28.7481 1.19175
      vertex 79.0282 28.2573 1.19177
      vertex 81.7702 25.6115 1.19186
    endloop
  endfacet
  facet normal -4.031e-06 -4.60686e-05 -1
    outer loop
      vertex 79.0282 28.2573 1.19177
      vertex 78.3806 28.7481 1.19175
      vertex 78.7204 28.5013 1.19176
    endloop
  endfacet
  facet normal 2.24774e-05 -1.07794e-05 -1
    outer loop
      vertex 77.713 29.2114 1.19173
      vertex 78.3806 28.7481 1.19175
      vertex 81.7702 25.6115 1.19186
    endloop
  endfacet
  facet normal -2.46675e-06 -4.67231e-05 -1
    outer loop
      vertex 78.3806 28.7481 1.19175
      vertex 77.713 29.2114 1.19173
      vertex 78.0629 28.9789 1.19174
    endloop
  endfacet
  facet normal 2.17719e-05 -1.15745e-05 -1
    outer loop
      vertex 76.3226 30.0519 1.19169
      vertex 77.713 29.2114 1.19173
      vertex 81.7702 25.6115 1.19186
    endloop
  endfacet
  facet normal 1.01189e-05 -3.08063e-05 -1
    outer loop
      vertex 77.713 29.2114 1.19173
      vertex 76.6909 29.8495 1.1917
      vertex 77.386 29.4286 1.19172
    endloop
  endfacet
  facet normal 1.09811e-05 -2.94252e-05 -1
    outer loop
      vertex 77.713 29.2114 1.19173
      vertex 76.3226 30.0519 1.19169
      vertex 76.6909 29.8495 1.1917
    endloop
  endfacet
  facet normal 2.16447e-05 -1.17306e-05 -1
    outer loop
      vertex 75.6022 30.4276 1.19167
      vertex 76.3226 30.0519 1.19169
      vertex 81.7702 25.6115 1.19186
    endloop
  endfacet
  facet normal 3.05218e-06 -4.73814e-05 -1
    outer loop
      vertex 76.3226 30.0519 1.19169
      vertex 75.6022 30.4276 1.19167
      vertex 75.9787 30.2408 1.19168
    endloop
  endfacet
  facet normal 2.18498e-05 -1.14679e-05 -1
    outer loop
      vertex 74.1175 31.0868 1.19163
      vertex 75.6022 30.4276 1.19167
      vertex 81.7702 25.6115 1.19186
    endloop
  endfacet
  facet normal 1.37075e-05 -2.97371e-05 -1
    outer loop
      vertex 75.6022 30.4276 1.19167
      vertex 74.5083 30.9322 1.19164
      vertex 75.2508 30.6019 1.19166
    endloop
  endfacet
  facet normal 1.45295e-05 -2.79551e-05 -1
    outer loop
      vertex 75.6022 30.4276 1.19167
      vertex 74.1175 31.0868 1.19163
      vertex 74.5083 30.9322 1.19164
    endloop
  endfacet
  facet normal 9.53659e-05 9.12839e-05 -1
    outer loop
      vertex 74.1175 31.0868 1.19163
      vertex 81.7702 25.6115 1.19186
      vertex 73.9487 31.1536 1.19162
    endloop
  endfacet
  facet normal -0.89712 0.163652 0.410359
    outer loop
      vertex -67.0615 31.5162 14.4672
      vertex -67.0617 31.4805 14.481
      vertex -64.4543 28.4315 21.3972
    endloop
  endfacet
  facet normal 0.700822 -0.629899 0.334778
    outer loop
      vertex 53.2598 -51.5793 12.4668
      vertex 53.3088 -51.5065 12.5012
      vertex 52.49 -48.7548 19.3927
    endloop
  endfacet
  facet normal 0.698132 -0.630338 0.339538
    outer loop
      vertex 53.3088 -51.5065 12.5012
      vertex 53.2598 -51.5793 12.4668
      vertex 53.2906 -51.5377 12.4807
    endloop
  endfacet
  facet normal 0.46147 -0.800426 0.382575
    outer loop
      vertex 53.0237 -51.8266 12.3221
      vertex 53.0881 -51.7715 12.3597
      vertex 52.49 -48.7548 19.3927
    endloop
  endfacet
  facet normal 0.461482 -0.800428 0.382557
    outer loop
      vertex 53.0881 -51.7715 12.3597
      vertex 53.0237 -51.8266 12.3221
      vertex 53.072 -51.7869 12.3469
    endloop
  endfacet
  facet normal 0.396125 -0.830851 0.390861
    outer loop
      vertex 52.9561 -51.8776 12.2822
      vertex 53.0237 -51.8266 12.3221
      vertex 52.49 -48.7548 19.3927
    endloop
  endfacet
  facet normal 0.395555 -0.830736 0.391681
    outer loop
      vertex 53.0237 -51.8266 12.3221
      vertex 52.9561 -51.8776 12.2822
      vertex 52.9886 -51.8551 12.2971
    endloop
  endfacet
  facet normal 0.000988558 0.000570288 -0.999999
    outer loop
      vertex 83.3618 23.4489 1.19191
      vertex 83.7832 22.7535 1.19193
      vertex 83.8481 22.641 1.19193
    endloop
  endfacet
  facet normal -1.70974e-05 -3.91211e-05 -1
    outer loop
      vertex 83.7832 22.7535 1.19193
      vertex 83.3618 23.4489 1.19191
      vertex 83.586 23.0953 1.19192
    endloop
  endfacet
  facet normal -6.56969e-05 -6.43005e-05 -1
    outer loop
      vertex 82.6867 24.4497 1.19189
      vertex 83.3618 23.4489 1.19191
      vertex 83.8481 22.641 1.19193
    endloop
  endfacet
  facet normal -0.000249575 -0.000188338 -1
    outer loop
      vertex 83.3618 23.4489 1.19191
      vertex 82.6867 24.4497 1.19189
      vertex 83.1505 23.782 1.1919
    endloop
  endfacet
  facet normal 7.52774e-05 2.62217e-05 -1
    outer loop
      vertex 83.8481 22.641 1.19193
      vertex 82.1954 25.0974 1.19187
      vertex 82.6867 24.4497 1.19189
    endloop
  endfacet
  facet normal -3.22471e-05 -4.61223e-05 -1
    outer loop
      vertex 83.8481 22.641 1.19193
      vertex 81.7702 25.6115 1.19186
      vertex 82.1954 25.0974 1.19187
    endloop
  endfacet
  facet normal 2.77332e-05 -4.16536e-06 -1
    outer loop
      vertex 83.8481 22.641 1.19193
      vertex 73.9487 31.1536 1.19162
      vertex 81.7702 25.6115 1.19186
    endloop
  endfacet
  facet normal 6.28583e-06 -2.91067e-05 -1
    outer loop
      vertex 73.3557 31.3691 1.19161
      vertex 73.9487 31.1536 1.19162
      vertex 83.8481 22.641 1.19193
    endloop
  endfacet
  facet normal 0.000208361 0.000526952 -1
    outer loop
      vertex 73.9487 31.1536 1.19162
      vertex 73.3557 31.3691 1.19161
      vertex 73.7527 31.2311 1.19162
    endloop
  endfacet
  facet normal 9.45754e-05 7.70297e-05 -1
    outer loop
      vertex 73.3557 31.3691 1.19161
      vertex 83.8481 22.641 1.19193
      vertex 73.2081 31.4205 1.1916
    endloop
  endfacet
  facet normal 0.000580142 -1.20742e-05 -1
    outer loop
      vertex 86.384 12.6356 1.19207
      vertex 86.3837 13.4494 1.19206
      vertex 86.3923 13.0344 1.19207
    endloop
  endfacet
  facet normal 0.000575615 -1.20758e-05 -1
    outer loop
      vertex 86.3753 12.2209 1.19207
      vertex 86.3837 13.4494 1.19206
      vertex 86.384 12.6356 1.19207
    endloop
  endfacet
  facet normal -0.000165633 -7.00747e-06 -1
    outer loop
      vertex 86.3493 14.2625 1.19206
      vertex 86.3837 13.4494 1.19206
      vertex 86.3753 12.2209 1.19207
    endloop
  endfacet
  facet normal 0 0 -1
    outer loop
      vertex 86.3837 13.4494 1.19206
      vertex 86.3493 14.2625 1.19206
      vertex 86.3753 13.8479 1.19206
    endloop
  endfacet
  facet normal -9.81745e-05 -6.14838e-06 -1
    outer loop
      vertex 86.3243 11.4088 1.19208
      vertex 86.3493 14.2625 1.19206
      vertex 86.3753 12.2209 1.19207
    endloop
  endfacet
  facet normal 7.28945e-05 -7.64704e-06 -1
    outer loop
      vertex 86.2826 11.0113 1.19208
      vertex 86.3493 14.2625 1.19206
      vertex 86.3243 11.4088 1.19208
    endloop
  endfacet
  facet normal 5.89361e-05 -7.36068e-06 -1
    outer loop
      vertex 86.2809 15.0734 1.19205
      vertex 86.3493 14.2625 1.19206
      vertex 86.2826 11.0113 1.19208
    endloop
  endfacet
  facet normal -0.000598437 -6.28106e-05 -1
    outer loop
      vertex 86.3493 14.2625 1.19206
      vertex 86.2809 15.0734 1.19205
      vertex 86.3243 14.6599 1.19205
    endloop
  endfacet
  facet normal 7.01373e-05 -7.35599e-06 -1
    outer loop
      vertex 86.2394 10.5994 1.19208
      vertex 86.2809 15.0734 1.19205
      vertex 86.2826 11.0113 1.19208
    endloop
  endfacet
  facet normal 4.17779e-05 -7.09293e-06 -1
    outer loop
      vertex 86.1786 15.8807 1.19204
      vertex 86.2809 15.0734 1.19205
      vertex 86.2394 10.5994 1.19208
    endloop
  endfacet
  facet normal -0.000590934 -8.72694e-05 -1
    outer loop
      vertex 86.2809 15.0734 1.19205
      vertex 86.1786 15.8807 1.19204
      vertex 86.2394 15.469 1.19204
    endloop
  endfacet
  facet normal 0.000289007 -5.5072e-05 -1
    outer loop
      vertex 86.0476 9.41129 1.19209
      vertex 86.2394 10.5994 1.19208
      vertex 86.1206 9.79438 1.19209
    endloop
  endfacet
  facet normal -4.87343e-06 -7.63e-06 -1
    outer loop
      vertex 86.2394 10.5994 1.19208
      vertex 86.0476 9.41129 1.19209
      vertex 86.1786 15.8807 1.19204
    endloop
  endfacet
  facet normal 2.26548e-05 -8.18742e-06 -1
    outer loop
      vertex 85.8733 17.4787 1.19202
      vertex 86.1786 15.8807 1.19204
      vertex 86.0476 9.41129 1.19209
    endloop
  endfacet
  facet normal -0.000299855 -6.96632e-05 -1
    outer loop
      vertex 86.1786 15.8807 1.19204
      vertex 85.9683 17.073 1.19202
      vertex 86.1206 16.2739 1.19203
    endloop
  endfacet
  facet normal -0.000290306 -6.7979e-05 -1
    outer loop
      vertex 86.1786 15.8807 1.19204
      vertex 85.8733 17.4787 1.19202
      vertex 85.9683 17.073 1.19202
    endloop
  endfacet
  facet normal 1.70422e-05 -8.30868e-06 -1
    outer loop
      vertex 85.6707 18.2667 1.19201
      vertex 85.8733 17.4787 1.19202
      vertex 86.0476 9.41129 1.19209
    endloop
  endfacet
  facet normal -0.000577954 -0.000161286 -1
    outer loop
      vertex 85.8733 17.4787 1.19202
      vertex 85.6707 18.2667 1.19201
      vertex 85.7828 17.865 1.19201
    endloop
  endfacet
  facet normal 3.66592e-05 -7.47375e-06 -1
    outer loop
      vertex 85.1677 19.8135 1.19198
      vertex 85.6707 18.2667 1.19201
      vertex 86.0476 9.41129 1.19209
    endloop
  endfacet
  facet normal -0.000290923 -0.000107342 -1
    outer loop
      vertex 85.6707 18.2667 1.19201
      vertex 85.3131 19.4222 1.19199
      vertex 85.5642 18.6485 1.192
    endloop
  endfacet
  facet normal 0.000132795 2.37885e-05 -1
    outer loop
      vertex 85.6707 18.2667 1.19201
      vertex 85.1677 19.8135 1.19198
      vertex 85.3131 19.4222 1.19199
    endloop
  endfacet
  facet normal 8.49866e-06 -9.85579e-06 -1
    outer loop
      vertex 84.868 20.5697 1.19197
      vertex 85.1677 19.8135 1.19198
      vertex 86.0476 9.41129 1.19209
    endloop
  endfacet
  facet normal 0.000534827 0.000198741 -1
    outer loop
      vertex 85.1677 19.8135 1.19198
      vertex 84.868 20.5697 1.19197
      vertex 85.0298 20.1846 1.19198
    endloop
  endfacet
  facet normal 2.6388e-05 -7.96464e-06 -1
    outer loop
      vertex 84.1752 22.041 1.19194
      vertex 84.868 20.5697 1.19197
      vertex 86.0476 9.41129 1.19209
    endloop
  endfacet
  facet normal -0.000274558 -0.000142678 -1
    outer loop
      vertex 84.868 20.5697 1.19197
      vertex 84.3689 21.6703 1.19195
      vertex 84.7149 20.9344 1.19196
    endloop
  endfacet
  facet normal 0.000127512 3.96523e-05 -1
    outer loop
      vertex 84.868 20.5697 1.19197
      vertex 84.1752 22.041 1.19194
      vertex 84.3689 21.6703 1.19195
    endloop
  endfacet
  facet normal -3.17551e-05 -1.65846e-05 -1
    outer loop
      vertex 86.0476 9.41129 1.19209
      vertex 84.0931 22.1982 1.19194
      vertex 84.1752 22.041 1.19194
    endloop
  endfacet
  facet normal 2.3998e-05 -8.06261e-06 -1
    outer loop
      vertex 86.0476 9.41129 1.19209
      vertex 69.559 32.2707 1.19151
      vertex 84.0931 22.1982 1.19194
    endloop
  endfacet
  facet normal 1.68064e-05 -1.32499e-05 -1
    outer loop
      vertex 86.0476 9.41129 1.19209
      vertex 69.0176 32.3387 1.1915
      vertex 69.559 32.2707 1.19151
    endloop
  endfacet
  facet normal 2.51219e-05 -7.07334e-06 -1
    outer loop
      vertex 69.0176 32.3387 1.1915
      vertex 86.0476 9.41129 1.19209
      vertex 68.2397 32.4034 1.19148
    endloop
  endfacet
  facet normal -0.553895 0.657582 0.510673
    outer loop
      vertex -67.0159 31.8537 14.2121
      vertex -67.0283 31.8212 14.2405
      vertex -64.4543 28.4315 21.3972
    endloop
  endfacet
  facet normal -0.404427 0.684416 0.606641
    outer loop
      vertex -67.0283 31.8212 14.2405
      vertex -67.0159 31.8537 14.2121
      vertex -67.0219 31.8381 14.2257
    endloop
  endfacet
  facet normal -0.835931 0.506268 0.211926
    outer loop
      vertex -67.0219 31.8381 14.2257
      vertex -67.0159 31.8537 14.2121
      vertex -67.0166 31.852 14.2134
    endloop
  endfacet
  facet normal -0.872791 0.229763 0.430634
    outer loop
      vertex -67.0612 31.5537 14.4478
      vertex -67.0615 31.5162 14.4672
      vertex -64.4543 28.4315 21.3972
    endloop
  endfacet
  facet normal -0.932006 0.0227502 0.361729
    outer loop
      vertex -67.0619 31.4467 14.489
      vertex -67.0619 31.4149 14.491
      vertex -64.4543 28.4315 21.3972
    endloop
  endfacet
  facet normal 0.645168 -0.67972 0.348911
    outer loop
      vertex 53.2065 -51.6476 12.4323
      vertex 53.2598 -51.5793 12.4668
      vertex 52.49 -48.7548 19.3927
    endloop
  endfacet
  facet normal 0.629897 -0.680584 0.374213
    outer loop
      vertex 53.2598 -51.5793 12.4668
      vertex 53.2065 -51.6476 12.4323
      vertex 53.2474 -51.596 12.4573
    endloop
  endfacet
  facet normal 0.633906 -0.680514 0.367511
    outer loop
      vertex 53.2474 -51.596 12.4573
      vertex 53.2065 -51.6476 12.4323
      vertex 53.2235 -51.6282 12.4389
    endloop
  endfacet
  facet normal -0.497533 0.700827 0.511176
    outer loop
      vertex -64.4543 28.4315 21.3972
      vertex -67.0056 31.8756 14.1921
      vertex -67.0159 31.8537 14.2121
    endloop
  endfacet
  facet normal -0.497406 0.700919 0.511175
    outer loop
      vertex -67.0056 31.8756 14.1921
      vertex -64.4543 28.4315 21.3972
      vertex -67.0016 31.8842 14.1842
    endloop
  endfacet
  facet normal -0.602626 0.615305 0.508175
    outer loop
      vertex -67.0283 31.8212 14.2405
      vertex -67.039 31.7871 14.2691
      vertex -64.4543 28.4315 21.3972
    endloop
  endfacet
  facet normal -0.625989 0.60702 0.489556
    outer loop
      vertex -67.039 31.7871 14.2691
      vertex -67.0283 31.8212 14.2405
      vertex -67.0354 31.7992 14.2587
    endloop
  endfacet
  facet normal -0.576058 0.623346 0.528769
    outer loop
      vertex -67.0354 31.7992 14.2587
      vertex -67.0283 31.8212 14.2405
      vertex -67.0312 31.8136 14.2463
    endloop
  endfacet
  facet normal -0.767815 0.447124 0.458847
    outer loop
      vertex -67.0584 31.6745 14.36
      vertex -67.0544 31.7139 14.3283
      vertex -67.0574 31.6912 14.3454
    endloop
  endfacet
  facet normal -0.736919 0.467585 0.488175
    outer loop
      vertex -67.0544 31.7139 14.3283
      vertex -67.0584 31.6745 14.36
      vertex -64.4543 28.4315 21.3972
    endloop
  endfacet
  facet normal -0.841794 0.298383 0.449835
    outer loop
      vertex -67.0607 31.5928 14.4228
      vertex -67.0612 31.5537 14.4478
      vertex -64.4543 28.4315 21.3972
    endloop
  endfacet
  facet normal -0.916345 0.0973454 0.388376
    outer loop
      vertex -67.0617 31.4805 14.481
      vertex -67.0619 31.4467 14.489
      vertex -64.4543 28.4315 21.3972
    endloop
  endfacet
  facet normal -0.699995 0.517562 0.492073
    outer loop
      vertex -67.0538 31.7179 14.3249
      vertex -67.0478 31.7514 14.2982
      vertex -67.0517 31.7331 14.3119
    endloop
  endfacet
  facet normal -0.770991 0.475625 0.423502
    outer loop
      vertex -67.0544 31.7139 14.3283
      vertex -67.0478 31.7514 14.2982
      vertex -67.0538 31.7179 14.3249
    endloop
  endfacet
  facet normal -0.693718 0.521144 0.497155
    outer loop
      vertex -67.0478 31.7514 14.2982
      vertex -67.0544 31.7139 14.3283
      vertex -64.4543 28.4315 21.3972
    endloop
  endfacet
  facet normal -0.77251 0.415543 0.480159
    outer loop
      vertex -67.0602 31.6336 14.3925
      vertex -67.0584 31.6745 14.36
      vertex -67.06 31.6483 14.3801
    endloop
  endfacet
  facet normal -0.775274 0.413511 0.47745
    outer loop
      vertex -67.0584 31.6745 14.36
      vertex -67.0602 31.6336 14.3925
      vertex -64.4543 28.4315 21.3972
    endloop
  endfacet
  facet normal 0.0792384 -0.99556 -0.0508001
    outer loop
      vertex 52.2027 -52.12 11.8189
      vertex 52.4946 -51.5545 1.19177
      vertex 52.308 -52.1149 11.8832
    endloop
  endfacet
  facet normal 0.0795307 -0.995538 -0.0507909
    outer loop
      vertex 52.4946 -51.5545 1.19177
      vertex 52.2027 -52.12 11.8189
      vertex 52.3882 -51.563 1.19177
    endloop
  endfacet
  facet normal 0.100897 -0.99451 0.0277318
    outer loop
      vertex 52.308 -52.1149 11.8832
      vertex 52.3457 -52.1103 11.911
      vertex 52.3373 -52.1113 11.9057
    endloop
  endfacet
  facet normal 0.156482 -0.986466 -0.0489797
    outer loop
      vertex 52.308 -52.1149 11.8832
      vertex 52.5441 -51.5466 1.19177
      vertex 52.3457 -52.1103 11.911
    endloop
  endfacet
  facet normal 0.155775 -0.986576 -0.0490012
    outer loop
      vertex 52.308 -52.1149 11.8832
      vertex 52.5175 -51.5508 1.19177
      vertex 52.5441 -51.5466 1.19177
    endloop
  endfacet
  facet normal 0.159313 -0.986016 -0.0489023
    outer loop
      vertex 52.5175 -51.5508 1.19177
      vertex 52.308 -52.1149 11.8832
      vertex 52.4946 -51.5545 1.19177
    endloop
  endfacet
  facet normal 0.155728 -0.986584 -0.0489991
    outer loop
      vertex 52.3457 -52.1103 11.911
      vertex 52.5999 -51.5378 1.19177
      vertex 52.4121 -52.1019 11.9529
    endloop
  endfacet
  facet normal 0.155594 -0.986605 -0.0490035
    outer loop
      vertex 52.5999 -51.5378 1.19177
      vertex 52.3457 -52.1103 11.911
      vertex 52.5441 -51.5466 1.19177
    endloop
  endfacet
  facet normal 0.226772 -0.97309 -0.0408734
    outer loop
      vertex 52.4121 -52.1019 11.9529
      vertex 52.4492 -52.0943 11.9778
      vertex 52.4196 -52.1004 11.9588
    endloop
  endfacet
  facet normal 0.230594 -0.971918 -0.0469258
    outer loop
      vertex 52.4121 -52.1019 11.9529
      vertex 52.6487 -51.5262 1.19177
      vertex 52.4492 -52.0943 11.9778
    endloop
  endfacet
  facet normal 0.231007 -0.971821 -0.0469115
    outer loop
      vertex 52.6487 -51.5262 1.19177
      vertex 52.4121 -52.1019 11.9529
      vertex 52.5999 -51.5378 1.19177
    endloop
  endfacet
  facet normal 0.224656 -0.973827 -0.0345113
    outer loop
      vertex 52.4492 -52.0943 11.9778
      vertex 52.5147 -52.0806 12.0176
      vertex 52.5011 -52.0835 12.0109
    endloop
  endfacet
  facet normal 0.231717 -0.971653 -0.0468806
    outer loop
      vertex 52.4492 -52.0943 11.9778
      vertex 52.7037 -51.5132 1.19177
      vertex 52.5147 -52.0806 12.0176
    endloop
  endfacet
  facet normal 0.229772 -0.972111 -0.0469512
    outer loop
      vertex 52.7037 -51.5132 1.19177
      vertex 52.4492 -52.0943 11.9778
      vertex 52.6487 -51.5262 1.19177
    endloop
  endfacet
  facet normal 0.303686 -0.951728 -0.0445813
    outer loop
      vertex 52.5147 -52.0806 12.0176
      vertex 52.7516 -51.4979 1.19178
      vertex 52.5511 -52.0701 12.0414
    endloop
  endfacet
  facet normal 0.303977 -0.951636 -0.04457
    outer loop
      vertex 52.7516 -51.4979 1.19178
      vertex 52.5147 -52.0806 12.0176
      vertex 52.7037 -51.5132 1.19177
    endloop
  endfacet
  facet normal 0.303427 -0.951971 -0.0410296
    outer loop
      vertex 52.5511 -52.0701 12.0414
      vertex 52.6154 -52.0512 12.0784
      vertex 52.5814 -52.0613 12.0613
    endloop
  endfacet
  facet normal 0.305224 -0.951239 -0.0445275
    outer loop
      vertex 52.5511 -52.0701 12.0414
      vertex 52.8055 -51.4806 1.19178
      vertex 52.6154 -52.0512 12.0784
    endloop
  endfacet
  facet normal 0.305306 -0.951213 -0.0445242
    outer loop
      vertex 52.8055 -51.4806 1.19178
      vertex 52.5511 -52.0701 12.0414
      vertex 52.7516 -51.4979 1.19178
    endloop
  endfacet
  facet normal 0.375291 -0.925955 -0.041985
    outer loop
      vertex 52.6154 -52.0512 12.0784
      vertex 52.8522 -51.4616 1.19178
      vertex 52.6509 -52.0379 12.1024
    endloop
  endfacet
  facet normal 0.376524 -0.925457 -0.0419312
    outer loop
      vertex 52.8522 -51.4616 1.19178
      vertex 52.6154 -52.0512 12.0784
      vertex 52.8055 -51.4806 1.19178
    endloop
  endfacet
  facet normal 0.38656 -0.920068 -0.0636042
    outer loop
      vertex 52.6509 -52.0379 12.1024
      vertex 52.7137 -52.0139 12.1369
      vertex 52.6603 -52.0344 12.1089
    endloop
  endfacet
  facet normal 0.376688 -0.925391 -0.0419318
    outer loop
      vertex 52.6509 -52.0379 12.1024
      vertex 52.9047 -51.4402 1.19178
      vertex 52.7137 -52.0139 12.1369
    endloop
  endfacet
  facet normal 0.377133 -0.92521 -0.0419116
    outer loop
      vertex 52.9047 -51.4402 1.19178
      vertex 52.6509 -52.0379 12.1024
      vertex 52.8522 -51.4616 1.19178
    endloop
  endfacet
  facet normal 0.451373 -0.891069 -0.0475201
    outer loop
      vertex 52.7137 -52.0139 12.1369
      vertex 52.8089 -51.9687 12.1936
      vertex 52.7376 -52.0027 12.1539
    endloop
  endfacet
  facet normal 0.447442 -0.893461 -0.0390132
    outer loop
      vertex 52.7137 -52.0139 12.1369
      vertex 53.001 -51.3921 1.19178
      vertex 52.8089 -51.9687 12.1936
    endloop
  endfacet
  facet normal 0.446501 -0.89393 -0.0390645
    outer loop
      vertex 53.001 -51.3921 1.19178
      vertex 52.7137 -52.0139 12.1369
      vertex 52.9047 -51.4402 1.19178
    endloop
  endfacet
  facet normal 0.557466 -0.817676 -0.143658
    outer loop
      vertex 52.8089 -51.9687 12.1936
      vertex 52.842 -51.9497 12.2139
      vertex 52.8129 -51.9665 12.1966
    endloop
  endfacet
  facet normal 0.514003 -0.857034 -0.0359536
    outer loop
      vertex 52.8089 -51.9687 12.1936
      vertex 53.0446 -51.3658 1.19178
      vertex 52.842 -51.9497 12.2139
    endloop
  endfacet
  facet normal 0.516184 -0.855728 -0.0358353
    outer loop
      vertex 53.0446 -51.3658 1.19178
      vertex 52.8089 -51.9687 12.1936
      vertex 53.001 -51.3921 1.19178
    endloop
  endfacet
  facet normal 0.513745 -0.857381 -0.0310464
    outer loop
      vertex 52.842 -51.9497 12.2139
      vertex 52.9007 -51.9157 12.2463
      vertex 52.8858 -51.9244 12.24
    endloop
  endfacet
  facet normal 0.515638 -0.856056 -0.0358659
    outer loop
      vertex 52.842 -51.9497 12.2139
      vertex 53.0937 -51.3363 1.19178
      vertex 52.9007 -51.9157 12.2463
    endloop
  endfacet
  facet normal 0.514677 -0.856632 -0.0359199
    outer loop
      vertex 53.0937 -51.3363 1.19178
      vertex 52.842 -51.9497 12.2139
      vertex 53.0446 -51.3658 1.19178
    endloop
  endfacet
  facet normal 0.579976 -0.813984 -0.0325388
    outer loop
      vertex 52.9007 -51.9157 12.2463
      vertex 53.1355 -51.3065 1.19178
      vertex 52.9323 -51.894 12.2667
    endloop
  endfacet
  facet normal 0.580194 -0.813829 -0.0325256
    outer loop
      vertex 53.1355 -51.3065 1.19178
      vertex 52.9007 -51.9157 12.2463
      vertex 53.0937 -51.3363 1.19178
    endloop
  endfacet
  facet normal 0.573405 -0.819157 -0.0137323
    outer loop
      vertex 52.9323 -51.894 12.2667
      vertex 52.9886 -51.8551 12.2971
      vertex 52.9561 -51.8776 12.2822
    endloop
  endfacet
  facet normal 0.579982 -0.813979 -0.0325393
    outer loop
      vertex 52.9323 -51.894 12.2667
      vertex 53.1825 -51.273 1.19178
      vertex 52.9886 -51.8551 12.2971
    endloop
  endfacet
  facet normal 0.580111 -0.813887 -0.0325312
    outer loop
      vertex 53.1825 -51.273 1.19178
      vertex 52.9323 -51.894 12.2667
      vertex 53.1355 -51.3065 1.19178
    endloop
  endfacet
  facet normal 0.646166 -0.762237 -0.0382679
    outer loop
      vertex 52.9886 -51.8551 12.2971
      vertex 53.072 -51.7869 12.3469
      vertex 53.0237 -51.8266 12.3221
    endloop
  endfacet
  facet normal 0.643052 -0.765277 -0.0288886
    outer loop
      vertex 52.9886 -51.8551 12.2971
      vertex 53.2667 -51.2022 1.19178
      vertex 53.072 -51.7869 12.3469
    endloop
  endfacet
  facet normal 0.643307 -0.765063 -0.0288696
    outer loop
      vertex 53.2667 -51.2022 1.19178
      vertex 52.9886 -51.8551 12.2971
      vertex 53.1825 -51.273 1.19178
    endloop
  endfacet
  facet normal 0.704306 -0.709143 -0.0326963
    outer loop
      vertex 53.072 -51.7869 12.3469
      vertex 53.1001 -51.7599 12.3666
      vertex 53.0881 -51.7715 12.3597
    endloop
  endfacet
  facet normal 0.701719 -0.712012 -0.0250752
    outer loop
      vertex 53.072 -51.7869 12.3469
      vertex 53.304 -51.1654 1.19179
      vertex 53.1001 -51.7599 12.3666
    endloop
  endfacet
  facet normal 0.702103 -0.711635 -0.0250462
    outer loop
      vertex 53.304 -51.1654 1.19179
      vertex 53.072 -51.7869 12.3469
      vertex 53.2667 -51.2022 1.19178
    endloop
  endfacet
  facet normal 0.72257 -0.682427 -0.110393
    outer loop
      vertex 53.1001 -51.7599 12.3666
      vertex 53.1504 -51.7113 12.3954
      vertex 53.1493 -51.7124 12.395
    endloop
  endfacet
  facet normal 0.702013 -0.711723 -0.0250527
    outer loop
      vertex 53.1001 -51.7599 12.3666
      vertex 53.346 -51.124 1.19179
      vertex 53.1504 -51.7113 12.3954
    endloop
  endfacet
  facet normal 0.701781 -0.711952 -0.0250709
    outer loop
      vertex 53.346 -51.124 1.19179
      vertex 53.1001 -51.7599 12.3666
      vertex 53.304 -51.1654 1.19179
    endloop
  endfacet
  facet normal 0.755781 -0.654484 -0.0211211
    outer loop
      vertex 53.1504 -51.7113 12.3954
      vertex 53.3807 -51.0838 1.19179
      vertex 53.1766 -51.6816 12.4126
    endloop
  endfacet
  facet normal 0.756825 -0.653279 -0.0210321
    outer loop
      vertex 53.3807 -51.0838 1.19179
      vertex 53.1504 -51.7113 12.3954
      vertex 53.346 -51.124 1.19179
    endloop
  endfacet
  facet normal 0.756312 -0.653871 -0.0210773
    outer loop
      vertex 53.1766 -51.6816 12.4126
      vertex 53.4198 -51.0386 1.19179
      vertex 53.2235 -51.6282 12.4389
    endloop
  endfacet
  facet normal 0.753717 -0.657126 -0.00984064
    outer loop
      vertex 53.1766 -51.6816 12.4126
      vertex 53.2235 -51.6282 12.4389
      vertex 53.2065 -51.6476 12.4323
    endloop
  endfacet
  facet normal 0.756128 -0.654084 -0.0210935
    outer loop
      vertex 53.4198 -51.0386 1.19179
      vertex 53.1766 -51.6816 12.4126
      vertex 53.3807 -51.0838 1.19179
    endloop
  endfacet
  facet normal 0.807444 -0.589704 -0.0168169
    outer loop
      vertex 53.2235 -51.6282 12.4389
      vertex 53.4517 -50.995 1.19179
      vertex 53.2474 -51.596 12.4573
    endloop
  endfacet
  facet normal 0.806937 -0.590397 -0.0168662
    outer loop
      vertex 53.4517 -50.995 1.19179
      vertex 53.2235 -51.6282 12.4389
      vertex 53.4198 -51.0386 1.19179
    endloop
  endfacet
  facet normal 0.806577 -0.590888 -0.0168956
    outer loop
      vertex 53.2474 -51.596 12.4573
      vertex 53.4876 -50.946 1.19179
      vertex 53.2906 -51.5377 12.4807
    endloop
  endfacet
  facet normal 0.804838 -0.593449 -0.0073046
    outer loop
      vertex 53.2474 -51.596 12.4573
      vertex 53.2906 -51.5377 12.4807
      vertex 53.2598 -51.5793 12.4668
    endloop
  endfacet
  facet normal 0.806551 -0.590922 -0.0168981
    outer loop
      vertex 53.4876 -50.946 1.19179
      vertex 53.2474 -51.596 12.4573
      vertex 53.4517 -50.995 1.19179
    endloop
  endfacet
  facet normal 0.866579 -0.498919 -0.0110191
    outer loop
      vertex 53.3088 -51.5065 12.5012
      vertex 59.8054 -39.9727 1.19185
      vertex 57.5829 -44.1562 15.8262
    endloop
  endfacet
  facet normal 0.866575 -0.498925 -0.0110265
    outer loop
      vertex 59.8054 -39.9727 1.19185
      vertex 53.3088 -51.5065 12.5012
      vertex 53.4876 -50.946 1.19179
    endloop
  endfacet
  facet normal 0.866855 -0.498439 -0.010998
    outer loop
      vertex 53.4876 -50.946 1.19179
      vertex 53.3088 -51.5065 12.5012
      vertex 53.2906 -51.5377 12.4807
    endloop
  endfacet
  facet normal 0.866579 -0.498918 -0.0110249
    outer loop
      vertex 64.5863 -32.1121 21.2612
      vertex 66.7156 -27.9702 1.19192
      vertex 66.3512 -29.0645 22.0705
    endloop
  endfacet
  facet normal 0.866575 -0.498925 -0.0110268
    outer loop
      vertex 63.9824 -33.1509 20.804
      vertex 66.7156 -27.9702 1.19192
      vertex 64.5863 -32.1121 21.2612
    endloop
  endfacet
  facet normal 0.866578 -0.49892 -0.0110249
    outer loop
      vertex 63.9249 -33.2498 20.76
      vertex 66.7156 -27.9702 1.19192
      vertex 63.9824 -33.1509 20.804
    endloop
  endfacet
  facet normal 0.86658 -0.498916 -0.0110237
    outer loop
      vertex 63.9249 -33.2498 20.76
      vertex 59.8054 -39.9727 1.19185
      vertex 66.7156 -27.9702 1.19192
    endloop
  endfacet
  facet normal 0.866576 -0.498923 -0.0110205
    outer loop
      vertex 59.8054 -39.9727 1.19185
      vertex 63.9249 -33.2498 20.76
      vertex 57.5829 -44.1562 15.8262
    endloop
  endfacet
  facet normal 0.874302 -0.485275 -0.0101742
    outer loop
      vertex 66.3512 -29.0645 22.0705
      vertex 66.7265 -27.9506 1.19192
      vertex 66.3573 -29.0536 22.0748
    endloop
  endfacet
  facet normal 0.873901 -0.485996 -0.0102198
    outer loop
      vertex 66.7265 -27.9506 1.19192
      vertex 66.3512 -29.0645 22.0705
      vertex 66.7156 -27.9702 1.19192
    endloop
  endfacet
  facet normal 0.875632 -0.482876 -0.0100269
    outer loop
      vertex 66.3573 -29.0536 22.0748
      vertex 66.7379 -27.9298 1.19192
      vertex 66.3732 -29.025 22.086
    endloop
  endfacet
  facet normal 0.876884 -0.4806 -0.00988159
    outer loop
      vertex 66.7379 -27.9298 1.19192
      vertex 66.3573 -29.0536 22.0748
      vertex 66.7265 -27.9506 1.19192
    endloop
  endfacet
  facet normal 0.884906 -0.465683 -0.00896892
    outer loop
      vertex 66.3732 -29.025 22.086
      vertex 66.7482 -27.91 1.19192
      vertex 66.379 -29.0141 22.0923
    endloop
  endfacet
  facet normal 0.88711 -0.461476 -0.00870485
    outer loop
      vertex 66.7482 -27.91 1.19192
      vertex 66.3732 -29.025 22.086
      vertex 66.7379 -27.9298 1.19192
    endloop
  endfacet
  facet normal 0.888248 -0.459284 -0.00857006
    outer loop
      vertex 66.379 -29.0141 22.0923
      vertex 66.7591 -27.889 1.19192
      vertex 66.394 -28.9854 22.1089
    endloop
  endfacet
  facet normal 0.887529 -0.46067 -0.00865773
    outer loop
      vertex 66.7591 -27.889 1.19192
      vertex 66.379 -29.0141 22.0923
      vertex 66.7482 -27.91 1.19192
    endloop
  endfacet
  facet normal 0.899797 -0.43625 -0.00716096
    outer loop
      vertex 66.394 -28.9854 22.1089
      vertex 66.7688 -27.869 1.19192
      vertex 66.3994 -28.9744 22.1173
    endloop
  endfacet
  facet normal 0.899737 -0.436373 -0.00716857
    outer loop
      vertex 66.7688 -27.869 1.19192
      vertex 66.394 -28.9854 22.1089
      vertex 66.7591 -27.889 1.19192
    endloop
  endfacet
  facet normal 0.899665 -0.436521 -0.0071748
    outer loop
      vertex 66.3994 -28.9744 22.1173
      vertex 66.7792 -27.8477 1.19192
      vertex 66.4135 -28.9457 22.1392
    endloop
  endfacet
  facet normal 0.898582 -0.438744 -0.00731417
    outer loop
      vertex 66.7792 -27.8477 1.19192
      vertex 66.3994 -28.9744 22.1173
      vertex 66.7688 -27.869 1.19192
    endloop
  endfacet
  facet normal 0.909347 -0.415996 -0.00593368
    outer loop
      vertex 66.4135 -28.9457 22.1392
      vertex 66.7884 -27.8274 1.19192
      vertex 66.4186 -28.9347 22.1496
    endloop
  endfacet
  facet normal 0.910812 -0.412782 -0.00573585
    outer loop
      vertex 66.7884 -27.8274 1.19192
      vertex 66.4135 -28.9457 22.1392
      vertex 66.7792 -27.8477 1.19192
    endloop
  endfacet
  facet normal 0.911086 -0.412176 -0.0057023
    outer loop
      vertex 66.4186 -28.9347 22.1496
      vertex 66.7981 -27.8059 1.19192
      vertex 66.4318 -28.9059 22.1769
    endloop
  endfacet
  facet normal 0.91151 -0.411239 -0.00564418
    outer loop
      vertex 66.7981 -27.8059 1.19192
      vertex 66.4186 -28.9347 22.1496
      vertex 66.7884 -27.8274 1.19192
    endloop
  endfacet
  facet normal 0.921311 -0.388803 -0.00430089
    outer loop
      vertex 66.4318 -28.9059 22.1769
      vertex 66.8067 -27.7854 1.19192
      vertex 66.4365 -28.8949 22.1893
    endloop
  endfacet
  facet normal 0.922135 -0.386847 -0.00418173
    outer loop
      vertex 66.8067 -27.7854 1.19192
      vertex 66.4318 -28.9059 22.1769
      vertex 66.7981 -27.8059 1.19192
    endloop
  endfacet
  facet normal 0.921835 -0.38756 -0.00422262
    outer loop
      vertex 66.4365 -28.8949 22.1893
      vertex 66.8159 -27.7637 1.19192
      vertex 66.4488 -28.866 22.222
    endloop
  endfacet
  facet normal 0.920665 -0.390328 -0.00439287
    outer loop
      vertex 66.8159 -27.7637 1.19192
      vertex 66.4365 -28.8949 22.1893
      vertex 66.8067 -27.7854 1.19192
    endloop
  endfacet
  facet normal 0.931488 -0.363761 -0.00280594
    outer loop
      vertex 66.4488 -28.866 22.222
      vertex 66.824 -27.743 1.19192
      vertex 66.4531 -28.8551 22.2364
    endloop
  endfacet
  facet normal 0.931239 -0.364398 -0.0028444
    outer loop
      vertex 66.824 -27.743 1.19192
      vertex 66.4488 -28.866 22.222
      vertex 66.8159 -27.7637 1.19192
    endloop
  endfacet
  facet normal 0.93087 -0.365338 -0.00289997
    outer loop
      vertex 66.4531 -28.8551 22.2364
      vertex 66.8326 -27.7211 1.19192
      vertex 66.4646 -28.8261 22.2744
    endloop
  endfacet
  facet normal 0.930799 -0.365519 -0.00291101
    outer loop
      vertex 66.8326 -27.7211 1.19192
      vertex 66.4531 -28.8551 22.2364
      vertex 66.824 -27.743 1.19192
    endloop
  endfacet
  facet normal 0.941222 -0.337786 -0.00127212
    outer loop
      vertex 66.4646 -28.8261 22.2744
      vertex 66.8481 -27.6781 1.19192
      vertex 66.479 -28.7862 22.3341
    endloop
  endfacet
  facet normal 0.940747 -0.339106 -0.00135268
    outer loop
      vertex 66.8481 -27.6781 1.19192
      vertex 66.4646 -28.8261 22.2744
      vertex 66.8326 -27.7211 1.19192
    endloop
  endfacet
  facet normal 0.947085 -0.320983 -0.000300365
    outer loop
      vertex 66.479 -28.7862 22.3341
      vertex 66.855 -27.657 1.19192
      vertex 66.4827 -28.7753 22.3524
    endloop
  endfacet
  facet normal 0.95047 -0.310817 0.000302804
    outer loop
      vertex 66.855 -27.657 1.19192
      vertex 66.479 -28.7862 22.3341
      vertex 66.8481 -27.6781 1.19192
    endloop
  endfacet
  facet normal 0.949892 -0.312578 0.000196011
    outer loop
      vertex 66.4827 -28.7753 22.3524
      vertex 66.8624 -27.6347 1.19192
      vertex 66.4922 -28.7464 22.401
    endloop
  endfacet
  facet normal 0.949108 -0.314951 5.40447e-05
    outer loop
      vertex 66.8624 -27.6347 1.19192
      vertex 66.4827 -28.7753 22.3524
      vertex 66.855 -27.657 1.19192
    endloop
  endfacet
  facet normal 0.956384 -0.292109 0.00138199
    outer loop
      vertex 66.4922 -28.7464 22.401
      vertex 66.8689 -27.6134 1.19192
      vertex 66.4955 -28.7355 22.4212
    endloop
  endfacet
  facet normal 0.956455 -0.291876 0.00139568
    outer loop
      vertex 66.8689 -27.6134 1.19192
      vertex 66.4922 -28.7464 22.401
      vertex 66.8624 -27.6347 1.19192
    endloop
  endfacet
  facet normal 0.957879 -0.287166 0.00166751
    outer loop
      vertex 66.4955 -28.7355 22.4212
      vertex 66.8756 -27.5909 1.19192
      vertex 66.5041 -28.7065 22.4752
    endloop
  endfacet
  facet normal 0.958409 -0.285393 0.00177258
    outer loop
      vertex 66.8756 -27.5909 1.19192
      vertex 66.4955 -28.7355 22.4212
      vertex 66.8689 -27.6134 1.19192
    endloop
  endfacet
  facet normal 0.964743 -0.263175 0.00304798
    outer loop
      vertex 66.5041 -28.7065 22.4752
      vertex 66.8877 -27.5468 1.19192
      vertex 66.5147 -28.6667 22.5566
    endloop
  endfacet
  facet normal 0.964355 -0.264596 0.00296356
    outer loop
      vertex 66.8877 -27.5468 1.19192
      vertex 66.5041 -28.7065 22.4752
      vertex 66.8756 -27.5909 1.19192
    endloop
  endfacet
  facet normal 0.970974 -0.239146 0.00441132
    outer loop
      vertex 66.5147 -28.6667 22.5566
      vertex 66.8985 -27.5025 1.19192
      vertex 66.5241 -28.6269 22.6452
    endloop
  endfacet
  facet normal 0.971535 -0.236853 0.00454634
    outer loop
      vertex 66.8985 -27.5025 1.19192
      vertex 66.5147 -28.6667 22.5566
      vertex 66.8877 -27.5468 1.19192
    endloop
  endfacet
  facet normal 0.978316 -0.207023 0.00622798
    outer loop
      vertex 66.5241 -28.6269 22.6452
      vertex 66.9032 -27.4808 1.19192
      vertex 66.5262 -28.6162 22.671
    endloop
  endfacet
  facet normal 0.977321 -0.211678 0.00596172
    outer loop
      vertex 66.9032 -27.4808 1.19192
      vertex 66.5241 -28.6269 22.6452
      vertex 66.8985 -27.5025 1.19192
    endloop
  endfacet
  facet normal 0.977524 -0.21074 0.00601946
    outer loop
      vertex 66.5262 -28.6162 22.671
      vertex 66.9082 -27.4578 1.19192
      vertex 66.532 -28.5873 22.7409
    endloop
  endfacet
  facet normal 0.977159 -0.212426 0.00592207
    outer loop
      vertex 66.9082 -27.4578 1.19192
      vertex 66.5262 -28.6162 22.671
      vertex 66.9032 -27.4808 1.19192
    endloop
  endfacet
  facet normal 0.98277 -0.184682 0.00747705
    outer loop
      vertex 66.532 -28.5873 22.7409
      vertex 66.9123 -27.436 1.19192
      vertex 66.5338 -28.5766 22.7686
    endloop
  endfacet
  facet normal 0.982743 -0.184828 0.00746879
    outer loop
      vertex 66.9123 -27.436 1.19192
      vertex 66.532 -28.5873 22.7409
      vertex 66.9082 -27.4578 1.19192
    endloop
  endfacet
  facet normal 0.982548 -0.185864 0.00740665
    outer loop
      vertex 66.5338 -28.5766 22.7686
      vertex 66.9166 -27.4128 1.19192
      vertex 66.5387 -28.5477 22.8438
    endloop
  endfacet
  facet normal 0.983225 -0.182236 0.00761437
    outer loop
      vertex 66.9166 -27.4128 1.19192
      vertex 66.5338 -28.5766 22.7686
      vertex 66.9123 -27.436 1.19192
    endloop
  endfacet
  facet normal 0.986264 -0.164957 0.00856449
    outer loop
      vertex 66.5387 -28.5477 22.8438
      vertex 66.9202 -27.3909 1.19192
      vertex 66.5402 -28.5372 22.8733
    endloop
  endfacet
  facet normal 0.986719 -0.1622 0.00871979
    outer loop
      vertex 66.9202 -27.3909 1.19192
      vertex 66.5387 -28.5477 22.8438
      vertex 66.9166 -27.4128 1.19192
    endloop
  endfacet
  facet normal 0.987378 -0.158128 0.00894437
    outer loop
      vertex 66.5402 -28.5372 22.8733
      vertex 66.9239 -27.3677 1.19192
      vertex 66.5441 -28.5083 22.9537
    endloop
  endfacet
  facet normal 0.98748 -0.157486 0.0089808
    outer loop
      vertex 66.9239 -27.3677 1.19192
      vertex 66.5402 -28.5372 22.8733
      vertex 66.9202 -27.3909 1.19192
    endloop
  endfacet
  facet normal 0.991929 -0.126346 0.0106935
    outer loop
      vertex 66.5441 -28.5083 22.9537
      vertex 66.9268 -27.3456 1.19192
      vertex 66.5451 -28.4978 22.985
    endloop
  endfacet
  facet normal 0.991446 -0.130099 0.0104844
    outer loop
      vertex 66.9268 -27.3456 1.19192
      vertex 66.5441 -28.5083 22.9537
      vertex 66.9239 -27.3677 1.19192
    endloop
  endfacet
  facet normal 0.990948 -0.133853 0.0102812
    outer loop
      vertex 66.5451 -28.4978 22.985
      vertex 66.93 -27.3222 1.19192
      vertex 66.5481 -28.469 23.0708
    endloop
  endfacet
  facet normal 0.990727 -0.135484 0.0101893
    outer loop
      vertex 66.93 -27.3222 1.19192
      vertex 66.5451 -28.4978 22.985
      vertex 66.9268 -27.3456 1.19192
    endloop
  endfacet
  facet normal 0.994442 -0.10461 0.0118738
    outer loop
      vertex 66.5481 -28.469 23.0708
      vertex 66.9323 -27.3001 1.19192
      vertex 66.5488 -28.4586 23.1038
    endloop
  endfacet
  facet normal 0.994557 -0.103506 0.0119348
    outer loop
      vertex 66.9323 -27.3001 1.19192
      vertex 66.5481 -28.469 23.0708
      vertex 66.93 -27.3222 1.19192
    endloop
  endfacet
  facet normal 0.994537 -0.103696 0.0119261
    outer loop
      vertex 66.5488 -28.4586 23.1038
      vertex 66.9348 -27.2766 1.19192
      vertex 66.5507 -28.4299 23.1949
    endloop
  endfacet
  facet normal 0.99432 -0.105779 0.0118099
    outer loop
      vertex 66.9348 -27.2766 1.19192
      vertex 66.5488 -28.4586 23.1038
      vertex 66.9323 -27.3001 1.19192
    endloop
  endfacet
  facet normal 0.996482 -0.0827876 0.0130494
    outer loop
      vertex 66.5507 -28.4299 23.1949
      vertex 66.9365 -27.2544 1.19192
      vertex 66.5511 -28.4196 23.2297
    endloop
  endfacet
  facet normal 0.996991 -0.0763462 0.0134025
    outer loop
      vertex 66.9365 -27.2544 1.19192
      vertex 66.5507 -28.4299 23.1949
      vertex 66.9348 -27.2766 1.19192
    endloop
  endfacet
  facet normal 0.996978 -0.0765182 0.0133936
    outer loop
      vertex 66.5511 -28.4196 23.2297
      vertex 66.9384 -27.2308 1.19192
      vertex 66.552 -28.391 23.3261
    endloop
  endfacet
  facet normal 0.996688 -0.0802418 0.0131876
    outer loop
      vertex 66.9384 -27.2308 1.19192
      vertex 66.5511 -28.4196 23.2297
      vertex 66.9365 -27.2544 1.19192
    endloop
  endfacet
  facet normal 0.998518 -0.0524074 0.0146856
    outer loop
      vertex 66.552 -28.391 23.3261
      vertex 66.9396 -27.2085 1.19192
      vertex 66.552 -28.3808 23.3625
    endloop
  endfacet
  facet normal 0.998449 -0.0537282 0.0146138
    outer loop
      vertex 66.9396 -27.2085 1.19192
      vertex 66.552 -28.391 23.3261
      vertex 66.9384 -27.2308 1.19192
    endloop
  endfacet
  facet normal 0.998526 -0.0522457 0.0146925
    outer loop
      vertex 66.552 -28.3808 23.3625
      vertex 66.9408 -27.1848 1.19192
      vertex 66.552 -28.3522 23.4642
    endloop
  endfacet
  facet normal 0.998611 -0.0505626 0.0147848
    outer loop
      vertex 66.9408 -27.1848 1.19192
      vertex 66.552 -28.3808 23.3625
      vertex 66.9396 -27.2085 1.19192
    endloop
  endfacet
  facet normal 0.999554 -0.0251467 0.0161281
    outer loop
      vertex 66.552 -28.3522 23.4642
      vertex 66.9419 -27.1387 1.19192
      vertex 66.5514 -28.3114 23.565
    endloop
  endfacet
  facet normal 0.999601 -0.0235979 0.0155015
    outer loop
      vertex 66.552 -28.3522 23.4642
      vertex 66.5514 -28.3114 23.565
      vertex 66.5516 -28.3407 23.5075
    endloop
  endfacet
  facet normal 0.999584 -0.0238513 0.0161993
    outer loop
      vertex 66.9419 -27.1387 1.19192
      vertex 66.552 -28.3522 23.4642
      vertex 66.9408 -27.1848 1.19192
    endloop
  endfacet
  facet normal 0.999844 0.0019031 0.0175505
    outer loop
      vertex 66.5514 -28.3114 23.565
      vertex 66.9418 -27.0925 1.19192
      vertex 66.5499 -28.2694 23.6459
    endloop
  endfacet
  facet normal 0.998987 -0.0295946 0.033887
    outer loop
      vertex 66.5514 -28.3114 23.565
      vertex 66.5499 -28.2694 23.6459
      vertex 66.551 -28.3012 23.5857
    endloop
  endfacet
  facet normal -0.826234 -0.511478 0.236067
    outer loop
      vertex 66.5514 -28.3114 23.565
      vertex 66.551 -28.3012 23.5857
      vertex 66.5511 -28.3039 23.5802
    endloop
  endfacet
  facet normal 0.999843 0.00216416 0.0175647
    outer loop
      vertex 66.9418 -27.0925 1.19192
      vertex 66.5514 -28.3114 23.565
      vertex 66.9419 -27.1387 1.19192
    endloop
  endfacet
  facet normal 0.999848 -2.31638e-05 0.0174527
    outer loop
      vertex 66.5132 -8.70487 25.7428
      vertex 66.9418 -6.40573 1.19176
      vertex 66.5123 -7.69537 25.7957
    endloop
  endfacet
  facet normal 0.999848 2.3974e-06 0.0174533
    outer loop
      vertex 66.9418 -25.7284 1.19191
      vertex 66.5132 -8.70487 25.7428
      vertex 66.5285 -25.3895 24.8686
    endloop
  endfacet
  facet normal 0.999848 1.355e-07 0.0174549
    outer loop
      vertex 66.5132 -8.70487 25.7428
      vertex 66.9418 -25.7284 1.19191
      vertex 66.9418 -6.40573 1.19176
    endloop
  endfacet
  facet normal 0.999844 -6.98249e-05 0.017664
    outer loop
      vertex 66.5499 -28.2694 23.6459
      vertex 66.5285 -25.3895 24.8686
      vertex 66.5297 -26.0411 24.7981
    endloop
  endfacet
  facet normal 0.99986 0.000426085 0.0167052
    outer loop
      vertex 66.5499 -28.2694 23.6459
      vertex 66.5297 -26.0411 24.7981
      vertex 66.5306 -26.279 24.7503
    endloop
  endfacet
  facet normal 0.999848 1.97582e-05 0.017453
    outer loop
      vertex 66.5285 -25.3895 24.8686
      vertex 66.5499 -28.2694 23.6459
      vertex 66.9418 -25.7284 1.19191
    endloop
  endfacet
  facet normal 0.999848 2.11065e-07 0.0174508
    outer loop
      vertex 66.9418 -25.7284 1.19191
      vertex 66.5499 -28.2694 23.6459
      vertex 66.9418 -26.5552 1.19192
    endloop
  endfacet
  facet normal 0.999845 -6.95907e-05 0.0175983
    outer loop
      vertex 66.5499 -28.2694 23.6459
      vertex 66.5306 -26.279 24.7503
      vertex 66.5362 -27.856 24.4259
    endloop
  endfacet
  facet normal 0.999848 0 0.0174508
    outer loop
      vertex 66.9418 -26.5552 1.19192
      vertex 66.5499 -28.2694 23.6459
      vertex 66.9418 -27.0925 1.19192
    endloop
  endfacet
  facet normal 0.00092208 -0.99863 -0.0523281
    outer loop
      vertex 66.9418 -6.40573 1.19176
      vertex 66.6258 -7.69537 25.7977
      vertex 66.5123 -7.69537 25.7957
    endloop
  endfacet
  facet normal 0.000886095 -0.99863 -0.0523285
    outer loop
      vertex 66.6258 -7.69537 25.7977
      vertex 66.9418 -6.40573 1.19176
      vertex 67.1672 -6.40553 1.19176
    endloop
  endfacet
  facet normal 0.000922616 -0.99863 -0.0523277
    outer loop
      vertex 67.1672 -6.40553 1.19176
      vertex 66.9661 -7.69537 25.8037
      vertex 66.6258 -7.69537 25.7977
    endloop
  endfacet
  facet normal 0.000920068 -0.99863 -0.0523277
    outer loop
      vertex 66.9661 -7.69537 25.8037
      vertex 67.1672 -6.40553 1.19176
      vertex 67.3957 -6.40532 1.19177
    endloop
  endfacet
  facet normal 0.0427785 -0.997754 -0.0515515
    outer loop
      vertex 67.7328 -6.39086 1.19177
      vertex 67.7778 -7.66139 25.8196
      vertex 66.9661 -7.69537 25.8037
    endloop
  endfacet
  facet normal 0.0427781 -0.997754 -0.0515515
    outer loop
      vertex 67.7778 -7.66139 25.8196
      vertex 67.7328 -6.39086 1.19177
      vertex 68.2077 -6.3705 1.19179
    endloop
  endfacet
  facet normal 0.0427989 -0.997753 -0.0515508
    outer loop
      vertex 67.7328 -6.39086 1.19177
      vertex 66.9661 -7.69537 25.8037
      vertex 67.3957 -6.40532 1.19177
    endloop
  endfacet
  facet normal 0.0845862 -0.995126 -0.050684
    outer loop
      vertex 68.2077 -6.3705 1.19179
      vertex 67.9802 -7.64441 25.824
      vertex 67.7778 -7.66139 25.8196
    endloop
  endfacet
  facet normal 0.0845722 -0.995127 -0.0506842
    outer loop
      vertex 67.9802 -7.64441 25.824
      vertex 68.2077 -6.3705 1.19179
      vertex 68.61 -6.33631 1.19179
    endloop
  endfacet
  facet normal 0.084562 -0.995128 -0.0506845
    outer loop
      vertex 68.61 -6.33631 1.19179
      vertex 68.5874 -7.59349 25.8373
      vertex 67.9802 -7.64441 25.824
    endloop
  endfacet
  facet normal 0.0845482 -0.995129 -0.0506845
    outer loop
      vertex 68.5874 -7.59349 25.8373
      vertex 68.61 -6.33631 1.19179
      vertex 69.0176 -6.30168 1.1918
    endloop
  endfacet
  facet normal 0.126173 -0.990761 -0.049729
    outer loop
      vertex 69.0176 -6.30168 1.1918
      vertex 68.7889 -7.56807 25.8421
      vertex 68.5874 -7.59349 25.8373
    endloop
  endfacet
  facet normal 0.126232 -0.990754 -0.049728
    outer loop
      vertex 68.7889 -7.56807 25.8421
      vertex 69.0176 -6.30168 1.1918
      vertex 69.4182 -6.25064 1.19181
    endloop
  endfacet
  facet normal 0.126242 -0.990752 -0.0497277
    outer loop
      vertex 69.4182 -6.25064 1.19181
      vertex 69.3933 -7.49179 25.8567
      vertex 68.7889 -7.56807 25.8421
    endloop
  endfacet
  facet normal 0.126239 -0.990753 -0.0497277
    outer loop
      vertex 69.3933 -7.49179 25.8567
      vertex 69.4182 -6.25064 1.19181
      vertex 69.8238 -6.19896 1.19182
    endloop
  endfacet
  facet normal 0.167674 -0.98464 -0.0486841
    outer loop
      vertex 69.8238 -6.19896 1.19182
      vertex 69.5935 -7.45796 25.862
      vertex 69.3933 -7.49179 25.8567
    endloop
  endfacet
  facet normal 0.167619 -0.984649 -0.0486851
    outer loop
      vertex 69.5935 -7.45796 25.862
      vertex 69.8238 -6.19896 1.19182
      vertex 70.2222 -6.13114 1.19183
    endloop
  endfacet
  facet normal 0.167628 -0.984647 -0.0486848
    outer loop
      vertex 70.2222 -6.13114 1.19183
      vertex 70.1943 -7.35646 25.8778
      vertex 69.5935 -7.45796 25.862
    endloop
  endfacet
  facet normal 0.167676 -0.984639 -0.0486843
    outer loop
      vertex 70.1943 -7.35646 25.8778
      vertex 70.2222 -6.13114 1.19183
      vertex 70.6251 -6.06253 1.19184
    endloop
  endfacet
  facet normal 0.208754 -0.976811 -0.0475572
    outer loop
      vertex 70.6251 -6.06253 1.19184
      vertex 70.3929 -7.31429 25.8834
      vertex 70.1943 -7.35646 25.8778
    endloop
  endfacet
  facet normal 0.208753 -0.976811 -0.0475572
    outer loop
      vertex 70.3929 -7.31429 25.8834
      vertex 70.6251 -6.06253 1.19184
      vertex 71.0205 -5.97803 1.19185
    endloop
  endfacet
  facet normal 0.20879 -0.976804 -0.0475558
    outer loop
      vertex 71.0205 -5.97803 1.19185
      vertex 70.9888 -7.18775 25.9005
      vertex 70.3929 -7.31429 25.8834
    endloop
  endfacet
  facet normal 0.208759 -0.97681 -0.0475562
    outer loop
      vertex 70.9888 -7.18775 25.9005
      vertex 71.0205 -5.97803 1.19185
      vertex 71.4201 -5.89263 1.19186
    endloop
  endfacet
  facet normal 0.249522 -0.96726 -0.0463441
    outer loop
      vertex 71.4201 -5.89263 1.19186
      vertex 71.1855 -7.1373 25.9066
      vertex 70.9888 -7.18775 25.9005
    endloop
  endfacet
  facet normal 0.249532 -0.967257 -0.0463438
    outer loop
      vertex 71.1855 -7.1373 25.9066
      vertex 71.4201 -5.89263 1.19186
      vertex 71.8118 -5.79158 1.19187
    endloop
  endfacet
  facet normal 0.249539 -0.967255 -0.0463436
    outer loop
      vertex 71.8118 -5.79158 1.19187
      vertex 71.7755 -6.98596 25.9248
      vertex 71.1855 -7.1373 25.9066
    endloop
  endfacet
  facet normal 0.249568 -0.967248 -0.0463432
    outer loop
      vertex 71.7755 -6.98596 25.9248
      vertex 71.8118 -5.79158 1.19187
      vertex 72.2072 -5.68956 1.19188
    endloop
  endfacet
  facet normal 0.289881 -0.956002 -0.045049
    outer loop
      vertex 71.7755 -6.98596 25.9248
      vertex 72.5946 -5.57212 1.19188
      vertex 71.9699 -6.92732 25.9313
    endloop
  endfacet
  facet normal 0.289817 -0.956021 -0.0450522
    outer loop
      vertex 72.5946 -5.57212 1.19188
      vertex 71.7755 -6.98596 25.9248
      vertex 72.2072 -5.68956 1.19188
    endloop
  endfacet
  facet normal 0.289858 -0.956009 -0.0450511
    outer loop
      vertex 71.9699 -6.92732 25.9313
      vertex 72.9852 -5.45366 1.19189
      vertex 72.5531 -6.75141 25.9507
    endloop
  endfacet
  facet normal 0.28993 -0.955987 -0.0450469
    outer loop
      vertex 72.9852 -5.45366 1.19189
      vertex 71.9699 -6.92732 25.9313
      vertex 72.5946 -5.57212 1.19188
    endloop
  endfacet
  facet normal 0.329728 -0.943065 -0.0436755
    outer loop
      vertex 72.5531 -6.75141 25.9507
      vertex 73.3675 -5.32003 1.1919
      vertex 72.7448 -6.6847 25.9575
    endloop
  endfacet
  facet normal 0.329652 -0.943092 -0.0436796
    outer loop
      vertex 73.3675 -5.32003 1.1919
      vertex 72.5531 -6.75141 25.9507
      vertex 72.9852 -5.45366 1.19189
    endloop
  endfacet
  facet normal 0.329662 -0.943088 -0.0436789
    outer loop
      vertex 72.7448 -6.6847 25.9575
      vertex 73.7527 -5.18537 1.19191
      vertex 73.3201 -6.48455 25.978
    endloop
  endfacet
  facet normal 0.329687 -0.943079 -0.0436774
    outer loop
      vertex 73.7527 -5.18537 1.19191
      vertex 72.7448 -6.6847 25.9575
      vertex 73.3675 -5.32003 1.1919
    endloop
  endfacet
  facet normal 0.368843 -0.928532 -0.0422329
    outer loop
      vertex 73.3201 -6.48455 25.978
      vertex 74.1293 -5.03575 1.19192
      vertex 73.5089 -6.40988 25.9852
    endloop
  endfacet
  facet normal 0.368891 -0.928513 -0.0422302
    outer loop
      vertex 74.1293 -5.03575 1.19192
      vertex 73.3201 -6.48455 25.978
      vertex 73.7527 -5.18537 1.19191
    endloop
  endfacet
  facet normal 0.368948 -0.92849 -0.042228
    outer loop
      vertex 73.5089 -6.40988 25.9852
      vertex 74.5083 -4.88515 1.19192
      vertex 74.0752 -6.18584 26.0069
    endloop
  endfacet
  facet normal 0.368946 -0.928491 -0.0422281
    outer loop
      vertex 74.5083 -4.88515 1.19192
      vertex 73.5089 -6.40988 25.9852
      vertex 74.1293 -5.03575 1.19192
    endloop
  endfacet
  facet normal 0.40751 -0.912293 -0.0407051
    outer loop
      vertex 74.0752 -6.18584 26.0069
      vertex 75.2508 -4.55351 1.19194
      vertex 74.8171 -5.85579 26.0371
    endloop
  endfacet
  facet normal 0.407485 -0.912304 -0.040707
    outer loop
      vertex 75.2508 -4.55351 1.19194
      vertex 74.0752 -6.18584 26.0069
      vertex 74.5083 -4.88515 1.19192
    endloop
  endfacet
  facet normal 0.445475 -0.89444 -0.0391054
    outer loop
      vertex 74.8171 -5.85579 26.0371
      vertex 75.614 -4.37265 1.19195
      vertex 74.9989 -5.76559 26.045
    endloop
  endfacet
  facet normal 0.445414 -0.89447 -0.0391092
    outer loop
      vertex 75.614 -4.37265 1.19195
      vertex 74.8171 -5.85579 26.0371
      vertex 75.2508 -4.55351 1.19194
    endloop
  endfacet
  facet normal 0.445344 -0.894505 -0.0391133
    outer loop
      vertex 74.9989 -5.76559 26.045
      vertex 75.9787 -4.19105 1.19195
      vertex 75.5445 -5.49499 26.0687
    endloop
  endfacet
  facet normal 0.445399 -0.894477 -0.0391094
    outer loop
      vertex 75.9787 -4.19105 1.19195
      vertex 74.9989 -5.76559 26.045
      vertex 75.614 -4.37265 1.19195
    endloop
  endfacet
  facet normal -0.211621 0.306397 0.928083
    outer loop
      vertex 75.5445 -5.49499 26.0687
      vertex 75.7224 -5.39726 26.077
      vertex 75.5876 -5.47128 26.0707
    endloop
  endfacet
  facet normal 0.482488 -0.875102 -0.0374473
    outer loop
      vertex 75.5445 -5.49499 26.0687
      vertex 76.3343 -3.99501 1.19196
      vertex 75.7224 -5.39726 26.077
    endloop
  endfacet
  facet normal 0.48245 -0.875122 -0.0374497
    outer loop
      vertex 76.3343 -3.99501 1.19196
      vertex 75.5445 -5.49499 26.0687
      vertex 75.9787 -4.19105 1.19195
    endloop
  endfacet
  facet normal 0.482459 -0.875118 -0.0374487
    outer loop
      vertex 75.7224 -5.39726 26.077
      vertex 76.6909 -3.79842 1.19197
      vertex 76.2561 -5.10408 26.1016
    endloop
  endfacet
  facet normal 0.482448 -0.875124 -0.0374495
    outer loop
      vertex 76.6909 -3.79842 1.19197
      vertex 75.7224 -5.39726 26.077
      vertex 76.3343 -3.99501 1.19196
    endloop
  endfacet
  facet normal 0.518727 -0.854193 -0.0357187
    outer loop
      vertex 76.7994 -4.77524 26.1284
      vertex 77.386 -3.37628 1.19198
      vertex 76.9506 -4.68373 26.1358
    endloop
  endfacet
  facet normal 0.518762 -0.854172 -0.0357167
    outer loop
      vertex 76.2561 -5.10408 26.1016
      vertex 77.386 -3.37628 1.19198
      vertex 76.7994 -4.77524 26.1284
    endloop
  endfacet
  facet normal 0.518751 -0.854179 -0.0357177
    outer loop
      vertex 77.386 -3.37628 1.19198
      vertex 76.2561 -5.10408 26.1016
      vertex 76.6909 -3.79842 1.19197
    endloop
  endfacet
  facet normal 0.554025 -0.831808 -0.0339293
    outer loop
      vertex 76.9506 -4.68373 26.1358
      vertex 77.7245 -3.15082 1.19199
      vertex 77.1197 -4.57146 26.1446
    endloop
  endfacet
  facet normal 0.55403 -0.831805 -0.033929
    outer loop
      vertex 77.7245 -3.15082 1.19199
      vertex 76.9506 -4.68373 26.1358
      vertex 77.386 -3.37628 1.19198
    endloop
  endfacet
  facet normal 0.554083 -0.83177 -0.0339269
    outer loop
      vertex 77.1197 -4.57146 26.1446
      vertex 78.0629 -2.92536 1.19199
      vertex 77.6269 -4.23467 26.1711
    endloop
  endfacet
  facet normal 0.554143 -0.83173 -0.0339221
    outer loop
      vertex 78.0629 -2.92536 1.19199
      vertex 77.1197 -4.57146 26.1446
      vertex 77.7245 -3.15082 1.19199
    endloop
  endfacet
  facet normal 0.588471 -0.807882 -0.0320731
    outer loop
      vertex 77.6269 -4.23467 26.1711
      vertex 78.3919 -2.68576 1.192
      vertex 77.7911 -4.11543 26.1803
    endloop
  endfacet
  facet normal 0.588395 -0.807937 -0.0320788
    outer loop
      vertex 78.3919 -2.68576 1.192
      vertex 77.6269 -4.23467 26.1711
      vertex 78.0629 -2.92536 1.19199
    endloop
  endfacet
  facet normal 0.588391 -0.80794 -0.0320795
    outer loop
      vertex 77.7911 -4.11543 26.1803
      vertex 78.7204 -2.44649 1.19201
      vertex 78.2838 -3.7577 26.2076
    endloop
  endfacet
  facet normal 0.58845 -0.807897 -0.0320744
    outer loop
      vertex 78.7204 -2.44649 1.19201
      vertex 77.7911 -4.11543 26.1803
      vertex 78.3919 -2.68576 1.192
    endloop
  endfacet
  facet normal 0.621894 -0.782521 -0.0301599
    outer loop
      vertex 78.2838 -3.7577 26.2076
      vertex 79.0393 -2.19313 1.19201
      vertex 78.4428 -3.6317 26.217
    endloop
  endfacet
  facet normal 0.621773 -0.782616 -0.0301695
    outer loop
      vertex 79.0393 -2.19313 1.19201
      vertex 78.2838 -3.7577 26.2076
      vertex 78.7204 -2.44649 1.19201
    endloop
  endfacet
  facet normal 0.62175 -0.782634 -0.0301699
    outer loop
      vertex 78.4428 -3.6317 26.217
      vertex 79.3573 -1.9405 1.19202
      vertex 78.92 -3.25368 26.2451
    endloop
  endfacet
  facet normal 0.621751 -0.782633 -0.0301698
    outer loop
      vertex 79.3573 -1.9405 1.19202
      vertex 78.4428 -3.6317 26.217
      vertex 79.0393 -2.19313 1.19201
    endloop
  endfacet
  facet normal 0.654085 -0.755895 -0.0282016
    outer loop
      vertex 78.92 -3.25368 26.2451
      vertex 79.6656 -1.6738 1.19202
      vertex 79.0736 -3.12113 26.2548
    endloop
  endfacet
  facet normal 0.653979 -0.755987 -0.0282106
    outer loop
      vertex 79.6656 -1.6738 1.19202
      vertex 78.92 -3.25368 26.2451
      vertex 79.3573 -1.9405 1.19202
    endloop
  endfacet
  facet normal 0.654012 -0.755958 -0.0282075
    outer loop
      vertex 79.0736 -3.12113 26.2548
      vertex 79.9725 -1.40827 1.19203
      vertex 79.5345 -2.72346 26.2836
    endloop
  endfacet
  facet normal 0.654037 -0.755936 -0.0282051
    outer loop
      vertex 79.9725 -1.40827 1.19203
      vertex 79.0736 -3.12113 26.2548
      vertex 79.6656 -1.6738 1.19202
    endloop
  endfacet
  facet normal 0.684953 -0.728116 -0.0262116
    outer loop
      vertex 79.5345 -2.72346 26.2836
      vertex 80.2696 -1.12866 1.19203
      vertex 79.6825 -2.58459 26.2935
    endloop
  endfacet
  facet normal 0.685112 -0.727967 -0.0261975
    outer loop
      vertex 80.2696 -1.12866 1.19203
      vertex 79.5345 -2.72346 26.2836
      vertex 79.9725 -1.40827 1.19203
    endloop
  endfacet
  facet normal 0.685231 -0.727855 -0.0261881
    outer loop
      vertex 80.5649 -0.850719 1.19204
      vertex 79.9402 -2.3426 26.3107
      vertex 79.6825 -2.58459 26.2935
    endloop
  endfacet
  facet normal 0.68495 -0.728119 -0.0262107
    outer loop
      vertex 79.9402 -2.3426 26.3107
      vertex 80.5649 -0.850719 1.19204
      vertex 80.1263 -2.16798 26.3231
    endloop
  endfacet
  facet normal 0.685145 -0.727935 -0.0261966
    outer loop
      vertex 80.5649 -0.850719 1.19204
      vertex 79.6825 -2.58459 26.2935
      vertex 80.2696 -1.12866 1.19203
    endloop
  endfacet
  facet normal 0.714978 -0.698729 -0.0241437
    outer loop
      vertex 80.2682 -2.02304 26.3332
      vertex 80.5649 -0.850719 1.19204
      vertex 80.8503 -0.558682 1.19204
    endloop
  endfacet
  facet normal 0.715193 -0.698511 -0.024131
    outer loop
      vertex 80.5649 -0.850719 1.19204
      vertex 80.2682 -2.02304 26.3332
      vertex 80.1263 -2.16798 26.3231
    endloop
  endfacet
  facet normal 0.715033 -0.698673 -0.0241426
    outer loop
      vertex 80.6942 -1.58823 26.3634
      vertex 80.8503 -0.558682 1.19204
      vertex 81.1335 -0.268851 1.19205
    endloop
  endfacet
  facet normal 0.714936 -0.698773 -0.0241472
    outer loop
      vertex 80.8503 -0.558682 1.19204
      vertex 80.6942 -1.58823 26.3634
      vertex 80.2682 -2.02304 26.3332
    endloop
  endfacet
  facet normal 0.74358 -0.668283 -0.0220485
    outer loop
      vertex 80.8299 -1.43747 26.3737
      vertex 81.1335 -0.268851 1.19205
      vertex 81.4067 0.0351312 1.19205
    endloop
  endfacet
  facet normal 0.743823 -0.668014 -0.0220331
    outer loop
      vertex 81.1335 -0.268851 1.19205
      vertex 80.8299 -1.43747 26.3737
      vertex 80.6942 -1.58823 26.3634
    endloop
  endfacet
  facet normal 0.743696 -0.668155 -0.022043
    outer loop
      vertex 81.2373 -0.985203 26.4045
      vertex 81.4067 0.0351312 1.19205
      vertex 81.6773 0.336325 1.19205
    endloop
  endfacet
  facet normal 0.743566 -0.668299 -0.0220498
    outer loop
      vertex 81.4067 0.0351312 1.19205
      vertex 81.2373 -0.985203 26.4045
      vertex 80.8299 -1.43747 26.3737
    endloop
  endfacet
  facet normal 0.77088 -0.636668 -0.0199164
    outer loop
      vertex 81.3666 -0.828897 26.4149
      vertex 81.6773 0.336325 1.19205
      vertex 81.9378 0.651739 1.19206
    endloop
  endfacet
  facet normal 0.771029 -0.636489 -0.0199062
    outer loop
      vertex 81.6773 0.336325 1.19205
      vertex 81.3666 -0.828897 26.4149
      vertex 81.2373 -0.985203 26.4045
    endloop
  endfacet
  facet normal 0.77098 -0.636548 -0.019905
    outer loop
      vertex 81.7545 -0.359978 26.4463
      vertex 81.9378 0.651739 1.19206
      vertex 82.1954 0.963741 1.19206
    endloop
  endfacet
  facet normal 0.771034 -0.636483 -0.019902
    outer loop
      vertex 81.9378 0.651739 1.19206
      vertex 81.7545 -0.359978 26.4463
      vertex 81.3666 -0.828897 26.4149
    endloop
  endfacet
  facet normal 0.796991 -0.603731 -0.0177321
    outer loop
      vertex 82.2451 0.286367 26.4887
      vertex 82.1954 0.963741 1.19206
      vertex 82.6867 1.61231 1.19207
    endloop
  endfacet
  facet normal 0.796966 -0.603764 -0.0177329
    outer loop
      vertex 82.1954 0.963741 1.19206
      vertex 82.2451 0.286367 26.4887
      vertex 81.7545 -0.359978 26.4463
    endloop
  endfacet
  facet normal 0.821554 -0.569919 -0.0155328
    outer loop
      vertex 82.7082 0.952689 26.5317
      vertex 82.6867 1.61231 1.19207
      vertex 83.1505 2.28089 1.19207
    endloop
  endfacet
  facet normal 0.821489 -0.570013 -0.0155351
    outer loop
      vertex 82.5731 0.758327 26.5192
      vertex 82.6867 1.61231 1.19207
      vertex 82.7082 0.952689 26.5317
    endloop
  endfacet
  facet normal 0.821537 -0.569943 -0.0155326
    outer loop
      vertex 82.6867 1.61231 1.19207
      vertex 82.5731 0.758327 26.5192
      vertex 82.2451 0.286367 26.4887
    endloop
  endfacet
  facet normal 0.844661 -0.535136 -0.0133066
    outer loop
      vertex 82.8169 1.12397 26.5426
      vertex 83.1505 2.28089 1.19207
      vertex 83.37 2.62735 1.19208
    endloop
  endfacet
  facet normal 0.844632 -0.535182 -0.0133091
    outer loop
      vertex 83.1505 2.28089 1.19207
      vertex 82.8169 1.12397 26.5426
      vertex 82.7082 0.952689 26.5317
    endloop
  endfacet
  facet normal 0.844679 -0.535108 -0.0133031
    outer loop
      vertex 83.1429 1.63783 26.5752
      vertex 83.37 2.62735 1.19208
      vertex 83.586 2.96831 1.19208
    endloop
  endfacet
  facet normal 0.844713 -0.535054 -0.0133007
    outer loop
      vertex 83.37 2.62735 1.19208
      vertex 83.1429 1.63783 26.5752
      vertex 82.8169 1.12397 26.5426
    endloop
  endfacet
  facet normal 0.866325 -0.499358 -0.0110512
    outer loop
      vertex 83.2443 1.81351 26.5862
      vertex 83.586 2.96831 1.19208
      vertex 83.791 3.32396 1.19208
    endloop
  endfacet
  facet normal 0.866334 -0.499344 -0.0110504
    outer loop
      vertex 83.586 2.96831 1.19208
      vertex 83.2443 1.81351 26.5862
      vertex 83.1429 1.63783 26.5752
    endloop
  endfacet
  facet normal 0.866424 -0.499187 -0.0110429
    outer loop
      vertex 83.5485 2.34057 26.6191
      vertex 83.791 3.32396 1.19208
      vertex 83.9923 3.67335 1.19208
    endloop
  endfacet
  facet normal 0.866341 -0.499331 -0.0110492
    outer loop
      vertex 83.791 3.32396 1.19208
      vertex 83.5485 2.34057 26.6191
      vertex 83.2443 1.81351 26.5862
    endloop
  endfacet
  facet normal 0.886484 -0.462676 -0.00877758
    outer loop
      vertex 83.6424 2.52035 26.6302
      vertex 83.9923 3.67335 1.19208
      vertex 84.1824 4.03758 1.19208
    endloop
  endfacet
  facet normal 0.886567 -0.462517 -0.00876921
    outer loop
      vertex 83.9923 3.67335 1.19208
      vertex 83.6424 2.52035 26.6302
      vertex 83.5485 2.34057 26.6191
    endloop
  endfacet
  facet normal 0.88651 -0.462626 -0.00877496
    outer loop
      vertex 83.9242 3.05967 26.6634
      vertex 84.1824 4.03758 1.19208
      vertex 84.3688 4.39477 1.19209
    endloop
  endfacet
  facet normal 0.886492 -0.462661 -0.00877646
    outer loop
      vertex 84.1824 4.03758 1.19208
      vertex 83.9242 3.05967 26.6634
      vertex 83.6424 2.52035 26.6302
    endloop
  endfacet
  facet normal 0.905036 -0.425284 -0.00649656
    outer loop
      vertex 84.0106 3.24323 26.6745
      vertex 84.3688 4.39477 1.19209
      vertex 84.5437 4.76697 1.19209
    endloop
  endfacet
  facet normal 0.904915 -0.425542 -0.00650989
    outer loop
      vertex 84.3688 4.39477 1.19209
      vertex 84.0106 3.24323 26.6745
      vertex 83.9242 3.05967 26.6634
    endloop
  endfacet
  facet normal 0.905052 -0.425252 -0.00649146
    outer loop
      vertex 84.2695 3.7939 26.7079
      vertex 84.5437 4.76697 1.19209
      vertex 84.7149 5.13133 1.19209
    endloop
  endfacet
  facet normal 0.905102 -0.425144 -0.00648681
    outer loop
      vertex 84.5437 4.76697 1.19209
      vertex 84.2695 3.7939 26.7079
      vertex 84.0106 3.24323 26.6745
    endloop
  endfacet
  facet normal 0.922063 -0.387017 -0.00418879
    outer loop
      vertex 84.348 3.98091 26.7191
      vertex 84.7149 5.13133 1.19209
      vertex 84.8742 5.51086 1.19209
    endloop
  endfacet
  facet normal 0.922141 -0.386831 -0.00417928
    outer loop
      vertex 84.7149 5.13133 1.19209
      vertex 84.348 3.98091 26.7191
      vertex 84.2695 3.7939 26.7079
    endloop
  endfacet
  facet normal 0.922121 -0.386879 -0.00418157
    outer loop
      vertex 84.5836 4.54195 26.7526
      vertex 84.8742 5.51086 1.19209
      vertex 85.0298 5.88173 1.19209
    endloop
  endfacet
  facet normal 0.922085 -0.386965 -0.00418523
    outer loop
      vertex 84.8742 5.51086 1.19209
      vertex 84.5836 4.54195 26.7526
      vertex 84.348 3.98091 26.7191
    endloop
  endfacet
  facet normal 0.937449 -0.348118 -0.00188151
    outer loop
      vertex 84.8661 5.30251 26.7974
      vertex 85.0298 5.88173 1.19209
      vertex 85.3131 6.64463 1.19209
    endloop
  endfacet
  facet normal 0.937453 -0.348108 -0.00188125
    outer loop
      vertex 84.6677 4.76839 26.7659
      vertex 85.0298 5.88173 1.19209
      vertex 84.8661 5.30251 26.7974
    endloop
  endfacet
  facet normal 0.937468 -0.348066 -0.00187921
    outer loop
      vertex 85.0298 5.88173 1.19209
      vertex 84.6677 4.76839 26.7659
      vertex 84.5836 4.54195 26.7526
    endloop
  endfacet
  facet normal 0.951225 -0.308498 0.000434431
    outer loop
      vertex 84.9287 5.49544 26.8086
      vertex 85.3131 6.64463 1.19209
      vertex 85.4403 7.03684 1.19209
    endloop
  endfacet
  facet normal 0.951175 -0.308652 0.000426727
    outer loop
      vertex 85.3131 6.64463 1.19209
      vertex 84.9287 5.49544 26.8086
      vertex 84.8661 5.30251 26.7974
    endloop
  endfacet
  facet normal 0.951188 -0.308611 0.00042597
    outer loop
      vertex 85.1165 6.07424 26.8422
      vertex 85.4403 7.03684 1.19209
      vertex 85.5642 7.41872 1.19209
    endloop
  endfacet
  facet normal 0.951176 -0.308648 0.000424435
    outer loop
      vertex 85.4403 7.03684 1.19209
      vertex 85.1165 6.07424 26.8422
      vertex 84.9287 5.49544 26.8086
    endloop
  endfacet
  facet normal 0.96328 -0.268486 0.00274131
    outer loop
      vertex 85.1709 6.26964 26.8534
      vertex 85.5642 7.41872 1.19209
      vertex 85.675 7.81625 1.19209
    endloop
  endfacet
  facet normal 0.963318 -0.268348 0.00274807
    outer loop
      vertex 85.5642 7.41872 1.19209
      vertex 85.1709 6.26964 26.8534
      vertex 85.1165 6.07424 26.8422
    endloop
  endfacet
  facet normal 0.96321 -0.268736 0.00272666
    outer loop
      vertex 85.3343 6.85581 26.887
      vertex 85.675 7.81625 1.19209
      vertex 85.7828 8.20263 1.19209
    endloop
  endfacet
  facet normal 0.96323 -0.268665 0.00272955
    outer loop
      vertex 85.675 7.81625 1.19209
      vertex 85.3343 6.85581 26.887
      vertex 85.1709 6.26964 26.8534
    endloop
  endfacet
  facet normal 0.973635 -0.228054 0.0050411
    outer loop
      vertex 85.3805 7.05331 26.8981
      vertex 85.7828 8.20263 1.19209
      vertex 85.877 8.6048 1.19209
    endloop
  endfacet
  facet normal 0.973639 -0.228041 0.00504174
    outer loop
      vertex 85.7828 8.20263 1.19209
      vertex 85.3805 7.05331 26.8981
      vertex 85.3343 6.85581 26.887
    endloop
  endfacet
  facet normal 0.973686 -0.227837 0.00505025
    outer loop
      vertex 85.5191 7.64582 26.9316
      vertex 85.877 8.6048 1.19209
      vertex 85.9683 8.99498 1.19209
    endloop
  endfacet
  facet normal 0.973639 -0.228039 0.00504208
    outer loop
      vertex 85.877 8.6048 1.19209
      vertex 85.5191 7.64582 26.9316
      vertex 85.3805 7.05331 26.8981
    endloop
  endfacet
  facet normal 0.982292 -0.187214 0.0073334
    outer loop
      vertex 85.5569 7.84509 26.9427
      vertex 85.9683 8.99498 1.19209
      vertex 86.0457 9.40109 1.19209
    endloop
  endfacet
  facet normal 0.982378 -0.186759 0.00735507
    outer loop
      vertex 85.9683 8.99498 1.19209
      vertex 85.5569 7.84509 26.9427
      vertex 85.5191 7.64582 26.9316
    endloop
  endfacet
  facet normal 0.982298 -0.187182 0.0073325
    outer loop
      vertex 85.6706 8.4429 26.976
      vertex 86.0476 9.41129 1.19209
      vertex 86.1206 9.79438 1.19209
    endloop
  endfacet
  facet normal 0.983062 -0.183119 0.00749628
    outer loop
      vertex 85.6706 8.4429 26.976
      vertex 86.0457 9.40109 1.19209
      vertex 86.0476 9.41129 1.19209
    endloop
  endfacet
  facet normal 0.982288 -0.187234 0.00733211
    outer loop
      vertex 86.0457 9.40109 1.19209
      vertex 85.6706 8.4429 26.976
      vertex 85.5569 7.84509 26.9427
    endloop
  endfacet
  facet normal 0.98924 -0.145986 0.00961813
    outer loop
      vertex 85.7885 9.24564 27.0202
      vertex 86.1206 9.79438 1.19209
      vertex 86.2394 10.5994 1.19208
    endloop
  endfacet
  facet normal 0.989264 -0.145825 0.00962186
    outer loop
      vertex 86.1206 9.79438 1.19209
      vertex 85.7885 9.24564 27.0202
      vertex 85.6706 8.4429 26.976
    endloop
  endfacet
  facet normal 0.994475 -0.1043 0.0118918
    outer loop
      vertex 85.8096 9.4474 27.0311
      vertex 86.2394 10.5994 1.19208
      vertex 86.2826 11.0113 1.19208
    endloop
  endfacet
  facet normal 0.994439 -0.10464 0.011876
    outer loop
      vertex 86.2394 10.5994 1.19208
      vertex 85.8096 9.4474 27.0311
      vertex 85.7885 9.24564 27.0202
    endloop
  endfacet
  facet normal 0.994472 -0.104326 0.0118904
    outer loop
      vertex 85.8727 10.0527 27.064
      vertex 86.2826 11.0113 1.19208
      vertex 86.3243 11.4088 1.19208
    endloop
  endfacet
  facet normal 0.994473 -0.104316 0.0118908
    outer loop
      vertex 86.2826 11.0113 1.19208
      vertex 85.8727 10.0527 27.064
      vertex 85.8096 9.4474 27.0311
    endloop
  endfacet
  facet normal 0.997934 -0.0626702 0.014132
    outer loop
      vertex 85.923 10.8625 27.1073
      vertex 86.3243 11.4088 1.19208
      vertex 86.3753 12.2209 1.19207
    endloop
  endfacet
  facet normal 0.997934 -0.0626703 0.014132
    outer loop
      vertex 85.8815 10.1936 27.0715
      vertex 86.3243 11.4088 1.19208
      vertex 85.923 10.8625 27.1073
    endloop
  endfacet
  facet normal 0.997909 -0.0630762 0.0141125
    outer loop
      vertex 86.3243 11.4088 1.19208
      vertex 85.8815 10.1936 27.0715
      vertex 85.8727 10.0527 27.064
    endloop
  endfacet
  facet normal 0.999646 -0.0209716 0.0163507
    outer loop
      vertex 85.927 11.0653 27.118
      vertex 86.3753 12.2209 1.19207
      vertex 86.384 12.6356 1.19207
    endloop
  endfacet
  facet normal 0.999654 -0.0205807 0.0163682
    outer loop
      vertex 86.3753 12.2209 1.19207
      vertex 85.927 11.0653 27.118
      vertex 85.923 10.8625 27.1073
    endloop
  endfacet
  facet normal 0.99965 -0.0208051 0.0163585
    outer loop
      vertex 85.9392 11.6738 27.1501
      vertex 86.384 12.6356 1.19207
      vertex 86.3923 13.0344 1.19207
    endloop
  endfacet
  facet normal 0.999648 -0.020905 0.0163547
    outer loop
      vertex 86.384 12.6356 1.19207
      vertex 85.9392 11.6738 27.1501
      vertex 85.927 11.0653 27.118
    endloop
  endfacet
  facet normal 0.999614 0.0207153 0.0185343
    outer loop
      vertex 85.9348 11.8766 27.1606
      vertex 86.3923 13.0344 1.19207
      vertex 86.3837 13.4494 1.19206
    endloop
  endfacet
  facet normal 0.999607 0.0210069 0.0185471
    outer loop
      vertex 85.9384 11.7128 27.1521
      vertex 86.3923 13.0344 1.19207
      vertex 85.9348 11.8766 27.1606
    endloop
  endfacet
  facet normal 0.999638 0.019558 0.0184739
    outer loop
      vertex 86.3923 13.0344 1.19207
      vertex 85.9384 11.7128 27.1521
      vertex 85.9392 11.6738 27.1501
    endloop
  endfacet
  facet normal 0.999606 0.0210707 0.0185513
    outer loop
      vertex 85.9215 12.485 27.1923
      vertex 86.3837 13.4494 1.19206
      vertex 86.3753 13.8479 1.19206
    endloop
  endfacet
  facet normal 0.99961 0.0208858 0.0185445
    outer loop
      vertex 86.3837 13.4494 1.19206
      vertex 85.9215 12.485 27.1923
      vertex 85.9348 11.8766 27.1606
    endloop
  endfacet
  facet normal 0.997826 0.0625747 0.0206953
    outer loop
      vertex 85.9086 12.6875 27.2027
      vertex 86.3753 13.8479 1.19206
      vertex 86.3493 14.2625 1.19206
    endloop
  endfacet
  facet normal 0.99783 0.0625028 0.0206921
    outer loop
      vertex 86.3753 13.8479 1.19206
      vertex 85.9086 12.6875 27.2027
      vertex 85.9215 12.485 27.1923
    endloop
  endfacet
  facet normal 0.997813 0.0627718 0.0207086
    outer loop
      vertex 85.8697 13.2949 27.2338
      vertex 86.3493 14.2625 1.19206
      vertex 86.3243 14.6599 1.19205
    endloop
  endfacet
  facet normal 0.997809 0.0628427 0.0207112
    outer loop
      vertex 86.3493 14.2625 1.19206
      vertex 85.8697 13.2949 27.2338
      vertex 85.9086 12.6875 27.2027
    endloop
  endfacet
  facet normal 0.994278 0.104357 0.0228265
    outer loop
      vertex 85.8483 13.4966 27.244
      vertex 86.3243 14.6599 1.19205
      vertex 86.2809 15.0734 1.19205
    endloop
  endfacet
  facet normal 0.99428 0.104337 0.0228256
    outer loop
      vertex 86.3243 14.6599 1.19205
      vertex 85.8483 13.4966 27.244
      vertex 85.8697 13.2949 27.2338
    endloop
  endfacet
  facet normal 0.994283 0.104305 0.0228233
    outer loop
      vertex 85.7841 14.1019 27.2747
      vertex 86.2809 15.0734 1.19205
      vertex 86.2394 15.469 1.19204
    endloop
  endfacet
  facet normal 0.994284 0.104299 0.0228231
    outer loop
      vertex 86.2809 15.0734 1.19205
      vertex 85.7841 14.1019 27.2747
      vertex 85.8483 13.4966 27.244
    endloop
  endfacet
  facet normal 0.988963 0.14605 0.0249189
    outer loop
      vertex 85.7542 14.3026 27.2846
      vertex 86.2394 15.469 1.19204
      vertex 86.1786 15.8807 1.19204
    endloop
  endfacet
  facet normal 0.988955 0.146104 0.0249212
    outer loop
      vertex 86.2394 15.469 1.19204
      vertex 85.7542 14.3026 27.2846
      vertex 85.7841 14.1019 27.2747
    endloop
  endfacet
  facet normal 0.988988 0.145884 0.0249104
    outer loop
      vertex 85.6646 14.9047 27.3146
      vertex 86.1786 15.8807 1.19204
      vertex 86.1206 16.2739 1.19203
    endloop
  endfacet
  facet normal 0.988981 0.145931 0.024912
    outer loop
      vertex 86.1786 15.8807 1.19204
      vertex 85.6646 14.9047 27.3146
      vertex 85.7542 14.3026 27.2846
    endloop
  endfacet
  facet normal 0.981961 0.187152 0.0269479
    outer loop
      vertex 85.5117 15.7017 27.3538
      vertex 86.1206 16.2739 1.19203
      vertex 85.9683 17.073 1.19202
    endloop
  endfacet
  facet normal 0.981979 0.187062 0.0269463
    outer loop
      vertex 86.1206 16.2739 1.19203
      vertex 85.5117 15.7017 27.3538
      vertex 85.6646 14.9047 27.3146
    endloop
  endfacet
  facet normal 0.973254 0.2279 0.0289344
    outer loop
      vertex 85.4651 15.8992 27.3633
      vertex 85.9683 17.073 1.19202
      vertex 85.8733 17.4787 1.19202
    endloop
  endfacet
  facet normal 0.973177 0.228228 0.0289476
    outer loop
      vertex 85.9683 17.073 1.19202
      vertex 85.4651 15.8992 27.3633
      vertex 85.5117 15.7017 27.3538
    endloop
  endfacet
  facet normal 0.97323 0.228003 0.0289381
    outer loop
      vertex 85.3255 16.4917 27.3919
      vertex 85.8733 17.4787 1.19202
      vertex 85.7828 17.865 1.19201
    endloop
  endfacet
  facet normal 0.973252 0.227913 0.0289351
    outer loop
      vertex 85.8733 17.4787 1.19202
      vertex 85.3255 16.4917 27.3919
      vertex 85.4651 15.8992 27.3633
    endloop
  endfacet
  facet normal 0.962738 0.268666 0.0308853
    outer loop
      vertex 85.2707 16.6871 27.4012
      vertex 85.7828 17.865 1.19201
      vertex 85.6707 18.2667 1.19201
    endloop
  endfacet
  facet normal 0.962773 0.26854 0.0308804
    outer loop
      vertex 85.7828 17.865 1.19201
      vertex 85.2707 16.6871 27.4012
      vertex 85.3255 16.4917 27.3919
    endloop
  endfacet
  facet normal 0.962769 0.268557 0.0308825
    outer loop
      vertex 85.1062 17.2733 27.4291
      vertex 85.6707 18.2667 1.19201
      vertex 85.5642 18.6485 1.192
    endloop
  endfacet
  facet normal 0.962731 0.268692 0.0308868
    outer loop
      vertex 85.6707 18.2667 1.19201
      vertex 85.1062 17.2733 27.4291
      vertex 85.2707 16.6871 27.4012
    endloop
  endfacet
  facet normal 0.950651 0.308529 0.0327664
    outer loop
      vertex 84.8545 18.045 27.4651
      vertex 85.5642 18.6485 1.192
      vertex 85.3131 19.4222 1.19199
    endloop
  endfacet
  facet normal 0.950648 0.308538 0.0327665
    outer loop
      vertex 85.5642 18.6485 1.192
      vertex 84.8545 18.045 27.4651
      vertex 85.1062 17.2733 27.4291
    endloop
  endfacet
  facet normal 0.936817 0.348105 0.0345996
    outer loop
      vertex 84.7835 18.2352 27.4738
      vertex 85.3131 19.4222 1.19199
      vertex 85.1677 19.8135 1.19198
    endloop
  endfacet
  facet normal 0.936811 0.348121 0.0346001
    outer loop
      vertex 85.3131 19.4222 1.19199
      vertex 84.7835 18.2352 27.4738
      vertex 84.8545 18.045 27.4651
    endloop
  endfacet
  facet normal 0.936812 0.348117 0.0345993
    outer loop
      vertex 84.5706 18.8056 27.5
      vertex 85.1677 19.8135 1.19198
      vertex 85.0298 20.1846 1.19198
    endloop
  endfacet
  facet normal 0.937341 0.346696 0.0345568
    outer loop
      vertex 84.5842 18.769 27.4983
      vertex 85.1677 19.8135 1.19198
      vertex 84.5706 18.8056 27.5
    endloop
  endfacet
  facet normal 0.936791 0.348173 0.0346033
    outer loop
      vertex 85.1677 19.8135 1.19198
      vertex 84.5842 18.769 27.4983
      vertex 84.7835 18.2352 27.4738
    endloop
  endfacet
  facet normal 0.921322 0.387095 0.036372
    outer loop
      vertex 84.4917 18.9926 27.5084
      vertex 85.0298 20.1846 1.19198
      vertex 84.868 20.5697 1.19197
    endloop
  endfacet
  facet normal 0.921322 0.387095 0.036372
    outer loop
      vertex 85.0298 20.1846 1.19198
      vertex 84.4917 18.9926 27.5084
      vertex 84.5706 18.8056 27.5
    endloop
  endfacet
  facet normal 0.921439 0.386818 0.0363589
    outer loop
      vertex 84.2551 19.5537 27.5337
      vertex 84.868 20.5697 1.19197
      vertex 84.7149 20.9344 1.19196
    endloop
  endfacet
  facet normal 0.921408 0.386892 0.0363611
    outer loop
      vertex 84.868 20.5697 1.19197
      vertex 84.2551 19.5537 27.5337
      vertex 84.4917 18.9926 27.5084
    endloop
  endfacet
  facet normal 0.904307 0.425181 0.0380717
    outer loop
      vertex 83.9085 20.2879 27.5662
      vertex 84.7149 20.9344 1.19196
      vertex 84.3689 21.6703 1.19195
    endloop
  endfacet
  facet normal 0.904293 0.425212 0.038072
    outer loop
      vertex 84.7149 20.9344 1.19196
      vertex 83.9085 20.2879 27.5662
      vertex 84.2551 19.5537 27.5337
    endloop
  endfacet
  facet normal 0.885599 0.462749 0.0397144
    outer loop
      vertex 83.8142 20.4677 27.5739
      vertex 84.3689 21.6703 1.19195
      vertex 84.1752 22.041 1.19194
    endloop
  endfacet
  facet normal 0.88559 0.462766 0.039715
    outer loop
      vertex 84.3689 21.6703 1.19195
      vertex 83.8142 20.4677 27.5739
      vertex 83.9085 20.2879 27.5662
    endloop
  endfacet
  facet normal 0.885491 0.462956 0.0397212
    outer loop
      vertex 83.5314 21.007 27.5973
      vertex 84.0931 22.1982 1.19194
      vertex 83.9923 22.391 1.19193
    endloop
  endfacet
  facet normal 0.885695 0.462567 0.039708
    outer loop
      vertex 84.0931 22.1982 1.19194
      vertex 83.5314 21.007 27.5973
      vertex 84.1752 22.041 1.19194
    endloop
  endfacet
  facet normal 0.885632 0.462688 0.0397112
    outer loop
      vertex 84.1752 22.041 1.19194
      vertex 83.5314 21.007 27.5973
      vertex 83.8142 20.4677 27.5739
    endloop
  endfacet
  facet normal 0.86546 0.499274 0.0412755
    outer loop
      vertex 83.4297 21.1827 27.6047
      vertex 83.8481 22.641 1.19193
      vertex 83.7832 22.7535 1.19193
    endloop
  endfacet
  facet normal 0.865494 0.499217 0.0412728
    outer loop
      vertex 83.8481 22.641 1.19193
      vertex 83.4297 21.1827 27.6047
      vertex 83.9923 22.391 1.19193
    endloop
  endfacet
  facet normal 0.865486 0.499229 0.0412733
    outer loop
      vertex 83.9923 22.391 1.19193
      vertex 83.4297 21.1827 27.6047
      vertex 83.5314 21.007 27.5973
    endloop
  endfacet
  facet normal 0.865438 0.499312 0.041277
    outer loop
      vertex 83.1246 21.7097 27.627
      vertex 83.7832 22.7535 1.19193
      vertex 83.586 23.0953 1.19192
    endloop
  endfacet
  facet normal 0.865449 0.499294 0.0412765
    outer loop
      vertex 83.7832 22.7535 1.19193
      vertex 83.1246 21.7097 27.627
      vertex 83.4297 21.1827 27.6047
    endloop
  endfacet
  facet normal 0.843772 0.534995 0.04277
    outer loop
      vertex 83.0156 21.881 27.6341
      vertex 83.586 23.0953 1.19192
      vertex 83.3618 23.4489 1.19191
    endloop
  endfacet
  facet normal 0.843712 0.53509 0.042773
    outer loop
      vertex 83.586 23.0953 1.19192
      vertex 83.0156 21.881 27.6341
      vertex 83.1246 21.7097 27.627
    endloop
  endfacet
  facet normal 0.84366 0.535172 0.0427769
    outer loop
      vertex 82.6886 22.3949 27.6553
      vertex 83.3618 23.4489 1.19191
      vertex 83.1505 23.782 1.1919
    endloop
  endfacet
  facet normal 0.843708 0.535096 0.0427751
    outer loop
      vertex 83.3618 23.4489 1.19191
      vertex 82.6886 22.3949 27.6553
      vertex 83.0156 21.881 27.6341
    endloop
  endfacet
  facet normal 0.820498 0.569938 0.0441958
    outer loop
      vertex 82.2243 23.0612 27.6821
      vertex 83.1505 23.782 1.1919
      vertex 82.6867 24.4497 1.19189
    endloop
  endfacet
  facet normal 0.820482 0.569961 0.0441959
    outer loop
      vertex 83.1505 23.782 1.1919
      vertex 82.2243 23.0612 27.6821
      vertex 82.6886 22.3949 27.6553
    endloop
  endfacet
  facet normal 0.795899 0.603715 0.0455403
    outer loop
      vertex 81.7325 23.7075 27.7074
      vertex 82.6867 24.4497 1.19189
      vertex 82.1954 25.0974 1.19187
    endloop
  endfacet
  facet normal 0.795832 0.603803 0.0455403
    outer loop
      vertex 82.6867 24.4497 1.19189
      vertex 81.7325 23.7075 27.7074
      vertex 82.2243 23.0612 27.6821
    endloop
  endfacet
  facet normal 0.769676 0.636717 0.0468057
    outer loop
      vertex 81.2141 24.3328 27.7311
      vertex 81.7702 25.6115 1.19186
      vertex 81.6773 25.7238 1.19185
    endloop
  endfacet
  facet normal 0.769742 0.636637 0.0468032
    outer loop
      vertex 81.7702 25.6115 1.19186
      vertex 81.2141 24.3328 27.7311
      vertex 82.1954 25.0974 1.19187
    endloop
  endfacet
  facet normal 0.770609 0.635587 0.046805
    outer loop
      vertex 81.2471 24.2929 27.7296
      vertex 82.1954 25.0974 1.19187
      vertex 81.2141 24.3328 27.7311
    endloop
  endfacet
  facet normal 0.76982 0.636542 0.0468058
    outer loop
      vertex 82.1954 25.0974 1.19187
      vertex 81.2471 24.2929 27.7296
      vertex 81.7325 23.7075 27.7074
    endloop
  endfacet
  facet normal 0.742473 0.668156 0.0479821
    outer loop
      vertex 81.078 24.4835 27.7367
      vertex 81.6773 25.7238 1.19185
      vertex 81.3968 26.0355 1.19184
    endloop
  endfacet
  facet normal 0.742173 0.668487 0.0479908
    outer loop
      vertex 81.6773 25.7238 1.19185
      vertex 81.078 24.4835 27.7367
      vertex 81.2141 24.3328 27.7311
    endloop
  endfacet
  facet normal 0.742374 0.668265 0.0479839
    outer loop
      vertex 80.6699 24.9358 27.7533
      vertex 81.3968 26.0355 1.19184
      vertex 81.1335 26.328 1.19183
    endloop
  endfacet
  facet normal 0.742397 0.66824 0.0479835
    outer loop
      vertex 80.8356 24.7522 27.7465
      vertex 81.3968 26.0355 1.19184
      vertex 80.6699 24.9358 27.7533
    endloop
  endfacet
  facet normal 0.742525 0.668098 0.0479793
    outer loop
      vertex 81.3968 26.0355 1.19184
      vertex 80.8356 24.7522 27.7465
      vertex 81.078 24.4835 27.7367
    endloop
  endfacet
  facet normal 0.713833 0.698594 0.0490766
    outer loop
      vertex 80.5277 25.0807 27.7584
      vertex 81.1335 26.328 1.19183
      vertex 80.8401 26.6278 1.19183
    endloop
  endfacet
  facet normal 0.713728 0.698701 0.0490792
    outer loop
      vertex 81.1335 26.328 1.19183
      vertex 80.5277 25.0807 27.7584
      vertex 80.6699 24.9358 27.7533
    endloop
  endfacet
  facet normal 0.713704 0.698726 0.0490821
    outer loop
      vertex 80.1009 25.5156 27.7737
      vertex 80.8401 26.6278 1.19183
      vertex 80.5649 26.9089 1.19182
    endloop
  endfacet
  facet normal 0.713704 0.698726 0.049082
    outer loop
      vertex 80.3124 25.3001 27.7661
      vertex 80.8401 26.6278 1.19183
      vertex 80.1009 25.5156 27.7737
    endloop
  endfacet
  facet normal 0.713745 0.698684 0.0490808
    outer loop
      vertex 80.8401 26.6278 1.19183
      vertex 80.3124 25.3001 27.7661
      vertex 80.5277 25.0807 27.7584
    endloop
  endfacet
  facet normal 0.683752 0.727993 0.0500933
    outer loop
      vertex 79.9725 27.4653 1.1918
      vertex 80.1009 25.5156 27.7737
      vertex 80.5649 26.9089 1.19182
    endloop
  endfacet
  facet normal 0.68376 0.727985 0.0500927
    outer loop
      vertex 80.1009 25.5156 27.7737
      vertex 79.9725 27.4653 1.1918
      vertex 79.5082 26.071 27.7925
    endloop
  endfacet
  facet normal 0.652663 0.755929 0.0510146
    outer loop
      vertex 79.6548 27.7396 1.19179
      vertex 79.5082 26.071 27.7925
      vertex 79.9725 27.4653 1.1918
    endloop
  endfacet
  facet normal 0.652684 0.755911 0.0510135
    outer loop
      vertex 79.5082 26.071 27.7925
      vertex 79.6548 27.7396 1.19179
      vertex 79.3543 26.2036 27.7967
    endloop
  endfacet
  facet normal 0.652761 0.755845 0.051007
    outer loop
      vertex 79.3573 27.9964 1.19178
      vertex 79.2762 26.2709 27.7989
      vertex 79.3543 26.2036 27.7967
    endloop
  endfacet
  facet normal 0.652576 0.756004 0.0510177
    outer loop
      vertex 79.3573 27.9964 1.19178
      vertex 79.3543 26.2036 27.7967
      vertex 79.6548 27.7396 1.19179
    endloop
  endfacet
  facet normal 0.652668 0.755925 0.0510119
    outer loop
      vertex 79.2762 26.2709 27.7989
      vertex 79.3573 27.9964 1.19178
      vertex 78.8927 26.6013 27.8095
    endloop
  endfacet
  facet normal 0.620397 0.782572 0.0518453
    outer loop
      vertex 79.0282 28.2573 1.19177
      vertex 78.8927 26.6013 27.8095
      vertex 79.3573 27.9964 1.19178
    endloop
  endfacet
  facet normal 0.620288 0.782658 0.0518501
    outer loop
      vertex 78.8927 26.6013 27.8095
      vertex 79.0282 28.2573 1.19177
      vertex 78.7334 26.7273 27.8133
    endloop
  endfacet
  facet normal 0.620375 0.78259 0.0518471
    outer loop
      vertex 78.7204 28.5013 1.19176
      vertex 78.7334 26.7273 27.8133
      vertex 79.0282 28.2573 1.19177
    endloop
  endfacet
  facet normal 0.620295 0.782653 0.0518513
    outer loop
      vertex 78.7334 26.7273 27.8133
      vertex 78.7204 28.5013 1.19176
      vertex 78.2555 27.1053 27.8248
    endloop
  endfacet
  facet normal 0.586847 0.807987 0.0525954
    outer loop
      vertex 78.3806 28.7481 1.19175
      vertex 78.2555 27.1053 27.8248
      vertex 78.7204 28.5013 1.19176
    endloop
  endfacet
  facet normal 0.5869 0.807949 0.0525933
    outer loop
      vertex 78.2555 27.1053 27.8248
      vertex 78.3806 28.7481 1.19175
      vertex 78.0911 27.2245 27.8282
    endloop
  endfacet
  facet normal 0.586933 0.807925 0.0525923
    outer loop
      vertex 78.0629 28.9789 1.19174
      vertex 78.0911 27.2245 27.8282
      vertex 78.3806 28.7481 1.19175
    endloop
  endfacet
  facet normal 0.586923 0.807933 0.0525928
    outer loop
      vertex 78.0911 27.2245 27.8282
      vertex 78.0629 28.9789 1.19174
      vertex 77.5978 27.5822 27.8383
    endloop
  endfacet
  facet normal 0.55265 0.831711 0.053241
    outer loop
      vertex 77.713 29.2114 1.19173
      vertex 77.5978 27.5822 27.8383
      vertex 78.0629 28.9789 1.19174
    endloop
  endfacet
  facet normal 0.552639 0.831719 0.0532414
    outer loop
      vertex 77.5978 27.5822 27.8383
      vertex 77.713 29.2114 1.19173
      vertex 77.4285 27.6945 27.8413
    endloop
  endfacet
  facet normal 0.552503 0.831809 0.0532451
    outer loop
      vertex 77.386 29.4286 1.19172
      vertex 77.4285 27.6945 27.8413
      vertex 77.713 29.2114 1.19173
    endloop
  endfacet
  facet normal 0.552586 0.831754 0.0532413
    outer loop
      vertex 77.4285 27.6945 27.8413
      vertex 77.386 29.4286 1.19172
      vertex 76.9207 28.0313 27.8501
    endloop
  endfacet
  facet normal 0.517215 0.854163 0.0537985
    outer loop
      vertex 76.6909 29.8495 1.1917
      vertex 76.9207 28.0313 27.8501
      vertex 77.386 29.4286 1.19172
    endloop
  endfacet
  facet normal 0.517128 0.854215 0.0538029
    outer loop
      vertex 76.9207 28.0313 27.8501
      vertex 76.6909 29.8495 1.1917
      vertex 76.2254 28.4516 27.86
    endloop
  endfacet
  facet normal 0.480907 0.875091 0.0542649
    outer loop
      vertex 76.3226 30.0519 1.19169
      vertex 76.2254 28.4516 27.86
      vertex 76.6909 29.8495 1.1917
    endloop
  endfacet
  facet normal 0.481092 0.874989 0.0542594
    outer loop
      vertex 76.2254 28.4516 27.86
      vertex 76.3226 30.0519 1.19169
      vertex 76.0473 28.5494 27.862
    endloop
  endfacet
  facet normal 0.480729 0.875189 0.0542669
    outer loop
      vertex 75.9787 30.2408 1.19168
      vertex 76.0473 28.5494 27.862
      vertex 76.3226 30.0519 1.19169
    endloop
  endfacet
  facet normal 0.480909 0.87509 0.0542602
    outer loop
      vertex 76.0473 28.5494 27.862
      vertex 75.9787 30.2408 1.19168
      vertex 75.5131 28.8426 27.868
    endloop
  endfacet
  facet normal 0.443787 0.894466 0.0546278
    outer loop
      vertex 75.6022 30.4276 1.19167
      vertex 75.5131 28.8426 27.868
      vertex 75.9787 30.2408 1.19168
    endloop
  endfacet
  facet normal 0.443782 0.894468 0.0546279
    outer loop
      vertex 75.5131 28.8426 27.868
      vertex 75.6022 30.4276 1.19167
      vertex 75.3311 28.9328 27.8696
    endloop
  endfacet
  facet normal 0.443691 0.894513 0.0546295
    outer loop
      vertex 75.2508 30.6019 1.19166
      vertex 75.3311 28.9328 27.8696
      vertex 75.6022 30.4276 1.19167
    endloop
  endfacet
  facet normal 0.443701 0.894508 0.0546292
    outer loop
      vertex 75.3311 28.9328 27.8696
      vertex 75.2508 30.6019 1.19166
      vertex 74.785 29.2034 27.8742
    endloop
  endfacet
  facet normal 0.405832 0.912297 0.0549005
    outer loop
      vertex 74.5083 30.9322 1.19164
      vertex 74.785 29.2034 27.8742
      vertex 75.2508 30.6019 1.19166
    endloop
  endfacet
  facet normal 0.405798 0.912313 0.0549018
    outer loop
      vertex 74.785 29.2034 27.8742
      vertex 74.5083 30.9322 1.19164
      vertex 74.0425 29.5334 27.8786
    endloop
  endfacet
  facet normal 0.3673 0.92847 0.0550768
    outer loop
      vertex 74.1175 31.0868 1.19163
      vertex 74.0425 29.5334 27.8786
      vertex 74.5083 30.9322 1.19164
    endloop
  endfacet
  facet normal 0.367331 0.928458 0.0550762
    outer loop
      vertex 74.0425 29.5334 27.8786
      vertex 74.1175 31.0868 1.19163
      vertex 73.8536 29.6081 27.8792
    endloop
  endfacet
  facet normal 0.367408 0.928428 0.0550753
    outer loop
      vertex 73.9487 31.1536 1.19162
      vertex 73.8536 29.6081 27.8792
      vertex 74.1175 31.0868 1.19163
    endloop
  endfacet
  facet normal 0.367148 0.92853 0.0550803
    outer loop
      vertex 73.7527 31.2311 1.19162
      vertex 73.8536 29.6081 27.8792
      vertex 73.9487 31.1536 1.19162
    endloop
  endfacet
  facet normal 0.367189 0.928514 0.0550791
    outer loop
      vertex 73.8536 29.6081 27.8792
      vertex 73.7527 31.2311 1.19162
      vertex 73.2869 29.8321 27.881
    endloop
  endfacet
  facet normal 0.327835 0.943123 0.0551581
    outer loop
      vertex 73.3557 31.3691 1.19161
      vertex 73.2869 29.8321 27.881
      vertex 73.7527 31.2311 1.19162
    endloop
  endfacet
  facet normal 0.327862 0.943114 0.0551576
    outer loop
      vertex 73.2869 29.8321 27.881
      vertex 73.3557 31.3691 1.19161
      vertex 73.095 29.8988 27.8812
    endloop
  endfacet
  facet normal 0.328364 0.94294 0.0551529
    outer loop
      vertex 73.2081 31.4205 1.1916
      vertex 73.095 29.8988 27.8812
      vertex 73.3557 31.3691 1.19161
    endloop
  endfacet
  facet normal 0.327906 0.943099 0.05516
    outer loop
      vertex 72.9852 31.498 1.1916
      vertex 73.095 29.8988 27.8812
      vertex 73.2081 31.4205 1.1916
    endloop
  endfacet
  facet normal 0.328042 0.943052 0.0551567
    outer loop
      vertex 73.095 29.8988 27.8812
      vertex 72.9852 31.498 1.1916
      vertex 72.5194 30.099 27.8816
    endloop
  endfacet
  facet normal 0.288173 0.955989 0.055139
    outer loop
      vertex 72.5828 31.6193 1.19159
      vertex 72.5194 30.099 27.8816
      vertex 72.9852 31.498 1.1916
    endloop
  endfacet
  facet normal 0.28796 0.956054 0.0551422
    outer loop
      vertex 72.5194 30.099 27.8816
      vertex 72.5828 31.6193 1.19159
      vertex 72.3249 30.1576 27.8813
    endloop
  endfacet
  facet normal 0.28789 0.956075 0.0551426
    outer loop
      vertex 72.2072 31.7324 1.19158
      vertex 72.3249 30.1576 27.8813
      vertex 72.5828 31.6193 1.19159
    endloop
  endfacet
  facet normal 0.288101 0.956011 0.055138
    outer loop
      vertex 72.3249 30.1576 27.8813
      vertex 72.2072 31.7324 1.19158
      vertex 71.7414 30.3335 27.8803
    endloop
  endfacet
  facet normal 0.247809 0.967245 0.0550236
    outer loop
      vertex 71.8001 31.8367 1.19157
      vertex 71.7414 30.3335 27.8803
      vertex 72.2072 31.7324 1.19158
    endloop
  endfacet
  facet normal 0.247967 0.967205 0.0550216
    outer loop
      vertex 71.7414 30.3335 27.8803
      vertex 71.8001 31.8367 1.19157
      vertex 71.5446 30.384 27.8795
    endloop
  endfacet
  facet normal 0.247912 0.967219 0.0550219
    outer loop
      vertex 71.4201 31.9341 1.19156
      vertex 71.5446 30.384 27.8795
      vertex 71.8001 31.8367 1.19157
    endloop
  endfacet
  facet normal 0.247707 0.967271 0.0550259
    outer loop
      vertex 71.5446 30.384 27.8795
      vertex 71.4201 31.9341 1.19156
      vertex 70.9543 30.5353 27.8772
    endloop
  endfacet
  facet normal 0.206909 0.976824 0.0548145
    outer loop
      vertex 71.0089 32.0212 1.19155
      vertex 70.9543 30.5353 27.8772
      vertex 71.4201 31.9341 1.19156
    endloop
  endfacet
  facet normal 0.207091 0.976785 0.0548127
    outer loop
      vertex 70.9543 30.5353 27.8772
      vertex 71.0089 32.0212 1.19155
      vertex 70.7556 30.5775 27.8759
    endloop
  endfacet
  facet normal 0.206969 0.976811 0.0548129
    outer loop
      vertex 70.6252 32.1025 1.19154
      vertex 70.7556 30.5775 27.8759
      vertex 71.0089 32.0212 1.19155
    endloop
  endfacet
  facet normal 0.20691 0.976823 0.0548139
    outer loop
      vertex 70.7556 30.5775 27.8759
      vertex 70.6252 32.1025 1.19154
      vertex 70.1594 30.704 27.8721
    endloop
  endfacet
  facet normal 0.16581 0.98465 0.0545066
    outer loop
      vertex 70.2107 32.1723 1.19153
      vertex 70.1594 30.704 27.8721
      vertex 70.6252 32.1025 1.19154
    endloop
  endfacet
  facet normal 0.166175 0.984589 0.054504
    outer loop
      vertex 70.1594 30.704 27.8721
      vertex 70.2107 32.1723 1.19153
      vertex 69.9591 30.7379 27.8704
    endloop
  endfacet
  facet normal 0.16546 0.984709 0.0545037
    outer loop
      vertex 70.2107 32.1723 1.19153
      vertex 69.8938 30.7489 27.8699
      vertex 69.9591 30.7379 27.8704
    endloop
  endfacet
  facet normal 0.165928 0.984631 0.054505
    outer loop
      vertex 69.8238 32.2375 1.19152
      vertex 69.8938 30.7489 27.8699
      vertex 70.2107 32.1723 1.19153
    endloop
  endfacet
  facet normal 0.165895 0.984636 0.0545054
    outer loop
      vertex 69.8938 30.7489 27.8699
      vertex 69.8238 32.2375 1.19152
      vertex 69.3582 30.8394 27.8652
    endloop
  endfacet
  facet normal 0.124219 0.990779 0.0540999
    outer loop
      vertex 69.559 32.2707 1.19151
      vertex 69.3582 30.8394 27.8652
      vertex 69.8238 32.2375 1.19152
    endloop
  endfacet
  facet normal 0.124438 0.990751 0.0541001
    outer loop
      vertex 69.0176 32.3387 1.1915
      vertex 69.3582 30.8394 27.8652
      vertex 69.559 32.2707 1.19151
    endloop
  endfacet
  facet normal 0.124413 0.990755 0.0541006
    outer loop
      vertex 69.3582 30.8394 27.8652
      vertex 69.0176 32.3387 1.1915
      vertex 68.5521 30.9411 27.8565
    endloop
  endfacet
  facet normal 0.0827659 0.995126 0.0536027
    outer loop
      vertex 68.2397 32.4034 1.19148
      vertex 68.5521 30.9411 27.8565
      vertex 69.0176 32.3387 1.1915
    endloop
  endfacet
  facet normal 0.0827581 0.995127 0.0536028
    outer loop
      vertex 68.5521 30.9411 27.8565
      vertex 68.2397 32.4034 1.19148
      vertex 67.7425 31.009 27.8459
    endloop
  endfacet
  facet normal 0.0839553 0.995026 0.0536199
    outer loop
      vertex 67.7425 31.009 27.8459
      vertex 68.2397 32.4034 1.19148
      vertex 68.2077 32.4061 1.19148
    endloop
  endfacet
  facet normal 0.0408884 0.997756 0.0530114
    outer loop
      vertex 67.788 32.4233 1.19147
      vertex 67.7425 31.009 27.8459
      vertex 68.2077 32.4061 1.19148
    endloop
  endfacet
  facet normal 0.0409683 0.997753 0.0530113
    outer loop
      vertex 67.7425 31.009 27.8459
      vertex 67.788 32.4233 1.19147
      vertex 67.5395 31.0175 27.8428
    endloop
  endfacet
  facet normal 0.0409569 0.997754 0.0530112
    outer loop
      vertex 67.3958 32.4394 1.19146
      vertex 67.5395 31.0175 27.8428
      vertex 67.788 32.4233 1.19147
    endloop
  endfacet
  facet normal 0.0408181 0.997759 0.0530123
    outer loop
      vertex 67.5395 31.0175 27.8428
      vertex 67.3958 32.4394 1.19146
      vertex 66.9307 31.0429 27.8335
    endloop
  endfacet
  facet normal -0.00092931 0.998629 0.0523291
    outer loop
      vertex 66.9654 32.439 1.19145
      vertex 66.9307 31.0429 27.8335
      vertex 67.3958 32.4394 1.19146
    endloop
  endfacet
  facet normal -0.000910974 0.998629 0.0523291
    outer loop
      vertex 66.9307 31.0429 27.8335
      vertex 66.9654 32.439 1.19145
      vertex 66.4769 31.0429 27.8256
    endloop
  endfacet
  facet normal 0 0.998629 0.0523458
    outer loop
      vertex 66.4769 31.0429 27.8256
      vertex 66.9654 32.439 1.19145
      vertex 66.9418 32.439 1.19145
    endloop
  endfacet
  facet normal 0.999848 0 0.0174515
    outer loop
      vertex 66.4769 31.0672 27.8269
      vertex 66.9418 32.439 1.19145
      vertex 66.9418 32.4633 1.19145
    endloop
  endfacet
  facet normal 0.999848 -0.000931056 0.0174036
    outer loop
      vertex 66.9418 32.439 1.19145
      vertex 66.4769 31.0672 27.8269
      vertex 66.4769 31.0429 27.8256
    endloop
  endfacet
  facet normal 0.999093 0.0378803 0.019424
    outer loop
      vertex 66.4765 31.0774 27.8274
      vertex 66.9418 32.4633 1.19145
      vertex 66.941 32.4844 1.19145
    endloop
  endfacet
  facet normal 0.99908 0.0382266 0.0194418
    outer loop
      vertex 66.9418 32.4633 1.19145
      vertex 66.4765 31.0774 27.8274
      vertex 66.4769 31.0672 27.8269
    endloop
  endfacet
  facet normal 0.998985 0.0405679 0.0195652
    outer loop
      vertex 66.4752 31.1079 27.829
      vertex 66.941 32.4844 1.19145
      vertex 66.9402 32.5041 1.19145
    endloop
  endfacet
  facet normal 0.998944 0.0415489 0.0196152
    outer loop
      vertex 66.941 32.4844 1.19145
      vertex 66.4752 31.1079 27.829
      vertex 66.4765 31.0774 27.8274
    endloop
  endfacet
  facet normal 0.992509 0.119868 0.0236079
    outer loop
      vertex 66.474 31.1179 27.8295
      vertex 66.9402 32.5041 1.19145
      vertex 66.9377 32.5248 1.19145
    endloop
  endfacet
  facet normal 0.992741 0.117953 0.0235123
    outer loop
      vertex 66.9402 32.5041 1.19145
      vertex 66.474 31.1179 27.8295
      vertex 66.4752 31.1079 27.829
    endloop
  endfacet
  facet normal 0.992699 0.118301 0.0235285
    outer loop
      vertex 66.4704 31.1478 27.831
      vertex 66.9377 32.5248 1.19145
      vertex 66.9354 32.5441 1.19145
    endloop
  endfacet
  facet normal 0.992694 0.118341 0.0235305
    outer loop
      vertex 66.9377 32.5248 1.19145
      vertex 66.4704 31.1478 27.831
      vertex 66.474 31.1179 27.8295
    endloop
  endfacet
  facet normal 0.979228 0.200874 0.0276209
    outer loop
      vertex 66.4624 31.1866 27.8329
      vertex 66.9354 32.5441 1.19145
      vertex 66.9274 32.5831 1.19144
    endloop
  endfacet
  facet normal 0.979292 0.200564 0.0276062
    outer loop
      vertex 66.9354 32.5441 1.19145
      vertex 66.4624 31.1866 27.8329
      vertex 66.4704 31.1478 27.831
    endloop
  endfacet
  facet normal 0.960183 0.277613 0.0313125
    outer loop
      vertex 66.4514 31.2243 27.8347
      vertex 66.9274 32.5831 1.19144
      vertex 66.9165 32.6208 1.19144
    endloop
  endfacet
  facet normal 0.959901 0.27858 0.0313568
    outer loop
      vertex 66.9274 32.5831 1.19144
      vertex 66.4514 31.2243 27.8347
      vertex 66.4624 31.1866 27.8329
    endloop
  endfacet
  facet normal 0.93481 0.353435 0.0348395
    outer loop
      vertex 66.4377 31.2607 27.8363
      vertex 66.9165 32.6208 1.19144
      vertex 66.9027 32.6573 1.19144
    endloop
  endfacet
  facet normal 0.935844 0.350701 0.0347185
    outer loop
      vertex 66.9165 32.6208 1.19144
      vertex 66.4377 31.2607 27.8363
      vertex 66.4514 31.2243 27.8347
    endloop
  endfacet
  facet normal 0.905403 0.422853 0.0379674
    outer loop
      vertex 66.4335 31.2695 27.8367
      vertex 66.9027 32.6573 1.19144
      vertex 66.8942 32.6755 1.19144
    endloop
  endfacet
  facet normal 0.902496 0.428999 0.0382363
    outer loop
      vertex 66.9027 32.6573 1.19144
      vertex 66.4335 31.2695 27.8367
      vertex 66.4377 31.2607 27.8363
    endloop
  endfacet
  facet normal 0.903188 0.427545 0.0381748
    outer loop
      vertex 66.4211 31.2957 27.8379
      vertex 66.8942 32.6755 1.19144
      vertex 66.8862 32.6924 1.19144
    endloop
  endfacet
  facet normal 0.903895 0.426052 0.0381101
    outer loop
      vertex 66.8942 32.6755 1.19144
      vertex 66.4211 31.2957 27.8379
      vertex 66.4335 31.2695 27.8367
    endloop
  endfacet
  facet normal 0.869363 0.492472 0.0409851
    outer loop
      vertex 66.4164 31.3041 27.8383
      vertex 66.8862 32.6924 1.19144
      vertex 66.8764 32.7097 1.19144
    endloop
  endfacet
  facet normal 0.872784 0.486404 0.0407293
    outer loop
      vertex 66.8862 32.6924 1.19144
      vertex 66.4164 31.3041 27.8383
      vertex 66.4211 31.2957 27.8379
    endloop
  endfacet
  facet normal 0.868829 0.493409 0.0410286
    outer loop
      vertex 66.402 31.3292 27.8393
      vertex 66.8764 32.7097 1.19144
      vertex 66.8672 32.7259 1.19144
    endloop
  endfacet
  facet normal 0.867364 0.495972 0.0411353
    outer loop
      vertex 66.8764 32.7097 1.19144
      vertex 66.402 31.3292 27.8393
      vertex 66.4164 31.3041 27.8383
    endloop
  endfacet
  facet normal 0.826597 0.561084 0.0438391
    outer loop
      vertex 66.3966 31.3371 27.8396
      vertex 66.8672 32.7259 1.19144
      vertex 66.856 32.7424 1.19144
    endloop
  endfacet
  facet normal 0.825543 0.562628 0.0439009
    outer loop
      vertex 66.8672 32.7259 1.19144
      vertex 66.3966 31.3371 27.8396
      vertex 66.402 31.3292 27.8393
    endloop
  endfacet
  facet normal 0.82793 0.559122 0.0437557
    outer loop
      vertex 66.3805 31.361 27.8406
      vertex 66.856 32.7424 1.19144
      vertex 66.8456 32.7578 1.19144
    endloop
  endfacet
  facet normal 0.829426 0.556907 0.0436676
    outer loop
      vertex 66.856 32.7424 1.19144
      vertex 66.3805 31.361 27.8406
      vertex 66.3966 31.3371 27.8396
    endloop
  endfacet
  facet normal 0.782491 0.620945 0.0462039
    outer loop
      vertex 66.3745 31.3685 27.8409
      vertex 66.8456 32.7578 1.19144
      vertex 66.8333 32.7733 1.19144
    endloop
  endfacet
  facet normal 0.780934 0.622896 0.0462782
    outer loop
      vertex 66.8456 32.7578 1.19144
      vertex 66.3745 31.3685 27.8409
      vertex 66.3805 31.361 27.8406
    endloop
  endfacet
  facet normal 0.78003 0.624024 0.0463247
    outer loop
      vertex 66.3565 31.3909 27.8418
      vertex 66.8333 32.7733 1.19144
      vertex 66.8217 32.7878 1.19144
    endloop
  endfacet
  facet normal 0.77958 0.624586 0.0463458
    outer loop
      vertex 66.8333 32.7733 1.19144
      vertex 66.3565 31.3909 27.8418
      vertex 66.3745 31.3685 27.8409
    endloop
  endfacet
  facet normal 0.733366 0.678113 0.0483431
    outer loop
      vertex 66.35 31.398 27.842
      vertex 66.8217 32.7878 1.19144
      vertex 66.8082 32.8024 1.19144
    endloop
  endfacet
  facet normal 0.737404 0.673731 0.048186
    outer loop
      vertex 66.8217 32.7878 1.19144
      vertex 66.35 31.398 27.842
      vertex 66.3565 31.3909 27.8418
    endloop
  endfacet
  facet normal 0.730196 0.681516 0.0484665
    outer loop
      vertex 66.3304 31.419 27.8428
      vertex 66.8082 32.8024 1.19144
      vertex 66.7956 32.8159 1.19144
    endloop
  endfacet
  facet normal 0.731117 0.680531 0.0484318
    outer loop
      vertex 66.8082 32.8024 1.19144
      vertex 66.3304 31.419 27.8428
      vertex 66.35 31.398 27.842
    endloop
  endfacet
  facet normal 0.68056 0.730971 0.0501922
    outer loop
      vertex 66.7811 32.8294 1.19144
      vertex 66.3304 31.419 27.8428
      vertex 66.7956 32.8159 1.19144
    endloop
  endfacet
  facet normal 0.680363 0.731154 0.0501985
    outer loop
      vertex 66.3304 31.419 27.8428
      vertex 66.7811 32.8294 1.19144
      vertex 66.3234 31.4255 27.843
    endloop
  endfacet
  facet normal 0.676082 0.735105 0.0503331
    outer loop
      vertex 66.7674 32.842 1.19144
      vertex 66.3234 31.4255 27.843
      vertex 66.7811 32.8294 1.19144
    endloop
  endfacet
  facet normal 0.676895 0.734358 0.050307
    outer loop
      vertex 66.3234 31.4255 27.843
      vertex 66.7674 32.842 1.19144
      vertex 66.3022 31.445 27.8436
    endloop
  endfacet
  facet normal 0.620773 0.782275 0.051839
    outer loop
      vertex 66.7519 32.8543 1.19144
      vertex 66.3022 31.445 27.8436
      vertex 66.7674 32.842 1.19144
    endloop
  endfacet
  facet normal 0.618306 0.784222 0.0519004
    outer loop
      vertex 66.3022 31.445 27.8436
      vertex 66.7519 32.8543 1.19144
      vertex 66.2947 31.4509 27.8438
    endloop
  endfacet
  facet normal 0.617937 0.784512 0.0519093
    outer loop
      vertex 66.7373 32.8658 1.19144
      vertex 66.2947 31.4509 27.8438
      vertex 66.7519 32.8543 1.19144
    endloop
  endfacet
  facet normal 0.620891 0.782181 0.0518346
    outer loop
      vertex 66.2947 31.4509 27.8438
      vertex 66.7373 32.8658 1.19144
      vertex 66.2721 31.4688 27.8444
    endloop
  endfacet
  facet normal 0.560832 0.826225 0.0530949
    outer loop
      vertex 66.7208 32.877 1.19144
      vertex 66.2721 31.4688 27.8444
      vertex 66.7373 32.8658 1.19144
    endloop
  endfacet
  facet normal 0.559139 0.82737 0.0531269
    outer loop
      vertex 66.2721 31.4688 27.8444
      vertex 66.7208 32.877 1.19144
      vertex 66.2641 31.4742 27.8445
    endloop
  endfacet
  facet normal 0.558867 0.827553 0.0531319
    outer loop
      vertex 66.7054 32.8874 1.19144
      vertex 66.2641 31.4742 27.8445
      vertex 66.7208 32.877 1.19144
    endloop
  endfacet
  facet normal 0.556916 0.828865 0.0531691
    outer loop
      vertex 66.2641 31.4742 27.8445
      vertex 66.7054 32.8874 1.19144
      vertex 66.2401 31.4903 27.8449
    endloop
  endfacet
  facet normal 0.490016 0.870029 0.0541589
    outer loop
      vertex 66.688 32.8972 1.19144
      vertex 66.2401 31.4903 27.8449
      vertex 66.7054 32.8874 1.19144
    endloop
  endfacet
  facet normal 0.495898 0.866695 0.0540818
    outer loop
      vertex 66.2401 31.4903 27.8449
      vertex 66.688 32.8972 1.19144
      vertex 66.2317 31.4951 27.845
    endloop
  endfacet
  facet normal 0.490808 0.869584 0.0541466
    outer loop
      vertex 66.6717 32.9064 1.19144
      vertex 66.2317 31.4951 27.845
      vertex 66.688 32.8972 1.19144
    endloop
  endfacet
  facet normal 0.493299 0.868175 0.0541131
    outer loop
      vertex 66.2317 31.4951 27.845
      vertex 66.6717 32.9064 1.19144
      vertex 66.2065 31.5094 27.8453
    endloop
  endfacet
  facet normal 0.426591 0.902785 0.0547628
    outer loop
      vertex 66.6535 32.915 1.19144
      vertex 66.2065 31.5094 27.8453
      vertex 66.6717 32.9064 1.19144
    endloop
  endfacet
  facet normal 0.422199 0.904846 0.0547978
    outer loop
      vertex 66.2065 31.5094 27.8453
      vertex 66.6535 32.915 1.19144
      vertex 66.1977 31.5135 27.8454
    endloop
  endfacet
  facet normal 0.420791 0.9055 0.0548082
    outer loop
      vertex 66.6365 32.9229 1.19144
      vertex 66.1977 31.5135 27.8454
      vertex 66.6535 32.915 1.19144
    endloop
  endfacet
  facet normal 0.420718 0.905534 0.0548088
    outer loop
      vertex 66.1977 31.5135 27.8454
      vertex 66.6365 32.9229 1.19144
      vertex 66.1712 31.5258 27.8456
    endloop
  endfacet
  facet normal 0.349485 0.935319 0.0551265
    outer loop
      vertex 66.6175 32.93 1.19143
      vertex 66.1712 31.5258 27.8456
      vertex 66.6365 32.9229 1.19144
    endloop
  endfacet
  facet normal 0.358434 0.931928 0.0550976
    outer loop
      vertex 66.1712 31.5258 27.8456
      vertex 66.6175 32.93 1.19143
      vertex 66.1621 31.5293 27.8456
    endloop
  endfacet
  facet normal 0.353479 0.933818 0.0551123
    outer loop
      vertex 66.5998 32.9367 1.19143
      vertex 66.1621 31.5293 27.8456
      vertex 66.6175 32.93 1.19143
    endloop
  endfacet
  facet normal 0.350393 0.934979 0.055123
    outer loop
      vertex 66.1621 31.5293 27.8456
      vertex 66.5998 32.9367 1.19143
      vertex 66.1346 31.5396 27.8457
    endloop
  endfacet
  facet normal 0.278823 0.958759 0.0551203
    outer loop
      vertex 66.5802 32.9424 1.19143
      vertex 66.1346 31.5396 27.8457
      vertex 66.5998 32.9367 1.19143
    endloop
  endfacet
  facet normal 0.272968 0.960443 0.055111
    outer loop
      vertex 66.1346 31.5396 27.8457
      vertex 66.5802 32.9424 1.19143
      vertex 66.1251 31.5423 27.8457
    endloop
  endfacet
  facet normal 0.272917 0.960458 0.0551109
    outer loop
      vertex 66.5619 32.9476 1.19143
      vertex 66.1251 31.5423 27.8457
      vertex 66.5802 32.9424 1.19143
    endloop
  endfacet
  facet normal 0.275903 0.959604 0.0551148
    outer loop
      vertex 66.1251 31.5423 27.8457
      vertex 66.5619 32.9476 1.19143
      vertex 66.0966 31.5505 27.8456
    endloop
  endfacet
  facet normal 0.202301 0.97779 0.0547832
    outer loop
      vertex 66.5416 32.9518 1.19143
      vertex 66.0966 31.5505 27.8456
      vertex 66.5619 32.9476 1.19143
    endloop
  endfacet
  facet normal 0.199123 0.978443 0.0547645
    outer loop
      vertex 66.0966 31.5505 27.8456
      vertex 66.5416 32.9518 1.19143
      vertex 66.0868 31.5525 27.8455
    endloop
  endfacet
  facet normal 0.196818 0.97891 0.0547497
    outer loop
      vertex 66.5227 32.9556 1.19143
      vertex 66.0868 31.5525 27.8455
      vertex 66.5416 32.9518 1.19143
    endloop
  endfacet
  facet normal 0.199302 0.978407 0.0547638
    outer loop
      vertex 66.0868 31.5525 27.8455
      vertex 66.5227 32.9556 1.19143
      vertex 66.0574 31.5585 27.8453
    endloop
  endfacet
  facet normal 0.120818 0.991201 0.0540643
    outer loop
      vertex 66.4825 32.9605 1.19143
      vertex 66.0574 31.5585 27.8453
      vertex 66.5227 32.9556 1.19143
    endloop
  endfacet
  facet normal 0.120288 0.991266 0.0540593
    outer loop
      vertex 66.0574 31.5585 27.8453
      vertex 66.4825 32.9605 1.19143
      vertex 66.0172 31.5634 27.8449
    endloop
  endfacet
  facet normal 0.0387512 0.997843 0.0529806
    outer loop
      vertex 66.4413 32.9621 1.19143
      vertex 66.0172 31.5634 27.8449
      vertex 66.4825 32.9605 1.19143
    endloop
  endfacet
  facet normal 0.0403679 0.997778 0.0530029
    outer loop
      vertex 66.0172 31.5634 27.8449
      vertex 66.4413 32.9621 1.19143
      vertex 65.9761 31.5651 27.8442
    endloop
  endfacet
  facet normal -0.000913157 0.99863 0.0523284
    outer loop
      vertex 46.6893 32.9441 1.19096
      vertex 46.246 31.5651 27.4999
      vertex 65.9761 31.5651 27.8442
    endloop
  endfacet
  facet normal -0.000911296 0.99863 0.0523271
    outer loop
      vertex 46.6893 32.9441 1.19096
      vertex 65.9761 31.5651 27.8442
      vertex 66.4413 32.9621 1.19143
    endloop
  endfacet
  facet normal -0.000987305 0.99863 0.0523272
    outer loop
      vertex 46.246 31.5651 27.4999
      vertex 46.6893 32.9441 1.19096
      vertex 46.2301 31.5651 27.4996
    endloop
  endfacet
  facet normal 0.0389399 0.997836 0.0529825
    outer loop
      vertex 46.6483 32.9457 1.19096
      vertex 46.2301 31.5651 27.4996
      vertex 46.6893 32.9441 1.19096
    endloop
  endfacet
  facet normal 0.038037 0.997871 0.05297
    outer loop
      vertex 46.2301 31.5651 27.4996
      vertex 46.6483 32.9457 1.19096
      vertex 46.1891 31.5667 27.4989
    endloop
  endfacet
  facet normal 0.120299 0.991265 0.0540595
    outer loop
      vertex 46.6277 32.9482 1.19096
      vertex 46.1891 31.5667 27.4989
      vertex 46.6483 32.9457 1.19096
    endloop
  endfacet
  facet normal 0.126945 0.990432 0.0541266
    outer loop
      vertex 46.1891 31.5667 27.4989
      vertex 46.6277 32.9482 1.19096
      vertex 46.179 31.568 27.4988
    endloop
  endfacet
  facet normal 0.121363 0.991134 0.0540683
    outer loop
      vertex 46.6081 32.9506 1.19096
      vertex 46.179 31.568 27.4988
      vertex 46.6277 32.9482 1.19096
    endloop
  endfacet
  facet normal 0.118051 0.991536 0.0540354
    outer loop
      vertex 46.179 31.568 27.4988
      vertex 46.6081 32.9506 1.19096
      vertex 46.1489 31.5716 27.4985
    endloop
  endfacet
  facet normal 0.200522 0.978157 0.0547736
    outer loop
      vertex 46.5881 32.9547 1.19096
      vertex 46.1489 31.5716 27.4985
      vertex 46.6081 32.9506 1.19096
    endloop
  endfacet
  facet normal 0.201093 0.978039 0.0547769
    outer loop
      vertex 46.1489 31.5716 27.4985
      vertex 46.5881 32.9547 1.19096
      vertex 46.1392 31.5736 27.4984
    endloop
  endfacet
  facet normal 0.202014 0.977748 0.0565639
    outer loop
      vertex 46.1392 31.5736 27.4984
      vertex 46.1099 31.5797 27.4976
      vertex 46.1271 31.5761 27.4984
    endloop
  endfacet
  facet normal 0.202081 0.977835 0.0547831
    outer loop
      vertex 46.5881 32.9547 1.19096
      vertex 46.1099 31.5797 27.4976
      vertex 46.1392 31.5736 27.4984
    endloop
  endfacet
  facet normal 0.194809 0.979313 0.0547281
    outer loop
      vertex 46.1099 31.5797 27.4976
      vertex 46.5881 32.9547 1.19096
      vertex 46.569 32.9585 1.19095
    endloop
  endfacet
  facet normal 0.271358 0.9609 0.055099
    outer loop
      vertex 46.569 32.9585 1.19095
      vertex 46.1004 31.5824 27.4973
      vertex 46.1099 31.5797 27.4976
    endloop
  endfacet
  facet normal 0.28147 0.957985 0.0551266
    outer loop
      vertex 46.1004 31.5824 27.4973
      vertex 46.569 32.9585 1.19095
      vertex 46.5496 32.9642 1.19095
    endloop
  endfacet
  facet normal 0.278125 0.958962 0.0551208
    outer loop
      vertex 46.5496 32.9642 1.19095
      vertex 46.072 31.5907 27.4962
      vertex 46.1004 31.5824 27.4973
    endloop
  endfacet
  facet normal 0.274989 0.959867 0.0551111
    outer loop
      vertex 46.072 31.5907 27.4962
      vertex 46.5496 32.9642 1.19095
      vertex 46.5311 32.9695 1.19095
    endloop
  endfacet
  facet normal 0.353462 0.933824 0.0551156
    outer loop
      vertex 46.5311 32.9695 1.19095
      vertex 46.0628 31.5942 27.4959
      vertex 46.072 31.5907 27.4962
    endloop
  endfacet
  facet normal 0.352767 0.934087 0.055117
    outer loop
      vertex 46.0628 31.5942 27.4959
      vertex 46.5311 32.9695 1.19095
      vertex 46.5123 32.9766 1.19095
    endloop
  endfacet
  facet normal 0.352562 0.934164 0.0551176
    outer loop
      vertex 46.5123 32.9766 1.19095
      vertex 46.0354 31.6046 27.4949
      vertex 46.0628 31.5942 27.4959
    endloop
  endfacet
  facet normal 0.35174 0.934474 0.0551188
    outer loop
      vertex 46.0354 31.6046 27.4949
      vertex 46.5123 32.9766 1.19095
      vertex 46.4945 32.9833 1.19095
    endloop
  endfacet
  facet normal 0.420663 0.90556 0.0548063
    outer loop
      vertex 46.4945 32.9833 1.19095
      vertex 46.0266 31.6087 27.4947
      vertex 46.0354 31.6046 27.4949
    endloop
  endfacet
  facet normal 0.426365 0.902891 0.0547683
    outer loop
      vertex 46.0266 31.6087 27.4947
      vertex 46.4945 32.9833 1.19095
      vertex 46.4765 32.9918 1.19095
    endloop
  endfacet
  facet normal 0.423137 0.904407 0.0547928
    outer loop
      vertex 46.4765 32.9918 1.19095
      vertex 46.0002 31.6211 27.4939
      vertex 46.0266 31.6087 27.4947
    endloop
  endfacet
  facet normal 0.421097 0.905358 0.0548054
    outer loop
      vertex 46.0002 31.6211 27.4939
      vertex 46.4765 32.9918 1.19095
      vertex 46.4593 32.9998 1.19095
    endloop
  endfacet
  facet normal 0.494325 0.867592 0.0541039
    outer loop
      vertex 46.4421 33.0096 1.19095
      vertex 46.0002 31.6211 27.4939
      vertex 46.4593 32.9998 1.19095
    endloop
  endfacet
  facet normal 0.494441 0.867526 0.0541024
    outer loop
      vertex 46.0002 31.6211 27.4939
      vertex 46.4421 33.0096 1.19095
      vertex 45.9918 31.6259 27.4937
    endloop
  endfacet
  facet normal 0.492557 0.868595 0.0541264
    outer loop
      vertex 46.4257 33.0189 1.19095
      vertex 45.9918 31.6259 27.4937
      vertex 46.4421 33.0096 1.19095
    endloop
  endfacet
  facet normal 0.494441 0.867526 0.0541009
    outer loop
      vertex 45.9918 31.6259 27.4937
      vertex 46.4257 33.0189 1.19095
      vertex 45.9666 31.6403 27.4931
    endloop
  endfacet
  facet normal 0.559722 0.826977 0.053115
    outer loop
      vertex 46.4093 33.03 1.19095
      vertex 45.9666 31.6403 27.4931
      vertex 46.4257 33.0189 1.19095
    endloop
  endfacet
  facet normal 0.558226 0.827985 0.0531431
    outer loop
      vertex 45.9666 31.6403 27.4931
      vertex 46.4093 33.03 1.19095
      vertex 45.9586 31.6457 27.493
    endloop
  endfacet
  facet normal 0.560057 0.82675 0.0531095
    outer loop
      vertex 46.3938 33.0405 1.19095
      vertex 45.9586 31.6457 27.493
      vertex 46.4093 33.03 1.19095
    endloop
  endfacet
  facet normal 0.559524 0.82711 0.0531197
    outer loop
      vertex 45.9586 31.6457 27.493
      vertex 46.3938 33.0405 1.19095
      vertex 45.9347 31.6619 27.4925
    endloop
  endfacet
  facet normal 0.620999 0.782095 0.0518334
    outer loop
      vertex 46.3637 33.0644 1.19095
      vertex 45.9347 31.6619 27.4925
      vertex 46.3938 33.0405 1.19095
    endloop
  endfacet
  facet normal 0.620682 0.782347 0.0518416
    outer loop
      vertex 45.9347 31.6619 27.4925
      vertex 46.3637 33.0644 1.19095
      vertex 45.9046 31.6858 27.4922
    endloop
  endfacet
  facet normal 0.677842 0.733486 0.0502783
    outer loop
      vertex 46.3492 33.0778 1.19095
      vertex 45.9046 31.6858 27.4922
      vertex 46.3637 33.0644 1.19095
    endloop
  endfacet
  facet normal 0.67401 0.737001 0.0503995
    outer loop
      vertex 45.9046 31.6858 27.4922
      vertex 46.3492 33.0778 1.19095
      vertex 45.8975 31.6923 27.4921
    endloop
  endfacet
  facet normal 0.678976 0.732439 0.0502445
    outer loop
      vertex 46.3355 33.0905 1.19095
      vertex 45.8975 31.6923 27.4921
      vertex 46.3492 33.0778 1.19095
    endloop
  endfacet
  facet normal 0.679598 0.731864 0.0502243
    outer loop
      vertex 45.8975 31.6923 27.4921
      vertex 46.3355 33.0905 1.19095
      vertex 45.8764 31.7119 27.492
    endloop
  endfacet
  facet normal 0.733046 0.678458 0.0483577
    outer loop
      vertex 45.8503 31.7401 27.4921
      vertex 46.3355 33.0905 1.19095
      vertex 46.3094 33.1187 1.19095
    endloop
  endfacet
  facet normal 0.733132 0.678365 0.0483545
    outer loop
      vertex 46.3355 33.0905 1.19095
      vertex 45.8503 31.7401 27.4921
      vertex 45.8764 31.7119 27.492
    endloop
  endfacet
  facet normal 0.780526 0.623407 0.0463011
    outer loop
      vertex 45.8443 31.7476 27.4922
      vertex 46.3094 33.1187 1.19095
      vertex 46.2971 33.1341 1.19095
    endloop
  endfacet
  facet normal 0.780332 0.623648 0.0463102
    outer loop
      vertex 46.3094 33.1187 1.19095
      vertex 45.8443 31.7476 27.4922
      vertex 45.8503 31.7401 27.4921
    endloop
  endfacet
  facet normal 0.784184 0.618812 0.0461234
    outer loop
      vertex 45.8264 31.7702 27.4924
      vertex 46.2971 33.1341 1.19095
      vertex 46.2855 33.1488 1.19095
    endloop
  endfacet
  facet normal 0.783268 0.619968 0.046167
    outer loop
      vertex 46.2971 33.1341 1.19095
      vertex 45.8264 31.7702 27.4924
      vertex 45.8443 31.7476 27.4922
    endloop
  endfacet
  facet normal 0.827241 0.560138 0.0437987
    outer loop
      vertex 45.8048 31.8021 27.4929
      vertex 46.2855 33.1488 1.19095
      vertex 46.2639 33.1807 1.19095
    endloop
  endfacet
  facet normal 0.82756 0.559668 0.0437805
    outer loop
      vertex 46.2855 33.1488 1.19095
      vertex 45.8048 31.8021 27.4929
      vertex 45.8264 31.7702 27.4924
    endloop
  endfacet
  facet normal 0.869363 0.492472 0.0409851
    outer loop
      vertex 45.8001 31.8105 27.4931
      vertex 46.2639 33.1807 1.19095
      vertex 46.2541 33.198 1.19095
    endloop
  endfacet
  facet normal 0.872371 0.487142 0.0407605
    outer loop
      vertex 46.2639 33.1807 1.19095
      vertex 45.8001 31.8105 27.4931
      vertex 45.8048 31.8021 27.4929
    endloop
  endfacet
  facet normal 0.869139 0.492865 0.0410048
    outer loop
      vertex 45.7857 31.8357 27.4936
      vertex 46.2541 33.198 1.19095
      vertex 46.2448 33.2144 1.19095
    endloop
  endfacet
  facet normal 0.867861 0.495105 0.041098
    outer loop
      vertex 46.2541 33.198 1.19095
      vertex 45.7857 31.8357 27.4936
      vertex 45.8001 31.8105 27.4931
    endloop
  endfacet
  facet normal 0.9048 0.424136 0.0380248
    outer loop
      vertex 45.7692 31.8708 27.4946
      vertex 46.2448 33.2144 1.19095
      vertex 46.2283 33.2496 1.19094
    endloop
  endfacet
  facet normal 0.904756 0.424229 0.0380288
    outer loop
      vertex 46.2448 33.2144 1.19095
      vertex 45.7692 31.8708 27.4946
      vertex 45.7857 31.8357 27.4936
    endloop
  endfacet
  facet normal 0.93513 0.35259 0.0348023
    outer loop
      vertex 45.7554 31.9074 27.4958
      vertex 46.2283 33.2496 1.19094
      vertex 46.2145 33.2862 1.19094
    endloop
  endfacet
  facet normal 0.935508 0.351593 0.0347582
    outer loop
      vertex 46.2283 33.2496 1.19094
      vertex 45.7554 31.9074 27.4958
      vertex 45.7692 31.8708 27.4946
    endloop
  endfacet
  facet normal 0.960682 0.275888 0.0312301
    outer loop
      vertex 45.7526 31.9169 27.4961
      vertex 46.2145 33.2862 1.19094
      vertex 46.2089 33.3057 1.19094
    endloop
  endfacet
  facet normal 0.958998 0.281657 0.0315008
    outer loop
      vertex 46.2145 33.2862 1.19094
      vertex 45.7526 31.9169 27.4961
      vertex 45.7554 31.9074 27.4958
    endloop
  endfacet
  facet normal 0.959056 0.281462 0.031491
    outer loop
      vertex 45.7444 31.9452 27.4972
      vertex 46.2089 33.3057 1.19094
      vertex 46.2035 33.3241 1.19094
    endloop
  endfacet
  facet normal 0.960347 0.277047 0.0312855
    outer loop
      vertex 46.2089 33.3057 1.19094
      vertex 45.7444 31.9452 27.4972
      vertex 45.7526 31.9169 27.4961
    endloop
  endfacet
  facet normal 0.979331 0.200375 0.0275965
    outer loop
      vertex 45.7363 31.9843 27.4988
      vertex 46.2035 33.3241 1.19094
      vertex 46.1955 33.3632 1.19094
    endloop
  endfacet
  facet normal 0.979059 0.201691 0.0276587
    outer loop
      vertex 46.2035 33.3241 1.19094
      vertex 45.7363 31.9843 27.4988
      vertex 45.7444 31.9452 27.4972
    endloop
  endfacet
  facet normal 0.992439 0.120442 0.0236348
    outer loop
      vertex 45.7351 31.9943 27.4992
      vertex 46.1955 33.3632 1.19094
      vertex 46.193 33.3838 1.19094
    endloop
  endfacet
  facet normal 0.992713 0.118185 0.0235222
    outer loop
      vertex 46.1955 33.3632 1.19094
      vertex 45.7351 31.9943 27.4992
      vertex 45.7363 31.9843 27.4988
    endloop
  endfacet
  facet normal 0.992842 0.117104 0.0234704
    outer loop
      vertex 45.7314 32.0243 27.5006
      vertex 46.193 33.3838 1.19094
      vertex 46.1907 33.4033 1.19094
    endloop
  endfacet
  facet normal 0.992336 0.121283 0.0236775
    outer loop
      vertex 46.193 33.3838 1.19094
      vertex 45.7314 32.0243 27.5006
      vertex 45.7351 31.9943 27.4992
    endloop
  endfacet
  facet normal 0.998898 0.042607 0.0196697
    outer loop
      vertex 45.731 32.0345 27.5011
      vertex 46.1907 33.4033 1.19094
      vertex 46.1898 33.4244 1.19094
    endloop
  endfacet
  facet normal 0.99908 0.0382264 0.019445
    outer loop
      vertex 46.1907 33.4033 1.19094
      vertex 45.731 32.0345 27.5011
      vertex 45.7314 32.0243 27.5006
    endloop
  endfacet
  facet normal 0.99901 0.0399604 0.0195334
    outer loop
      vertex 45.7297 32.0652 27.5027
      vertex 46.1898 33.4244 1.19094
      vertex 46.189 33.4444 1.19094
    endloop
  endfacet
  facet normal 0.998955 0.0412795 0.0196006
    outer loop
      vertex 46.1898 33.4244 1.19094
      vertex 45.7297 32.0652 27.5027
      vertex 45.731 32.0345 27.5011
    endloop
  endfacet
  facet normal 0.999845 0.00155207 0.0175358
    outer loop
      vertex 45.7289 32.3779 27.519
      vertex 46.189 33.4444 1.19094
      vertex 46.188 34.0886 1.19094
    endloop
  endfacet
  facet normal 0.999845 0.00164369 0.0175395
    outer loop
      vertex 46.189 33.4444 1.19094
      vertex 45.7289 32.3779 27.519
      vertex 45.7297 32.0652 27.5027
    endloop
  endfacet
  facet normal 0.999845 0.00164153 0.0175378
    outer loop
      vertex 45.7266 33.3152 27.5681
      vertex 46.188 34.0886 1.19094
      vertex 46.187 34.6978 1.19093
    endloop
  endfacet
  facet normal 0.999845 0.00153493 0.0175347
    outer loop
      vertex 46.188 34.0886 1.19094
      vertex 45.7266 33.3152 27.5681
      vertex 45.7289 32.3779 27.519
    endloop
  endfacet
  facet normal 0.999227 0.0342872 0.0192369
    outer loop
      vertex 45.7252 33.3559 27.5701
      vertex 46.187 34.6978 1.19093
      vertex 46.1856 34.7386 1.19093
    endloop
  endfacet
  facet normal 0.999257 0.0334293 0.0191938
    outer loop
      vertex 46.187 34.6978 1.19093
      vertex 45.7252 33.3559 27.5701
      vertex 45.7266 33.3152 27.5681
    endloop
  endfacet
  facet normal 0.99301 0.11569 0.0233961
    outer loop
      vertex 45.724 33.3659 27.5706
      vertex 46.1856 34.7386 1.19093
      vertex 46.1832 34.7592 1.19093
    endloop
  endfacet
  facet normal 0.992741 0.117953 0.0235092
    outer loop
      vertex 46.1856 34.7386 1.19093
      vertex 45.724 33.3659 27.5706
      vertex 45.7252 33.3559 27.5701
    endloop
  endfacet
  facet normal 0.993297 0.113226 0.0232731
    outer loop
      vertex 45.7205 33.3958 27.572
      vertex 46.1832 34.7592 1.19093
      vertex 46.181 34.7785 1.19093
    endloop
  endfacet
  facet normal 0.993073 0.115152 0.0233688
    outer loop
      vertex 46.1832 34.7592 1.19093
      vertex 45.7205 33.3958 27.572
      vertex 45.724 33.3659 27.5706
    endloop
  endfacet
  facet normal 0.980401 0.195105 0.027338
    outer loop
      vertex 45.7186 33.4055 27.5724
      vertex 46.181 34.7785 1.19093
      vertex 46.177 34.7986 1.19093
    endloop
  endfacet
  facet normal 0.9812 0.191075 0.0271422
    outer loop
      vertex 46.181 34.7785 1.19093
      vertex 45.7186 33.4055 27.5724
      vertex 45.7205 33.3958 27.572
    endloop
  endfacet
  facet normal 0.981008 0.192049 0.0271935
    outer loop
      vertex 45.7127 33.4346 27.5736
      vertex 46.177 34.7986 1.19093
      vertex 46.1733 34.8175 1.19093
    endloop
  endfacet
  facet normal 0.979909 0.197544 0.0274582
    outer loop
      vertex 46.177 34.7986 1.19093
      vertex 45.7127 33.4346 27.5736
      vertex 45.7186 33.4055 27.5724
    endloop
  endfacet
  facet normal 0.960302 0.277201 0.0312909
    outer loop
      vertex 45.7101 33.444 27.5739
      vertex 46.1733 34.8175 1.19093
      vertex 46.1677 34.8369 1.19093
    endloop
  endfacet
  facet normal 0.963607 0.265549 0.0307423
    outer loop
      vertex 46.1733 34.8175 1.19093
      vertex 45.7101 33.444 27.5739
      vertex 45.7127 33.4346 27.5736
    endloop
  endfacet
  facet normal 0.961454 0.2732 0.0311005
    outer loop
      vertex 45.702 33.4723 27.575
      vertex 46.1677 34.8369 1.19093
      vertex 46.1625 34.8552 1.19093
    endloop
  endfacet
  facet normal 0.961249 0.273918 0.031134
    outer loop
      vertex 46.1677 34.8369 1.19093
      vertex 45.702 33.4723 27.575
      vertex 45.7101 33.444 27.5739
    endloop
  endfacet
  facet normal 0.936584 0.348728 0.0346252
    outer loop
      vertex 45.6986 33.4814 27.5753
      vertex 46.1625 34.8552 1.19093
      vertex 46.1555 34.874 1.19093
    endloop
  endfacet
  facet normal 0.936563 0.348783 0.0346277
    outer loop
      vertex 46.1625 34.8552 1.19093
      vertex 45.6986 33.4814 27.5753
      vertex 45.702 33.4723 27.575
    endloop
  endfacet
  facet normal 0.936418 0.349173 0.0346453
    outer loop
      vertex 45.6884 33.5087 27.5762
      vertex 46.1555 34.874 1.19093
      vertex 46.1489 34.8917 1.19093
    endloop
  endfacet
  facet normal 0.936563 0.348783 0.0346278
    outer loop
      vertex 46.1555 34.874 1.19093
      vertex 45.6884 33.5087 27.5762
      vertex 45.6986 33.4814 27.5753
    endloop
  endfacet
  facet normal 0.906323 0.420885 0.0378827
    outer loop
      vertex 45.672 33.5437 27.5771
      vertex 46.1489 34.8917 1.19093
      vertex 46.1326 34.9268 1.19093
    endloop
  endfacet
  facet normal 0.905243 0.423194 0.0379811
    outer loop
      vertex 46.1489 34.8917 1.19093
      vertex 45.672 33.5437 27.5771
      vertex 45.6884 33.5087 27.5762
    endloop
  endfacet
  facet normal 0.868131 0.494633 0.0410785
    outer loop
      vertex 45.6673 33.5521 27.5773
      vertex 46.1326 34.9268 1.19093
      vertex 46.1228 34.944 1.19093
    endloop
  endfacet
  facet normal 0.872371 0.487142 0.040763
    outer loop
      vertex 46.1326 34.9268 1.19093
      vertex 45.6673 33.5521 27.5773
      vertex 45.672 33.5437 27.5771
    endloop
  endfacet
  facet normal 0.870131 0.491117 0.0409311
    outer loop
      vertex 45.653 33.5772 27.5779
      vertex 46.1228 34.944 1.19093
      vertex 46.1136 34.9603 1.19093
    endloop
  endfacet
  facet normal 0.868571 0.493862 0.0410455
    outer loop
      vertex 46.1228 34.944 1.19093
      vertex 45.653 33.5772 27.5779
      vertex 45.6673 33.5521 27.5773
    endloop
  endfacet
  facet normal 0.829697 0.556504 0.0436504
    outer loop
      vertex 45.6477 33.5852 27.578
      vertex 46.1136 34.9603 1.19093
      vertex 46.1026 34.9767 1.19093
    endloop
  endfacet
  facet normal 0.833113 0.551394 0.0434444
    outer loop
      vertex 46.1136 34.9603 1.19093
      vertex 45.6477 33.5852 27.578
      vertex 45.653 33.5772 27.5779
    endloop
  endfacet
  facet normal 0.829606 0.556639 0.0436572
    outer loop
      vertex 45.6316 33.6091 27.5784
      vertex 46.1026 34.9767 1.19093
      vertex 46.0922 34.9922 1.19093
    endloop
  endfacet
  facet normal 0.828918 0.557661 0.0436979
    outer loop
      vertex 46.1026 34.9767 1.19093
      vertex 45.6316 33.6091 27.5784
      vertex 45.6477 33.5852 27.578
    endloop
  endfacet
  facet normal 0.784955 0.617836 0.0460852
    outer loop
      vertex 45.6257 33.6166 27.5785
      vertex 46.0922 34.9922 1.19093
      vertex 46.08 35.0077 1.19093
    endloop
  endfacet
  facet normal 0.785419 0.617249 0.0460628
    outer loop
      vertex 46.0922 34.9922 1.19093
      vertex 45.6257 33.6166 27.5785
      vertex 45.6316 33.6091 27.5784
    endloop
  endfacet
  facet normal 0.78212 0.621411 0.0462228
    outer loop
      vertex 45.6078 33.6392 27.5787
      vertex 46.08 35.0077 1.19093
      vertex 46.0684 35.0223 1.19093
    endloop
  endfacet
  facet normal 0.783268 0.619967 0.0461685
    outer loop
      vertex 46.08 35.0077 1.19093
      vertex 45.6078 33.6392 27.5787
      vertex 45.6257 33.6166 27.5785
    endloop
  endfacet
  facet normal 0.736085 0.675168 0.0482392
    outer loop
      vertex 45.6013 33.6462 27.5787
      vertex 46.0684 35.0223 1.19093
      vertex 46.0551 35.0368 1.19093
    endloop
  endfacet
  facet normal 0.731935 0.679654 0.0483996
    outer loop
      vertex 46.0684 35.0223 1.19093
      vertex 45.6013 33.6462 27.5787
      vertex 45.6078 33.6392 27.5787
    endloop
  endfacet
  facet normal 0.73518 0.676151 0.0482751
    outer loop
      vertex 45.5819 33.6673 27.5788
      vertex 46.0551 35.0368 1.19093
      vertex 46.0425 35.0505 1.19093
    endloop
  endfacet
  facet normal 0.735396 0.675917 0.0482668
    outer loop
      vertex 46.0551 35.0368 1.19093
      vertex 45.5819 33.6673 27.5788
      vertex 45.6013 33.6462 27.5787
    endloop
  endfacet
  facet normal 0.677842 0.733486 0.0502796
    outer loop
      vertex 46.028 35.0639 1.19093
      vertex 45.5819 33.6673 27.5788
      vertex 46.0425 35.0505 1.19093
    endloop
  endfacet
  facet normal 0.679608 0.731854 0.0502231
    outer loop
      vertex 45.5819 33.6673 27.5788
      vertex 46.028 35.0639 1.19093
      vertex 45.5748 33.6739 27.5787
    endloop
  endfacet
  facet normal 0.681631 0.729975 0.0501589
    outer loop
      vertex 46.0144 35.0766 1.19092
      vertex 45.5748 33.6739 27.5787
      vertex 46.028 35.0639 1.19093
    endloop
  endfacet
  facet normal 0.681331 0.730254 0.0501687
    outer loop
      vertex 45.5748 33.6739 27.5787
      vertex 46.0144 35.0766 1.19092
      vertex 45.5538 33.6935 27.5786
    endloop
  endfacet
  facet normal 0.620773 0.782275 0.0518383
    outer loop
      vertex 45.9989 35.0889 1.19092
      vertex 45.5538 33.6935 27.5786
      vertex 46.0144 35.0766 1.19092
    endloop
  endfacet
  facet normal 0.623436 0.780158 0.0517713
    outer loop
      vertex 45.5538 33.6935 27.5786
      vertex 45.9989 35.0889 1.19092
      vertex 45.5463 33.6995 27.5785
    endloop
  endfacet
  facet normal 0.627123 0.777204 0.051679
    outer loop
      vertex 45.9844 35.1006 1.19092
      vertex 45.5463 33.6995 27.5785
      vertex 45.9989 35.0889 1.19092
    endloop
  endfacet
  facet normal 0.621453 0.781735 0.0518254
    outer loop
      vertex 45.5463 33.6995 27.5785
      vertex 45.9844 35.1006 1.19092
      vertex 45.5238 33.7174 27.5783
    endloop
  endfacet
  facet normal 0.559884 0.826866 0.0531165
    outer loop
      vertex 45.9525 35.1222 1.19092
      vertex 45.5238 33.7174 27.5783
      vertex 45.9844 35.1006 1.19092
    endloop
  endfacet
  facet normal 0.560976 0.826128 0.0530949
    outer loop
      vertex 45.5238 33.7174 27.5783
      vertex 45.9525 35.1222 1.19092
      vertex 45.4919 33.7391 27.5777
    endloop
  endfacet
  facet normal 0.495952 0.866664 0.0540846
    outer loop
      vertex 45.9352 35.1321 1.19092
      vertex 45.4919 33.7391 27.5777
      vertex 45.9525 35.1222 1.19092
    endloop
  endfacet
  facet normal 0.494441 0.867526 0.0541047
    outer loop
      vertex 45.4919 33.7391 27.5777
      vertex 45.9352 35.1321 1.19092
      vertex 45.4835 33.7439 27.5775
    endloop
  endfacet
  facet normal 0.494839 0.867299 0.0540996
    outer loop
      vertex 45.9189 35.1414 1.19092
      vertex 45.4835 33.7439 27.5775
      vertex 45.9352 35.1321 1.19092
    endloop
  endfacet
  facet normal 0.49852 0.865192 0.0540487
    outer loop
      vertex 45.4835 33.7439 27.5775
      vertex 45.9189 35.1414 1.19092
      vertex 45.4584 33.7584 27.5769
    endloop
  endfacet
  facet normal 0.42907 0.901611 0.0547455
    outer loop
      vertex 45.9189 35.1414 1.19092
      vertex 45.4496 33.7626 27.5767
      vertex 45.4584 33.7584 27.5769
    endloop
  endfacet
  facet normal 0.430454 0.900951 0.0547357
    outer loop
      vertex 45.4496 33.7626 27.5767
      vertex 45.9189 35.1414 1.19092
      vertex 45.9009 35.15 1.19092
    endloop
  endfacet
  facet normal 0.427264 0.902467 0.0547608
    outer loop
      vertex 45.9009 35.15 1.19092
      vertex 45.4233 33.7751 27.5759
      vertex 45.4496 33.7626 27.5767
    endloop
  endfacet
  facet normal 0.427444 0.902382 0.0547596
    outer loop
      vertex 45.4233 33.7751 27.5759
      vertex 45.9009 35.15 1.19092
      vertex 45.8838 35.1581 1.19092
    endloop
  endfacet
  facet normal 0.353462 0.933824 0.0551165
    outer loop
      vertex 45.8838 35.1581 1.19092
      vertex 45.4141 33.7786 27.5756
      vertex 45.4233 33.7751 27.5759
    endloop
  endfacet
  facet normal 0.357104 0.932438 0.0551088
    outer loop
      vertex 45.4141 33.7786 27.5756
      vertex 45.8838 35.1581 1.19092
      vertex 45.865 35.1653 1.19092
    endloop
  endfacet
  facet normal 0.355714 0.932968 0.055113
    outer loop
      vertex 45.865 35.1653 1.19092
      vertex 45.3867 33.7891 27.5747
      vertex 45.4141 33.7786 27.5756
    endloop
  endfacet
  facet normal 0.35174 0.934474 0.0551195
    outer loop
      vertex 45.3867 33.7891 27.5747
      vertex 45.865 35.1653 1.19092
      vertex 45.8472 35.172 1.19092
    endloop
  endfacet
  facet normal 0.280147 0.958373 0.0551226
    outer loop
      vertex 45.8472 35.172 1.19092
      vertex 45.3772 33.7919 27.5743
      vertex 45.3867 33.7891 27.5747
    endloop
  endfacet
  facet normal 0.284659 0.957042 0.0551333
    outer loop
      vertex 45.3772 33.7919 27.5743
      vertex 45.8472 35.172 1.19092
      vertex 45.8277 35.1778 1.19092
    endloop
  endfacet
  facet normal 0.282147 0.957786 0.0551295
    outer loop
      vertex 45.8277 35.1778 1.19092
      vertex 45.3489 33.8003 27.5732
      vertex 45.3772 33.7919 27.5743
    endloop
  endfacet
  facet normal 0.282587 0.957656 0.0551307
    outer loop
      vertex 45.3489 33.8003 27.5732
      vertex 45.8277 35.1778 1.19092
      vertex 45.8094 35.1832 1.19092
    endloop
  endfacet
  facet normal 0.207074 0.976788 0.0548155
    outer loop
      vertex 45.8094 35.1832 1.19092
      vertex 45.3391 33.8024 27.5728
      vertex 45.3489 33.8003 27.5732
    endloop
  endfacet
  facet normal 0.20423 0.977388 0.0547962
    outer loop
      vertex 45.3391 33.8024 27.5728
      vertex 45.8094 35.1832 1.19092
      vertex 45.7893 35.1874 1.19092
    endloop
  endfacet
  facet normal 0.20456 0.977319 0.0547982
    outer loop
      vertex 45.7893 35.1874 1.19092
      vertex 45.3098 33.8086 27.5716
      vertex 45.3391 33.8024 27.5728
    endloop
  endfacet
  facet normal 0.205701 0.977079 0.0548064
    outer loop
      vertex 45.3098 33.8086 27.5716
      vertex 45.7893 35.1874 1.19092
      vertex 45.7703 35.1914 1.19092
    endloop
  endfacet
  facet normal 0.126065 0.990545 0.0541221
    outer loop
      vertex 45.7703 35.1914 1.19092
      vertex 45.2998 33.8099 27.5711
      vertex 45.3098 33.8086 27.5716
    endloop
  endfacet
  facet normal 0.124442 0.990751 0.054104
    outer loop
      vertex 45.2998 33.8099 27.5711
      vertex 45.7703 35.1914 1.19092
      vertex 45.7496 35.194 1.19092
    endloop
  endfacet
  facet normal 0.129064 0.990157 0.0541516
    outer loop
      vertex 45.7496 35.194 1.19092
      vertex 45.2697 33.8139 27.5697
      vertex 45.2998 33.8099 27.5711
    endloop
  endfacet
  facet normal 0.127622 0.990344 0.0541352
    outer loop
      vertex 45.2697 33.8139 27.5697
      vertex 45.7496 35.194 1.19092
      vertex 45.7302 35.1965 1.19092
    endloop
  endfacet
  facet normal 0.0458472 0.997537 0.0530846
    outer loop
      vertex 45.7302 35.1965 1.19092
      vertex 45.2594 33.8144 27.5692
      vertex 45.2697 33.8139 27.5697
    endloop
  endfacet
  facet normal 0.0470509 0.99748 0.0531031
    outer loop
      vertex 45.2594 33.8144 27.5692
      vertex 45.7302 35.1965 1.19092
      vertex 45.709 35.1975 1.19092
    endloop
  endfacet
  facet normal 0.0459725 0.997531 0.0530874
    outer loop
      vertex 45.709 35.1975 1.19092
      vertex 45.2287 33.8159 27.5676
      vertex 45.2594 33.8144 27.5692
    endloop
  endfacet
  facet normal 0.0451163 0.997571 0.0530739
    outer loop
      vertex 45.2287 33.8159 27.5676
      vertex 45.709 35.1975 1.19092
      vertex 45.6891 35.1984 1.19092
    endloop
  endfacet
  facet normal -0.000908329 0.99863 0.052326
    outer loop
      vertex 45.6891 35.1984 1.19092
      vertex 40.6967 33.8245 27.3248
      vertex 45.2287 33.8159 27.5676
    endloop
  endfacet
  facet normal -0.000909701 0.99863 0.0523258
    outer loop
      vertex 40.6967 33.8245 27.3248
      vertex 45.6891 35.1984 1.19092
      vertex 36.4553 35.19 1.1907
    endloop
  endfacet
  facet normal -0.000913272 0.99863 0.0523264
    outer loop
      vertex 36.4553 35.19 1.1907
      vertex 32.8278 33.8394 26.9031
      vertex 40.6967 33.8245 27.3248
    endloop
  endfacet
  facet normal -0.000912214 0.99863 0.0523265
    outer loop
      vertex 27.6854 35.182 1.19049
      vertex 32.8278 33.8394 26.9031
      vertex 36.4553 35.19 1.1907
    endloop
  endfacet
  facet normal -0.000923574 0.998629 0.0523288
    outer loop
      vertex 32.8278 33.8394 26.9031
      vertex 27.6854 35.182 1.19049
      vertex 27.2445 33.858 26.4496
    endloop
  endfacet
  facet normal 0.0340806 0.998018 0.0529077
    outer loop
      vertex 27.6854 35.182 1.19049
      vertex 27.2037 33.8596 26.4457
      vertex 27.2445 33.858 26.4496
    endloop
  endfacet
  facet normal 0.0317115 0.998098 0.0528667
    outer loop
      vertex 27.2037 33.8596 26.4457
      vertex 27.6854 35.182 1.19049
      vertex 27.6445 35.1833 1.19048
    endloop
  endfacet
  facet normal 0.10832 0.992653 0.0539184
    outer loop
      vertex 27.6445 35.1833 1.19048
      vertex 27.1934 33.8608 26.4443
      vertex 27.2037 33.8596 26.4457
    endloop
  endfacet
  facet normal 0.116671 0.991701 0.0540177
    outer loop
      vertex 27.1934 33.8608 26.4443
      vertex 27.6445 35.1833 1.19048
      vertex 27.6241 35.1857 1.19048
    endloop
  endfacet
  facet normal 0.113724 0.992045 0.0539855
    outer loop
      vertex 27.6241 35.1857 1.19048
      vertex 27.1638 33.8644 26.4405
      vertex 27.1934 33.8608 26.4443
    endloop
  endfacet
  facet normal 0.111946 0.992248 0.0539638
    outer loop
      vertex 27.1638 33.8644 26.4405
      vertex 27.6241 35.1857 1.19048
      vertex 27.6046 35.1879 1.19048
    endloop
  endfacet
  facet normal 0.196287 0.979017 0.0547426
    outer loop
      vertex 27.6046 35.1879 1.19048
      vertex 27.1538 33.8665 26.4388
      vertex 27.1638 33.8644 26.4405
    endloop
  endfacet
  facet normal 0.195822 0.97911 0.0547392
    outer loop
      vertex 27.1538 33.8665 26.4388
      vertex 27.6046 35.1879 1.19048
      vertex 27.5846 35.1919 1.19048
    endloop
  endfacet
  facet normal 0.194898 0.979295 0.0547331
    outer loop
      vertex 27.5846 35.1919 1.19048
      vertex 27.125 33.8725 26.434
      vertex 27.1538 33.8665 26.4388
    endloop
  endfacet
  facet normal 0.19086 0.980092 0.0547013
    outer loop
      vertex 27.125 33.8725 26.434
      vertex 27.5846 35.1919 1.19048
      vertex 27.5656 35.1956 1.19048
    endloop
  endfacet
  facet normal 0.266414 0.962283 0.0550866
    outer loop
      vertex 27.5656 35.1956 1.19048
      vertex 27.1153 33.8753 26.432
      vertex 27.125 33.8725 26.434
    endloop
  endfacet
  facet normal 0.273646 0.96025 0.0551093
    outer loop
      vertex 27.1153 33.8753 26.432
      vertex 27.5656 35.1956 1.19048
      vertex 27.5463 35.2011 1.19048
    endloop
  endfacet
  facet normal 0.274529 0.959998 0.0551111
    outer loop
      vertex 27.5463 35.2011 1.19048
      vertex 27.0874 33.8836 26.4264
      vertex 27.1153 33.8753 26.432
    endloop
  endfacet
  facet normal 0.270184 0.961231 0.0550964
    outer loop
      vertex 27.0874 33.8836 26.4264
      vertex 27.5463 35.2011 1.19048
      vertex 27.5278 35.2063 1.19048
    endloop
  endfacet
  facet normal 0.345311 0.936868 0.0551305
    outer loop
      vertex 27.5278 35.2063 1.19048
      vertex 27.078 33.8872 26.4241
      vertex 27.0874 33.8836 26.4264
    endloop
  endfacet
  facet normal 0.351691 0.934492 0.0551201
    outer loop
      vertex 27.078 33.8872 26.4241
      vertex 27.5278 35.2063 1.19048
      vertex 27.5092 35.2133 1.19048
    endloop
  endfacet
  facet normal 0.34731 0.936128 0.0551312
    outer loop
      vertex 27.5092 35.2133 1.19048
      vertex 27.051 33.8976 26.4176
      vertex 27.078 33.8872 26.4241
    endloop
  endfacet
  facet normal 0.345422 0.936827 0.0551333
    outer loop
      vertex 27.051 33.8976 26.4176
      vertex 27.5092 35.2133 1.19048
      vertex 27.4913 35.2199 1.19048
    endloop
  endfacet
  facet normal 0.425736 0.903188 0.0547719
    outer loop
      vertex 27.4913 35.2199 1.19048
      vertex 27.042 33.902 26.415
      vertex 27.051 33.8976 26.4176
    endloop
  endfacet
  facet normal 0.424185 0.903917 0.0547824
    outer loop
      vertex 27.042 33.902 26.415
      vertex 27.4913 35.2199 1.19048
      vertex 27.4734 35.2283 1.19048
    endloop
  endfacet
  facet normal 0.421428 0.905204 0.0548029
    outer loop
      vertex 27.4734 35.2283 1.19048
      vertex 27.0161 33.9145 26.4077
      vertex 27.042 33.902 26.415
    endloop
  endfacet
  facet normal 0.423119 0.904416 0.0547925
    outer loop
      vertex 27.0161 33.9145 26.4077
      vertex 27.4734 35.2283 1.19048
      vertex 27.4563 35.2363 1.19048
    endloop
  endfacet
  facet normal 0.490335 0.86985 0.054154
    outer loop
      vertex 27.4563 35.2363 1.19048
      vertex 26.9827 33.934 26.3969
      vertex 27.0161 33.9145 26.4077
    endloop
  endfacet
  facet normal 0.489542 0.870296 0.0541621
    outer loop
      vertex 26.9827 33.934 26.3969
      vertex 27.4563 35.2363 1.19048
      vertex 27.4227 35.2552 1.19048
    endloop
  endfacet
  facet normal 0.561458 0.825801 0.0530853
    outer loop
      vertex 27.4227 35.2552 1.19048
      vertex 26.9746 33.9397 26.3939
      vertex 26.9827 33.934 26.3969
    endloop
  endfacet
  facet normal 0.558595 0.827737 0.0531354
    outer loop
      vertex 26.9746 33.9397 26.3939
      vertex 27.4227 35.2552 1.19048
      vertex 27.4064 35.2662 1.19048
    endloop
  endfacet
  facet normal 0.558177 0.828018 0.0531431
    outer loop
      vertex 27.4064 35.2662 1.19048
      vertex 26.9511 33.9561 26.3852
      vertex 26.9746 33.9397 26.3939
    endloop
  endfacet
  facet normal 0.560057 0.82675 0.0531111
    outer loop
      vertex 26.9511 33.9561 26.3852
      vertex 27.4064 35.2662 1.19048
      vertex 27.3909 35.2767 1.19048
    endloop
  endfacet
  facet normal 0.619447 0.783323 0.0518716
    outer loop
      vertex 27.3909 35.2767 1.19048
      vertex 26.9213 33.9805 26.3726
      vertex 26.9511 33.9561 26.3852
    endloop
  endfacet
  facet normal 0.617794 0.784625 0.0519077
    outer loop
      vertex 26.9213 33.9805 26.3726
      vertex 27.3909 35.2767 1.19048
      vertex 27.3608 35.3004 1.19048
    endloop
  endfacet
  facet normal 0.673169 0.737768 0.0504182
    outer loop
      vertex 27.3608 35.3004 1.19048
      vertex 26.914 33.9874 26.3691
      vertex 26.9213 33.9805 26.3726
    endloop
  endfacet
  facet normal 0.677634 0.733679 0.0502842
    outer loop
      vertex 26.914 33.9874 26.3691
      vertex 27.3608 35.3004 1.19048
      vertex 27.3464 35.3137 1.19048
    endloop
  endfacet
  facet normal 0.679442 0.732008 0.0502273
    outer loop
      vertex 27.3464 35.3137 1.19048
      vertex 26.8934 34.0072 26.3592
      vertex 26.914 33.9874 26.3691
    endloop
  endfacet
  facet normal 0.681839 0.729781 0.0501548
    outer loop
      vertex 26.8934 34.0072 26.3592
      vertex 27.3464 35.3137 1.19048
      vertex 27.3327 35.3265 1.19048
    endloop
  endfacet
  facet normal 0.731387 0.680241 0.0484219
    outer loop
      vertex 26.8867 34.0147 26.3555
      vertex 27.3327 35.3265 1.19048
      vertex 27.3194 35.3408 1.19048
    endloop
  endfacet
  facet normal 0.732916 0.678598 0.0483634
    outer loop
      vertex 27.3327 35.3265 1.19048
      vertex 26.8867 34.0147 26.3555
      vertex 26.8934 34.0072 26.3592
    endloop
  endfacet
  facet normal 0.729824 0.681914 0.04848
    outer loop
      vertex 26.8676 34.036 26.3451
      vertex 27.3194 35.3408 1.19048
      vertex 27.3066 35.3545 1.19047
    endloop
  endfacet
  facet normal 0.731774 0.679827 0.0484067
    outer loop
      vertex 27.3194 35.3408 1.19048
      vertex 26.8676 34.036 26.3451
      vertex 26.8867 34.0147 26.3555
    endloop
  endfacet
  facet normal 0.78358 0.619575 0.0461549
    outer loop
      vertex 26.8439 34.0669 26.3303
      vertex 27.3066 35.3545 1.19047
      vertex 27.2828 35.3846 1.19047
    endloop
  endfacet
  facet normal 0.781817 0.621791 0.046236
    outer loop
      vertex 27.3066 35.3545 1.19047
      vertex 26.8439 34.0669 26.3303
      vertex 26.8676 34.036 26.3451
    endloop
  endfacet
  facet normal 0.825753 0.562322 0.0438878
    outer loop
      vertex 26.8384 34.0754 26.3263
      vertex 27.2828 35.3846 1.19047
      vertex 27.2717 35.4009 1.19047
    endloop
  endfacet
  facet normal 0.829268 0.557141 0.0436801
    outer loop
      vertex 27.2828 35.3846 1.19047
      vertex 26.8384 34.0754 26.3263
      vertex 26.8439 34.0669 26.3303
    endloop
  endfacet
  facet normal 0.828795 0.557843 0.0437045
    outer loop
      vertex 26.8227 34.0996 26.3149
      vertex 27.2717 35.4009 1.19047
      vertex 27.2612 35.4165 1.19047
    endloop
  endfacet
  facet normal 0.828588 0.558149 0.0437166
    outer loop
      vertex 27.2717 35.4009 1.19047
      vertex 26.8227 34.0996 26.3149
      vertex 26.8384 34.0754 26.3263
    endloop
  endfacet
  facet normal 0.868131 0.494633 0.0410786
    outer loop
      vertex 26.8178 34.1085 26.3108
      vertex 27.2612 35.4165 1.19047
      vertex 27.2514 35.4337 1.19047
    endloop
  endfacet
  facet normal 0.867136 0.496369 0.0411515
    outer loop
      vertex 27.2612 35.4165 1.19047
      vertex 26.8178 34.1085 26.3108
      vertex 26.8227 34.0996 26.3149
    endloop
  endfacet
  facet normal 0.869139 0.492865 0.0410061
    outer loop
      vertex 26.8038 34.134 26.299
      vertex 27.2514 35.4337 1.19047
      vertex 27.2421 35.4501 1.19047
    endloop
  endfacet
  facet normal 0.86769 0.495403 0.0411117
    outer loop
      vertex 27.2514 35.4337 1.19047
      vertex 26.8038 34.134 26.299
      vertex 26.8178 34.1085 26.3108
    endloop
  endfacet
  facet normal 0.90553 0.422581 0.0379569
    outer loop
      vertex 26.7996 34.1434 26.2948
      vertex 27.2421 35.4501 1.19047
      vertex 27.2337 35.4681 1.19047
    endloop
  endfacet
  facet normal 0.905932 0.421721 0.0379193
    outer loop
      vertex 27.2421 35.4501 1.19047
      vertex 26.7996 34.1434 26.2948
      vertex 26.8038 34.134 26.299
    endloop
  endfacet
  facet normal 0.903079 0.427774 0.0381854
    outer loop
      vertex 26.7876 34.17 26.2827
      vertex 27.2337 35.4681 1.19047
      vertex 27.2256 35.4852 1.19047
    endloop
  endfacet
  facet normal 0.904269 0.425262 0.0380766
    outer loop
      vertex 27.2337 35.4681 1.19047
      vertex 26.7876 34.17 26.2827
      vertex 26.7996 34.1434 26.2948
    endloop
  endfacet
  facet normal 0.934941 0.353089 0.0348256
    outer loop
      vertex 26.7841 34.1798 26.2783
      vertex 27.2256 35.4852 1.19047
      vertex 27.2185 35.504 1.19047
    endloop
  endfacet
  facet normal 0.936142 0.349908 0.0346812
    outer loop
      vertex 27.2256 35.4852 1.19047
      vertex 26.7841 34.1798 26.2783
      vertex 26.7876 34.17 26.2827
    endloop
  endfacet
  facet normal 0.93533 0.352062 0.0347795
    outer loop
      vertex 26.7741 34.2075 26.2659
      vertex 27.2185 35.504 1.19047
      vertex 27.2118 35.5218 1.19047
    endloop
  endfacet
  facet normal 0.934933 0.353111 0.0348266
    outer loop
      vertex 27.2185 35.504 1.19047
      vertex 26.7741 34.2075 26.2659
      vertex 26.7841 34.1798 26.2783
    endloop
  endfacet
  facet normal 0.960302 0.277201 0.0312926
    outer loop
      vertex 26.7713 34.2176 26.2615
      vertex 27.2118 35.5218 1.19047
      vertex 27.2062 35.5412 1.19047
    endloop
  endfacet
  facet normal 0.959572 0.279704 0.03141
    outer loop
      vertex 27.2118 35.5218 1.19047
      vertex 26.7713 34.2176 26.2615
      vertex 26.7741 34.2075 26.2659
    endloop
  endfacet
  facet normal 0.959468 0.280061 0.0314267
    outer loop
      vertex 26.7634 34.2463 26.2489
      vertex 27.2062 35.5412 1.19047
      vertex 27.2008 35.5597 1.19047
    endloop
  endfacet
  facet normal 0.960063 0.278024 0.0313319
    outer loop
      vertex 27.2062 35.5412 1.19047
      vertex 26.7634 34.2463 26.2489
      vertex 26.7713 34.2176 26.2615
    endloop
  endfacet
  facet normal 0.979331 0.200375 0.027597
    outer loop
      vertex 26.7557 34.2863 26.2315
      vertex 27.2008 35.5597 1.19047
      vertex 27.1928 35.5988 1.19047
    endloop
  endfacet
  facet normal 0.9793 0.200523 0.027604
    outer loop
      vertex 27.2008 35.5597 1.19047
      vertex 26.7557 34.2863 26.2315
      vertex 26.7634 34.2463 26.2489
    endloop
  endfacet
  facet normal 0.992439 0.120442 0.0236365
    outer loop
      vertex 26.7545 34.297 26.227
      vertex 27.1928 35.5988 1.19047
      vertex 27.1903 35.6194 1.19047
    endloop
  endfacet
  facet normal 0.99234 0.121248 0.0236767
    outer loop
      vertex 27.1928 35.5988 1.19047
      vertex 26.7545 34.297 26.227
      vertex 26.7557 34.2863 26.2315
    endloop
  endfacet
  facet normal 0.992308 0.121507 0.0236905
    outer loop
      vertex 26.7511 34.3273 26.214
      vertex 27.1903 35.6194 1.19047
      vertex 27.1879 35.639 1.19047
    endloop
  endfacet
  facet normal 0.992307 0.121512 0.0236908
    outer loop
      vertex 27.1903 35.6194 1.19047
      vertex 26.7511 34.3273 26.214
      vertex 26.7545 34.297 26.227
    endloop
  endfacet
  facet normal 0.99905 0.0389873 0.0194828
    outer loop
      vertex 26.7498 34.3693 26.1964
      vertex 27.1879 35.639 1.19047
      vertex 27.1863 35.68 1.19047
    endloop
  endfacet
  facet normal 0.999046 0.0390892 0.0194879
    outer loop
      vertex 27.1879 35.639 1.19047
      vertex 26.7498 34.3693 26.1964
      vertex 26.7511 34.3273 26.214
    endloop
  endfacet
  facet normal 0.999845 0.00142932 0.0175273
    outer loop
      vertex 26.7522 34.7735 26.0276
      vertex 27.1863 35.68 1.19047
      vertex 27.1852 36.4496 1.19046
    endloop
  endfacet
  facet normal 0.999845 0.00138222 0.0175256
    outer loop
      vertex 27.1863 35.68 1.19047
      vertex 26.7522 34.7735 26.0276
      vertex 26.7498 34.3693 26.1964
    endloop
  endfacet
  facet normal 0.999846 0.00136274 0.0175237
    outer loop
      vertex 26.7862 35.9881 23.992
      vertex 27.1852 36.4496 1.19046
      vertex 27.1842 37.1833 1.19046
    endloop
  endfacet
  facet normal 0.999846 0.00137146 0.0175184
    outer loop
      vertex 26.7522 34.7735 26.0276
      vertex 26.7862 35.9881 23.992
      vertex 26.7539 35.0593 25.9082
    endloop
  endfacet
  facet normal 0.999845 0.0013809 0.0175241
    outer loop
      vertex 26.7862 35.9881 23.992
      vertex 26.7522 34.7735 26.0276
      vertex 27.1852 36.4496 1.19046
    endloop
  endfacet
  facet normal 0.999255 0.0334679 0.0191953
    outer loop
      vertex 26.7863 36.0012 23.9651
      vertex 27.1842 37.1833 1.19046
      vertex 27.1835 37.2042 1.19046
    endloop
  endfacet
  facet normal 0.999318 0.03159 0.0190989
    outer loop
      vertex 27.1842 37.1833 1.19046
      vertex 26.7863 36.0012 23.9651
      vertex 26.7862 35.9881 23.992
    endloop
  endfacet
  facet normal 0.99937 0.0299811 0.0190177
    outer loop
      vertex 26.7865 36.034 23.8974
      vertex 27.1835 37.2042 1.19046
      vertex 27.1829 37.2242 1.19046
    endloop
  endfacet
  facet normal 0.999253 0.0335337 0.0191987
    outer loop
      vertex 27.1835 37.2042 1.19046
      vertex 26.7865 36.034 23.8974
      vertex 26.7863 36.0012 23.9651
    endloop
  endfacet
  facet normal 0.992944 0.116247 0.023424
    outer loop
      vertex 26.7857 36.0468 23.8709
      vertex 27.1829 37.2242 1.19046
      vertex 27.1805 37.2447 1.19046
    endloop
  endfacet
  facet normal 0.993669 0.109949 0.0231097
    outer loop
      vertex 27.1829 37.2242 1.19046
      vertex 26.7857 36.0468 23.8709
      vertex 26.7865 36.034 23.8974
    endloop
  endfacet
  facet normal 0.992842 0.117104 0.0234671
    outer loop
      vertex 26.7835 36.0788 23.8047
      vertex 27.1805 37.2447 1.19046
      vertex 27.1782 37.2642 1.19046
    endloop
  endfacet
  facet normal 0.992882 0.116774 0.0234508
    outer loop
      vertex 27.1805 37.2447 1.19046
      vertex 26.7835 36.0788 23.8047
      vertex 26.7857 36.0468 23.8709
    endloop
  endfacet
  facet normal 0.980697 0.193625 0.0272692
    outer loop
      vertex 26.7773 36.1226 23.7142
      vertex 27.1782 37.2642 1.19046
      vertex 27.1705 37.3032 1.19046
    endloop
  endfacet
  facet normal 0.980367 0.195278 0.0273471
    outer loop
      vertex 27.1782 37.2642 1.19046
      vertex 26.7773 36.1226 23.7142
      vertex 26.7835 36.0788 23.8047
    endloop
  endfacet
  facet normal 0.961245 0.27393 0.0311376
    outer loop
      vertex 26.7747 36.1347 23.6889
      vertex 27.1705 37.3032 1.19046
      vertex 27.165 37.3225 1.19046
    endloop
  endfacet
  facet normal 0.961919 0.271568 0.0310268
    outer loop
      vertex 27.1705 37.3032 1.19046
      vertex 26.7747 36.1347 23.6889
      vertex 26.7773 36.1226 23.7142
    endloop
  endfacet
  facet normal 0.96086 0.275273 0.0311998
    outer loop
      vertex 26.7681 36.165 23.6263
      vertex 27.165 37.3225 1.19046
      vertex 27.1597 37.341 1.19046
    endloop
  endfacet
  facet normal 0.961311 0.273702 0.0311267
    outer loop
      vertex 27.165 37.3225 1.19046
      vertex 26.7681 36.165 23.6263
      vertex 26.7747 36.1347 23.6889
    endloop
  endfacet
  facet normal 0.936503 0.348944 0.0346365
    outer loop
      vertex 26.756 36.2059 23.5412
      vertex 27.1597 37.341 1.19046
      vertex 27.1461 37.3775 1.19046
    endloop
  endfacet
  facet normal 0.936436 0.349123 0.0346444
    outer loop
      vertex 27.1597 37.341 1.19046
      vertex 26.756 36.2059 23.5412
      vertex 26.7681 36.165 23.6263
    endloop
  endfacet
  facet normal 0.904613 0.424532 0.0380399
    outer loop
      vertex 26.7517 36.2173 23.5176
      vertex 27.1461 37.3775 1.19046
      vertex 27.1377 37.3954 1.19045
    endloop
  endfacet
  facet normal 0.906583 0.420326 0.0378561
    outer loop
      vertex 27.1461 37.3775 1.19046
      vertex 26.7517 36.2173 23.5176
      vertex 26.756 36.2059 23.5412
    endloop
  endfacet
  facet normal 0.908085 0.417085 0.0377135
    outer loop
      vertex 26.7411 36.2453 23.4593
      vertex 27.1377 37.3954 1.19045
      vertex 27.1298 37.4126 1.19045
    endloop
  endfacet
  facet normal 0.905854 0.421889 0.0379219
    outer loop
      vertex 27.1377 37.3954 1.19045
      vertex 26.7411 36.2453 23.4593
      vertex 26.7517 36.2173 23.5176
    endloop
  endfacet
  facet normal 0.870304 0.490811 0.0409194
    outer loop
      vertex 26.736 36.2562 23.4366
      vertex 27.1298 37.4126 1.19045
      vertex 27.1201 37.4298 1.19045
    endloop
  endfacet
  facet normal 0.869528 0.492181 0.0409769
    outer loop
      vertex 27.1298 37.4126 1.19045
      vertex 26.736 36.2562 23.4366
      vertex 26.7411 36.2453 23.4593
    endloop
  endfacet
  facet normal 0.867837 0.495146 0.0410996
    outer loop
      vertex 26.7235 36.283 23.3809
      vertex 27.1201 37.4298 1.19045
      vertex 27.1108 37.4461 1.19045
    endloop
  endfacet
  facet normal 0.870228 0.490947 0.0409253
    outer loop
      vertex 27.1201 37.4298 1.19045
      vertex 26.7235 36.283 23.3809
      vertex 26.736 36.2562 23.4366
    endloop
  endfacet
  facet normal 0.828114 0.55885 0.0437463
    outer loop
      vertex 26.7176 36.2934 23.3592
      vertex 27.1108 37.4461 1.19045
      vertex 27.0998 37.4624 1.19045
    endloop
  endfacet
  facet normal 0.826955 0.560559 0.0438146
    outer loop
      vertex 27.1108 37.4461 1.19045
      vertex 26.7176 36.2934 23.3592
      vertex 26.7235 36.283 23.3809
    endloop
  endfacet
  facet normal 0.831261 0.554174 0.0435594
    outer loop
      vertex 26.7033 36.3188 23.3062
      vertex 27.0998 37.4624 1.19045
      vertex 27.0894 37.478 1.19045
    endloop
  endfacet
  facet normal 0.828817 0.55781 0.0437036
    outer loop
      vertex 27.0998 37.4624 1.19045
      vertex 26.7033 36.3188 23.3062
      vertex 26.7176 36.2934 23.3592
    endloop
  endfacet
  facet normal 0.782573 0.620842 0.0462014
    outer loop
      vertex 26.6808 36.3525 23.2356
      vertex 27.0894 37.478 1.19045
      vertex 27.0656 37.508 1.19045
    endloop
  endfacet
  facet normal 0.783427 0.619767 0.0461624
    outer loop
      vertex 27.0894 37.478 1.19045
      vertex 26.6808 36.3525 23.2356
      vertex 26.7033 36.3188 23.3062
    endloop
  endfacet
  facet normal 0.736085 0.675168 0.0482386
    outer loop
      vertex 26.6735 36.3618 23.2163
      vertex 27.0656 37.508 1.19045
      vertex 27.0523 37.5225 1.19045
    endloop
  endfacet
  facet normal 0.734561 0.676821 0.0482975
    outer loop
      vertex 27.0656 37.508 1.19045
      vertex 26.6735 36.3618 23.2163
      vertex 26.6808 36.3525 23.2356
    endloop
  endfacet
  facet normal 0.732506 0.679039 0.0483817
    outer loop
      vertex 26.6559 36.3841 23.1695
      vertex 27.0523 37.5225 1.19045
      vertex 27.0396 37.5362 1.19045
    endloop
  endfacet
  facet normal 0.73216 0.679412 0.0483947
    outer loop
      vertex 27.0523 37.5225 1.19045
      vertex 26.6559 36.3841 23.1695
      vertex 26.6735 36.3618 23.2163
    endloop
  endfacet
  facet normal 0.680976 0.730584 0.050184
    outer loop
      vertex 27.0396 37.5362 1.19045
      vertex 26.648 36.3927 23.1515
      vertex 26.6559 36.3841 23.1695
    endloop
  endfacet
  facet normal 0.677634 0.733678 0.0502855
    outer loop
      vertex 26.648 36.3927 23.1515
      vertex 27.0396 37.5362 1.19045
      vertex 27.0252 37.5495 1.19045
    endloop
  endfacet
  facet normal 0.679178 0.732252 0.0502369
    outer loop
      vertex 27.0252 37.5495 1.19045
      vertex 26.6289 36.4134 23.108
      vertex 26.648 36.3927 23.1515
    endloop
  endfacet
  facet normal 0.678976 0.732439 0.0502429
    outer loop
      vertex 26.6289 36.4134 23.108
      vertex 27.0252 37.5495 1.19045
      vertex 27.0115 37.5622 1.19045
    endloop
  endfacet
  facet normal 0.623755 0.779904 0.0517668
    outer loop
      vertex 27.0115 37.5622 1.19045
      vertex 26.6204 36.4213 23.0914
      vertex 26.6289 36.4134 23.108
    endloop
  endfacet
  facet normal 0.620128 0.782785 0.0518522
    outer loop
      vertex 26.6204 36.4213 23.0914
      vertex 27.0115 37.5622 1.19045
      vertex 26.9961 37.5744 1.19045
    endloop
  endfacet
  facet normal 0.620508 0.782484 0.0518428
    outer loop
      vertex 26.9961 37.5744 1.19045
      vertex 26.5999 36.4402 23.0515
      vertex 26.6204 36.4213 23.0914
    endloop
  endfacet
  facet normal 0.624509 0.779301 0.0517502
    outer loop
      vertex 26.5999 36.4402 23.0515
      vertex 26.9961 37.5744 1.19045
      vertex 26.9815 37.5861 1.19045
    endloop
  endfacet
  facet normal 0.557958 0.828166 0.0531499
    outer loop
      vertex 26.9815 37.5861 1.19045
      vertex 26.5908 36.4473 23.0364
      vertex 26.5999 36.4402 23.0515
    endloop
  endfacet
  facet normal 0.556247 0.829314 0.0531791
    outer loop
      vertex 26.5908 36.4473 23.0364
      vertex 26.9815 37.5861 1.19045
      vertex 26.9651 37.5971 1.19045
    endloop
  endfacet
  facet normal 0.558682 0.827678 0.0531347
    outer loop
      vertex 26.9651 37.5971 1.19045
      vertex 26.5689 36.4644 23.0003
      vertex 26.5908 36.4473 23.0364
    endloop
  endfacet
  facet normal 0.560057 0.82675 0.0531115
    outer loop
      vertex 26.5689 36.4644 23.0003
      vertex 26.9651 37.5971 1.19045
      vertex 26.9496 37.6076 1.19045
    endloop
  endfacet
  facet normal 0.493964 0.867797 0.0541094
    outer loop
      vertex 26.9496 37.6076 1.19045
      vertex 26.5593 36.4707 22.9869
      vertex 26.5689 36.4644 23.0003
    endloop
  endfacet
  facet normal 0.494325 0.867592 0.0541051
    outer loop
      vertex 26.5593 36.4707 22.9869
      vertex 26.9496 37.6076 1.19045
      vertex 26.9324 37.6174 1.19045
    endloop
  endfacet
  facet normal 0.493589 0.86801 0.0541146
    outer loop
      vertex 26.9324 37.6174 1.19045
      vertex 26.5361 36.4859 22.9547
      vertex 26.5593 36.4707 22.9869
    endloop
  endfacet
  facet normal 0.492557 0.868595 0.0541262
    outer loop
      vertex 26.5361 36.4859 22.9547
      vertex 26.9324 37.6174 1.19045
      vertex 26.916 37.6267 1.19045
    endloop
  endfacet
  facet normal 0.427857 0.902186 0.0547575
    outer loop
      vertex 26.916 37.6267 1.19045
      vertex 26.526 36.4914 22.943
      vertex 26.5361 36.4859 22.9547
    endloop
  endfacet
  facet normal 0.42225 0.904822 0.0547946
    outer loop
      vertex 26.526 36.4914 22.943
      vertex 26.916 37.6267 1.19045
      vertex 26.898 37.6351 1.19045
    endloop
  endfacet
  facet normal 0.424178 0.903921 0.0547802
    outer loop
      vertex 26.898 37.6351 1.19045
      vertex 26.5017 36.5045 22.915
      vertex 26.526 36.4914 22.943
    endloop
  endfacet
  facet normal 0.427444 0.902382 0.0547597
    outer loop
      vertex 26.5017 36.5045 22.915
      vertex 26.898 37.6351 1.19045
      vertex 26.8809 37.6432 1.19045
    endloop
  endfacet
  facet normal 0.34611 0.936573 0.0551321
    outer loop
      vertex 26.8809 37.6432 1.19045
      vertex 26.4911 36.509 22.9051
      vertex 26.5017 36.5045 22.915
    endloop
  endfacet
  facet normal 0.350041 0.935111 0.0551263
    outer loop
      vertex 26.4911 36.509 22.9051
      vertex 26.8809 37.6432 1.19045
      vertex 26.8622 37.6502 1.19045
    endloop
  endfacet
  facet normal 0.353424 0.933838 0.0551172
    outer loop
      vertex 26.8622 37.6502 1.19045
      vertex 26.4657 36.52 22.8816
      vertex 26.4911 36.509 22.9051
    endloop
  endfacet
  facet normal 0.35174 0.934474 0.0551196
    outer loop
      vertex 26.4657 36.52 22.8816
      vertex 26.8622 37.6502 1.19045
      vertex 26.8444 37.6569 1.19045
    endloop
  endfacet
  facet normal 0.274139 0.96011 0.0551084
    outer loop
      vertex 26.8444 37.6569 1.19045
      vertex 26.4547 36.5236 22.8736
      vertex 26.4657 36.52 22.8816
    endloop
  endfacet
  facet normal 0.28014 0.958375 0.0551256
    outer loop
      vertex 26.4547 36.5236 22.8736
      vertex 26.8444 37.6569 1.19045
      vertex 26.8249 37.6626 1.19045
    endloop
  endfacet
  facet normal 0.276507 0.95943 0.055119
    outer loop
      vertex 26.8249 37.6626 1.19045
      vertex 26.4283 36.5323 22.8546
      vertex 26.4547 36.5236 22.8736
    endloop
  endfacet
  facet normal 0.276341 0.959478 0.0551185
    outer loop
      vertex 26.4283 36.5323 22.8546
      vertex 26.8249 37.6626 1.19045
      vertex 26.8065 37.6679 1.19044
    endloop
  endfacet
  facet normal 0.203181 0.977607 0.0547916
    outer loop
      vertex 26.8065 37.6679 1.19044
      vertex 26.4169 36.535 22.8487
      vertex 26.4283 36.5323 22.8546
    endloop
  endfacet
  facet normal 0.200522 0.978157 0.0547725
    outer loop
      vertex 26.4169 36.535 22.8487
      vertex 26.8065 37.6679 1.19044
      vertex 26.7865 37.672 1.19044
    endloop
  endfacet
  facet normal 0.198087 0.978654 0.054757
    outer loop
      vertex 26.7865 37.672 1.19044
      vertex 26.3897 36.5413 22.8345
      vertex 26.4169 36.535 22.8487
    endloop
  endfacet
  facet normal 0.195822 0.97911 0.0547394
    outer loop
      vertex 26.3897 36.5413 22.8345
      vertex 26.7865 37.672 1.19044
      vertex 26.7675 37.6758 1.19044
    endloop
  endfacet
  facet normal 0.125294 0.990643 0.0541128
    outer loop
      vertex 26.7675 37.6758 1.19044
      vertex 26.3779 36.543 22.8307
      vertex 26.3897 36.5413 22.8345
    endloop
  endfacet
  facet normal 0.120299 0.991265 0.0540554
    outer loop
      vertex 26.3779 36.543 22.8307
      vertex 26.7675 37.6758 1.19044
      vertex 26.7469 37.6783 1.19044
    endloop
  endfacet
  facet normal 0.119888 0.991315 0.054051
    outer loop
      vertex 26.7469 37.6783 1.19044
      vertex 26.3498 36.5469 22.8215
      vertex 26.3779 36.543 22.8307
    endloop
  endfacet
  facet normal 0.121976 0.991059 0.054076
    outer loop
      vertex 26.3498 36.5469 22.8215
      vertex 26.7469 37.6783 1.19044
      vertex 26.7274 37.6807 1.19044
    endloop
  endfacet
  facet normal 0.0392284 0.997824 0.0529861
    outer loop
      vertex 26.7274 37.6807 1.19044
      vertex 26.3089 36.5488 22.816
      vertex 26.3498 36.5469 22.8215
    endloop
  endfacet
  facet normal 0.0389399 0.997836 0.0529811
    outer loop
      vertex 26.3089 36.5488 22.816
      vertex 26.7274 37.6807 1.19044
      vertex 26.6864 37.6823 1.19044
    endloop
  endfacet
  facet normal -0.000905591 0.99863 0.0523272
    outer loop
      vertex 26.6864 37.6823 1.19044
      vertex 20.9625 36.5556 22.5937
      vertex 26.3089 36.5488 22.816
    endloop
  endfacet
  facet normal -0.000913312 0.99863 0.0523251
    outer loop
      vertex 20.9625 36.5556 22.5937
      vertex 26.6864 37.6823 1.19044
      vertex 17.4891 37.6739 1.19022
    endloop
  endfacet
  facet normal -0.00091983 0.99863 0.0523262
    outer loop
      vertex 17.4891 37.6739 1.19022
      vertex 8.31922 36.5715 22.068
      vertex 20.9625 36.5556 22.5937
    endloop
  endfacet
  facet normal -0.000910359 0.998629 0.0523303
    outer loop
      vertex 11.1181 37.6681 1.19007
      vertex 8.31922 36.5715 22.068
      vertex 17.4891 37.6739 1.19022
    endloop
  endfacet
  facet normal -0.000903746 0.998629 0.0523312
    outer loop
      vertex 8.31922 36.5715 22.068
      vertex 11.1181 37.6681 1.19007
      vertex 8.68365 37.6659 1.19001
    endloop
  endfacet
  facet normal 0.0413419 0.997737 0.0530219
    outer loop
      vertex 8.68365 37.6659 1.19001
      vertex 8.30692 36.5721 22.0663
      vertex 8.31922 36.5715 22.068
    endloop
  endfacet
  facet normal 0.0381776 0.997866 0.0529715
    outer loop
      vertex 8.30692 36.5721 22.0663
      vertex 8.68365 37.6659 1.19001
      vertex 8.66274 37.6667 1.19001
    endloop
  endfacet
  facet normal 0.0415371 0.997729 0.0530216
    outer loop
      vertex 8.66274 37.6667 1.19001
      vertex 8.27827 36.5735 22.0624
      vertex 8.30692 36.5721 22.0663
    endloop
  endfacet
  facet normal 0.0396349 0.997808 0.0529907
    outer loop
      vertex 8.27827 36.5735 22.0624
      vertex 8.66274 37.6667 1.19001
      vertex 8.6426 37.6675 1.19001
    endloop
  endfacet
  facet normal 0.119024 0.99142 0.0540416
    outer loop
      vertex 8.6426 37.6675 1.19001
      vertex 8.23836 36.579 22.0494
      vertex 8.27827 36.5735 22.0624
    endloop
  endfacet
  facet normal 0.120996 0.991179 0.0540673
    outer loop
      vertex 8.23836 36.579 22.0494
      vertex 8.6426 37.6675 1.19001
      vertex 8.60246 37.6724 1.19001
    endloop
  endfacet
  facet normal 0.198301 0.97861 0.0547578
    outer loop
      vertex 8.60246 37.6724 1.19001
      vertex 8.22672 36.5817 22.0433
      vertex 8.23836 36.579 22.0494
    endloop
  endfacet
  facet normal 0.196673 0.97894 0.0547457
    outer loop
      vertex 8.22672 36.5817 22.0433
      vertex 8.60246 37.6724 1.19001
      vertex 8.58255 37.6764 1.19001
    endloop
  endfacet
  facet normal 0.20248 0.977753 0.0547825
    outer loop
      vertex 8.58255 37.6764 1.19001
      vertex 8.19963 36.5881 22.0292
      vertex 8.22672 36.5817 22.0433
    endloop
  endfacet
  facet normal 0.203953 0.977446 0.0547935
    outer loop
      vertex 8.19963 36.5881 22.0292
      vertex 8.58255 37.6764 1.19001
      vertex 8.56338 37.6804 1.19001
    endloop
  endfacet
  facet normal 0.275473 0.959728 0.0551132
    outer loop
      vertex 8.56338 37.6804 1.19001
      vertex 8.18836 36.5918 22.0211
      vertex 8.19963 36.5881 22.0292
    endloop
  endfacet
  facet normal 0.273384 0.960325 0.0551068
    outer loop
      vertex 8.18836 36.5918 22.0211
      vertex 8.56338 37.6804 1.19001
      vertex 8.54406 37.6859 1.19001
    endloop
  endfacet
  facet normal 0.275383 0.959754 0.0551109
    outer loop
      vertex 8.54406 37.6859 1.19001
      vertex 8.16217 36.6004 22.0022
      vertex 8.18836 36.5918 22.0211
    endloop
  endfacet
  facet normal 0.278248 0.958926 0.0551203
    outer loop
      vertex 8.16217 36.6004 22.0022
      vertex 8.54406 37.6859 1.19001
      vertex 8.52545 37.6913 1.19001
    endloop
  endfacet
  facet normal 0.353522 0.933801 0.0551173
    outer loop
      vertex 8.52545 37.6913 1.19001
      vertex 8.15133 36.6051 21.9921
      vertex 8.16217 36.6004 22.0022
    endloop
  endfacet
  facet normal 0.355246 0.933147 0.0551141
    outer loop
      vertex 8.15133 36.6051 21.9921
      vertex 8.52545 37.6913 1.19001
      vertex 8.5068 37.6984 1.19001
    endloop
  endfacet
  facet normal 0.352887 0.934041 0.0551208
    outer loop
      vertex 8.5068 37.6984 1.19001
      vertex 8.12615 36.616 21.9686
      vertex 8.15133 36.6051 21.9921
    endloop
  endfacet
  facet normal 0.348991 0.935503 0.0551256
    outer loop
      vertex 8.12615 36.616 21.9686
      vertex 8.5068 37.6984 1.19001
      vertex 8.48884 37.7051 1.19001
    endloop
  endfacet
  facet normal 0.424069 0.903971 0.0547834
    outer loop
      vertex 8.48884 37.7051 1.19001
      vertex 8.11575 36.6216 21.9567
      vertex 8.12615 36.616 21.9686
    endloop
  endfacet
  facet normal 0.42792 0.902156 0.0547578
    outer loop
      vertex 8.11575 36.6216 21.9567
      vertex 8.48884 37.7051 1.19001
      vertex 8.47092 37.7136 1.19001
    endloop
  endfacet
  facet normal 0.424352 0.903839 0.0547853
    outer loop
      vertex 8.47092 37.7136 1.19001
      vertex 8.09165 36.6346 21.9289
      vertex 8.11575 36.6216 21.9567
    endloop
  endfacet
  facet normal 0.423998 0.904005 0.0547874
    outer loop
      vertex 8.09165 36.6346 21.9289
      vertex 8.47092 37.7136 1.19001
      vertex 8.45365 37.7217 1.19001
    endloop
  endfacet
  facet normal 0.49424 0.86764 0.0541073
    outer loop
      vertex 8.45365 37.7217 1.19001
      vertex 8.08175 36.6411 21.9151
      vertex 8.09165 36.6346 21.9289
    endloop
  endfacet
  facet normal 0.491997 0.868912 0.0541334
    outer loop
      vertex 8.08175 36.6411 21.9151
      vertex 8.45365 37.7217 1.19001
      vertex 8.43652 37.7314 1.19
    endloop
  endfacet
  facet normal 0.495591 0.86687 0.0540875
    outer loop
      vertex 8.43652 37.7314 1.19
      vertex 8.05883 36.6562 21.8831
      vertex 8.08175 36.6411 21.9151
    endloop
  endfacet
  facet normal 0.494506 0.867489 0.0540999
    outer loop
      vertex 8.05883 36.6562 21.8831
      vertex 8.43652 37.7314 1.19
      vertex 8.42003 37.7408 1.19
    endloop
  endfacet
  facet normal 0.556718 0.828998 0.0531684
    outer loop
      vertex 8.42003 37.7408 1.19
      vertex 8.04944 36.6635 21.8676
      vertex 8.05883 36.6562 21.8831
    endloop
  endfacet
  facet normal 0.559067 0.827419 0.0531282
    outer loop
      vertex 8.04944 36.6635 21.8676
      vertex 8.42003 37.7408 1.19
      vertex 8.40375 37.7518 1.19
    endloop
  endfacet
  facet normal 0.560416 0.826507 0.0531033
    outer loop
      vertex 8.40375 37.7518 1.19
      vertex 8.02777 36.6805 21.8317
      vertex 8.04944 36.6635 21.8676
    endloop
  endfacet
  facet normal 0.559263 0.827287 0.0531227
    outer loop
      vertex 8.02777 36.6805 21.8317
      vertex 8.40375 37.7518 1.19
      vertex 8.38807 37.7624 1.19
    endloop
  endfacet
  facet normal 0.619071 0.78362 0.051878
    outer loop
      vertex 8.38807 37.7624 1.19
      vertex 8.01895 36.6886 21.8146
      vertex 8.02777 36.6805 21.8317
    endloop
  endfacet
  facet normal 0.621616 0.781606 0.0518187
    outer loop
      vertex 8.01895 36.6886 21.8146
      vertex 8.38807 37.7624 1.19
      vertex 8.37273 37.7746 1.19
    endloop
  endfacet
  facet normal 0.621935 0.781353 0.0518108
    outer loop
      vertex 8.37273 37.7746 1.19
      vertex 7.99863 36.7074 21.775
      vertex 8.01895 36.6886 21.8146
    endloop
  endfacet
  facet normal 0.623084 0.780439 0.0517843
    outer loop
      vertex 7.99863 36.7074 21.775
      vertex 8.37273 37.7746 1.19
      vertex 8.35795 37.7864 1.19
    endloop
  endfacet
  facet normal 0.678848 0.732558 0.0502479
    outer loop
      vertex 8.35795 37.7864 1.19
      vertex 7.99041 36.7163 21.7563
      vertex 7.99863 36.7074 21.775
    endloop
  endfacet
  facet normal 0.678651 0.732739 0.0502539
    outer loop
      vertex 7.99041 36.7163 21.7563
      vertex 8.35795 37.7864 1.19
      vertex 8.34359 37.7997 1.19
    endloop
  endfacet
  facet normal 0.679761 0.731712 0.0502188
    outer loop
      vertex 8.34359 37.7997 1.19
      vertex 7.97152 36.7368 21.7133
      vertex 7.99041 36.7163 21.7563
    endloop
  endfacet
  facet normal 0.678391 0.73298 0.0502596
    outer loop
      vertex 7.97152 36.7368 21.7133
      vertex 8.34359 37.7997 1.19
      vertex 8.32976 37.8125 1.19
    endloop
  endfacet
  facet normal 0.733495 0.677974 0.0483401
    outer loop
      vertex 7.96393 36.7464 21.6931
      vertex 8.32976 37.8125 1.19
      vertex 8.31645 37.8269 1.19
    endloop
  endfacet
  facet normal 0.731445 0.680179 0.0484182
    outer loop
      vertex 8.32976 37.8125 1.19
      vertex 7.96393 36.7464 21.6931
      vertex 7.97152 36.7368 21.7133
    endloop
  endfacet
  facet normal 0.734229 0.677181 0.0483122
    outer loop
      vertex 7.94656 36.7685 21.6468
      vertex 8.31645 37.8269 1.19
      vertex 8.30363 37.8408 1.19
    endloop
  endfacet
  facet normal 0.733603 0.677857 0.0483358
    outer loop
      vertex 8.31645 37.8269 1.19
      vertex 7.94656 36.7685 21.6468
      vertex 7.96393 36.7464 21.6931
    endloop
  endfacet
  facet normal 0.783251 0.619989 0.0461685
    outer loop
      vertex 7.93964 36.7789 21.6252
      vertex 8.30363 37.8408 1.19
      vertex 8.29144 37.8562 1.19
    endloop
  endfacet
  facet normal 0.784857 0.617961 0.0460917
    outer loop
      vertex 8.30363 37.8408 1.19
      vertex 7.93964 36.7789 21.6252
      vertex 7.94656 36.7685 21.6468
    endloop
  endfacet
  facet normal 0.782608 0.620798 0.0462019
    outer loop
      vertex 7.92386 36.8024 21.5759
      vertex 8.29144 37.8562 1.19
      vertex 8.2797 37.871 1.19
    endloop
  endfacet
  facet normal 0.781711 0.621924 0.046244
    outer loop
      vertex 8.29144 37.8562 1.19
      vertex 7.92386 36.8024 21.5759
      vertex 7.93964 36.7789 21.6252
    endloop
  endfacet
  facet normal 0.827935 0.559115 0.0437577
    outer loop
      vertex 7.90357 36.8384 21.5008
      vertex 8.2797 37.871 1.19
      vertex 8.25809 37.903 1.19
    endloop
  endfacet
  facet normal 0.828558 0.558194 0.0437224
    outer loop
      vertex 8.2797 37.871 1.19
      vertex 7.90357 36.8384 21.5008
      vertex 7.92386 36.8024 21.5759
    endloop
  endfacet
  facet normal 0.869001 0.493108 0.0410151
    outer loop
      vertex 7.89812 36.85 21.4766
      vertex 8.25809 37.903 1.19
      vertex 8.24833 37.9202 1.19
    endloop
  endfacet
  facet normal 0.868644 0.493734 0.0410412
    outer loop
      vertex 8.25809 37.903 1.19
      vertex 7.89812 36.85 21.4766
      vertex 7.90357 36.8384 21.5008
    endloop
  endfacet
  facet normal 0.869666 0.491938 0.0409661
    outer loop
      vertex 7.88579 36.8763 21.4219
      vertex 8.24833 37.9202 1.19
      vertex 8.23894 37.9368 1.19
    endloop
  endfacet
  facet normal 0.869193 0.492771 0.0410006
    outer loop
      vertex 8.24833 37.9202 1.19
      vertex 7.88579 36.8763 21.4219
      vertex 7.89812 36.85 21.4766
    endloop
  endfacet
  facet normal 0.904756 0.42423 0.0380292
    outer loop
      vertex 7.88114 36.8885 21.3966
      vertex 8.23894 37.9368 1.19
      vertex 8.2305 37.9548 1.19
    endloop
  endfacet
  facet normal 0.904981 0.423752 0.0380084
    outer loop
      vertex 8.23894 37.9368 1.19
      vertex 7.88114 36.8885 21.3966
      vertex 7.88579 36.8763 21.4219
    endloop
  endfacet
  facet normal 0.904388 0.42501 0.0380624
    outer loop
      vertex 7.87066 36.916 21.3394
      vertex 8.2305 37.9548 1.19
      vertex 8.22237 37.9721 1.19
    endloop
  endfacet
  facet normal 0.904901 0.423922 0.0380155
    outer loop
      vertex 8.2305 37.9548 1.19
      vertex 7.87066 36.916 21.3394
      vertex 7.88114 36.8885 21.3966
    endloop
  endfacet
  facet normal 0.935092 0.352692 0.0348076
    outer loop
      vertex 7.85828 36.9573 21.2537
      vertex 8.22237 37.9721 1.19
      vertex 8.20849 38.0089 1.19
    endloop
  endfacet
  facet normal 0.935152 0.352533 0.0348006
    outer loop
      vertex 8.22237 37.9721 1.19
      vertex 7.85828 36.9573 21.2537
      vertex 7.87066 36.916 21.3394
    endloop
  endfacet
  facet normal 0.96017 0.277657 0.0313122
    outer loop
      vertex 7.85536 36.9705 21.2264
      vertex 8.20849 38.0089 1.19
      vertex 8.20288 38.0283 1.19
    endloop
  endfacet
  facet normal 0.960319 0.277144 0.0312882
    outer loop
      vertex 8.20849 38.0089 1.19
      vertex 7.85536 36.9705 21.2264
      vertex 7.85828 36.9573 21.2537
    endloop
  endfacet
  facet normal 0.960274 0.277298 0.0312965
    outer loop
      vertex 7.84881 37 21.1651
      vertex 8.20288 38.0283 1.19
      vertex 8.19748 38.047 1.19
    endloop
  endfacet
  facet normal 0.959989 0.278277 0.0313418
    outer loop
      vertex 8.20288 38.0283 1.19
      vertex 7.84881 37 21.1651
      vertex 7.85536 36.9705 21.2264
    endloop
  endfacet
  facet normal 0.97906 0.201686 0.0276605
    outer loop
      vertex 7.8468 37.0137 21.1368
      vertex 8.19748 38.047 1.19
      vertex 8.19336 38.067 1.19
    endloop
  endfacet
  facet normal 0.979261 0.200714 0.0276137
    outer loop
      vertex 8.19748 38.047 1.19
      vertex 7.8468 37.0137 21.1368
      vertex 7.84881 37 21.1651
    endloop
  endfacet
  facet normal 0.979219 0.200917 0.0276232
    outer loop
      vertex 7.84233 37.0441 21.0738
      vertex 8.19336 38.067 1.19
      vertex 8.1894 38.0863 1.19
    endloop
  endfacet
  facet normal 0.979149 0.201252 0.0276392
    outer loop
      vertex 8.19336 38.067 1.19
      vertex 7.84233 37.0441 21.0738
      vertex 7.8468 37.0137 21.1368
    endloop
  endfacet
  facet normal 0.992263 0.121865 0.0237074
    outer loop
      vertex 7.84129 37.0582 21.0448
      vertex 8.1894 38.0863 1.19
      vertex 8.18687 38.1069 1.19
    endloop
  endfacet
  facet normal 0.992252 0.121957 0.023712
    outer loop
      vertex 8.1894 38.0863 1.19
      vertex 7.84129 37.0582 21.0448
      vertex 7.84233 37.0441 21.0738
    endloop
  endfacet
  facet normal 0.992213 0.122273 0.0237281
    outer loop
      vertex 7.83899 37.0894 20.9802
      vertex 8.18687 38.1069 1.19
      vertex 8.18443 38.1267 1.19
    endloop
  endfacet
  facet normal 0.992213 0.122273 0.0237281
    outer loop
      vertex 8.18687 38.1069 1.19
      vertex 7.83899 37.0894 20.9802
      vertex 7.84129 37.0582 21.0448
    endloop
  endfacet
  facet normal 0.998889 0.0428095 0.0196796
    outer loop
      vertex 7.83896 37.1038 20.9504
      vertex 8.18443 38.1267 1.19
      vertex 8.18353 38.1477 1.19
    endloop
  endfacet
  facet normal 0.99889 0.0428065 0.0196794
    outer loop
      vertex 8.18443 38.1267 1.19
      vertex 7.83896 37.1038 20.9504
      vertex 7.83899 37.0894 20.9802
    endloop
  endfacet
  facet normal 0.998911 0.0423184 0.0196542
    outer loop
      vertex 7.8389 37.1357 20.8846
      vertex 8.18353 38.1477 1.19
      vertex 8.18267 38.168 1.19
    endloop
  endfacet
  facet normal 0.998906 0.0424312 0.0196599
    outer loop
      vertex 8.18353 38.1477 1.19
      vertex 7.8389 37.1357 20.8846
      vertex 7.83896 37.1038 20.9504
    endloop
  endfacet
  facet normal 0.999848 2.73549e-07 0.0174524
    outer loop
      vertex 7.85516 37.5872 19.953
      vertex 8.18267 38.168 1.19
      vertex 8.18267 38.806 1.18999
    endloop
  endfacet
  facet normal 0.999848 2.76564e-06 0.0174525
    outer loop
      vertex 8.18267 38.168 1.19
      vertex 7.85516 37.5872 19.953
      vertex 7.8389 37.1357 20.8846
    endloop
  endfacet
  facet normal 0.999848 0 0.0174523
    outer loop
      vertex 7.88943 38.5388 17.9898
      vertex 8.18267 38.806 1.18999
      vertex 8.18267 39.4194 1.18999
    endloop
  endfacet
  facet normal 0.999848 -2.63317e-06 0.0174523
    outer loop
      vertex 8.18267 38.806 1.18999
      vertex 7.88943 38.5388 17.9898
      vertex 7.85516 37.5872 19.953
    endloop
  endfacet
  facet normal 0.999116 0.0372969 0.0193946
    outer loop
      vertex 7.88947 38.5545 17.9575
      vertex 8.18267 39.4194 1.18999
      vertex 8.18189 39.4403 1.18998
    endloop
  endfacet
  facet normal 0.999113 0.0373623 0.0193979
    outer loop
      vertex 8.18267 39.4194 1.18999
      vertex 7.88947 38.5545 17.9575
      vertex 7.88943 38.5388 17.9898
    endloop
  endfacet
  facet normal 0.99909 0.0379654 0.0194292
    outer loop
      vertex 7.88954 38.5846 17.8953
      vertex 8.18189 39.4403 1.18998
      vertex 8.18113 39.4603 1.18998
    endloop
  endfacet
  facet normal 0.999096 0.0378096 0.0194213
    outer loop
      vertex 8.18189 39.4403 1.18998
      vertex 7.88954 38.5846 17.8953
      vertex 7.88947 38.5545 17.9575
    endloop
  endfacet
  facet normal 0.992636 0.118823 0.0235546
    outer loop
      vertex 7.88846 38.6 17.8635
      vertex 8.18113 39.4603 1.18998
      vertex 8.1787 39.4806 1.18998
    endloop
  endfacet
  facet normal 0.992712 0.118193 0.0235234
    outer loop
      vertex 8.18113 39.4603 1.18998
      vertex 7.88846 38.6 17.8635
      vertex 7.88954 38.5846 17.8953
    endloop
  endfacet
  facet normal 0.992734 0.118014 0.0235143
    outer loop
      vertex 7.88648 38.6297 17.7975
      vertex 8.1787 39.4806 1.18998
      vertex 8.17637 39.5002 1.18998
    endloop
  endfacet
  facet normal 0.992976 0.116159 0.0224825
    outer loop
      vertex 7.88846 38.6 17.8635
      vertex 7.88648 38.6297 17.7975
      vertex 7.88796 38.6071 17.8489
    endloop
  endfacet
  facet normal 0.992677 0.118484 0.0235374
    outer loop
      vertex 7.88648 38.6297 17.7975
      vertex 7.88846 38.6 17.8635
      vertex 8.1787 39.4806 1.18998
    endloop
  endfacet
  facet normal 0.979673 0.198705 0.0275154
    outer loop
      vertex 7.88034 38.6739 17.6972
      vertex 8.17637 39.5002 1.18998
      vertex 8.16848 39.5391 1.18998
    endloop
  endfacet
  facet normal 0.979712 0.198514 0.0275065
    outer loop
      vertex 8.17637 39.5002 1.18998
      vertex 7.88034 38.6739 17.6972
      vertex 7.88648 38.6297 17.7975
    endloop
  endfacet
  facet normal 0.960716 0.27577 0.0312242
    outer loop
      vertex 7.87718 38.6887 17.6635
      vertex 8.16848 39.5391 1.18998
      vertex 8.16294 39.5584 1.18998
    endloop
  endfacet
  facet normal 0.960579 0.276245 0.0312462
    outer loop
      vertex 8.16848 39.5391 1.18998
      vertex 7.87718 38.6887 17.6635
      vertex 7.88034 38.6739 17.6972
    endloop
  endfacet
  facet normal 0.960444 0.276712 0.031268
    outer loop
      vertex 7.87118 38.7168 17.5997
      vertex 8.16294 39.5584 1.18998
      vertex 8.15761 39.5769 1.18998
    endloop
  endfacet
  facet normal 0.960638 0.276041 0.0312371
    outer loop
      vertex 8.16294 39.5584 1.18998
      vertex 7.87118 38.7168 17.5997
      vertex 7.87718 38.6887 17.6635
    endloop
  endfacet
  facet normal 0.935806 0.350802 0.0347214
    outer loop
      vertex 7.86699 38.7312 17.5671
      vertex 8.15761 39.5769 1.18998
      vertex 8.1506 39.5956 1.18998
    endloop
  endfacet
  facet normal 0.93577 0.350898 0.0347258
    outer loop
      vertex 8.15761 39.5769 1.18998
      vertex 7.86699 38.7312 17.5671
      vertex 7.87118 38.7168 17.5997
    endloop
  endfacet
  facet normal 0.934982 0.352982 0.0348223
    outer loop
      vertex 7.85909 38.7582 17.5055
      vertex 8.1506 39.5956 1.18998
      vertex 8.14388 39.6134 1.18998
    endloop
  endfacet
  facet normal 0.934969 0.353015 0.0348237
    outer loop
      vertex 8.1506 39.5956 1.18998
      vertex 7.85909 38.7582 17.5055
      vertex 7.86699 38.7312 17.5671
    endloop
  endfacet
  facet normal 0.904621 0.424515 0.0380397
    outer loop
      vertex 7.85393 38.7721 17.474
      vertex 8.14388 39.6134 1.18998
      vertex 8.13548 39.6313 1.18998
    endloop
  endfacet
  facet normal 0.905709 0.422198 0.0379394
    outer loop
      vertex 8.14388 39.6134 1.18998
      vertex 7.85393 38.7721 17.474
      vertex 7.85909 38.7582 17.5055
    endloop
  endfacet
  facet normal 0.905058 0.423588 0.0379996
    outer loop
      vertex 7.84422 38.7981 17.4149
      vertex 8.13548 39.6313 1.18998
      vertex 8.12743 39.6485 1.18998
    endloop
  endfacet
  facet normal 0.904712 0.424323 0.0380311
    outer loop
      vertex 8.13548 39.6313 1.18998
      vertex 7.84422 38.7981 17.4149
      vertex 7.85393 38.7721 17.474
    endloop
  endfacet
  facet normal 0.869653 0.491961 0.040966
    outer loop
      vertex 7.83811 38.8114 17.3846
      vertex 8.12743 39.6485 1.18998
      vertex 8.1177 39.6657 1.18998
    endloop
  endfacet
  facet normal 0.869222 0.49272 0.0409975
    outer loop
      vertex 8.12743 39.6485 1.18998
      vertex 7.83811 38.8114 17.3846
      vertex 7.84422 38.7981 17.4149
    endloop
  endfacet
  facet normal 0.868455 0.494066 0.0410565
    outer loop
      vertex 7.82667 38.8362 17.3281
      vertex 8.1177 39.6657 1.18998
      vertex 8.10837 39.6821 1.18998
    endloop
  endfacet
  facet normal 0.868416 0.494134 0.0410593
    outer loop
      vertex 8.1177 39.6657 1.18998
      vertex 7.82667 38.8362 17.3281
      vertex 7.83811 38.8114 17.3846
    endloop
  endfacet
  facet normal 0.827965 0.559071 0.0437576
    outer loop
      vertex 7.80658 38.8724 17.2455
      vertex 8.10837 39.6821 1.18998
      vertex 8.08683 39.714 1.18998
    endloop
  endfacet
  facet normal 0.827822 0.559281 0.0437655
    outer loop
      vertex 8.10837 39.6821 1.18998
      vertex 7.80658 38.8724 17.2455
      vertex 7.82667 38.8362 17.3281
    endloop
  endfacet
  facet normal 0.782565 0.620852 0.046203
    outer loop
      vertex 7.78406 38.9066 17.1676
      vertex 8.08683 39.714 1.18998
      vertex 8.06295 39.7441 1.18998
    endloop
  endfacet
  facet normal 0.782735 0.620638 0.0461954
    outer loop
      vertex 8.08683 39.714 1.18998
      vertex 7.78406 38.9066 17.1676
      vertex 7.80658 38.8724 17.2455
    endloop
  endfacet
  facet normal 0.733241 0.678248 0.0483518
    outer loop
      vertex 7.77536 38.9178 17.142
      vertex 8.06295 39.7441 1.18998
      vertex 8.04963 39.7585 1.18998
    endloop
  endfacet
  facet normal 0.732199 0.67937 0.0483911
    outer loop
      vertex 8.06295 39.7441 1.18998
      vertex 7.77536 38.9178 17.142
      vertex 7.78406 38.9066 17.1676
    endloop
  endfacet
  facet normal 0.732843 0.678676 0.0483669
    outer loop
      vertex 7.75924 38.9386 17.0946
      vertex 8.04963 39.7585 1.18998
      vertex 8.03685 39.7723 1.18998
    endloop
  endfacet
  facet normal 0.733127 0.67837 0.0483563
    outer loop
      vertex 8.04963 39.7585 1.18998
      vertex 7.75924 38.9386 17.0946
      vertex 7.77536 38.9178 17.142
    endloop
  endfacet
  facet normal 0.677876 0.733455 0.0502789
    outer loop
      vertex 8.03685 39.7723 1.18998
      vertex 7.74976 38.949 17.0707
      vertex 7.75924 38.9386 17.0946
    endloop
  endfacet
  facet normal 0.678397 0.732974 0.0502634
    outer loop
      vertex 7.74976 38.949 17.0707
      vertex 8.03685 39.7723 1.18998
      vertex 8.02248 39.7856 1.18998
    endloop
  endfacet
  facet normal 0.680047 0.731447 0.0502113
    outer loop
      vertex 8.02248 39.7856 1.18998
      vertex 7.73225 38.9683 17.0267
      vertex 7.74976 38.949 17.0707
    endloop
  endfacet
  facet normal 0.679185 0.732246 0.0502367
    outer loop
      vertex 7.73225 38.9683 17.0267
      vertex 8.02248 39.7856 1.18998
      vertex 8.00868 39.7984 1.18998
    endloop
  endfacet
  facet normal 0.622161 0.781173 0.0518059
    outer loop
      vertex 8.00868 39.7984 1.18998
      vertex 7.72202 38.9779 17.0048
      vertex 7.73225 38.9683 17.0267
    endloop
  endfacet
  facet normal 0.620624 0.782393 0.0518413
    outer loop
      vertex 7.72202 38.9779 17.0048
      vertex 8.00868 39.7984 1.18998
      vertex 7.9933 39.8106 1.18998
    endloop
  endfacet
  facet normal 0.620453 0.782528 0.0518455
    outer loop
      vertex 7.9933 39.8106 1.18998
      vertex 7.70319 38.9955 16.9645
      vertex 7.72202 38.9779 17.0048
    endloop
  endfacet
  facet normal 0.620357 0.782604 0.0518477
    outer loop
      vertex 7.70319 38.9955 16.9645
      vertex 7.9933 39.8106 1.18998
      vertex 7.97854 39.8223 1.18998
    endloop
  endfacet
  facet normal 0.561275 0.825925 0.053087
    outer loop
      vertex 7.97854 39.8223 1.18998
      vertex 7.69227 39.0042 16.9446
      vertex 7.70319 38.9955 16.9645
    endloop
  endfacet
  facet normal 0.5616 0.825704 0.0530814
    outer loop
      vertex 7.69227 39.0042 16.9446
      vertex 7.97854 39.8223 1.18998
      vertex 7.96222 39.8334 1.18998
    endloop
  endfacet
  facet normal 0.55913 0.827376 0.0531271
    outer loop
      vertex 7.96222 39.8334 1.18998
      vertex 7.67221 39.0201 16.9081
      vertex 7.69227 39.0042 16.9446
    endloop
  endfacet
  facet normal 0.559998 0.82679 0.0531128
    outer loop
      vertex 7.67221 39.0201 16.9081
      vertex 7.96222 39.8334 1.18998
      vertex 7.94657 39.844 1.18998
    endloop
  endfacet
  facet normal 0.49423 0.867646 0.0541064
    outer loop
      vertex 7.94657 39.844 1.18998
      vertex 7.66063 39.0278 16.8904
      vertex 7.67221 39.0201 16.9081
    endloop
  endfacet
  facet normal 0.49476 0.867344 0.0541003
    outer loop
      vertex 7.66063 39.0278 16.8904
      vertex 7.94657 39.844 1.18998
      vertex 7.92939 39.8538 1.18998
    endloop
  endfacet
  facet normal 0.496995 0.866067 0.0540714
    outer loop
      vertex 7.92939 39.8538 1.18998
      vertex 7.63941 39.042 16.858
      vertex 7.66063 39.0278 16.8904
    endloop
  endfacet
  facet normal 0.494506 0.867489 0.054099
    outer loop
      vertex 7.63941 39.042 16.858
      vertex 7.92939 39.8538 1.18998
      vertex 7.9129 39.8632 1.18998
    endloop
  endfacet
  facet normal 0.420981 0.905413 0.0548033
    outer loop
      vertex 7.9129 39.8632 1.18998
      vertex 7.62722 39.0486 16.8426
      vertex 7.63941 39.042 16.858
    endloop
  endfacet
  facet normal 0.426534 0.902812 0.0547693
    outer loop
      vertex 7.62722 39.0486 16.8426
      vertex 7.9129 39.8632 1.18998
      vertex 7.89491 39.8717 1.18997
    endloop
  endfacet
  facet normal 0.428464 0.901898 0.0547542
    outer loop
      vertex 7.89491 39.8717 1.18997
      vertex 7.60492 39.0609 16.8145
      vertex 7.62722 39.0486 16.8426
    endloop
  endfacet
  facet normal 0.424199 0.903911 0.0547795
    outer loop
      vertex 7.60492 39.0609 16.8145
      vertex 7.89491 39.8717 1.18997
      vertex 7.87765 39.8798 1.18997
    endloop
  endfacet
  facet normal 0.353649 0.933753 0.0551121
    outer loop
      vertex 7.87765 39.8798 1.18997
      vertex 7.59216 39.0665 16.8015
      vertex 7.60492 39.0609 16.8145
    endloop
  endfacet
  facet normal 0.358267 0.931992 0.0551048
    outer loop
      vertex 7.59216 39.0665 16.8015
      vertex 7.87765 39.8798 1.18997
      vertex 7.85892 39.887 1.18997
    endloop
  endfacet
  facet normal 0.353169 0.933934 0.0551198
    outer loop
      vertex 7.85892 39.887 1.18997
      vertex 7.56887 39.0767 16.7779
      vertex 7.59216 39.0665 16.8015
    endloop
  endfacet
  facet normal 0.353551 0.93379 0.0551194
    outer loop
      vertex 7.56887 39.0767 16.7779
      vertex 7.85892 39.887 1.18997
      vertex 7.84096 39.8938 1.18997
    endloop
  endfacet
  facet normal 0.281255 0.958048 0.0551291
    outer loop
      vertex 7.84096 39.8938 1.18997
      vertex 7.55558 39.0812 16.7675
      vertex 7.56887 39.0767 16.7779
    endloop
  endfacet
  facet normal 0.28147 0.957985 0.0551297
    outer loop
      vertex 7.55558 39.0812 16.7675
      vertex 7.84096 39.8938 1.18997
      vertex 7.82156 39.8995 1.18997
    endloop
  endfacet
  facet normal 0.281231 0.958055 0.0551293
    outer loop
      vertex 7.82156 39.8995 1.18997
      vertex 7.53137 39.0894 16.7485
      vertex 7.55558 39.0812 16.7675
    endloop
  endfacet
  facet normal 0.278248 0.958926 0.055119
    outer loop
      vertex 7.53137 39.0894 16.7485
      vertex 7.82156 39.8995 1.18997
      vertex 7.80295 39.9049 1.18997
    endloop
  endfacet
  facet normal 0.203625 0.977515 0.0547908
    outer loop
      vertex 7.80295 39.9049 1.18997
      vertex 7.5176 39.0927 16.7408
      vertex 7.53137 39.0894 16.7485
    endloop
  endfacet
  facet normal 0.20511 0.977203 0.0548018
    outer loop
      vertex 7.5176 39.0927 16.7408
      vertex 7.80295 39.9049 1.18997
      vertex 7.78294 39.9091 1.18997
    endloop
  endfacet
  facet normal 0.203234 0.977596 0.0547904
    outer loop
      vertex 7.78294 39.9091 1.18997
      vertex 7.49254 39.0987 16.7267
      vertex 7.5176 39.0927 16.7408
    endloop
  endfacet
  facet normal 0.203648 0.97751 0.0547936
    outer loop
      vertex 7.49254 39.0987 16.7267
      vertex 7.78294 39.9091 1.18997
      vertex 7.76374 39.9131 1.18997
    endloop
  endfacet
  facet normal 0.127862 0.990313 0.0541418
    outer loop
      vertex 7.76374 39.9131 1.18997
      vertex 7.47835 39.1008 16.7218
      vertex 7.49254 39.0987 16.7267
    endloop
  endfacet
  facet normal 0.125336 0.990638 0.0541124
    outer loop
      vertex 7.47835 39.1008 16.7218
      vertex 7.76374 39.9131 1.18997
      vertex 7.74319 39.9157 1.18997
    endloop
  endfacet
  facet normal 0.123144 0.990914 0.0540895
    outer loop
      vertex 7.74319 39.9157 1.18997
      vertex 7.45253 39.1045 16.7128
      vertex 7.47835 39.1008 16.7218
    endloop
  endfacet
  facet normal 0.125647 0.990598 0.0541199
    outer loop
      vertex 7.45253 39.1045 16.7128
      vertex 7.74319 39.9157 1.18997
      vertex 7.72348 39.9182 1.18997
    endloop
  endfacet
  facet normal 0.047412 0.997462 0.0531141
    outer loop
      vertex 7.72348 39.9182 1.18997
      vertex 7.43794 39.1053 16.7108
      vertex 7.45253 39.1045 16.7128
    endloop
  endfacet
  facet normal 0.042717 0.997678 0.0530391
    outer loop
      vertex 7.43794 39.1053 16.7108
      vertex 7.72348 39.9182 1.18997
      vertex 7.70246 39.9191 1.18997
    endloop
  endfacet
  facet normal 0.0452907 0.997563 0.0530769
    outer loop
      vertex 7.70246 39.9191 1.18997
      vertex 7.41144 39.1067 16.7071
      vertex 7.43794 39.1053 16.7108
    endloop
  endfacet
  facet normal 0.0494478 0.997362 0.0531443
    outer loop
      vertex 7.41144 39.1067 16.7071
      vertex 7.70246 39.9191 1.18997
      vertex 7.68229 39.9201 1.18997
    endloop
  endfacet
  facet normal -0.000912846 0.998629 0.0523317
    outer loop
      vertex 7.68229 39.9201 1.18997
      vertex 3.14623 39.1067 16.6327
      vertex 7.41144 39.1067 16.7071
    endloop
  endfacet
  facet normal -0.000924678 0.99863 0.0523282
    outer loop
      vertex -0.969395 39.9121 1.18976
      vertex 3.14623 39.1067 16.6327
      vertex 7.68229 39.9201 1.18997
    endloop
  endfacet
  facet normal -0.000938364 0.998629 0.0523319
    outer loop
      vertex 3.14623 39.1067 16.6327
      vertex -0.969395 39.9121 1.18976
      vertex 1.37175 39.1089 16.5589
    endloop
  endfacet
  facet normal -0.000912419 0.998629 0.0523325
    outer loop
      vertex -3.34841 39.91 1.18971
      vertex -8.82252 39.1218 16.135
      vertex 1.37175 39.1089 16.5589
    endloop
  endfacet
  facet normal -0.000921007 0.998629 0.0523294
    outer loop
      vertex -9.32047 39.9045 1.18956
      vertex -8.82252 39.1218 16.135
      vertex -3.34841 39.91 1.18971
    endloop
  endfacet
  facet normal -0.000882608 0.99863 0.0523234
    outer loop
      vertex -3.34841 39.91 1.18971
      vertex 1.37175 39.1089 16.5589
      vertex -0.969395 39.9121 1.18976
    endloop
  endfacet
  facet normal -0.000916325 0.998629 0.0523292
    outer loop
      vertex -9.57762 39.1323 15.9214
      vertex -8.82252 39.1218 16.135
      vertex -9.32047 39.9045 1.18956
    endloop
  endfacet
  facet normal 0.00109693 0.998976 0.0452292
    outer loop
      vertex -8.82252 39.1218 16.135
      vertex -9.57762 39.1323 15.9214
      vertex -8.8521 39.122 16.1313
    endloop
  endfacet
  facet normal -0.0435503 0.997721 0.0515374
    outer loop
      vertex -9.32047 39.9045 1.18956
      vertex -9.59227 39.1318 15.9187
      vertex -9.57762 39.1323 15.9214
    endloop
  endfacet
  facet normal -0.0481194 0.997516 0.0514424
    outer loop
      vertex -9.59227 39.1318 15.9187
      vertex -9.32047 39.9045 1.18956
      vertex -9.3412 39.9035 1.18956
    endloop
  endfacet
  facet normal -0.0477548 0.997533 0.0514495
    outer loop
      vertex -9.3412 39.9035 1.18956
      vertex -9.61833 39.1308 15.9139
      vertex -9.59227 39.1318 15.9187
    endloop
  endfacet
  facet normal -0.0446497 0.997674 0.0515153
    outer loop
      vertex -9.61833 39.1308 15.9139
      vertex -9.3412 39.9035 1.18956
      vertex -9.36131 39.9026 1.18956
    endloop
  endfacet
  facet normal -0.131873 0.990025 0.0495919
    outer loop
      vertex -9.38158 39.8999 1.18956
      vertex -9.61833 39.1308 15.9139
      vertex -9.36131 39.9026 1.18956
    endloop
  endfacet
  facet normal -0.130918 0.990151 0.0496138
    outer loop
      vertex -9.61833 39.1308 15.9139
      vertex -9.38158 39.8999 1.18956
      vertex -9.6327 39.1289 15.9139
    endloop
  endfacet
  facet normal -0.125927 0.990792 0.0497325
    outer loop
      vertex -9.40125 39.8974 1.18956
      vertex -9.6327 39.1289 15.9139
      vertex -9.38158 39.8999 1.18956
    endloop
  endfacet
  facet normal -0.128078 0.990519 0.0496844
    outer loop
      vertex -9.6327 39.1289 15.9139
      vertex -9.40125 39.8974 1.18956
      vertex -9.65826 39.1256 15.9138
    endloop
  endfacet
  facet normal -0.207872 0.976998 0.0475829
    outer loop
      vertex -9.42099 39.8932 1.18956
      vertex -9.65826 39.1256 15.9138
      vertex -9.40125 39.8974 1.18956
    endloop
  endfacet
  facet normal -0.20713 0.977155 0.047603
    outer loop
      vertex -9.65826 39.1256 15.9138
      vertex -9.42099 39.8932 1.18956
      vertex -9.67231 39.1225 15.9163
    endloop
  endfacet
  facet normal -0.203926 0.977824 0.0476927
    outer loop
      vertex -9.44017 39.8892 1.18956
      vertex -9.67231 39.1225 15.9163
      vertex -9.42099 39.8932 1.18956
    endloop
  endfacet
  facet normal -0.20633 0.977323 0.0476287
    outer loop
      vertex -9.67231 39.1225 15.9163
      vertex -9.44017 39.8892 1.18956
      vertex -9.6973 39.117 15.9209
    endloop
  endfacet
  facet normal -0.284989 0.957464 0.0452148
    outer loop
      vertex -9.45932 39.8835 1.18956
      vertex -9.6973 39.117 15.9209
      vertex -9.44017 39.8892 1.18956
    endloop
  endfacet
  facet normal -0.284666 0.957559 0.045225
    outer loop
      vertex -9.6973 39.117 15.9209
      vertex -9.45932 39.8835 1.18956
      vertex -9.71097 39.1127 15.9259
    endloop
  endfacet
  facet normal -0.283271 0.957971 0.0452703
    outer loop
      vertex -9.47792 39.878 1.18956
      vertex -9.71097 39.1127 15.9259
      vertex -9.45932 39.8835 1.18956
    endloop
  endfacet
  facet normal -0.282554 0.958181 0.0452926
    outer loop
      vertex -9.71097 39.1127 15.9259
      vertex -9.47792 39.878 1.18956
      vertex -9.7353 39.1051 15.9349
    endloop
  endfacet
  facet normal -0.362192 0.931135 0.0424848
    outer loop
      vertex -9.49643 39.8708 1.18956
      vertex -9.7353 39.1051 15.9349
      vertex -9.47792 39.878 1.18956
    endloop
  endfacet
  facet normal -0.362709 0.930934 0.042466
    outer loop
      vertex -9.7353 39.1051 15.9349
      vertex -9.49643 39.8708 1.18956
      vertex -9.74855 39.0996 15.9423
    endloop
  endfacet
  facet normal -0.358131 0.932697 0.0426364
    outer loop
      vertex -9.5144 39.8639 1.18956
      vertex -9.74855 39.0996 15.9423
      vertex -9.49643 39.8708 1.18956
    endloop
  endfacet
  facet normal -0.355835 0.933572 0.0427182
    outer loop
      vertex -9.74855 39.0996 15.9423
      vertex -9.5144 39.8639 1.18956
      vertex -9.77214 39.09 15.9556
    endloop
  endfacet
  facet normal -0.430774 0.901585 0.0397337
    outer loop
      vertex -9.53219 39.8554 1.18956
      vertex -9.77214 39.09 15.9556
      vertex -9.5144 39.8639 1.18956
    endloop
  endfacet
  facet normal -0.434898 0.89961 0.0395643
    outer loop
      vertex -9.77214 39.09 15.9556
      vertex -9.53219 39.8554 1.18956
      vertex -9.78491 39.0834 15.9653
    endloop
  endfacet
  facet normal -0.428375 0.902722 0.0398385
    outer loop
      vertex -9.54947 39.8472 1.18956
      vertex -9.78491 39.0834 15.9653
      vertex -9.53219 39.8554 1.18956
    endloop
  endfacet
  facet normal -0.429256 0.902305 0.0398028
    outer loop
      vertex -9.78491 39.0834 15.9653
      vertex -9.54947 39.8472 1.18956
      vertex -9.80768 39.0718 15.9827
    endloop
  endfacet
  facet normal -0.499092 0.865773 0.036669
    outer loop
      vertex -9.56647 39.8374 1.18956
      vertex -9.80768 39.0718 15.9827
      vertex -9.54947 39.8472 1.18956
    endloop
  endfacet
  facet normal -0.495842 0.867632 0.0368182
    outer loop
      vertex -9.80768 39.0718 15.9827
      vertex -9.56647 39.8374 1.18956
      vertex -9.81992 39.0643 15.9946
    endloop
  endfacet
  facet normal -0.498401 0.866169 0.036698
    outer loop
      vertex -9.58298 39.8279 1.18956
      vertex -9.81992 39.0643 15.9946
      vertex -9.56647 39.8374 1.18956
    endloop
  endfacet
  facet normal -0.49898 0.865837 0.0366716
    outer loop
      vertex -9.81992 39.0643 15.9946
      vertex -9.58298 39.8279 1.18956
      vertex -9.84178 39.0508 16.0159
    endloop
  endfacet
  facet normal -0.562981 0.825792 0.0334556
    outer loop
      vertex -9.61481 39.8062 1.18956
      vertex -9.84178 39.0508 16.0159
      vertex -9.58298 39.8279 1.18956
    endloop
  endfacet
  facet normal -0.563834 0.825212 0.0334129
    outer loop
      vertex -9.84178 39.0508 16.0159
      vertex -9.61481 39.8062 1.18956
      vertex -9.87429 39.027 16.0551
    endloop
  endfacet
  facet normal -0.625364 0.779758 0.0299564
    outer loop
      vertex -9.64486 39.7821 1.18956
      vertex -9.87429 39.027 16.0551
      vertex -9.61481 39.8062 1.18956
    endloop
  endfacet
  facet normal -0.62444 0.780496 0.0300081
    outer loop
      vertex -9.87429 39.027 16.0551
      vertex -9.64486 39.7821 1.18956
      vertex -9.90513 39.0006 16.1
    endloop
  endfacet
  facet normal -0.681824 0.731039 0.0264143
    outer loop
      vertex -9.65912 39.7688 1.18956
      vertex -9.90513 39.0006 16.1
      vertex -9.64486 39.7821 1.18956
    endloop
  endfacet
  facet normal -0.681321 0.731507 0.0264467
    outer loop
      vertex -9.90513 39.0006 16.1
      vertex -9.65912 39.7688 1.18956
      vertex -9.91549 38.9903 16.118
    endloop
  endfacet
  facet normal -0.68159 0.731257 0.026429
    outer loop
      vertex -9.67296 39.7559 1.18956
      vertex -9.91549 38.9903 16.118
      vertex -9.65912 39.7688 1.18956
    endloop
  endfacet
  facet normal -0.683459 0.729514 0.0263093
    outer loop
      vertex -9.91549 38.9903 16.118
      vertex -9.67296 39.7559 1.18956
      vertex -9.9341 38.9717 16.1503
    endloop
  endfacet
  facet normal -0.734357 0.678382 0.0227407
    outer loop
      vertex -9.68617 39.7416 1.18956
      vertex -9.9341 38.9717 16.1503
      vertex -9.67296 39.7559 1.18956
    endloop
  endfacet
  facet normal -0.734022 0.678744 0.0227648
    outer loop
      vertex -9.9341 38.9717 16.1503
      vertex -9.68617 39.7416 1.18956
      vertex -9.94375 38.9606 16.1701
    endloop
  endfacet
  facet normal -0.7368 0.675735 0.0225602
    outer loop
      vertex -9.69901 39.7276 1.18955
      vertex -9.94375 38.9606 16.1701
      vertex -9.68617 39.7416 1.18956
    endloop
  endfacet
  facet normal -0.736279 0.676301 0.0225977
    outer loop
      vertex -9.94375 38.9606 16.1701
      vertex -9.69901 39.7276 1.18955
      vertex -9.96112 38.9405 16.2057
    endloop
  endfacet
  facet normal -0.784219 0.620199 0.0188202
    outer loop
      vertex -9.71111 39.7123 1.18955
      vertex -9.96112 38.9405 16.2057
      vertex -9.69901 39.7276 1.18955
    endloop
  endfacet
  facet normal -0.78467 0.619629 0.0187834
    outer loop
      vertex -9.96112 38.9405 16.2057
      vertex -9.71111 39.7123 1.18955
      vertex -9.97 38.9286 16.2273
    endloop
  endfacet
  facet normal -0.785082 0.619108 0.0187492
    outer loop
      vertex -9.72286 39.6974 1.18955
      vertex -9.97 38.9286 16.2273
      vertex -9.71111 39.7123 1.18955
    endloop
  endfacet
  facet normal -0.784998 0.619215 0.018756
    outer loop
      vertex -9.97 38.9286 16.2273
      vertex -9.72286 39.6974 1.18955
      vertex -9.98603 38.9071 16.2662
    endloop
  endfacet
  facet normal -0.830704 0.556521 0.0146718
    outer loop
      vertex -9.73378 39.6811 1.18955
      vertex -9.98603 38.9071 16.2662
      vertex -9.72286 39.6974 1.18955
    endloop
  endfacet
  facet normal -0.829465 0.558362 0.0147871
    outer loop
      vertex -9.98603 38.9071 16.2662
      vertex -9.73378 39.6811 1.18955
      vertex -9.9941 38.8945 16.2893
    endloop
  endfacet
  facet normal -0.828206 0.560226 0.0149059
    outer loop
      vertex -9.7444 39.6654 1.18955
      vertex -9.9941 38.8945 16.2893
      vertex -9.73378 39.6811 1.18955
    endloop
  endfacet
  facet normal -0.829449 0.558386 0.0147914
    outer loop
      vertex -9.9941 38.8945 16.2893
      vertex -9.7444 39.6654 1.18955
      vertex -10.0087 38.8717 16.3313
    endloop
  endfacet
  facet normal -0.87041 0.492214 0.0106078
    outer loop
      vertex -9.75407 39.6483 1.18955
      vertex -10.0087 38.8717 16.3313
      vertex -9.7444 39.6654 1.18955
    endloop
  endfacet
  facet normal -0.871033 0.491112 0.0105408
    outer loop
      vertex -10.0087 38.8717 16.3313
      vertex -9.75407 39.6483 1.18955
      vertex -10.0159 38.8584 16.356
    endloop
  endfacet
  facet normal -0.870123 0.49272 0.0106403
    outer loop
      vertex -9.76347 39.6317 1.18955
      vertex -10.0159 38.8584 16.356
      vertex -9.75407 39.6483 1.18955
    endloop
  endfacet
  facet normal -0.869134 0.49446 0.0107455
    outer loop
      vertex -10.0159 38.8584 16.356
      vertex -9.76347 39.6317 1.18955
      vertex -10.029 38.8344 16.4008
    endloop
  endfacet
  facet normal -0.905647 0.423984 0.00641409
    outer loop
      vertex -9.77185 39.6138 1.18955
      vertex -10.029 38.8344 16.4008
      vertex -9.76347 39.6317 1.18955
    endloop
  endfacet
  facet normal -0.90627 0.422651 0.00633524
    outer loop
      vertex -10.029 38.8344 16.4008
      vertex -9.77185 39.6138 1.18955
      vertex -10.0353 38.8205 16.4269
    endloop
  endfacet
  facet normal -0.905765 0.423732 0.00640022
    outer loop
      vertex -9.77999 39.5964 1.18955
      vertex -10.0353 38.8205 16.4269
      vertex -9.77185 39.6138 1.18955
    endloop
  endfacet
  facet normal -0.905041 0.425275 0.00649097
    outer loop
      vertex -10.0353 38.8205 16.4269
      vertex -9.77999 39.5964 1.18955
      vertex -10.0468 38.7953 16.4745
    endloop
  endfacet
  facet normal -0.935864 0.352355 0.00213112
    outer loop
      vertex -9.79377 39.5598 1.18955
      vertex -10.0468 38.7953 16.4745
      vertex -9.77999 39.5964 1.18955
    endloop
  endfacet
  facet normal -0.936568 0.35048 0.00202565
    outer loop
      vertex -10.0468 38.7953 16.4745
      vertex -9.79377 39.5598 1.18955
      vertex -10.0619 38.7545 16.5522
    endloop
  endfacet
  facet normal -0.960899 0.276891 -0.0022565
    outer loop
      vertex -9.80472 39.5218 1.18955
      vertex -10.0619 38.7545 16.5522
      vertex -9.79377 39.5598 1.18955
    endloop
  endfacet
  facet normal -0.960573 0.27802 -0.00219461
    outer loop
      vertex -10.0619 38.7545 16.5522
      vertex -9.80472 39.5218 1.18955
      vertex -10.0743 38.7123 16.6336
    endloop
  endfacet
  facet normal -0.979732 0.200206 -0.00660768
    outer loop
      vertex -9.81271 39.4827 1.18955
      vertex -10.0743 38.7123 16.6336
      vertex -9.80472 39.5218 1.18955
    endloop
  endfacet
  facet normal -0.979645 0.200632 -0.00658494
    outer loop
      vertex -10.0743 38.7123 16.6336
      vertex -9.81271 39.4827 1.18955
      vertex -10.0838 38.6687 16.7185
    endloop
  endfacet
  facet normal -0.992652 0.120501 -0.0110123
    outer loop
      vertex -9.81759 39.4425 1.18955
      vertex -10.0838 38.6687 16.7185
      vertex -9.81271 39.4827 1.18955
    endloop
  endfacet
  facet normal -0.99266 0.12044 -0.0110155
    outer loop
      vertex -10.0838 38.6687 16.7185
      vertex -9.81759 39.4425 1.18955
      vertex -10.0902 38.624 16.8065
    endloop
  endfacet
  facet normal -0.999068 0.040347 -0.0153251
    outer loop
      vertex -9.81843 39.4217 1.18955
      vertex -10.0902 38.624 16.8065
      vertex -9.81759 39.4425 1.18955
    endloop
  endfacet
  facet normal -0.999172 0.0376224 -0.0154661
    outer loop
      vertex -10.0902 38.624 16.8065
      vertex -9.81843 39.4217 1.18955
      vertex -10.0913 38.6079 16.8384
    endloop
  endfacet
  facet normal -0.99906 0.0405559 -0.0153116
    outer loop
      vertex -9.81925 39.4015 1.18955
      vertex -10.0913 38.6079 16.8384
      vertex -9.81843 39.4217 1.18955
    endloop
  endfacet
  facet normal -0.999083 0.0399802 -0.0153412
    outer loop
      vertex -10.0913 38.6079 16.8384
      vertex -9.81925 39.4015 1.18955
      vertex -10.0934 38.5781 16.8975
    endloop
  endfacet
  facet normal -0.999848 0.00161298 -0.0173659
    outer loop
      vertex -10.0934 38.5781 16.8975
      vertex -9.81947 39.264 1.18956
      vertex -9.82027 38.7681 1.18956
    endloop
  endfacet
  facet normal -0.999848 0.00159849 -0.0173665
    outer loop
      vertex -9.81947 39.264 1.18956
      vertex -10.0934 38.5781 16.8975
      vertex -9.81925 39.4015 1.18955
    endloop
  endfacet
  facet normal -0.999848 0.00159859 -0.017366
    outer loop
      vertex -10.0934 38.5781 16.8975
      vertex -9.82027 38.7681 1.18956
      vertex -10.1106 38.1035 17.8441
    endloop
  endfacet
  facet normal -0.999848 0.00158938 -0.0173664
    outer loop
      vertex -9.82125 38.1516 1.18956
      vertex -10.1106 38.1035 17.8441
      vertex -9.82027 38.7681 1.18956
    endloop
  endfacet
  facet normal -0.999848 0.00161123 -0.0173663
    outer loop
      vertex -10.1106 38.1035 17.8441
      vertex -9.82125 38.1516 1.18956
      vertex -10.144 37.1823 19.6816
    endloop
  endfacet
  facet normal -0.999322 0.0333107 -0.0156956
    outer loop
      vertex -9.82195 38.1306 1.18956
      vertex -10.144 37.1823 19.6816
      vertex -9.82125 38.1516 1.18956
    endloop
  endfacet
  facet normal -0.999206 0.0366824 -0.0155207
    outer loop
      vertex -10.144 37.1823 19.6816
      vertex -9.82195 38.1306 1.18956
      vertex -10.145 37.1675 19.711
    endloop
  endfacet
  facet normal -0.999322 0.0333107 -0.015698
    outer loop
      vertex -9.82263 38.1102 1.18956
      vertex -10.145 37.1675 19.711
      vertex -9.82195 38.1306 1.18956
    endloop
  endfacet
  facet normal -0.99935 0.0324155 -0.0157441
    outer loop
      vertex -10.145 37.1675 19.711
      vertex -9.82263 38.1102 1.18956
      vertex -10.147 37.1361 19.7733
    endloop
  endfacet
  facet normal -0.993366 0.114432 -0.0113406
    outer loop
      vertex -9.82498 38.0898 1.18956
      vertex -10.147 37.1361 19.7733
      vertex -9.82263 38.1102 1.18956
    endloop
  endfacet
  facet normal -0.993208 0.115802 -0.0112675
    outer loop
      vertex -10.147 37.1361 19.7733
      vertex -9.82498 38.0898 1.18956
      vertex -10.149 37.1217 19.8016
    endloop
  endfacet
  facet normal -0.993501 0.113253 -0.0114052
    outer loop
      vertex -9.82726 38.0698 1.18957
      vertex -10.149 37.1217 19.8016
      vertex -9.82498 38.0898 1.18956
    endloop
  endfacet
  facet normal -0.993421 0.11395 -0.0113683
    outer loop
      vertex -10.149 37.1217 19.8016
      vertex -9.82726 38.0698 1.18957
      vertex -10.1532 37.0911 19.8619
    endloop
  endfacet
  facet normal -0.980987 0.193951 -0.00695806
    outer loop
      vertex -9.83503 38.0305 1.18957
      vertex -10.1532 37.0911 19.8619
      vertex -9.82726 38.0698 1.18957
    endloop
  endfacet
  facet normal -0.980823 0.194777 -0.00691372
    outer loop
      vertex -10.1532 37.0911 19.8619
      vertex -9.83503 38.0305 1.18957
      vertex -10.1625 37.0473 19.9473
    endloop
  endfacet
  facet normal -0.962409 0.271591 -0.00256598
    outer loop
      vertex -9.84581 37.9923 1.18957
      vertex -10.1625 37.0473 19.9473
      vertex -9.83503 38.0305 1.18957
    endloop
  endfacet
  facet normal -0.962302 0.271973 -0.00254492
    outer loop
      vertex -10.1625 37.0473 19.9473
      vertex -9.84581 37.9923 1.18957
      vertex -10.1747 37.0049 20.0292
    endloop
  endfacet
  facet normal -0.937565 0.347806 0.00186141
    outer loop
      vertex -9.85271 37.9737 1.18957
      vertex -10.1747 37.0049 20.0292
      vertex -9.84581 37.9923 1.18957
    endloop
  endfacet
  facet normal -0.939472 0.342623 0.0015623
    outer loop
      vertex -10.1747 37.0049 20.0292
      vertex -9.85271 37.9737 1.18957
      vertex -10.1794 36.9919 20.0539
    endloop
  endfacet
  facet normal -0.93776 0.34728 0.00183431
    outer loop
      vertex -9.85945 37.9555 1.18957
      vertex -10.1794 36.9919 20.0539
      vertex -9.85271 37.9737 1.18957
    endloop
  endfacet
  facet normal -0.936883 0.349637 0.00196956
    outer loop
      vertex -10.1794 36.9919 20.0539
      vertex -9.85945 37.9555 1.18957
      vertex -10.1897 36.964 20.1072
    endloop
  endfacet
  facet normal -0.907005 0.421073 0.00623523
    outer loop
      vertex -9.86776 37.9376 1.18957
      vertex -10.1897 36.964 20.1072
      vertex -9.85945 37.9555 1.18957
    endloop
  endfacet
  facet normal -0.908298 0.41828 0.00606944
    outer loop
      vertex -10.1897 36.964 20.1072
      vertex -9.86776 37.9376 1.18957
      vertex -10.1953 36.9515 20.1306
    endloop
  endfacet
  facet normal -0.906564 0.422021 0.00629423
    outer loop
      vertex -9.87586 37.9202 1.18957
      vertex -10.1953 36.9515 20.1306
      vertex -9.86776 37.9376 1.18957
    endloop
  endfacet
  facet normal -0.906916 0.421265 0.00624964
    outer loop
      vertex -10.1953 36.9515 20.1306
      vertex -9.87586 37.9202 1.18957
      vertex -10.2074 36.9247 20.1812
    endloop
  endfacet
  facet normal -0.871503 0.490278 0.0104853
    outer loop
      vertex -9.88548 37.9031 1.18956
      vertex -10.2074 36.9247 20.1812
      vertex -9.87586 37.9202 1.18957
    endloop
  endfacet
  facet normal -0.87407 0.485692 0.0102056
    outer loop
      vertex -10.2074 36.9247 20.1812
      vertex -9.88548 37.9031 1.18956
      vertex -10.2137 36.9129 20.2032
    endloop
  endfacet
  facet normal -0.871611 0.490086 0.0104768
    outer loop
      vertex -9.89487 37.8864 1.18956
      vertex -10.2137 36.9129 20.2032
      vertex -9.88548 37.9031 1.18956
    endloop
  endfacet
  facet normal -0.870337 0.492342 0.0106137
    outer loop
      vertex -10.2137 36.9129 20.2032
      vertex -9.89487 37.8864 1.18956
      vertex -10.2276 36.8873 20.2509
    endloop
  endfacet
  facet normal -0.829839 0.557808 0.014752
    outer loop
      vertex -9.91638 37.8544 1.18956
      vertex -10.2276 36.8873 20.2509
      vertex -9.89487 37.8864 1.18956
    endloop
  endfacet
  facet normal -0.831077 0.555965 0.0146383
    outer loop
      vertex -10.2276 36.8873 20.2509
      vertex -9.91638 37.8544 1.18956
      vertex -10.2502 36.8518 20.3161
    endloop
  endfacet
  facet normal -0.784644 0.619661 0.0187876
    outer loop
      vertex -9.94023 37.8242 1.18956
      vertex -10.2502 36.8518 20.3161
      vertex -9.91638 37.8544 1.18956
    endloop
  endfacet
  facet normal -0.784037 0.620428 0.0188364
    outer loop
      vertex -10.2502 36.8518 20.3161
      vertex -9.94023 37.8242 1.18956
      vertex -10.2751 36.8185 20.3765
    endloop
  endfacet
  facet normal -0.735042 0.677641 0.0226905
    outer loop
      vertex -9.96632 37.7959 1.18956
      vertex -10.2751 36.8185 20.3765
      vertex -9.94023 37.8242 1.18956
    endloop
  endfacet
  facet normal -0.73444 0.678293 0.0227333
    outer loop
      vertex -10.2751 36.8185 20.3765
      vertex -9.96632 37.7959 1.18956
      vertex -10.3022 36.7873 20.4319
    endloop
  endfacet
  facet normal -0.678808 0.733833 0.0266156
    outer loop
      vertex -9.98059 37.7827 1.18956
      vertex -10.3022 36.7873 20.4319
      vertex -9.96632 37.7959 1.18956
    endloop
  endfacet
  facet normal -0.679386 0.733299 0.0265783
    outer loop
      vertex -10.3022 36.7873 20.4319
      vertex -9.98059 37.7827 1.18956
      vertex -10.3113 36.7783 20.4476
    endloop
  endfacet
  facet normal -0.679483 0.73321 0.026572
    outer loop
      vertex -9.99451 37.7698 1.18956
      vertex -10.3113 36.7783 20.4476
      vertex -9.98059 37.7827 1.18956
    endloop
  endfacet
  facet normal -0.679866 0.732856 0.0265475
    outer loop
      vertex -10.3113 36.7783 20.4476
      vertex -9.99451 37.7698 1.18956
      vertex -10.3313 36.7585 20.482
    endloop
  endfacet
  facet normal -0.620274 0.783801 0.0302583
    outer loop
      vertex -10.0098 37.7577 1.18956
      vertex -10.3313 36.7585 20.482
      vertex -9.99451 37.7698 1.18956
    endloop
  endfacet
  facet normal -0.62367 0.781109 0.0300623
    outer loop
      vertex -10.3313 36.7585 20.482
      vertex -10.0098 37.7577 1.18956
      vertex -10.3409 36.7503 20.4959
    endloop
  endfacet
  facet normal -0.623773 0.781027 0.0300562
    outer loop
      vertex -10.0247 37.7458 1.18956
      vertex -10.3409 36.7503 20.4959
      vertex -10.0098 37.7577 1.18956
    endloop
  endfacet
  facet normal -0.619407 0.784485 0.030306
    outer loop
      vertex -10.3409 36.7503 20.4959
      vertex -10.0247 37.7458 1.18956
      vertex -10.3622 36.7323 20.5265
    endloop
  endfacet
  facet normal -0.557923 0.829207 0.0337231
    outer loop
      vertex -10.0409 37.7349 1.18956
      vertex -10.3622 36.7323 20.5265
      vertex -10.0247 37.7458 1.18956
    endloop
  endfacet
  facet normal -0.560483 0.827484 0.0335913
    outer loop
      vertex -10.3622 36.7323 20.5265
      vertex -10.0409 37.7349 1.18956
      vertex -10.3724 36.7249 20.5386
    endloop
  endfacet
  facet normal -0.556806 0.829956 0.0337833
    outer loop
      vertex -10.0567 37.7243 1.18956
      vertex -10.3724 36.7249 20.5386
      vertex -10.0409 37.7349 1.18956
    endloop
  endfacet
  facet normal -0.557384 0.829568 0.0337538
    outer loop
      vertex -10.3724 36.7249 20.5386
      vertex -10.0567 37.7243 1.18956
      vertex -10.3949 36.7087 20.5652
    endloop
  endfacet
  facet normal -0.493061 0.86921 0.0369545
    outer loop
      vertex -10.0738 37.7146 1.18956
      vertex -10.3949 36.7087 20.5652
      vertex -10.0567 37.7243 1.18956
    endloop
  endfacet
  facet normal -0.492592 0.869475 0.036976
    outer loop
      vertex -10.3949 36.7087 20.5652
      vertex -10.0738 37.7146 1.18956
      vertex -10.4056 36.7022 20.5755
    endloop
  endfacet
  facet normal -0.492411 0.869577 0.0369844
    outer loop
      vertex -10.0904 37.7052 1.18956
      vertex -10.4056 36.7022 20.5755
      vertex -10.0738 37.7146 1.18956
    endloop
  endfacet
  facet normal -0.49182 0.86991 0.0370112
    outer loop
      vertex -10.4056 36.7022 20.5755
      vertex -10.0904 37.7052 1.18956
      vertex -10.4292 36.6879 20.598
    endloop
  endfacet
  facet normal -0.420325 0.906484 0.0401763
    outer loop
      vertex -10.1083 37.6969 1.18956
      vertex -10.4292 36.6879 20.598
      vertex -10.0904 37.7052 1.18956
    endloop
  endfacet
  facet normal -0.423238 0.905133 0.0400579
    outer loop
      vertex -10.4292 36.6879 20.598
      vertex -10.1083 37.6969 1.18956
      vertex -10.4404 36.6823 20.6062
    endloop
  endfacet
  facet normal -0.425957 0.903861 0.039945
    outer loop
      vertex -10.1257 37.6887 1.18956
      vertex -10.4404 36.6823 20.6062
      vertex -10.1083 37.6969 1.18956
    endloop
  endfacet
  facet normal -0.422984 0.905251 0.0400652
    outer loop
      vertex -10.4404 36.6823 20.6062
      vertex -10.1257 37.6887 1.18956
      vertex -10.465 36.67 20.6244
    endloop
  endfacet
  facet normal -0.348567 0.936297 0.0429917
    outer loop
      vertex -10.1625 37.675 1.18956
      vertex -10.465 36.67 20.6244
      vertex -10.1257 37.6887 1.18956
    endloop
  endfacet
  facet normal -0.347998 0.936508 0.0430115
    outer loop
      vertex -10.465 36.67 20.6244
      vertex -10.1625 37.675 1.18956
      vertex -10.5021 36.6553 20.6443
    endloop
  endfacet
  facet normal -0.273778 0.960712 0.0455757
    outer loop
      vertex -10.1818 37.6695 1.18956
      vertex -10.5021 36.6553 20.6443
      vertex -10.1625 37.675 1.18956
    endloop
  endfacet
  facet normal -0.274852 0.960407 0.0455421
    outer loop
      vertex -10.5021 36.6553 20.6443
      vertex -10.1818 37.6695 1.18956
      vertex -10.514 36.6517 20.6484
    endloop
  endfacet
  facet normal -0.271056 0.96148 0.045663
    outer loop
      vertex -10.2006 37.6642 1.18956
      vertex -10.514 36.6517 20.6484
      vertex -10.1818 37.6695 1.18956
    endloop
  endfacet
  facet normal -0.275299 0.96028 0.0455322
    outer loop
      vertex -10.514 36.6517 20.6484
      vertex -10.2006 37.6642 1.18956
      vertex -10.5404 36.6437 20.6575
    endloop
  endfacet
  facet normal -0.196837 0.979266 0.047897
    outer loop
      vertex -10.2205 37.6602 1.18956
      vertex -10.5404 36.6437 20.6575
      vertex -10.2006 37.6642 1.18956
    endloop
  endfacet
  facet normal -0.191819 0.980254 0.048031
    outer loop
      vertex -10.5404 36.6437 20.6575
      vertex -10.2205 37.6602 1.18956
      vertex -10.5527 36.6412 20.6594
    endloop
  endfacet
  facet normal -0.196862 0.979261 0.047893
    outer loop
      vertex -10.2399 37.6563 1.18956
      vertex -10.5527 36.6412 20.6594
      vertex -10.2205 37.6602 1.18956
    endloop
  endfacet
  facet normal -0.195003 0.97963 0.0479421
    outer loop
      vertex -10.5527 36.6412 20.6594
      vertex -10.2399 37.6563 1.18956
      vertex -10.5798 36.6356 20.6636
    endloop
  endfacet
  facet normal -0.119627 0.991565 0.0498833
    outer loop
      vertex -10.2399 37.6563 1.18956
      vertex -10.5924 36.6341 20.6632
      vertex -10.5798 36.6356 20.6636
    endloop
  endfacet
  facet normal -0.116695 0.991911 0.0499545
    outer loop
      vertex -10.5924 36.6341 20.6632
      vertex -10.2399 37.6563 1.18956
      vertex -10.2603 37.6539 1.18956
    endloop
  endfacet
  facet normal -0.115629 0.992034 0.0499792
    outer loop
      vertex -10.2603 37.6539 1.18956
      vertex -10.6202 36.6309 20.6624
      vertex -10.5924 36.6341 20.6632
    endloop
  endfacet
  facet normal -0.114104 0.992209 0.0500165
    outer loop
      vertex -10.6202 36.6309 20.6624
      vertex -10.2603 37.6539 1.18956
      vertex -10.2803 37.6516 1.18956
    endloop
  endfacet
  facet normal -0.0352268 0.998041 0.051699
    outer loop
      vertex -10.2803 37.6516 1.18956
      vertex -10.6613 36.6299 20.6537
      vertex -10.6202 36.6309 20.6624
    endloop
  endfacet
  facet normal -0.0362472 0.998006 0.0516772
    outer loop
      vertex -10.6613 36.6299 20.6537
      vertex -10.2803 37.6516 1.18956
      vertex -10.3216 37.6501 1.18956
    endloop
  endfacet
  facet normal -0.000905284 0.99863 0.0523267
    outer loop
      vertex -10.3216 37.6501 1.18956
      vertex -14.9412 36.6909 19.4155
      vertex -10.6613 36.6299 20.6537
    endloop
  endfacet
  facet normal -0.000910825 0.99863 0.0523253
    outer loop
      vertex -26.1316 37.6357 1.18918
      vertex -14.9412 36.6909 19.4155
      vertex -10.3216 37.6501 1.18956
    endloop
  endfacet
  facet normal -0.0009164 0.998629 0.0523287
    outer loop
      vertex -14.9412 36.6909 19.4155
      vertex -26.1316 37.6357 1.18918
      vertex -28.5699 36.8894 15.3887
    endloop
  endfacet
  facet normal -0.000912977 0.998629 0.0523293
    outer loop
      vertex -28.5699 36.8894 15.3887
      vertex -26.1316 37.6357 1.18918
      vertex -28.3221 37.6337 1.18913
    endloop
  endfacet
  facet normal -0.043804 0.99771 0.0515326
    outer loop
      vertex -28.3221 37.6337 1.18913
      vertex -28.5847 36.8889 15.3858
      vertex -28.5699 36.8894 15.3887
    endloop
  endfacet
  facet normal -0.0484224 0.997502 0.0514363
    outer loop
      vertex -28.5847 36.8889 15.3858
      vertex -28.3221 37.6337 1.18913
      vertex -28.3427 37.6327 1.18913
    endloop
  endfacet
  facet normal -0.0482701 0.997509 0.0514392
    outer loop
      vertex -28.3427 37.6327 1.18913
      vertex -28.6108 36.8879 15.3807
      vertex -28.5847 36.8889 15.3858
    endloop
  endfacet
  facet normal -0.048896 0.997479 0.0514258
    outer loop
      vertex -28.6108 36.8879 15.3807
      vertex -28.3427 37.6327 1.18913
      vertex -28.3631 37.6317 1.18913
    endloop
  endfacet
  facet normal -0.123298 0.99112 0.0497939
    outer loop
      vertex -28.3832 37.6292 1.18912
      vertex -28.6108 36.8879 15.3807
      vertex -28.3631 37.6317 1.18913
    endloop
  endfacet
  facet normal -0.124902 0.990921 0.0497578
    outer loop
      vertex -28.6108 36.8879 15.3807
      vertex -28.3832 37.6292 1.18912
      vertex -28.6252 36.8861 15.3804
    endloop
  endfacet
  facet normal -0.128756 0.990432 0.0496665
    outer loop
      vertex -28.4032 37.6266 1.18912
      vertex -28.6252 36.8861 15.3804
      vertex -28.3832 37.6292 1.18912
    endloop
  endfacet
  facet normal -0.128153 0.990509 0.04968
    outer loop
      vertex -28.6252 36.8861 15.3804
      vertex -28.4032 37.6266 1.18912
      vertex -28.6509 36.8828 15.3799
    endloop
  endfacet
  facet normal -0.204519 0.977701 0.0476756
    outer loop
      vertex -28.4228 37.6225 1.18912
      vertex -28.6509 36.8828 15.3799
      vertex -28.4032 37.6266 1.18912
    endloop
  endfacet
  facet normal -0.207396 0.977098 0.047598
    outer loop
      vertex -28.6509 36.8828 15.3799
      vertex -28.4228 37.6225 1.18912
      vertex -28.665 36.8797 15.3821
    endloop
  endfacet
  facet normal -0.206538 0.977279 0.0476221
    outer loop
      vertex -28.4422 37.6184 1.18912
      vertex -28.665 36.8797 15.3821
      vertex -28.4228 37.6225 1.18912
    endloop
  endfacet
  facet normal -0.203593 0.977893 0.0477003
    outer loop
      vertex -28.665 36.8797 15.3821
      vertex -28.4422 37.6184 1.18912
      vertex -28.69 36.8743 15.3861
    endloop
  endfacet
  facet normal -0.281061 0.958618 0.0453379
    outer loop
      vertex -28.4613 37.6128 1.18912
      vertex -28.69 36.8743 15.3861
      vertex -28.4422 37.6184 1.18912
    endloop
  endfacet
  facet normal -0.283398 0.957933 0.0452646
    outer loop
      vertex -28.69 36.8743 15.3861
      vertex -28.4613 37.6128 1.18912
      vertex -28.7038 36.87 15.3907
    endloop
  endfacet
  facet normal -0.285185 0.957406 0.0452065
    outer loop
      vertex -28.4801 37.6072 1.18912
      vertex -28.7038 36.87 15.3907
      vertex -28.4613 37.6128 1.18912
    endloop
  endfacet
  facet normal -0.284257 0.95768 0.0452354
    outer loop
      vertex -28.7038 36.87 15.3907
      vertex -28.4801 37.6072 1.18912
      vertex -28.7281 36.8624 15.3989
    endloop
  endfacet
  facet normal -0.355248 0.933794 0.0427444
    outer loop
      vertex -28.4985 37.6002 1.18912
      vertex -28.7281 36.8624 15.3989
      vertex -28.4801 37.6072 1.18912
    endloop
  endfacet
  facet normal -0.354126 0.934219 0.0427846
    outer loop
      vertex -28.7281 36.8624 15.3989
      vertex -28.4985 37.6002 1.18912
      vertex -28.7415 36.857 15.4059
    endloop
  endfacet
  facet normal -0.354175 0.9342 0.0427828
    outer loop
      vertex -28.5167 37.5933 1.18912
      vertex -28.7415 36.857 15.4059
      vertex -28.4985 37.6002 1.18912
    endloop
  endfacet
  facet normal -0.357292 0.933017 0.0426722
    outer loop
      vertex -28.7415 36.857 15.4059
      vertex -28.5167 37.5933 1.18912
      vertex -28.7651 36.8474 15.4182
    endloop
  endfacet
  facet normal -0.428404 0.902708 0.039842
    outer loop
      vertex -28.5344 37.5849 1.18912
      vertex -28.7651 36.8474 15.4182
      vertex -28.5167 37.5933 1.18912
    endloop
  endfacet
  facet normal -0.429275 0.902296 0.0398065
    outer loop
      vertex -28.7651 36.8474 15.4182
      vertex -28.5344 37.5849 1.18912
      vertex -28.7779 36.8409 15.4275
    endloop
  endfacet
  facet normal -0.42819 0.90281 0.0398519
    outer loop
      vertex -28.5519 37.5766 1.18912
      vertex -28.7779 36.8409 15.4275
      vertex -28.5344 37.5849 1.18912
    endloop
  endfacet
  facet normal -0.427102 0.903323 0.0398957
    outer loop
      vertex -28.7779 36.8409 15.4275
      vertex -28.5519 37.5766 1.18912
      vertex -28.8007 36.8294 15.4438
    endloop
  endfacet
  facet normal -0.49746 0.866708 0.0367484
    outer loop
      vertex -28.5688 37.5669 1.18912
      vertex -28.8007 36.8294 15.4438
      vertex -28.5519 37.5766 1.18912
    endloop
  endfacet
  facet normal -0.495132 0.868036 0.0368549
    outer loop
      vertex -28.8007 36.8294 15.4438
      vertex -28.5688 37.5669 1.18912
      vertex -28.813 36.8219 15.4552
    endloop
  endfacet
  facet normal -0.498038 0.866378 0.0367186
    outer loop
      vertex -28.5855 37.5573 1.18912
      vertex -28.813 36.8219 15.4552
      vertex -28.5688 37.5669 1.18912
    endloop
  endfacet
  facet normal -0.498406 0.866166 0.0367018
    outer loop
      vertex -28.813 36.8219 15.4552
      vertex -28.5855 37.5573 1.18912
      vertex -28.8348 36.8085 15.4754
    endloop
  endfacet
  facet normal -0.562136 0.826366 0.0335036
    outer loop
      vertex -28.6174 37.5356 1.18912
      vertex -28.8348 36.8085 15.4754
      vertex -28.5855 37.5573 1.18912
    endloop
  endfacet
  facet normal -0.560572 0.827425 0.0335813
    outer loop
      vertex -28.8348 36.8085 15.4754
      vertex -28.6174 37.5356 1.18912
      vertex -28.8674 36.7849 15.5127
    endloop
  endfacet
  facet normal -0.61936 0.784522 0.0303067
    outer loop
      vertex -28.6326 37.5236 1.18912
      vertex -28.8674 36.7849 15.5127
      vertex -28.6174 37.5356 1.18912
    endloop
  endfacet
  facet normal -0.62563 0.779545 0.0299473
    outer loop
      vertex -28.8674 36.7849 15.5127
      vertex -28.6326 37.5236 1.18912
      vertex -28.8785 36.7754 15.5281
    endloop
  endfacet
  facet normal -0.626962 0.778477 0.0298687
    outer loop
      vertex -28.6475 37.5116 1.18912
      vertex -28.8785 36.7754 15.5281
      vertex -28.6326 37.5236 1.18912
    endloop
  endfacet
  facet normal -0.6221 0.782357 0.0301462
    outer loop
      vertex -28.8785 36.7754 15.5281
      vertex -28.6475 37.5116 1.18912
      vertex -28.8983 36.7586 15.5555
    endloop
  endfacet
  facet normal -0.677824 0.73474 0.0266776
    outer loop
      vertex -28.6617 37.4985 1.18912
      vertex -28.8983 36.7586 15.5555
      vertex -28.6475 37.5116 1.18912
    endloop
  endfacet
  facet normal -0.680851 0.731943 0.0264837
    outer loop
      vertex -28.8983 36.7586 15.5555
      vertex -28.6617 37.4985 1.18912
      vertex -28.9087 36.7483 15.5728
    endloop
  endfacet
  facet normal -0.680212 0.732536 0.0265256
    outer loop
      vertex -28.6757 37.4855 1.18912
      vertex -28.9087 36.7483 15.5728
      vertex -28.6617 37.4985 1.18912
    endloop
  endfacet
  facet normal -0.6805 0.732268 0.0265072
    outer loop
      vertex -28.9087 36.7483 15.5728
      vertex -28.6757 37.4855 1.18912
      vertex -28.9273 36.7299 15.6036
    endloop
  endfacet
  facet normal -0.732234 0.680668 0.0228994
    outer loop
      vertex -28.6889 37.4713 1.18912
      vertex -28.9273 36.7299 15.6036
      vertex -28.6757 37.4855 1.18912
    endloop
  endfacet
  facet normal -0.733105 0.679732 0.0228368
    outer loop
      vertex -28.9273 36.7299 15.6036
      vertex -28.6889 37.4713 1.18912
      vertex -28.937 36.7188 15.6226
    endloop
  endfacet
  facet normal -0.735014 0.677672 0.0226966
    outer loop
      vertex -28.7019 37.4572 1.18912
      vertex -28.937 36.7188 15.6226
      vertex -28.6889 37.4713 1.18912
    endloop
  endfacet
  facet normal -0.732886 0.679968 0.0228487
    outer loop
      vertex -28.937 36.7188 15.6226
      vertex -28.7019 37.4572 1.18912
      vertex -28.9544 36.6989 15.6567
    endloop
  endfacet
  facet normal -0.782748 0.622051 0.0189429
    outer loop
      vertex -28.7139 37.4421 1.18912
      vertex -28.9544 36.6989 15.6567
      vertex -28.7019 37.4572 1.18912
    endloop
  endfacet
  facet normal -0.781827 0.623205 0.0190175
    outer loop
      vertex -28.9544 36.6989 15.6567
      vertex -28.7139 37.4421 1.18912
      vertex -28.9633 36.6871 15.6775
    endloop
  endfacet
  facet normal -0.78327 0.621394 0.0188983
    outer loop
      vertex -28.7258 37.4271 1.18912
      vertex -28.9633 36.6871 15.6775
      vertex -28.7139 37.4421 1.18912
    endloop
  endfacet
  facet normal -0.784833 0.619423 0.0187719
    outer loop
      vertex -28.9633 36.6871 15.6775
      vertex -28.7258 37.4271 1.18912
      vertex -28.9793 36.6657 15.7147
    endloop
  endfacet
  facet normal -0.82798 0.560558 0.0149334
    outer loop
      vertex -28.7367 37.411 1.18912
      vertex -28.9793 36.6657 15.7147
      vertex -28.7258 37.4271 1.18912
    endloop
  endfacet
  facet normal -0.826643 0.562526 0.0150567
    outer loop
      vertex -28.9793 36.6657 15.7147
      vertex -28.7367 37.411 1.18912
      vertex -28.9874 36.6532 15.737
    endloop
  endfacet
  facet normal -0.827905 0.56067 0.0149382
    outer loop
      vertex -28.7474 37.3952 1.18912
      vertex -28.9874 36.6532 15.737
      vertex -28.7367 37.411 1.18912
    endloop
  endfacet
  facet normal -0.828789 0.559364 0.0148571
    outer loop
      vertex -28.9874 36.6532 15.737
      vertex -28.7474 37.3952 1.18912
      vertex -29.002 36.6305 15.7772
    endloop
  endfacet
  facet normal -0.869457 0.493893 0.0107153
    outer loop
      vertex -28.757 37.3783 1.18912
      vertex -29.002 36.6305 15.7772
      vertex -28.7474 37.3952 1.18912
    endloop
  endfacet
  facet normal -0.866485 0.499082 0.0110312
    outer loop
      vertex -29.002 36.6305 15.7772
      vertex -28.757 37.3783 1.18912
      vertex -29.0093 36.6173 15.801
    endloop
  endfacet
  facet normal 0 0 1
    outer loop
      vertex -28.7666 37.3616 1.18912
      vertex -28.757 37.3783 1.18912
      vertex -28.7599 37.3733 1.18912
    endloop
  endfacet
  facet normal -0.86691 0.498344 0.0109854
    outer loop
      vertex -28.7666 37.3616 1.18912
      vertex -29.0093 36.6173 15.801
      vertex -28.757 37.3783 1.18912
    endloop
  endfacet
  facet normal -0.868532 0.495514 0.0108144
    outer loop
      vertex -29.0093 36.6173 15.801
      vertex -28.7666 37.3616 1.18912
      vertex -29.0224 36.5934 15.844
    endloop
  endfacet
  facet normal -0.905379 0.424556 0.00645165
    outer loop
      vertex -28.7749 37.3439 1.18912
      vertex -29.0224 36.5934 15.844
      vertex -28.7666 37.3616 1.18912
    endloop
  endfacet
  facet normal -0.905145 0.425053 0.00648106
    outer loop
      vertex -29.0224 36.5934 15.844
      vertex -28.7749 37.3439 1.18912
      vertex -29.0287 36.5796 15.8692
    endloop
  endfacet
  facet normal -0.903507 0.428521 0.00668989
    outer loop
      vertex -28.7832 37.3264 1.18912
      vertex -29.0287 36.5796 15.8692
      vertex -28.7749 37.3439 1.18912
    endloop
  endfacet
  facet normal -0.903808 0.427886 0.00665258
    outer loop
      vertex -29.0287 36.5796 15.8692
      vertex -28.7832 37.3264 1.18912
      vertex -29.0402 36.5546 15.9148
    endloop
  endfacet
  facet normal -0.934526 0.355888 0.00234292
    outer loop
      vertex -28.7971 37.2899 1.18912
      vertex -29.0402 36.5546 15.9148
      vertex -28.7832 37.3264 1.18912
    endloop
  endfacet
  facet normal -0.93483 0.355088 0.00229797
    outer loop
      vertex -29.0402 36.5546 15.9148
      vertex -28.7971 37.2899 1.18912
      vertex -29.0554 36.5141 15.9895
    endloop
  endfacet
  facet normal -0.96095 0.276713 -0.0022661
    outer loop
      vertex -28.8026 37.2708 1.18912
      vertex -29.0554 36.5141 15.9895
      vertex -28.7971 37.2899 1.18912
    endloop
  endfacet
  facet normal -0.960115 0.279598 -0.00210438
    outer loop
      vertex -29.0554 36.5141 15.9895
      vertex -28.8026 37.2708 1.18912
      vertex -29.0598 36.4992 16.0173
    endloop
  endfacet
  facet normal -0.959769 0.280783 -0.00203667
    outer loop
      vertex -28.8081 37.252 1.18912
      vertex -29.0598 36.4992 16.0173
      vertex -28.8026 37.2708 1.18912
    endloop
  endfacet
  facet normal -0.960143 0.279501 -0.00210813
    outer loop
      vertex -29.0598 36.4992 16.0173
      vertex -28.8081 37.252 1.18912
      vertex -29.0678 36.4721 16.0679
    endloop
  endfacet
  facet normal -0.978794 0.204748 -0.006352
    outer loop
      vertex -28.8122 37.2324 1.18912
      vertex -29.0678 36.4721 16.0679
      vertex -28.8081 37.252 1.18912
    endloop
  endfacet
  facet normal -0.978314 0.207035 -0.00622687
    outer loop
      vertex -29.0678 36.4721 16.0679
      vertex -28.8122 37.2324 1.18912
      vertex -29.0712 36.4569 16.0967
    endloop
  endfacet
  facet normal -0.979378 0.201934 -0.00651074
    outer loop
      vertex -28.8162 37.213 1.18912
      vertex -29.0712 36.4569 16.0967
      vertex -28.8122 37.2324 1.18912
    endloop
  endfacet
  facet normal -0.978795 0.204743 -0.00635826
    outer loop
      vertex -29.0712 36.4569 16.0967
      vertex -28.8162 37.213 1.18912
      vertex -29.0774 36.4289 16.1495
    endloop
  endfacet
  facet normal -0.992295 0.12342 -0.0108563
    outer loop
      vertex -28.8187 37.1929 1.18912
      vertex -29.0774 36.4289 16.1495
      vertex -28.8162 37.213 1.18912
    endloop
  endfacet
  facet normal -0.992962 0.117908 -0.0111493
    outer loop
      vertex -29.0774 36.4289 16.1495
      vertex -28.8187 37.1929 1.18912
      vertex -29.0796 36.4132 16.1794
    endloop
  endfacet
  facet normal -0.992143 0.124641 -0.0107848
    outer loop
      vertex -28.8212 37.173 1.18912
      vertex -29.0796 36.4132 16.1794
      vertex -28.8187 37.1929 1.18912
    endloop
  endfacet
  facet normal -0.991739 0.127835 -0.0106159
    outer loop
      vertex -29.0796 36.4132 16.1794
      vertex -28.8212 37.173 1.18912
      vertex -29.0839 36.3844 16.2343
    endloop
  endfacet
  facet normal -0.998923 0.0438552 -0.0151433
    outer loop
      vertex -28.8221 37.1525 1.18912
      vertex -29.0839 36.3844 16.2343
      vertex -28.8212 37.173 1.18912
    endloop
  endfacet
  facet normal -0.999118 0.0390609 -0.0153914
    outer loop
      vertex -29.0839 36.3844 16.2343
      vertex -28.8221 37.1525 1.18912
      vertex -29.085 36.3684 16.2651
    endloop
  endfacet
  facet normal -0.998914 0.0440697 -0.0151273
    outer loop
      vertex -28.823 37.1321 1.18912
      vertex -29.085 36.3684 16.2651
      vertex -28.8221 37.1525 1.18912
    endloop
  endfacet
  facet normal -0.998853 0.0454498 -0.0150564
    outer loop
      vertex -29.085 36.3684 16.2651
      vertex -28.823 37.1321 1.18912
      vertex -29.0872 36.3389 16.322
    endloop
  endfacet
  facet normal -0.999848 -9.27081e-08 -0.017456
    outer loop
      vertex -28.823 35.2492 1.18913
      vertex -29.0872 36.3389 16.322
      vertex -28.823 37.1321 1.18912
    endloop
  endfacet
  facet normal -0.999848 -3.20477e-05 -0.0174537
    outer loop
      vertex -28.823 35.2492 1.18913
      vertex -29.1322 35.0071 18.9023
      vertex -29.0872 36.3389 16.322
    endloop
  endfacet
  facet normal -0.999848 0.000564789 -0.0174456
    outer loop
      vertex -29.1322 35.0071 18.9023
      vertex -28.823 35.2492 1.18913
      vertex -29.1329 34.9849 18.9417
    endloop
  endfacet
  facet normal -0.999848 -1.86544e-07 -0.017454
    outer loop
      vertex -28.823 33.3779 1.18915
      vertex -29.1329 34.9849 18.9417
      vertex -28.823 35.2492 1.18913
    endloop
  endfacet
  facet normal -0.999848 -2.63823e-07 -0.017454
    outer loop
      vertex -29.197 32.2549 22.6137
      vertex -29.1329 34.9849 18.9417
      vertex -28.823 33.3779 1.18915
    endloop
  endfacet
  facet normal -0.999847 -2.16747e-05 -0.0174699
    outer loop
      vertex -29.1329 34.9849 18.9417
      vertex -29.197 32.2549 22.6137
      vertex -29.1908 33.1073 22.2578
    endloop
  endfacet
  facet normal -0.999135 0.0386139 -0.0154175
    outer loop
      vertex -28.8238 33.3572 1.18915
      vertex -29.197 32.2549 22.6137
      vertex -28.823 33.3779 1.18915
    endloop
  endfacet
  facet normal -0.999271 0.0348401 -0.015614
    outer loop
      vertex -29.197 32.2549 22.6137
      vertex -28.8238 33.3572 1.18915
      vertex -29.1975 32.2428 22.6187
    endloop
  endfacet
  facet normal -0.999135 0.0386139 -0.0154154
    outer loop
      vertex -28.8246 33.3365 1.18915
      vertex -29.1975 32.2428 22.6187
      vertex -28.8238 33.3572 1.18915
    endloop
  endfacet
  facet normal -0.99921 0.0365885 -0.0155201
    outer loop
      vertex -29.1975 32.2428 22.6187
      vertex -28.8246 33.3365 1.18915
      vertex -29.1988 32.2126 22.6312
    endloop
  endfacet
  facet normal -0.993022 0.117402 -0.0111762
    outer loop
      vertex -28.827 33.3162 1.18915
      vertex -29.1988 32.2126 22.6312
      vertex -28.8246 33.3365 1.18915
    endloop
  endfacet
  facet normal -0.992516 0.12162 -0.0109503
    outer loop
      vertex -29.1988 32.2126 22.6312
      vertex -28.827 33.3162 1.18915
      vertex -29.2003 32.2008 22.6361
    endloop
  endfacet
  facet normal -0.993515 0.113123 -0.0114096
    outer loop
      vertex -28.8293 33.296 1.18915
      vertex -29.2003 32.2008 22.6361
      vertex -28.827 33.3162 1.18915
    endloop
  endfacet
  facet normal -0.993112 0.116628 -0.0112237
    outer loop
      vertex -29.2003 32.2008 22.6361
      vertex -28.8293 33.296 1.18915
      vertex -29.2039 32.1713 22.6481
    endloop
  endfacet
  facet normal -0.980366 0.197071 -0.00678501
    outer loop
      vertex -28.8372 33.2567 1.18915
      vertex -29.2039 32.1713 22.6481
      vertex -28.8293 33.296 1.18915
    endloop
  endfacet
  facet normal -0.980429 0.196757 -0.00680195
    outer loop
      vertex -29.2039 32.1713 22.6481
      vertex -28.8372 33.2567 1.18915
      vertex -29.2121 32.131 22.6643
    endloop
  endfacet
  facet normal -0.961616 0.274388 -0.00240424
    outer loop
      vertex -28.8481 33.2185 1.18915
      vertex -29.2121 32.131 22.6643
      vertex -28.8372 33.2567 1.18915
    endloop
  endfacet
  facet normal -0.96187 0.273495 -0.00245374
    outer loop
      vertex -29.2121 32.131 22.6643
      vertex -28.8481 33.2185 1.18915
      vertex -29.2232 32.0921 22.6797
    endloop
  endfacet
  facet normal -0.936327 0.351123 0.00206083
    outer loop
      vertex -28.855 33.2001 1.18915
      vertex -29.2232 32.0921 22.6797
      vertex -28.8481 33.2185 1.18915
    endloop
  endfacet
  facet normal -0.937515 0.34794 0.00187639
    outer loop
      vertex -29.2232 32.0921 22.6797
      vertex -28.855 33.2001 1.18915
      vertex -29.2272 32.0813 22.6838
    endloop
  endfacet
  facet normal -0.937993 0.34665 0.00180094
    outer loop
      vertex -28.8618 33.1817 1.18915
      vertex -29.2272 32.0813 22.6838
      vertex -28.855 33.2001 1.18915
    endloop
  endfacet
  facet normal -0.936643 0.350281 0.0020098
    outer loop
      vertex -29.2272 32.0813 22.6838
      vertex -28.8618 33.1817 1.18915
      vertex -29.2372 32.0545 22.6943
    endloop
  endfacet
  facet normal -0.906295 0.422598 0.00633009
    outer loop
      vertex -28.8701 33.1639 1.18915
      vertex -29.2372 32.0545 22.6943
      vertex -28.8618 33.1817 1.18915
    endloop
  endfacet
  facet normal -0.908885 0.417005 0.00599732
    outer loop
      vertex -29.2372 32.0545 22.6943
      vertex -28.8701 33.1639 1.18915
      vertex -29.2419 32.0442 22.6982
    endloop
  endfacet
  facet normal -0.906428 0.422313 0.00631613
    outer loop
      vertex -28.8783 33.1463 1.18915
      vertex -29.2419 32.0442 22.6982
      vertex -28.8701 33.1639 1.18915
    endloop
  endfacet
  facet normal -0.906402 0.42237 0.00631949
    outer loop
      vertex -29.2419 32.0442 22.6982
      vertex -28.8783 33.1463 1.18915
      vertex -29.2539 32.0183 22.7081
    endloop
  endfacet
  facet normal -0.872897 0.487795 0.0103338
    outer loop
      vertex -28.8878 33.1293 1.18915
      vertex -29.2539 32.0183 22.7081
      vertex -28.8783 33.1463 1.18915
    endloop
  endfacet
  facet normal -0.870332 0.49235 0.0106126
    outer loop
      vertex -29.2539 32.0183 22.7081
      vertex -28.8878 33.1293 1.18915
      vertex -29.2594 32.0085 22.7117
    endloop
  endfacet
  facet normal -0.870417 0.4922 0.0106033
    outer loop
      vertex -28.8973 33.1125 1.18915
      vertex -29.2594 32.0085 22.7117
      vertex -28.8878 33.1293 1.18915
    endloop
  endfacet
  facet normal -0.870396 0.492237 0.0106056
    outer loop
      vertex -29.2594 32.0085 22.7117
      vertex -28.8973 33.1125 1.18915
      vertex -29.2732 31.9839 22.7209
    endloop
  endfacet
  facet normal -0.830764 0.556431 0.0146622
    outer loop
      vertex -28.9188 33.0804 1.18915
      vertex -29.2732 31.9839 22.7209
      vertex -28.8973 33.1125 1.18915
    endloop
  endfacet
  facet normal -0.831446 0.555414 0.0145992
    outer loop
      vertex -29.2732 31.9839 22.7209
      vertex -28.9188 33.0804 1.18915
      vertex -29.2949 31.9511 22.7329
    endloop
  endfacet
  facet normal -0.784744 0.619535 0.0187757
    outer loop
      vertex -28.9308 33.0652 1.18915
      vertex -29.2949 31.9511 22.7329
      vertex -28.9188 33.0804 1.18915
    endloop
  endfacet
  facet normal -0.787984 0.615417 0.018508
    outer loop
      vertex -29.2949 31.9511 22.7329
      vertex -28.9308 33.0652 1.18915
      vertex -29.3017 31.9423 22.736
    endloop
  endfacet
  facet normal -0.785277 0.618861 0.018734
    outer loop
      vertex -28.9427 33.0501 1.18915
      vertex -29.3017 31.9423 22.736
      vertex -28.9308 33.0652 1.18915
    endloop
  endfacet
  facet normal -0.78438 0.619996 0.0188073
    outer loop
      vertex -29.3017 31.9423 22.736
      vertex -28.9427 33.0501 1.18915
      vertex -29.3189 31.9203 22.7439
    endloop
  endfacet
  facet normal -0.737398 0.675083 0.0225147
    outer loop
      vertex -28.9557 33.0359 1.18915
      vertex -29.3189 31.9203 22.7439
      vertex -28.9427 33.0501 1.18915
    endloop
  endfacet
  facet normal -0.733824 0.678958 0.0227755
    outer loop
      vertex -29.3189 31.9203 22.7439
      vertex -28.9557 33.0359 1.18915
      vertex -29.3264 31.9121 22.7467
    endloop
  endfacet
  facet normal -0.735014 0.677672 0.022688
    outer loop
      vertex -28.9687 33.0218 1.18915
      vertex -29.3264 31.9121 22.7467
      vertex -28.9557 33.0359 1.18915
    endloop
  endfacet
  facet normal -0.738012 0.674414 0.0224705
    outer loop
      vertex -29.3264 31.9121 22.7467
      vertex -28.9687 33.0218 1.18915
      vertex -29.3451 31.8914 22.7538
    endloop
  endfacet
  facet normal -0.680411 0.732351 0.026513
    outer loop
      vertex -28.9828 33.0087 1.18915
      vertex -29.3451 31.8914 22.7538
      vertex -28.9687 33.0218 1.18915
    endloop
  endfacet
  facet normal -0.674683 0.737618 0.0268821
    outer loop
      vertex -29.3451 31.8914 22.7538
      vertex -28.9828 33.0087 1.18915
      vertex -29.3532 31.8839 22.7563
    endloop
  endfacet
  facet normal -0.680411 0.732351 0.026509
    outer loop
      vertex -28.9969 32.9956 1.18915
      vertex -29.3532 31.8839 22.7563
      vertex -28.9828 33.0087 1.18915
    endloop
  endfacet
  facet normal -0.682381 0.73052 0.0263821
    outer loop
      vertex -29.3532 31.8839 22.7563
      vertex -28.9969 32.9956 1.18915
      vertex -29.3734 31.8648 22.7627
    endloop
  endfacet
  facet normal -0.627575 0.777985 0.0298265
    outer loop
      vertex -29.0119 32.9835 1.18915
      vertex -29.3734 31.8648 22.7627
      vertex -28.9969 32.9956 1.18915
    endloop
  endfacet
  facet normal -0.626378 0.778946 0.0298964
    outer loop
      vertex -29.3734 31.8648 22.7627
      vertex -29.0119 32.9835 1.18915
      vertex -29.382 31.8578 22.7649
    endloop
  endfacet
  facet normal -0.618684 0.785053 0.030347
    outer loop
      vertex -29.027 32.9716 1.18915
      vertex -29.382 31.8578 22.7649
      vertex -29.0119 32.9835 1.18915
    endloop
  endfacet
  facet normal -0.620524 0.783604 0.0302419
    outer loop
      vertex -29.382 31.8578 22.7649
      vertex -29.027 32.9716 1.18915
      vertex -29.4037 31.8404 22.7705
    endloop
  endfacet
  facet normal -0.562136 0.826366 0.0335025
    outer loop
      vertex -29.0589 32.9499 1.18915
      vertex -29.4037 31.8404 22.7705
      vertex -29.027 32.9716 1.18915
    endloop
  endfacet
  facet normal -0.561504 0.826794 0.0335346
    outer loop
      vertex -29.4037 31.8404 22.7705
      vertex -29.0589 32.9499 1.18915
      vertex -29.4357 31.8184 22.7771
    endloop
  endfacet
  facet normal -0.495802 0.867654 0.036823
    outer loop
      vertex -29.0757 32.9403 1.18915
      vertex -29.4357 31.8184 22.7771
      vertex -29.0589 32.9499 1.18915
    endloop
  endfacet
  facet normal -0.502906 0.86357 0.0364923
    outer loop
      vertex -29.4357 31.8184 22.7771
      vertex -29.0757 32.9403 1.18915
      vertex -29.4452 31.8128 22.7787
    endloop
  endfacet
  facet normal -0.498037 0.866378 0.0367222
    outer loop
      vertex -29.0924 32.9307 1.18915
      vertex -29.4452 31.8128 22.7787
      vertex -29.0757 32.9403 1.18915
    endloop
  endfacet
  facet normal -0.493244 0.869106 0.0369418
    outer loop
      vertex -29.4452 31.8128 22.7787
      vertex -29.0924 32.9307 1.18915
      vertex -29.4694 31.7989 22.7826
    endloop
  endfacet
  facet normal -0.426218 0.903739 0.0399273
    outer loop
      vertex -29.11 32.9224 1.18914
      vertex -29.4694 31.7989 22.7826
      vertex -29.0924 32.9307 1.18915
    endloop
  endfacet
  facet normal -0.428499 0.902664 0.0398334
    outer loop
      vertex -29.4694 31.7989 22.7826
      vertex -29.11 32.9224 1.18914
      vertex -29.4794 31.7941 22.7838
    endloop
  endfacet
  facet normal -0.426199 0.903748 0.0399293
    outer loop
      vertex -29.1276 32.9141 1.18914
      vertex -29.4794 31.7941 22.7838
      vertex -29.11 32.9224 1.18914
    endloop
  endfacet
  facet normal -0.42571 0.903978 0.0399492
    outer loop
      vertex -29.4794 31.7941 22.7838
      vertex -29.1276 32.9141 1.18914
      vertex -29.5046 31.7821 22.7868
    endloop
  endfacet
  facet normal -0.35248 0.934838 0.042845
    outer loop
      vertex -29.1642 32.9003 1.18914
      vertex -29.5046 31.7821 22.7868
      vertex -29.1276 32.9141 1.18914
    endloop
  endfacet
  facet normal -0.353982 0.934273 0.0427921
    outer loop
      vertex -29.5046 31.7821 22.7868
      vertex -29.1642 32.9003 1.18914
      vertex -29.5412 31.7681 22.7897
    endloop
  endfacet
  facet normal -0.279127 0.95918 0.0454041
    outer loop
      vertex -29.1831 32.8948 1.18914
      vertex -29.5412 31.7681 22.7897
      vertex -29.1642 32.9003 1.18914
    endloop
  endfacet
  facet normal -0.281867 0.958383 0.045317
    outer loop
      vertex -29.5412 31.7681 22.7897
      vertex -29.1831 32.8948 1.18914
      vertex -29.552 31.7649 22.7902
    endloop
  endfacet
  facet normal -0.279127 0.95918 0.0454055
    outer loop
      vertex -29.202 32.8893 1.18914
      vertex -29.552 31.7649 22.7902
      vertex -29.1831 32.8948 1.18914
    endloop
  endfacet
  facet normal -0.277874 0.959542 0.0454447
    outer loop
      vertex -29.552 31.7649 22.7902
      vertex -29.202 32.8893 1.18914
      vertex -29.5791 31.757 22.7913
    endloop
  endfacet
  facet normal -0.199731 0.978684 0.0478121
    outer loop
      vertex -29.2216 32.8853 1.18914
      vertex -29.5791 31.757 22.7913
      vertex -29.202 32.8893 1.18914
    endloop
  endfacet
  facet normal -0.202253 0.978169 0.0477435
    outer loop
      vertex -29.5791 31.757 22.7913
      vertex -29.2216 32.8853 1.18914
      vertex -29.5902 31.7547 22.7914
    endloop
  endfacet
  facet normal -0.205524 0.977491 0.0476522
    outer loop
      vertex -29.2411 32.8812 1.18914
      vertex -29.5902 31.7547 22.7914
      vertex -29.2216 32.8853 1.18914
    endloop
  endfacet
  facet normal -0.202279 0.978164 0.0477397
    outer loop
      vertex -29.5902 31.7547 22.7914
      vertex -29.2411 32.8812 1.18914
      vertex -29.6182 31.7489 22.7916
    endloop
  endfacet
  facet normal -0.120176 0.991499 0.0498719
    outer loop
      vertex -29.2411 32.8812 1.18914
      vertex -29.6583 31.7441 22.7904
      vertex -29.6182 31.7489 22.7916
    endloop
  endfacet
  facet normal -0.121142 0.991383 0.0498471
    outer loop
      vertex -29.6583 31.7441 22.7904
      vertex -29.2411 32.8812 1.18914
      vertex -29.2812 32.8763 1.18914
    endloop
  endfacet
  facet normal -0.0461071 0.997609 0.0514834
    outer loop
      vertex -29.2812 32.8763 1.18914
      vertex -29.6699 31.7436 22.7897
      vertex -29.6583 31.7441 22.7904
    endloop
  endfacet
  facet normal -0.0389427 0.997907 0.0516279
    outer loop
      vertex -29.6699 31.7436 22.7897
      vertex -29.2812 32.8763 1.18914
      vertex -29.3017 32.8755 1.18914
    endloop
  endfacet
  facet normal -0.0408069 0.997834 0.0515923
    outer loop
      vertex -29.3017 32.8755 1.18914
      vertex -29.6992 31.7425 22.7878
      vertex -29.6699 31.7436 22.7897
    endloop
  endfacet
  facet normal -0.0438019 0.99771 0.0515307
    outer loop
      vertex -29.6992 31.7425 22.7878
      vertex -29.3017 32.8755 1.18914
      vertex -29.3222 32.8746 1.18914
    endloop
  endfacet
  facet normal -0.000912955 0.99863 0.0523275
    outer loop
      vertex -29.3222 32.8746 1.18914
      vertex -39.2432 31.7744 22.0125
      vertex -29.6992 31.7425 22.7878
    endloop
  endfacet
  facet normal -0.000913276 0.99863 0.0523274
    outer loop
      vertex -66.0035 32.8411 1.18826
      vertex -39.2432 31.7744 22.0125
      vertex -29.3222 32.8746 1.18914
    endloop
  endfacet
  facet normal -0.000914425 0.998629 0.0523288
    outer loop
      vertex -39.2432 31.7744 22.0125
      vertex -66.0035 32.8411 1.18826
      vertex -65.7795 32.1457 14.463
    endloop
  endfacet
  facet normal -0.000886235 0.99863 0.0523284
    outer loop
      vertex -66.5512 32.1699 13.9881
      vertex -65.7795 32.1457 14.463
      vertex -66.0035 32.8411 1.18826
    endloop
  endfacet
  facet normal 0.00441174 0.99909 0.0424206
    outer loop
      vertex -65.7795 32.1457 14.463
      vertex -65.8428 32.1473 14.4319
      vertex -65.8111 32.1464 14.4498
    endloop
  endfacet
  facet normal 0.00118973 0.9988 0.0489637
    outer loop
      vertex -65.7795 32.1457 14.463
      vertex -66.5512 32.1699 13.9881
      vertex -65.8428 32.1473 14.4319
    endloop
  endfacet
  facet normal -0.000924087 0.99863 0.0523268
    outer loop
      vertex -66.5512 32.1699 13.9881
      vertex -66.0035 32.8411 1.18826
      vertex -66.3277 32.8408 1.18826
    endloop
  endfacet
  facet normal -0.0407519 0.997837 0.0515897
    outer loop
      vertex -66.3277 32.8408 1.18826
      vertex -66.5918 32.1694 13.9657
      vertex -66.5512 32.1699 13.9881
    endloop
  endfacet
  facet normal -0.0412847 0.997815 0.0515776
    outer loop
      vertex -66.5918 32.1694 13.9657
      vertex -66.3277 32.8408 1.18826
      vertex -66.3688 32.8391 1.18825
    endloop
  endfacet
  facet normal -0.122267 0.991246 0.04982
    outer loop
      vertex -66.3688 32.8391 1.18825
      vertex -66.6316 32.1653 13.9496
      vertex -66.5918 32.1694 13.9657
    endloop
  endfacet
  facet normal -0.121142 0.991383 0.0498503
    outer loop
      vertex -66.6316 32.1653 13.9496
      vertex -66.3688 32.8391 1.18825
      vertex -66.4089 32.8342 1.18825
    endloop
  endfacet
  facet normal -0.198276 0.978977 0.047854
    outer loop
      vertex -66.4089 32.8342 1.18825
      vertex -66.6458 32.1626 13.946
      vertex -66.6316 32.1653 13.9496
    endloop
  endfacet
  facet normal -0.198832 0.978865 0.0478378
    outer loop
      vertex -66.6458 32.1626 13.946
      vertex -66.4089 32.8342 1.18825
      vertex -66.4281 32.8303 1.18825
    endloop
  endfacet
  facet normal -0.202082 0.978204 0.0477477
    outer loop
      vertex -66.4281 32.8303 1.18825
      vertex -66.6705 32.1578 13.9398
      vertex -66.6458 32.1626 13.946
    endloop
  endfacet
  facet normal -0.202538 0.97811 0.0477341
    outer loop
      vertex -66.6705 32.1578 13.9398
      vertex -66.4281 32.8303 1.18825
      vertex -66.4479 32.8262 1.18825
    endloop
  endfacet
  facet normal -0.275948 0.960095 0.0455083
    outer loop
      vertex -66.4479 32.8262 1.18825
      vertex -66.6843 32.1539 13.9384
      vertex -66.6705 32.1578 13.9398
    endloop
  endfacet
  facet normal -0.277147 0.959751 0.0454679
    outer loop
      vertex -66.6843 32.1539 13.9384
      vertex -66.4479 32.8262 1.18825
      vertex -66.4666 32.8208 1.18825
    endloop
  endfacet
  facet normal -0.280211 0.958866 0.0453693
    outer loop
      vertex -66.4666 32.8208 1.18825
      vertex -66.7083 32.147 13.936
      vertex -66.6843 32.1539 13.9384
    endloop
  endfacet
  facet normal -0.279711 0.959011 0.0453865
    outer loop
      vertex -66.7083 32.147 13.936
      vertex -66.4666 32.8208 1.18825
      vertex -66.4858 32.8152 1.18825
    endloop
  endfacet
  facet normal -0.351367 0.935255 0.0428906
    outer loop
      vertex -66.5039 32.8084 1.18825
      vertex -66.7083 32.147 13.936
      vertex -66.4858 32.8152 1.18825
    endloop
  endfacet
  facet normal -0.353145 0.934588 0.0428275
    outer loop
      vertex -66.7083 32.147 13.936
      vertex -66.5039 32.8084 1.18825
      vertex -66.7217 32.1419 13.9368
    endloop
  endfacet
  facet normal -0.346992 0.936879 0.0430524
    outer loop
      vertex -66.5066 32.8074 1.18825
      vertex -66.7217 32.1419 13.9368
      vertex -66.5039 32.8084 1.18825
    endloop
  endfacet
  facet normal -0.354686 0.934007 0.0427726
    outer loop
      vertex -66.5224 32.8014 1.18825
      vertex -66.7217 32.1419 13.9368
      vertex -66.5066 32.8074 1.18825
    endloop
  endfacet
  facet normal -0.35074 0.935489 0.042911
    outer loop
      vertex -66.7217 32.1419 13.9368
      vertex -66.5224 32.8014 1.18825
      vertex -66.745 32.1331 13.9382
    endloop
  endfacet
  facet normal -0.425958 0.903861 0.0399399
    outer loop
      vertex -66.5398 32.7932 1.18825
      vertex -66.745 32.1331 13.9382
      vertex -66.5224 32.8014 1.18825
    endloop
  endfacet
  facet normal -0.425528 0.904063 0.0399573
    outer loop
      vertex -66.745 32.1331 13.9382
      vertex -66.5398 32.7932 1.18825
      vertex -66.7579 32.1269 13.9411
    endloop
  endfacet
  facet normal -0.426435 0.903637 0.0399195
    outer loop
      vertex -66.5576 32.7848 1.18825
      vertex -66.7579 32.1269 13.9411
      vertex -66.5398 32.7932 1.18825
    endloop
  endfacet
  facet normal -0.426711 0.903507 0.0399085
    outer loop
      vertex -66.7579 32.1269 13.9411
      vertex -66.5576 32.7848 1.18825
      vertex -66.7803 32.1161 13.9461
    endloop
  endfacet
  facet normal -0.492411 0.869577 0.0369832
    outer loop
      vertex -66.5742 32.7754 1.18825
      vertex -66.7803 32.1161 13.9461
      vertex -66.5576 32.7848 1.18825
    endloop
  endfacet
  facet normal -0.495911 0.867592 0.0368241
    outer loop
      vertex -66.7803 32.1161 13.9461
      vertex -66.5742 32.7754 1.18825
      vertex -66.7927 32.1088 13.9511
    endloop
  endfacet
  facet normal -0.495252 0.867967 0.036855
    outer loop
      vertex -66.5912 32.7657 1.18825
      vertex -66.7927 32.1088 13.9511
      vertex -66.5742 32.7754 1.18825
    endloop
  endfacet
  facet normal -0.494244 0.868539 0.0369003
    outer loop
      vertex -66.7927 32.1088 13.9511
      vertex -66.5912 32.7657 1.18825
      vertex -66.8142 32.0962 13.9597
    endloop
  endfacet
  facet normal -0.559156 0.828379 0.0336616
    outer loop
      vertex -66.6232 32.7441 1.18825
      vertex -66.8142 32.0962 13.9597
      vertex -66.5912 32.7657 1.18825
    endloop
  endfacet
  facet normal -0.560811 0.827263 0.0335803
    outer loop
      vertex -66.8142 32.0962 13.9597
      vertex -66.6232 32.7441 1.18825
      vertex -66.8464 32.0736 13.9787
    endloop
  endfacet
  facet normal -0.623773 0.781027 0.0300578
    outer loop
      vertex -66.6381 32.7322 1.18825
      vertex -66.8464 32.0736 13.9787
      vertex -66.6232 32.7441 1.18825
    endloop
  endfacet
  facet normal -0.619974 0.784038 0.0302747
    outer loop
      vertex -66.8464 32.0736 13.9787
      vertex -66.6381 32.7322 1.18825
      vertex -66.8576 32.0644 13.9876
    endloop
  endfacet
  facet normal -0.622527 0.782018 0.0301255
    outer loop
      vertex -66.6533 32.7201 1.18825
      vertex -66.8576 32.0644 13.9876
      vertex -66.6381 32.7322 1.18825
    endloop
  endfacet
  facet normal -0.621609 0.782746 0.0301775
    outer loop
      vertex -66.8576 32.0644 13.9876
      vertex -66.6533 32.7201 1.18825
      vertex -66.877 32.0484 14.003
    endloop
  endfacet
  facet normal -0.677384 0.735145 0.0267088
    outer loop
      vertex -66.6673 32.7072 1.18825
      vertex -66.877 32.0484 14.003
      vertex -66.6533 32.7201 1.18825
    endloop
  endfacet
  facet normal -0.678638 0.73399 0.0266288
    outer loop
      vertex -66.877 32.0484 14.003
      vertex -66.6673 32.7072 1.18825
      vertex -66.8875 32.0383 14.0138
    endloop
  endfacet
  facet normal -0.678039 0.734542 0.0266679
    outer loop
      vertex -66.6816 32.694 1.18825
      vertex -66.8875 32.0383 14.0138
      vertex -66.6673 32.7072 1.18825
    endloop
  endfacet
  facet normal -0.678673 0.733958 0.0266279
    outer loop
      vertex -66.8875 32.0383 14.0138
      vertex -66.6816 32.694 1.18825
      vertex -66.9058 32.0207 14.0325
    endloop
  endfacet
  facet normal -0.735218 0.677451 0.0226788
    outer loop
      vertex -66.6945 32.68 1.18825
      vertex -66.9058 32.0207 14.0325
      vertex -66.6816 32.694 1.18825
    endloop
  endfacet
  facet normal -0.733606 0.679192 0.0227947
    outer loop
      vertex -66.9058 32.0207 14.0325
      vertex -66.6945 32.68 1.18825
      vertex -66.9155 32.0098 14.0451
    endloop
  endfacet
  facet normal -0.732234 0.680668 0.0228952
    outer loop
      vertex -66.7077 32.6658 1.18825
      vertex -66.9155 32.0098 14.0451
      vertex -66.6945 32.68 1.18825
    endloop
  endfacet
  facet normal -0.733662 0.679133 0.0227938
    outer loop
      vertex -66.9155 32.0098 14.0451
      vertex -66.7077 32.6658 1.18825
      vertex -66.9325 31.9907 14.067
    endloop
  endfacet
  facet normal -0.781238 0.623942 0.0190702
    outer loop
      vertex -66.7196 32.6509 1.18825
      vertex -66.9325 31.9907 14.067
      vertex -66.7077 32.6658 1.18825
    endloop
  endfacet
  facet normal -0.781072 0.624149 0.0190836
    outer loop
      vertex -66.9325 31.9907 14.067
      vertex -66.7196 32.6509 1.18825
      vertex -66.9415 31.979 14.0813
    endloop
  endfacet
  facet normal -0.784219 0.620199 0.0188236
    outer loop
      vertex -66.7317 32.6356 1.18825
      vertex -66.9415 31.979 14.0813
      vertex -66.7196 32.6509 1.18825
    endloop
  endfacet
  facet normal -0.782862 0.621907 0.0189327
    outer loop
      vertex -66.9572 31.9585 14.1055
      vertex -66.9415 31.979 14.0813
      vertex -66.7317 32.6356 1.18825
    endloop
  endfacet
  facet normal -0.791207 0.61153 0.00472833
    outer loop
      vertex -66.9415 31.979 14.0813
      vertex -66.9572 31.9585 14.1055
      vertex -66.9513 31.9662 14.0969
    endloop
  endfacet
  facet normal -0.827905 0.56067 0.0149364
    outer loop
      vertex -66.7424 32.6198 1.18825
      vertex -66.9572 31.9585 14.1055
      vertex -66.7317 32.6356 1.18825
    endloop
  endfacet
  facet normal -0.828971 0.559095 0.0148381
    outer loop
      vertex -66.9572 31.9585 14.1055
      vertex -66.7424 32.6198 1.18825
      vertex -66.9653 31.9461 14.1202
    endloop
  endfacet
  facet normal -0.827213 0.561688 0.0150034
    outer loop
      vertex -66.7534 32.6036 1.18825
      vertex -66.9653 31.9461 14.1202
      vertex -66.7424 32.6198 1.18825
    endloop
  endfacet
  facet normal -0.826831 0.56225 0.0150383
    outer loop
      vertex -66.9795 31.9246 14.1433
      vertex -66.9653 31.9461 14.1202
      vertex -66.7534 32.6036 1.18825
    endloop
  endfacet
  facet normal -0.855021 0.516661 -0.0447224
    outer loop
      vertex -66.9653 31.9461 14.1202
      vertex -66.9795 31.9246 14.1433
      vertex -66.9691 31.9404 14.127
    endloop
  endfacet
  facet normal -0.86787 0.496672 0.010885
    outer loop
      vertex -66.7629 32.587 1.18825
      vertex -66.9795 31.9246 14.1433
      vertex -66.7534 32.6036 1.18825
    endloop
  endfacet
  facet normal -0.869786 0.493313 0.0106811
    outer loop
      vertex -66.9867 31.9116 14.1574
      vertex -66.9795 31.9246 14.1433
      vertex -66.7629 32.587 1.18825
    endloop
  endfacet
  facet normal -0.919074 0.373861 -0.12462
    outer loop
      vertex -66.9795 31.9246 14.1433
      vertex -66.9867 31.9116 14.1574
      vertex -66.9859 31.9131 14.156
    endloop
  endfacet
  facet normal -0.868507 0.49556 0.0108202
    outer loop
      vertex -66.7726 32.57 1.18825
      vertex -66.9867 31.9116 14.1574
      vertex -66.7629 32.587 1.18825
    endloop
  endfacet
  facet normal -0.867199 0.497841 0.0109576
    outer loop
      vertex -66.9867 31.9116 14.1574
      vertex -66.7726 32.57 1.18825
      vertex -66.9994 31.889 14.1791
    endloop
  endfacet
  facet normal -0.904563 0.426289 0.00655442
    outer loop
      vertex -66.7808 32.5526 1.18825
      vertex -66.9994 31.889 14.1791
      vertex -66.7726 32.57 1.18825
    endloop
  endfacet
  facet normal -0.905132 0.425082 0.00648323
    outer loop
      vertex -67.0056 31.8756 14.1921
      vertex -66.9994 31.889 14.1791
      vertex -66.7808 32.5526 1.18825
    endloop
  endfacet
  facet normal -0.89062 0.452807 0.0419821
    outer loop
      vertex -66.9994 31.889 14.1791
      vertex -67.0056 31.8756 14.1921
      vertex -67.0016 31.8842 14.1842
    endloop
  endfacet
  facet normal -0.903306 0.428944 0.00671586
    outer loop
      vertex -66.7893 32.5347 1.18825
      vertex -67.0056 31.8756 14.1921
      vertex -66.7808 32.5526 1.18825
    endloop
  endfacet
  facet normal -0.904057 0.42736 0.00662308
    outer loop
      vertex -67.0166 31.852 14.2134
      vertex -67.0056 31.8756 14.1921
      vertex -66.7893 32.5347 1.18825
    endloop
  endfacet
  facet normal -0.925461 0.102085 -0.364829
    outer loop
      vertex -67.0056 31.8756 14.1921
      vertex -67.0166 31.852 14.2134
      vertex -67.0159 31.8537 14.2121
    endloop
  endfacet
  facet normal -0.933743 0.357935 0.00246618
    outer loop
      vertex -66.7962 32.5167 1.18825
      vertex -67.0166 31.852 14.2134
      vertex -66.7893 32.5347 1.18825
    endloop
  endfacet
  facet normal -0.933646 0.35819 0.00248083
    outer loop
      vertex -67.0166 31.852 14.2134
      vertex -66.7962 32.5167 1.18825
      vertex -67.0219 31.8381 14.2257
    endloop
  endfacet
  facet normal -0.934246 0.356621 0.00238878
    outer loop
      vertex -66.8033 32.4981 1.18825
      vertex -67.0219 31.8381 14.2257
      vertex -66.7962 32.5167 1.18825
    endloop
  endfacet
  facet normal -0.934239 0.356639 0.00238981
    outer loop
      vertex -67.0312 31.8136 14.2463
      vertex -67.0219 31.8381 14.2257
      vertex -66.8033 32.4981 1.18825
    endloop
  endfacet
  facet normal -0.927861 0.372171 0.0237419
    outer loop
      vertex -67.0219 31.8381 14.2257
      vertex -67.0312 31.8136 14.2463
      vertex -67.0283 31.8212 14.2405
    endloop
  endfacet
  facet normal -0.959364 0.282166 -0.00195255
    outer loop
      vertex -66.8088 32.4794 1.18825
      vertex -67.0312 31.8136 14.2463
      vertex -66.8033 32.4981 1.18825
    endloop
  endfacet
  facet normal -0.960499 0.278277 -0.00217018
    outer loop
      vertex -67.0312 31.8136 14.2463
      vertex -66.8088 32.4794 1.18825
      vertex -67.0354 31.7992 14.2587
    endloop
  endfacet
  facet normal -0.960387 0.278662 -0.00214821
    outer loop
      vertex -66.8144 32.4601 1.18825
      vertex -67.0354 31.7992 14.2587
      vertex -66.8088 32.4794 1.18825
    endloop
  endfacet
  facet normal -0.958857 0.283884 -0.00185824
    outer loop
      vertex -67.0429 31.774 14.2789
      vertex -67.0354 31.7992 14.2587
      vertex -66.8144 32.4601 1.18825
    endloop
  endfacet
  facet normal -0.958093 0.286451 0.00162757
    outer loop
      vertex -67.0354 31.7992 14.2587
      vertex -67.0429 31.774 14.2789
      vertex -67.039 31.7871 14.2691
    endloop
  endfacet
  facet normal -0.978689 0.205249 -0.0063258
    outer loop
      vertex -66.8226 32.421 1.18825
      vertex -67.0429 31.774 14.2789
      vertex -66.8144 32.4601 1.18825
    endloop
  endfacet
  facet normal -0.978643 0.205469 -0.00631416
    outer loop
      vertex -67.0517 31.7331 14.3119
      vertex -67.0429 31.774 14.2789
      vertex -66.8226 32.421 1.18825
    endloop
  endfacet
  facet normal -0.982407 0.183539 -0.0344981
    outer loop
      vertex -67.0429 31.774 14.2789
      vertex -67.0517 31.7331 14.3119
      vertex -67.0478 31.7514 14.2982
    endloop
  endfacet
  facet normal -0.991434 0.130188 -0.0104834
    outer loop
      vertex -66.8252 32.4012 1.18825
      vertex -67.0517 31.7331 14.3119
      vertex -66.8226 32.421 1.18825
    endloop
  endfacet
  facet normal -0.991724 0.127947 -0.0106026
    outer loop
      vertex -67.0517 31.7331 14.3119
      vertex -66.8252 32.4012 1.18825
      vertex -67.0538 31.7179 14.3249
    endloop
  endfacet
  facet normal -0.991841 0.127034 -0.0106521
    outer loop
      vertex -66.8278 32.3809 1.18825
      vertex -67.0538 31.7179 14.3249
      vertex -66.8252 32.4012 1.18825
    endloop
  endfacet
  facet normal -0.992033 0.125517 -0.0107319
    outer loop
      vertex -67.0574 31.6912 14.3454
      vertex -67.0538 31.7179 14.3249
      vertex -66.8278 32.3809 1.18825
    endloop
  endfacet
  facet normal -0.983378 -0.00672013 -0.181443
    outer loop
      vertex -67.0538 31.7179 14.3249
      vertex -67.0574 31.6912 14.3454
      vertex -67.0544 31.7139 14.3283
    endloop
  endfacet
  facet normal -0.998821 0.0461742 -0.0150095
    outer loop
      vertex -66.8297 32.3398 1.18825
      vertex -67.0574 31.6912 14.3454
      vertex -66.8278 32.3809 1.18825
    endloop
  endfacet
  facet normal -0.998713 0.048481 -0.014894
    outer loop
      vertex -67.06 31.6483 14.3801
      vertex -67.0574 31.6912 14.3454
      vertex -66.8297 32.3398 1.18825
    endloop
  endfacet
  facet normal -0.997527 0.0694117 0.0110718
    outer loop
      vertex -67.0574 31.6912 14.3454
      vertex -67.06 31.6483 14.3801
      vertex -67.0584 31.6745 14.36
    endloop
  endfacet
  facet normal -0.999847 -0.00015844 -0.0174634
    outer loop
      vertex -67.0619 31.4149 14.491
      vertex -67.06 31.6483 14.3801
      vertex -66.8297 32.3398 1.18825
    endloop
  endfacet
  facet normal -0.999889 0.00109171 -0.014833
    outer loop
      vertex -67.06 31.6483 14.3801
      vertex -67.0619 31.4149 14.491
      vertex -67.0602 31.6336 14.3925
    endloop
  endfacet
  facet normal -0.999882 0.000866525 -0.0153329
    outer loop
      vertex -67.0602 31.6336 14.3925
      vertex -67.0619 31.4149 14.491
      vertex -67.0607 31.5928 14.4228
    endloop
  endfacet
  facet normal -0.999719 -0.00230159 -0.0235941
    outer loop
      vertex -67.0607 31.5928 14.4228
      vertex -67.0619 31.4149 14.491
      vertex -67.0612 31.5537 14.4478
    endloop
  endfacet
  facet normal -0.999897 0.00057791 -0.0143452
    outer loop
      vertex -67.0612 31.5537 14.4478
      vertex -67.0619 31.4149 14.491
      vertex -67.0615 31.5162 14.4672
    endloop
  endfacet
  facet normal -0.99994 0.00138607 -0.0109062
    outer loop
      vertex -67.0615 31.5162 14.4672
      vertex -67.0619 31.4149 14.491
      vertex -67.0617 31.4805 14.481
    endloop
  endfacet
  facet normal -0.999419 -0.00214008 -0.0340273
    outer loop
      vertex -67.0617 31.4805 14.481
      vertex -67.0619 31.4149 14.491
      vertex -67.0619 31.4467 14.489
    endloop
  endfacet
  facet normal -0.999848 3.14287e-06 -0.0174522
    outer loop
      vertex -66.8297 32.3398 1.18825
      vertex -67.0533 21.9783 13.9966
      vertex -67.0619 31.4149 14.491
    endloop
  endfacet
  facet normal -0.999848 -1.38167e-07 -0.0174548
    outer loop
      vertex -66.8297 5.81018 1.18846
      vertex -67.0533 21.9783 13.9966
      vertex -66.8297 32.3398 1.18825
    endloop
  endfacet
  facet normal -0.999848 3.44835e-06 -0.0174593
    outer loop
      vertex -67.0533 21.9783 13.9966
      vertex -66.8297 5.81018 1.18846
      vertex -67.044 11.7761 13.462
    endloop
  endfacet
  facet normal -0.999848 -1.75067e-06 -0.0174568
    outer loop
      vertex -66.8297 5.81018 1.18846
      vertex -67.0151 -19.7514 11.8099
      vertex -67.044 11.7761 13.462
    endloop
  endfacet
  facet normal -0.999848 -1.39406e-07 -0.0174529
    outer loop
      vertex -66.8297 -22.9847 1.18869
      vertex -67.0151 -19.7514 11.8099
      vertex -66.8297 5.81018 1.18846
    endloop
  endfacet
  facet normal -0.999848 -2.77243e-06 -0.0174521
    outer loop
      vertex -66.8297 -22.9847 1.18869
      vertex -67.0117 -23.4584 11.6157
      vertex -67.0151 -19.7514 11.8099
    endloop
  endfacet
  facet normal -0.999848 0.000746973 -0.0174181
    outer loop
      vertex -67.0114 -23.5302 11.5954
      vertex -67.0117 -23.4584 11.6157
      vertex -66.8297 -22.9847 1.18869
    endloop
  endfacet
  facet normal -0.99997 -0.00205791 -0.00749916
    outer loop
      vertex -67.0117 -23.4584 11.6157
      vertex -67.0114 -23.5302 11.5954
      vertex -67.0116 -23.4895 11.6109
    endloop
  endfacet
  facet normal -0.998748 0.0134407 -0.0481798
    outer loop
      vertex -67.0116 -23.4895 11.6109
      vertex -67.0114 -23.5302 11.5954
      vertex -67.0115 -23.5215 11.5999
    endloop
  endfacet
  facet normal -0.998954 -0.0413192 -0.0196115
    outer loop
      vertex -67.0094 -23.5703 11.5759
      vertex -66.8297 -22.9847 1.18869
      vertex -66.828 -23.0258 1.18869
    endloop
  endfacet
  facet normal -0.998996 -0.0403156 -0.0195556
    outer loop
      vertex -66.8297 -22.9847 1.18869
      vertex -67.0094 -23.5703 11.5759
      vertex -67.0114 -23.5302 11.5954
    endloop
  endfacet
  facet normal -0.998277 -0.0568549 0.0145296
    outer loop
      vertex -67.0114 -23.5302 11.5954
      vertex -67.0094 -23.5703 11.5759
      vertex -67.0102 -23.5538 11.5855
    endloop
  endfacet
  facet normal -0.992877 -0.116809 -0.0234526
    outer loop
      vertex -67.0075 -23.5844 11.5701
      vertex -66.828 -23.0258 1.18869
      vertex -66.8258 -23.0445 1.18869
    endloop
  endfacet
  facet normal -0.992012 -0.123878 -0.023818
    outer loop
      vertex -66.828 -23.0258 1.18869
      vertex -67.0075 -23.5844 11.5701
      vertex -67.0094 -23.5703 11.5759
    endloop
  endfacet
  facet normal -0.991925 -0.124567 -0.0238464
    outer loop
      vertex -67.0041 -23.6094 11.5562
      vertex -66.8258 -23.0445 1.18869
      vertex -66.8231 -23.066 1.18869
    endloop
  endfacet
  facet normal -0.992275 -0.121772 -0.0237002
    outer loop
      vertex -66.8258 -23.0445 1.18869
      vertex -67.0041 -23.6094 11.5562
      vertex -67.0075 -23.5844 11.5701
    endloop
  endfacet
  facet normal -0.976627 -0.189364 0.101695
    outer loop
      vertex -67.0075 -23.5844 11.5701
      vertex -67.0041 -23.6094 11.5562
      vertex -67.0073 -23.5857 11.5696
    endloop
  endfacet
  facet normal -0.979366 -0.200202 -0.0275916
    outer loop
      vertex -67.0011 -23.6232 11.5498
      vertex -66.8231 -23.066 1.18869
      vertex -66.8194 -23.0841 1.18869
    endloop
  endfacet
  facet normal -0.979384 -0.200115 -0.0275873
    outer loop
      vertex -66.8231 -23.066 1.18869
      vertex -67.0011 -23.6232 11.5498
      vertex -67.0041 -23.6094 11.5562
    endloop
  endfacet
  facet normal -0.980947 -0.168007 -0.0975527
    outer loop
      vertex -67.0041 -23.6094 11.5562
      vertex -67.0011 -23.6232 11.5498
      vertex -67.0025 -23.617 11.5532
    endloop
  endfacet
  facet normal -0.9793 -0.200523 -0.0276122
    outer loop
      vertex -66.9958 -23.6475 11.5364
      vertex -66.8194 -23.0841 1.18869
      vertex -66.8151 -23.1051 1.18869
    endloop
  endfacet
  facet normal -0.979712 -0.198512 -0.0275098
    outer loop
      vertex -66.8194 -23.0841 1.18869
      vertex -66.9958 -23.6475 11.5364
      vertex -67.0011 -23.6232 11.5498
    endloop
  endfacet
  facet normal 0.929906 0 0.367798
    outer loop
      vertex -67.0011 -23.6232 11.5498
      vertex -66.9958 -23.6475 11.5364
      vertex -66.9958 -23.6474 11.5364
    endloop
  endfacet
  facet normal -0.960016 -0.278186 -0.0313457
    outer loop
      vertex -66.9917 -23.6608 11.5291
      vertex -66.8151 -23.1051 1.18869
      vertex -66.81 -23.1227 1.18869
    endloop
  endfacet
  facet normal -0.959871 -0.278682 -0.0313698
    outer loop
      vertex -66.8151 -23.1051 1.18869
      vertex -66.9917 -23.6608 11.5291
      vertex -66.9958 -23.6475 11.5364
    endloop
  endfacet
  facet normal -0.961057 -0.274588 -0.0311647
    outer loop
      vertex -66.9844 -23.6843 11.515
      vertex -66.81 -23.1227 1.18869
      vertex -66.8042 -23.143 1.18869
    endloop
  endfacet
  facet normal -0.959696 -0.27928 -0.031397
    outer loop
      vertex -66.81 -23.1227 1.18869
      vertex -66.9844 -23.6843 11.515
      vertex -66.9917 -23.6608 11.5291
    endloop
  endfacet
  facet normal -0.956608 -0.29121 -0.00991574
    outer loop
      vertex -66.9917 -23.6608 11.5291
      vertex -66.9844 -23.6843 11.515
      vertex -66.9868 -23.6766 11.5204
    endloop
  endfacet
  facet normal -0.933479 -0.356919 -0.0350047
    outer loop
      vertex -66.9793 -23.6971 11.5079
      vertex -66.8042 -23.143 1.18869
      vertex -66.7977 -23.16 1.18869
    endloop
  endfacet
  facet normal -0.934906 -0.353183 -0.0348283
    outer loop
      vertex -66.8042 -23.143 1.18869
      vertex -66.9793 -23.6971 11.5079
      vertex -66.9844 -23.6843 11.515
    endloop
  endfacet
  facet normal -0.934975 -0.353001 -0.0348287
    outer loop
      vertex -66.9702 -23.7198 11.4932
      vertex -66.7977 -23.16 1.18869
      vertex -66.7903 -23.1796 1.18869
    endloop
  endfacet
  facet normal -0.935212 -0.352374 -0.0347987
    outer loop
      vertex -66.7977 -23.16 1.18869
      vertex -66.9702 -23.7198 11.4932
      vertex -66.9793 -23.6971 11.5079
    endloop
  endfacet
  facet normal -0.934242 -0.355418 -0.0294973
    outer loop
      vertex -66.9793 -23.6971 11.5079
      vertex -66.9702 -23.7198 11.4932
      vertex -66.9762 -23.7049 11.5037
    endloop
  endfacet
  facet normal -0.904538 -0.424692 -0.0380526
    outer loop
      vertex -66.9641 -23.7321 11.4863
      vertex -66.7903 -23.1796 1.18869
      vertex -66.7826 -23.196 1.18869
    endloop
  endfacet
  facet normal -0.90358 -0.426718 -0.0381452
    outer loop
      vertex -66.7903 -23.1796 1.18869
      vertex -66.9641 -23.7321 11.4863
      vertex -66.9702 -23.7198 11.4932
    endloop
  endfacet
  facet normal -0.905899 -0.421794 -0.0379135
    outer loop
      vertex -66.9532 -23.7538 11.4706
      vertex -66.7826 -23.196 1.18869
      vertex -66.7738 -23.2149 1.18869
    endloop
  endfacet
  facet normal -0.903745 -0.42637 -0.038126
    outer loop
      vertex -66.7826 -23.196 1.18869
      vertex -66.9532 -23.7538 11.4706
      vertex -66.9641 -23.7321 11.4863
    endloop
  endfacet
  facet normal -0.821438 -0 -0.570298
    outer loop
      vertex -66.9641 -23.7321 11.4863
      vertex -66.9532 -23.7538 11.4706
      vertex -66.9641 -23.7322 11.4863
    endloop
  endfacet
  facet normal -0.867852 -0.495121 -0.0410974
    outer loop
      vertex -66.9462 -23.7655 11.4626
      vertex -66.7738 -23.2149 1.18869
      vertex -66.7649 -23.2305 1.18869
    endloop
  endfacet
  facet normal -0.869513 -0.492208 -0.0409692
    outer loop
      vertex -66.7738 -23.2149 1.18869
      vertex -66.9462 -23.7655 11.4626
      vertex -66.9532 -23.7538 11.4706
    endloop
  endfacet
  facet normal -0.853881 -0.520286 0.0137723
    outer loop
      vertex -66.9532 -23.7538 11.4706
      vertex -66.9462 -23.7655 11.4626
      vertex -66.9505 -23.7583 11.468
    endloop
  endfacet
  facet normal -0.867211 -0.496237 -0.0411531
    outer loop
      vertex -66.9337 -23.7862 11.4466
      vertex -66.7649 -23.2305 1.18869
      vertex -66.7546 -23.2485 1.18869
    endloop
  endfacet
  facet normal -0.869021 -0.493072 -0.0410114
    outer loop
      vertex -66.7649 -23.2305 1.18869
      vertex -66.9337 -23.7862 11.4466
      vertex -66.9462 -23.7655 11.4626
    endloop
  endfacet
  facet normal -0.848777 -0.528355 0.0204525
    outer loop
      vertex -66.9462 -23.7655 11.4626
      vertex -66.9337 -23.7862 11.4466
      vertex -66.9355 -23.7832 11.4494
    endloop
  endfacet
  facet normal -0.827795 -0.559321 -0.0437684
    outer loop
      vertex -66.9257 -23.7973 11.4379
      vertex -66.7546 -23.2485 1.18869
      vertex -66.7446 -23.2633 1.18869
    endloop
  endfacet
  facet normal -0.826464 -0.56128 -0.043851
    outer loop
      vertex -66.7546 -23.2485 1.18869
      vertex -66.9257 -23.7973 11.4379
      vertex -66.9337 -23.7862 11.4466
    endloop
  endfacet
  facet normal -0.828279 -0.558607 -0.0437373
    outer loop
      vertex -66.9116 -23.8168 11.4205
      vertex -66.7446 -23.2633 1.18869
      vertex -66.733 -23.2805 1.18869
    endloop
  endfacet
  facet normal -0.827713 -0.559441 -0.0437732
    outer loop
      vertex -66.7446 -23.2633 1.18869
      vertex -66.9116 -23.8168 11.4205
      vertex -66.9257 -23.7973 11.4379
    endloop
  endfacet
  facet normal -0.819552 -0.572564 -0.0224535
    outer loop
      vertex -66.9257 -23.7973 11.4379
      vertex -66.9116 -23.8168 11.4205
      vertex -66.919 -23.8066 11.4305
    endloop
  endfacet
  facet normal -0.782311 -0.621171 -0.046217
    outer loop
      vertex -66.8872 -23.8455 11.3926
      vertex -66.733 -23.2805 1.18869
      vertex -66.7091 -23.3106 1.18869
    endloop
  endfacet
  facet normal -0.782774 -0.62059 -0.0461918
    outer loop
      vertex -66.733 -23.2805 1.18869
      vertex -66.8872 -23.8455 11.3926
      vertex -66.9116 -23.8168 11.4205
    endloop
  endfacet
  facet normal -0.784881 -0.617529 -0.0511841
    outer loop
      vertex -66.9116 -23.8168 11.4205
      vertex -66.8872 -23.8455 11.3926
      vertex -66.9015 -23.8288 11.4104
    endloop
  endfacet
  facet normal -0.730939 -0.680722 -0.0484361
    outer loop
      vertex -66.8775 -23.8551 11.3824
      vertex -66.7091 -23.3106 1.18869
      vertex -66.6969 -23.3237 1.18869
    endloop
  endfacet
  facet normal -0.727935 -0.683925 -0.0485575
    outer loop
      vertex -66.7091 -23.3106 1.18869
      vertex -66.8775 -23.8551 11.3824
      vertex -66.8872 -23.8455 11.3926
    endloop
  endfacet
  facet normal -0.731539 -0.679482 -0.0561669
    outer loop
      vertex -66.8872 -23.8455 11.3926
      vertex -66.8775 -23.8551 11.3824
      vertex -66.8831 -23.8496 11.3888
    endloop
  endfacet
  facet normal -0.732453 -0.679096 -0.0483869
    outer loop
      vertex -66.8605 -23.8721 11.3618
      vertex -66.6969 -23.3237 1.18869
      vertex -66.6829 -23.3388 1.18869
    endloop
  endfacet
  facet normal -0.73493 -0.676422 -0.0482826
    outer loop
      vertex -66.6969 -23.3237 1.18869
      vertex -66.8605 -23.8721 11.3618
      vertex -66.8775 -23.8551 11.3824
    endloop
  endfacet
  facet normal -0.770828 -0.625681 -0.119781
    outer loop
      vertex -66.8775 -23.8551 11.3824
      vertex -66.8605 -23.8721 11.3618
      vertex -66.8637 -23.869 11.3662
    endloop
  endfacet
  facet normal -0.677228 -0.734051 -0.0503037
    outer loop
      vertex -66.6829 -23.3388 1.18869
      vertex -66.8501 -23.8809 11.3502
      vertex -66.8605 -23.8721 11.3618
    endloop
  endfacet
  facet normal -0.680663 -0.730876 -0.0501908
    outer loop
      vertex -66.8501 -23.8809 11.3502
      vertex -66.6829 -23.3388 1.18869
      vertex -66.6698 -23.351 1.18869
    endloop
  endfacet
  facet normal -0.690165 -0.720347 -0.0690836
    outer loop
      vertex -66.8501 -23.8809 11.3502
      vertex -66.8317 -23.8964 11.328
      vertex -66.8434 -23.8866 11.3427
    endloop
  endfacet
  facet normal -0.678228 -0.73313 -0.0502652
    outer loop
      vertex -66.6698 -23.351 1.18869
      vertex -66.8317 -23.8964 11.328
      vertex -66.8501 -23.8809 11.3502
    endloop
  endfacet
  facet normal -0.679034 -0.732386 -0.050238
    outer loop
      vertex -66.8317 -23.8964 11.328
      vertex -66.6698 -23.351 1.18869
      vertex -66.6547 -23.365 1.18869
    endloop
  endfacet
  facet normal -0.618195 -0.78431 -0.0518973
    outer loop
      vertex -66.6547 -23.365 1.18869
      vertex -66.8205 -23.9045 11.317
      vertex -66.8317 -23.8964 11.328
    endloop
  endfacet
  facet normal -0.620418 -0.782556 -0.0518403
    outer loop
      vertex -66.8205 -23.9045 11.317
      vertex -66.6547 -23.365 1.18869
      vertex -66.6407 -23.3761 1.1887
    endloop
  endfacet
  facet normal -0.621402 -0.781777 -0.0518171
    outer loop
      vertex -66.6407 -23.3761 1.1887
      vertex -66.8009 -23.9188 11.2977
      vertex -66.8205 -23.9045 11.317
    endloop
  endfacet
  facet normal -0.619124 -0.783578 -0.0518777
    outer loop
      vertex -66.8009 -23.9188 11.2977
      vertex -66.6407 -23.3761 1.1887
      vertex -66.6245 -23.3889 1.1887
    endloop
  endfacet
  facet normal -0.558679 -0.82768 -0.0531347
    outer loop
      vertex -66.6245 -23.3889 1.1887
      vertex -66.7891 -23.9262 11.2889
      vertex -66.8009 -23.9188 11.2977
    endloop
  endfacet
  facet normal -0.560302 -0.826584 -0.0531029
    outer loop
      vertex -66.7891 -23.9262 11.2889
      vertex -66.6245 -23.3889 1.1887
      vertex -66.6096 -23.399 1.1887
    endloop
  endfacet
  facet normal -0.558043 -0.828109 -0.0531423
    outer loop
      vertex -66.6096 -23.399 1.1887
      vertex -66.7685 -23.9391 11.2736
      vertex -66.7891 -23.9262 11.2889
    endloop
  endfacet
  facet normal -0.557266 -0.828631 -0.053158
    outer loop
      vertex -66.7685 -23.9391 11.2736
      vertex -66.6096 -23.399 1.1887
      vertex -66.5925 -23.4105 1.1887
    endloop
  endfacet
  facet normal -0.496134 -0.86656 -0.0540792
    outer loop
      vertex -66.5925 -23.4105 1.1887
      vertex -66.7561 -23.9458 11.2672
      vertex -66.7685 -23.9391 11.2736
    endloop
  endfacet
  facet normal -0.496601 -0.866293 -0.0540726
    outer loop
      vertex -66.7561 -23.9458 11.2672
      vertex -66.5925 -23.4105 1.1887
      vertex -66.5768 -23.4195 1.1887
    endloop
  endfacet
  facet normal -0.494254 -0.867633 -0.0541008
    outer loop
      vertex -66.5768 -23.4195 1.1887
      vertex -66.7345 -23.9574 11.2559
      vertex -66.7561 -23.9458 11.2672
    endloop
  endfacet
  facet normal -0.490226 -0.869911 -0.0541594
    outer loop
      vertex -66.7345 -23.9574 11.2559
      vertex -66.5768 -23.4195 1.1887
      vertex -66.5587 -23.4297 1.1887
    endloop
  endfacet
  facet normal -0.420497 -0.905636 -0.0548144
    outer loop
      vertex -66.5587 -23.4297 1.1887
      vertex -66.7215 -23.9632 11.252
      vertex -66.7345 -23.9574 11.2559
    endloop
  endfacet
  facet normal -0.424361 -0.903834 -0.0547814
    outer loop
      vertex -66.7215 -23.9632 11.252
      vertex -66.5587 -23.4297 1.1887
      vertex -66.5423 -23.4374 1.1887
    endloop
  endfacet
  facet normal -0.426352 -0.902898 -0.0547679
    outer loop
      vertex -66.5423 -23.4374 1.1887
      vertex -66.699 -23.9734 11.245
      vertex -66.7215 -23.9632 11.252
    endloop
  endfacet
  facet normal -0.425388 -0.903352 -0.0547771
    outer loop
      vertex -66.699 -23.9734 11.245
      vertex -66.5423 -23.4374 1.1887
      vertex -66.5234 -23.4463 1.1887
    endloop
  endfacet
  facet normal -0.354829 -0.933305 -0.055115
    outer loop
      vertex -66.5234 -23.4463 1.1887
      vertex -66.6856 -23.9784 11.2434
      vertex -66.699 -23.9734 11.245
    endloop
  endfacet
  facet normal -0.356595 -0.932632 -0.0551079
    outer loop
      vertex -66.6856 -23.9784 11.2434
      vertex -66.5234 -23.4463 1.1887
      vertex -66.5064 -23.4528 1.1887
    endloop
  endfacet
  facet normal -0.352014 -0.934371 -0.0551171
    outer loop
      vertex -66.5064 -23.4528 1.1887
      vertex -66.6621 -23.9871 11.2408
      vertex -66.6856 -23.9784 11.2434
    endloop
  endfacet
  facet normal -0.35111 -0.934711 -0.0551212
    outer loop
      vertex -66.6621 -23.9871 11.2408
      vertex -66.5064 -23.4528 1.1887
      vertex -66.4867 -23.4602 1.1887
    endloop
  endfacet
  facet normal -0.280692 -0.958214 -0.055123
    outer loop
      vertex -66.6621 -23.9871 11.2408
      vertex -66.469 -23.4654 1.1887
      vertex -66.6483 -23.9912 11.2418
    endloop
  endfacet
  facet normal -0.281444 -0.957993 -0.055126
    outer loop
      vertex -66.469 -23.4654 1.1887
      vertex -66.6621 -23.9871 11.2408
      vertex -66.4867 -23.4602 1.1887
    endloop
  endfacet
  facet normal -0.277528 -0.959135 -0.055115
    outer loop
      vertex -66.6483 -23.9912 11.2418
      vertex -66.4486 -23.4713 1.1887
      vertex -66.6241 -23.9983 11.2435
    endloop
  endfacet
  facet normal -0.277407 -0.95917 -0.0551144
    outer loop
      vertex -66.4486 -23.4713 1.1887
      vertex -66.6483 -23.9912 11.2418
      vertex -66.469 -23.4654 1.1887
    endloop
  endfacet
  facet normal -0.199695 -0.978327 -0.0547638
    outer loop
      vertex -66.6241 -23.9983 11.2435
      vertex -66.4304 -23.475 1.1887
      vertex -66.6099 -24.0014 11.2471
    endloop
  endfacet
  facet normal -0.198923 -0.978484 -0.0547571
    outer loop
      vertex -66.4304 -23.475 1.1887
      vertex -66.6241 -23.9983 11.2435
      vertex -66.4486 -23.4713 1.1887
    endloop
  endfacet
  facet normal -0.201917 -0.97787 -0.0547754
    outer loop
      vertex -66.6099 -24.0014 11.2471
      vertex -66.4093 -23.4794 1.1887
      vertex -66.585 -24.0069 11.2535
    endloop
  endfacet
  facet normal -0.203833 -0.977471 -0.0547929
    outer loop
      vertex -66.4093 -23.4794 1.1887
      vertex -66.6099 -24.0014 11.2471
      vertex -66.4304 -23.475 1.1887
    endloop
  endfacet
  facet normal -0.126757 -0.990456 -0.0541321
    outer loop
      vertex -66.585 -24.0069 11.2535
      vertex -66.3906 -23.4817 1.1887
      vertex -66.5705 -24.0091 11.2598
    endloop
  endfacet
  facet normal -0.121896 -0.991069 -0.0540702
    outer loop
      vertex -66.3906 -23.4817 1.1887
      vertex -66.585 -24.0069 11.2535
      vertex -66.4093 -23.4794 1.1887
    endloop
  endfacet
  facet normal -0.120509 -0.991239 -0.0540543
    outer loop
      vertex -66.5705 -24.0091 11.2598
      vertex -66.369 -23.4844 1.1887
      vertex -66.545 -24.0128 11.2708
    endloop
  endfacet
  facet normal -0.123853 -0.990825 -0.0540996
    outer loop
      vertex -66.369 -23.4844 1.1887
      vertex -66.5705 -24.0091 11.2598
      vertex -66.3906 -23.4817 1.1887
    endloop
  endfacet
  facet normal -0.0485591 -0.997406 -0.0531348
    outer loop
      vertex -66.545 -24.0128 11.2708
      vertex -66.3498 -23.4852 1.1887
      vertex -66.5302 -24.014 11.2798
    endloop
  endfacet
  facet normal -0.041572 -0.997728 -0.0530163
    outer loop
      vertex -66.3498 -23.4852 1.1887
      vertex -66.545 -24.0128 11.2708
      vertex -66.369 -23.4844 1.1887
    endloop
  endfacet
  facet normal -0.0405027 -0.997773 -0.0529998
    outer loop
      vertex -66.5302 -24.014 11.2798
      vertex -66.3277 -23.4862 1.1887
      vertex -66.5042 -24.0159 11.2957
    endloop
  endfacet
  facet normal -0.0451389 -0.997569 -0.0530822
    outer loop
      vertex -66.3277 -23.4862 1.1887
      vertex -66.5302 -24.014 11.2798
      vertex -66.3498 -23.4852 1.1887
    endloop
  endfacet
  facet normal 0.000914006 -0.99863 -0.0523279
    outer loop
      vertex -66.3277 -23.4862 1.1887
      vertex -52.7974 -24.3983 18.8316
      vertex -65.6915 -24.0452 11.8678
    endloop
  endfacet
  facet normal 0.00123256 -0.998628 -0.0523469
    outer loop
      vertex -66.3277 -23.4862 1.1887
      vertex -65.6915 -24.0452 11.8678
      vertex -65.7222 -24.0442 11.848
    endloop
  endfacet
  facet normal 0.000814416 -0.99863 -0.0523232
    outer loop
      vertex -66.3277 -23.4862 1.1887
      vertex -65.7222 -24.0442 11.848
      vertex -66.5042 -24.0159 11.2957
    endloop
  endfacet
  facet normal 0.000915204 -0.998629 -0.0523289
    outer loop
      vertex -40.541 -23.4626 1.18932
      vertex -52.7974 -24.3983 18.8316
      vertex -66.3277 -23.4862 1.1887
    endloop
  endfacet
  facet normal 0.000911267 -0.998629 -0.0523316
    outer loop
      vertex -52.7974 -24.3983 18.8316
      vertex -40.541 -23.4626 1.18932
      vertex -50.7251 -24.4021 18.9402
    endloop
  endfacet
  facet normal 0.000914156 -0.998629 -0.0523299
    outer loop
      vertex -40.541 -23.4626 1.18932
      vertex -11.6651 -24.4736 20.987
      vertex -50.7251 -24.4021 18.9402
    endloop
  endfacet
  facet normal 0.000913715 -0.998629 -0.0523293
    outer loop
      vertex -11.6651 -24.4736 20.987
      vertex -40.541 -23.4626 1.18932
      vertex -11.3196 -23.4359 1.19002
    endloop
  endfacet
  facet normal -0.015568 -0.998494 -0.0526071
    outer loop
      vertex -11.6651 -24.4736 20.987
      vertex -11.3102 -23.4361 1.19002
      vertex -11.6597 -24.4737 20.9873
    endloop
  endfacet
  facet normal -0.0212422 -0.998384 -0.0527031
    outer loop
      vertex -11.3102 -23.4361 1.19002
      vertex -11.6651 -24.4736 20.987
      vertex -11.3196 -23.4359 1.19002
    endloop
  endfacet
  facet normal -0.0182415 -0.998446 -0.0526514
    outer loop
      vertex -11.6597 -24.4737 20.9873
      vertex -11.2997 -23.4363 1.19002
      vertex -11.6453 -24.474 20.988
    endloop
  endfacet
  facet normal -0.0190177 -0.998431 -0.0526648
    outer loop
      vertex -11.2997 -23.4363 1.19002
      vertex -11.6597 -24.4737 20.9873
      vertex -11.3102 -23.4361 1.19002
    endloop
  endfacet
  facet normal -0.0585593 -0.996862 -0.05327
    outer loop
      vertex -11.6453 -24.474 20.988
      vertex -11.28 -23.4375 1.19002
      vertex -11.6256 -24.4752 20.9888
    endloop
  endfacet
  facet normal -0.0607146 -0.996731 -0.0533029
    outer loop
      vertex -11.28 -23.4375 1.19002
      vertex -11.6453 -24.474 20.988
      vertex -11.2997 -23.4363 1.19002
    endloop
  endfacet
  facet normal -0.106353 -0.992867 -0.0538997
    outer loop
      vertex -11.6256 -24.4752 20.9888
      vertex -11.2707 -23.4384 1.19002
      vertex -11.6201 -24.4758 20.989
    endloop
  endfacet
  facet normal -0.0961848 -0.99391 -0.0537721
    outer loop
      vertex -11.2707 -23.4384 1.19002
      vertex -11.6256 -24.4752 20.9888
      vertex -11.28 -23.4375 1.19002
    endloop
  endfacet
  facet normal -0.0964734 -0.993882 -0.053779
    outer loop
      vertex -11.6201 -24.4758 20.989
      vertex -11.2603 -23.4394 1.19002
      vertex -11.6059 -24.4772 20.9894
    endloop
  endfacet
  facet normal -0.095574 -0.993969 -0.0537673
    outer loop
      vertex -11.2603 -23.4394 1.19002
      vertex -11.6201 -24.4758 20.989
      vertex -11.2707 -23.4384 1.19002
    endloop
  endfacet
  facet normal -0.14803 -0.987489 -0.0543439
    outer loop
      vertex -11.2603 -23.4394 1.19002
      vertex -11.6006 -24.478 20.9895
      vertex -11.6059 -24.4772 20.9894
    endloop
  endfacet
  facet normal -0.139708 -0.988705 -0.0542646
    outer loop
      vertex -11.6006 -24.478 20.9895
      vertex -11.2603 -23.4394 1.19002
      vertex -11.2511 -23.4407 1.19002
    endloop
  endfacet
  facet normal -0.131839 -0.989789 -0.0541825
    outer loop
      vertex -11.2511 -23.4407 1.19002
      vertex -11.5865 -24.4799 20.9899
      vertex -11.6006 -24.478 20.9895
    endloop
  endfacet
  facet normal -0.134486 -0.989432 -0.0542086
    outer loop
      vertex -11.5865 -24.4799 20.9899
      vertex -11.2511 -23.4407 1.19002
      vertex -11.2408 -23.4421 1.19002
    endloop
  endfacet
  facet normal -0.180839 -0.981994 -0.0546281
    outer loop
      vertex -11.2408 -23.4421 1.19002
      vertex -11.5811 -24.4809 20.99
      vertex -11.5865 -24.4799 20.9899
    endloop
  endfacet
  facet normal -0.17291 -0.983425 -0.0545669
    outer loop
      vertex -11.5811 -24.4809 20.99
      vertex -11.2408 -23.4421 1.19002
      vertex -11.2317 -23.4437 1.19002
    endloop
  endfacet
  facet normal -0.174773 -0.983095 -0.0545825
    outer loop
      vertex -11.2317 -23.4437 1.19002
      vertex -11.5671 -24.4834 20.9902
      vertex -11.5811 -24.4809 20.99
    endloop
  endfacet
  facet normal -0.182851 -0.981621 -0.0546419
    outer loop
      vertex -11.5671 -24.4834 20.9902
      vertex -11.2317 -23.4437 1.19002
      vertex -11.2215 -23.4456 1.19002
    endloop
  endfacet
  facet normal -0.213893 -0.975316 -0.0548532
    outer loop
      vertex -11.2215 -23.4456 1.19002
      vertex -11.548 -24.4876 20.9904
      vertex -11.5671 -24.4834 20.9902
    endloop
  endfacet
  facet normal -0.214441 -0.975195 -0.0548559
    outer loop
      vertex -11.548 -24.4876 20.9904
      vertex -11.2215 -23.4456 1.19002
      vertex -11.2024 -23.4498 1.19002
    endloop
  endfacet
  facet normal -0.259579 -0.964151 -0.0550649
    outer loop
      vertex -11.2024 -23.4498 1.19002
      vertex -11.5428 -24.489 20.9904
      vertex -11.548 -24.4876 20.9904
    endloop
  endfacet
  facet normal -0.247223 -0.967395 -0.0550228
    outer loop
      vertex -11.5428 -24.489 20.9904
      vertex -11.2024 -23.4498 1.19002
      vertex -11.1934 -23.4521 1.19002
    endloop
  endfacet
  facet normal -0.25376 -0.965699 -0.0550493
    outer loop
      vertex -11.1934 -23.4521 1.19002
      vertex -11.5291 -24.4926 20.9904
      vertex -11.5428 -24.489 20.9904
    endloop
  endfacet
  facet normal -0.253627 -0.965734 -0.0550489
    outer loop
      vertex -11.5291 -24.4926 20.9904
      vertex -11.1934 -23.4521 1.19002
      vertex -11.1835 -23.4547 1.19002
    endloop
  endfacet
  facet normal -0.277718 -0.95908 -0.0551206
    outer loop
      vertex -11.1835 -23.4547 1.19002
      vertex -11.5239 -24.4941 20.9903
      vertex -11.5291 -24.4926 20.9904
    endloop
  endfacet
  facet normal -0.289864 -0.955478 -0.0551403
    outer loop
      vertex -11.5239 -24.4941 20.9903
      vertex -11.1835 -23.4547 1.19002
      vertex -11.1746 -23.4574 1.19002
    endloop
  endfacet
  facet normal -0.290529 -0.955276 -0.0551415
    outer loop
      vertex -11.1746 -23.4574 1.19002
      vertex -11.5104 -24.4982 20.9902
      vertex -11.5239 -24.4941 20.9903
    endloop
  endfacet
  facet normal -0.292269 -0.954745 -0.0551431
    outer loop
      vertex -11.5104 -24.4982 20.9902
      vertex -11.1746 -23.4574 1.19002
      vertex -11.1648 -23.4604 1.19002
    endloop
  endfacet
  facet normal -0.333275 -0.941215 -0.0551497
    outer loop
      vertex -11.1648 -23.4604 1.19002
      vertex -11.5053 -24.5 20.9901
      vertex -11.5104 -24.4982 20.9902
    endloop
  endfacet
  facet normal -0.322183 -0.945069 -0.0551612
    outer loop
      vertex -11.5053 -24.5 20.9901
      vertex -11.1648 -23.4604 1.19002
      vertex -11.156 -23.4634 1.19002
    endloop
  endfacet
  facet normal -0.324927 -0.944129 -0.0551604
    outer loop
      vertex -11.156 -23.4634 1.19002
      vertex -11.4919 -24.5046 20.9899
      vertex -11.5053 -24.5 20.9901
    endloop
  endfacet
  facet normal -0.33028 -0.94227 -0.0551535
    outer loop
      vertex -11.4919 -24.5046 20.9899
      vertex -11.156 -23.4634 1.19002
      vertex -11.1463 -23.4668 1.19002
    endloop
  endfacet
  facet normal -0.371776 -0.926688 -0.0550611
    outer loop
      vertex -11.1463 -23.4668 1.19002
      vertex -11.4869 -24.5066 20.9898
      vertex -11.4919 -24.5046 20.9899
    endloop
  endfacet
  facet normal -0.357707 -0.932206 -0.0551089
    outer loop
      vertex -11.4869 -24.5066 20.9898
      vertex -11.1463 -23.4668 1.19002
      vertex -11.1377 -23.4701 1.19002
    endloop
  endfacet
  facet normal -0.363334 -0.930029 -0.0550941
    outer loop
      vertex -11.1377 -23.4701 1.19002
      vertex -11.4738 -24.5117 20.9895
      vertex -11.4869 -24.5066 20.9898
    endloop
  endfacet
  facet normal -0.370827 -0.927068 -0.0550655
    outer loop
      vertex -11.4738 -24.5117 20.9895
      vertex -11.1377 -23.4701 1.19002
      vertex -11.1282 -23.4739 1.19002
    endloop
  endfacet
  facet normal -0.388516 -0.9198 -0.0549933
    outer loop
      vertex -11.1282 -23.4739 1.19002
      vertex -11.4688 -24.5138 20.9893
      vertex -11.4738 -24.5117 20.9895
    endloop
  endfacet
  facet normal -0.398518 -0.915514 -0.0549403
    outer loop
      vertex -11.4688 -24.5138 20.9893
      vertex -11.1282 -23.4739 1.19002
      vertex -11.1197 -23.4776 1.19002
    endloop
  endfacet
  facet normal -0.405334 -0.912519 -0.0549037
    outer loop
      vertex -11.1197 -23.4776 1.19002
      vertex -11.4559 -24.5195 20.9888
      vertex -11.4688 -24.5138 20.9893
    endloop
  endfacet
  facet normal -0.399192 -0.91522 -0.0549416
    outer loop
      vertex -11.4559 -24.5195 20.9888
      vertex -11.1197 -23.4776 1.19002
      vertex -11.1103 -23.4817 1.19002
    endloop
  endfacet
  facet normal -0.4261 -0.903016 -0.0547716
    outer loop
      vertex -11.1103 -23.4817 1.19002
      vertex -11.451 -24.5218 20.9886
      vertex -11.4559 -24.5195 20.9888
    endloop
  endfacet
  facet normal -0.433492 -0.899495 -0.0547138
    outer loop
      vertex -11.451 -24.5218 20.9886
      vertex -11.1103 -23.4817 1.19002
      vertex -11.102 -23.4857 1.19002
    endloop
  endfacet
  facet normal -0.434063 -0.89922 -0.0547095
    outer loop
      vertex -11.102 -23.4857 1.19002
      vertex -11.4383 -24.5279 20.9881
      vertex -11.451 -24.5218 20.9886
    endloop
  endfacet
  facet normal -0.434909 -0.898811 -0.0547023
    outer loop
      vertex -11.4383 -24.5279 20.9881
      vertex -11.102 -23.4857 1.19002
      vertex -11.0927 -23.4902 1.19002
    endloop
  endfacet
  facet normal -0.478202 -0.87657 -0.0542923
    outer loop
      vertex -11.0927 -23.4902 1.19002
      vertex -11.4335 -24.5305 20.9878
      vertex -11.4383 -24.5279 20.9881
    endloop
  endfacet
  facet normal -0.476575 -0.877455 -0.0543108
    outer loop
      vertex -11.4335 -24.5305 20.9878
      vertex -11.0927 -23.4902 1.19002
      vertex -11.0846 -23.4946 1.19003
    endloop
  endfacet
  facet normal -0.471544 -0.880165 -0.0543639
    outer loop
      vertex -11.0846 -23.4946 1.19003
      vertex -11.4211 -24.5371 20.9871
      vertex -11.4335 -24.5305 20.9878
    endloop
  endfacet
  facet normal -0.465856 -0.883185 -0.0544263
    outer loop
      vertex -11.4211 -24.5371 20.9871
      vertex -11.0846 -23.4946 1.19003
      vertex -11.0755 -23.4994 1.19003
    endloop
  endfacet
  facet normal -0.499988 -0.864345 -0.0540346
    outer loop
      vertex -11.0755 -23.4994 1.19003
      vertex -11.4164 -24.5398 20.9868
      vertex -11.4211 -24.5371 20.9871
    endloop
  endfacet
  facet normal -0.505811 -0.860955 -0.0539567
    outer loop
      vertex -11.4164 -24.5398 20.9868
      vertex -11.0755 -23.4994 1.19003
      vertex -11.0675 -23.5041 1.19003
    endloop
  endfacet
  facet normal -0.504898 -0.86149 -0.0539686
    outer loop
      vertex -11.0675 -23.5041 1.19003
      vertex -11.4042 -24.5469 20.986
      vertex -11.4164 -24.5398 20.9868
    endloop
  endfacet
  facet normal -0.503738 -0.862168 -0.0539846
    outer loop
      vertex -11.4042 -24.5469 20.986
      vertex -11.0675 -23.5041 1.19003
      vertex -11.0586 -23.5093 1.19003
    endloop
  endfacet
  facet normal -0.535032 -0.843134 -0.0535333
    outer loop
      vertex -11.0586 -23.5093 1.19003
      vertex -11.3996 -24.5498 20.9857
      vertex -11.4042 -24.5469 20.986
    endloop
  endfacet
  facet normal -0.538894 -0.840675 -0.0534705
    outer loop
      vertex -11.3996 -24.5498 20.9857
      vertex -11.0586 -23.5093 1.19003
      vertex -11.0508 -23.5143 1.19003
    endloop
  endfacet
  facet normal -0.537146 -0.841791 -0.0534981
    outer loop
      vertex -11.0508 -23.5143 1.19003
      vertex -11.3876 -24.5574 20.9848
      vertex -11.3996 -24.5498 20.9857
    endloop
  endfacet
  facet normal -0.533592 -0.844045 -0.0535564
    outer loop
      vertex -11.3876 -24.5574 20.9848
      vertex -11.0508 -23.5143 1.19003
      vertex -11.0421 -23.5198 1.19003
    endloop
  endfacet
  facet normal -0.578352 -0.814079 -0.0527669
    outer loop
      vertex -11.0421 -23.5198 1.19003
      vertex -11.3832 -24.5605 20.9844
      vertex -11.3876 -24.5574 20.9848
    endloop
  endfacet
  facet normal -0.5784 -0.814045 -0.0527659
    outer loop
      vertex -11.3832 -24.5605 20.9844
      vertex -11.0421 -23.5198 1.19003
      vertex -11.0345 -23.5252 1.19003
    endloop
  endfacet
  facet normal -0.56672 -0.822205 -0.052987
    outer loop
      vertex -11.0345 -23.5252 1.19003
      vertex -11.3715 -24.5685 20.9834
      vertex -11.3832 -24.5605 20.9844
    endloop
  endfacet
  facet normal -0.562844 -0.824858 -0.0530608
    outer loop
      vertex -11.3715 -24.5685 20.9834
      vertex -11.0345 -23.5252 1.19003
      vertex -11.026 -23.531 1.19003
    endloop
  endfacet
  facet normal -0.603179 -0.795893 -0.0522466
    outer loop
      vertex -11.026 -23.531 1.19003
      vertex -11.3558 -24.5803 20.9819
      vertex -11.3715 -24.5685 20.9834
    endloop
  endfacet
  facet normal -0.603228 -0.795856 -0.0522455
    outer loop
      vertex -11.3558 -24.5803 20.9819
      vertex -11.026 -23.531 1.19003
      vertex -11.0103 -23.5429 1.19003
    endloop
  endfacet
  facet normal -0.632062 -0.7732 -0.0515613
    outer loop
      vertex -11.0103 -23.5429 1.19003
      vertex -11.3516 -24.5837 20.9814
      vertex -11.3558 -24.5803 20.9819
    endloop
  endfacet
  facet normal -0.63298 -0.772451 -0.0515377
    outer loop
      vertex -11.3516 -24.5837 20.9814
      vertex -11.0103 -23.5429 1.19003
      vertex -11.0031 -23.5488 1.19003
    endloop
  endfacet
  facet normal -0.632321 -0.772989 -0.0515543
    outer loop
      vertex -11.0031 -23.5488 1.19003
      vertex -11.3405 -24.5927 20.9802
      vertex -11.3516 -24.5837 20.9814
    endloop
  endfacet
  facet normal -0.635539 -0.770351 -0.05147
    outer loop
      vertex -11.3405 -24.5927 20.9802
      vertex -11.0031 -23.5488 1.19003
      vertex -10.9951 -23.5554 1.19003
    endloop
  endfacet
  facet normal -0.662438 -0.747397 -0.0507363
    outer loop
      vertex -10.9951 -23.5554 1.19003
      vertex -11.3364 -24.5963 20.9797
      vertex -11.3405 -24.5927 20.9802
    endloop
  endfacet
  facet normal -0.656901 -0.752257 -0.0508965
    outer loop
      vertex -11.3364 -24.5963 20.9797
      vertex -10.9951 -23.5554 1.19003
      vertex -10.988 -23.5616 1.19003
    endloop
  endfacet
  facet normal -0.666774 -0.743539 -0.0506145
    outer loop
      vertex -10.988 -23.5616 1.19003
      vertex -11.3257 -24.6058 20.9783
      vertex -11.3364 -24.5963 20.9797
    endloop
  endfacet
  facet normal -0.666504 -0.74378 -0.0506226
    outer loop
      vertex -11.3257 -24.6058 20.9783
      vertex -10.988 -23.5616 1.19003
      vertex -10.9803 -23.5685 1.19003
    endloop
  endfacet
  facet normal -0.681559 -0.730042 -0.0501652
    outer loop
      vertex -10.9803 -23.5685 1.19003
      vertex -11.3217 -24.6095 20.9778
      vertex -11.3257 -24.6058 20.9783
    endloop
  endfacet
  facet normal -0.695614 -0.716694 -0.0497055
    outer loop
      vertex -11.3217 -24.6095 20.9778
      vertex -10.9803 -23.5685 1.19003
      vertex -10.9735 -23.5751 1.19003
    endloop
  endfacet
  facet normal -0.692135 -0.720046 -0.0498195
    outer loop
      vertex -10.9735 -23.5751 1.19003
      vertex -11.3113 -24.6194 20.9764
      vertex -11.3217 -24.6095 20.9778
    endloop
  endfacet
  facet normal -0.686885 -0.725045 -0.0499937
    outer loop
      vertex -11.3113 -24.6194 20.9764
      vertex -10.9735 -23.5751 1.19003
      vertex -10.9659 -23.5823 1.19003
    endloop
  endfacet
  facet normal -0.807314 -0.588409 -0.0449342
    outer loop
      vertex -10.9659 -23.5823 1.19003
      vertex -8.34075 -28.6452 20.3232
      vertex -11.3113 -24.6194 20.9764
    endloop
  endfacet
  facet normal -0.807315 -0.588408 -0.044934
    outer loop
      vertex -8.34075 -28.6452 20.3232
      vertex -10.9659 -23.5823 1.19003
      vertex -5.99773 -30.3988 1.1902
    endloop
  endfacet
  facet normal -0.807312 -0.588411 -0.0449334
    outer loop
      vertex -0.646772 -38.7267 14.1056
      vertex -8.34075 -28.6452 20.3232
      vertex -5.99773 -30.3988 1.1902
    endloop
  endfacet
  facet normal -0.807311 -0.588417 -0.0448881
    outer loop
      vertex -8.34075 -28.6452 20.3232
      vertex -2.50154 -36.5256 18.6057
      vertex -2.69898 -36.2911 19.0827
    endloop
  endfacet
  facet normal -0.807311 -0.588413 -0.0449356
    outer loop
      vertex -0.646772 -38.7267 14.1056
      vertex -5.99773 -30.3988 1.1902
      vertex -0.421337 -38.0497 1.1904
    endloop
  endfacet
  facet normal -0.807314 -0.588408 -0.0449401
    outer loop
      vertex -8.34075 -28.6452 20.3232
      vertex -0.646772 -38.7267 14.1056
      vertex -2.50154 -36.5256 18.6057
    endloop
  endfacet
  facet normal -0.687933 -0.724052 -0.0499619
    outer loop
      vertex -0.421337 -38.0497 1.1904
      vertex -0.641785 -38.7309 14.0978
      vertex -0.646772 -38.7267 14.1056
    endloop
  endfacet
  facet normal -0.695399 -0.716903 -0.049712
    outer loop
      vertex -0.641785 -38.7309 14.0978
      vertex -0.421337 -38.0497 1.1904
      vertex -0.414636 -38.0562 1.1904
    endloop
  endfacet
  facet normal -0.692325 -0.719865 -0.0498128
    outer loop
      vertex -0.414636 -38.0562 1.1904
      vertex -0.632054 -38.7392 14.0825
      vertex -0.641785 -38.7309 14.0978
    endloop
  endfacet
  facet normal -0.691205 -0.720937 -0.0498507
    outer loop
      vertex -0.632054 -38.7392 14.0825
      vertex -0.414636 -38.0562 1.1904
      vertex -0.407022 -38.0635 1.1904
    endloop
  endfacet
  facet normal -0.665304 -0.744852 -0.0506521
    outer loop
      vertex -0.407022 -38.0635 1.1904
      vertex -0.626908 -38.7433 14.0752
      vertex -0.632054 -38.7392 14.0825
    endloop
  endfacet
  facet normal -0.659872 -0.749658 -0.0508129
    outer loop
      vertex -0.626908 -38.7433 14.0752
      vertex -0.407022 -38.0635 1.1904
      vertex -0.400092 -38.0696 1.1904
    endloop
  endfacet
  facet normal -0.661253 -0.748443 -0.0507737
    outer loop
      vertex -0.400092 -38.0696 1.1904
      vertex -0.616876 -38.7512 14.061
      vertex -0.626908 -38.7433 14.0752
    endloop
  endfacet
  facet normal -0.663603 -0.746364 -0.0507032
    outer loop
      vertex -0.616876 -38.7512 14.061
      vertex -0.400092 -38.0696 1.1904
      vertex -0.392219 -38.0766 1.1904
    endloop
  endfacet
  facet normal -0.633772 -0.771803 -0.0515158
    outer loop
      vertex -0.392219 -38.0766 1.1904
      vertex -0.611582 -38.7551 14.0543
      vertex -0.616876 -38.7512 14.061
    endloop
  endfacet
  facet normal -0.635937 -0.770023 -0.0514589
    outer loop
      vertex -0.611582 -38.7551 14.0543
      vertex -0.392219 -38.0766 1.1904
      vertex -0.385075 -38.0825 1.1904
    endloop
  endfacet
  facet normal -0.633767 -0.771806 -0.0515139
    outer loop
      vertex -0.385075 -38.0825 1.1904
      vertex -0.60127 -38.7627 14.0413
      vertex -0.611582 -38.7551 14.0543
    endloop
  endfacet
  facet normal -0.630036 -0.774849 -0.0516122
    outer loop
      vertex -0.60127 -38.7627 14.0413
      vertex -0.385075 -38.0825 1.1904
      vertex -0.376958 -38.0891 1.1904
    endloop
  endfacet
  facet normal -0.601864 -0.796885 -0.0522755
    outer loop
      vertex -0.376958 -38.0891 1.1904
      vertex -0.585266 -38.7736 14.0232
      vertex -0.60127 -38.7627 14.0413
    endloop
  endfacet
  facet normal -0.60026 -0.798092 -0.0523138
    outer loop
      vertex -0.585266 -38.7736 14.0232
      vertex -0.376958 -38.0891 1.1904
      vertex -0.361269 -38.1009 1.1904
    endloop
  endfacet
  facet normal -0.568855 -0.820731 -0.0529524
    outer loop
      vertex -0.361269 -38.1009 1.1904
      vertex -0.579695 -38.7771 14.0176
      vertex -0.585266 -38.7736 14.0232
    endloop
  endfacet
  facet normal -0.574056 -0.817109 -0.05285
    outer loop
      vertex -0.579695 -38.7771 14.0176
      vertex -0.361269 -38.1009 1.1904
      vertex -0.353725 -38.1062 1.1904
    endloop
  endfacet
  facet normal -0.568318 -0.821103 -0.0529578
    outer loop
      vertex -0.353725 -38.1062 1.1904
      vertex -0.568864 -38.7839 14.0068
      vertex -0.579695 -38.7771 14.0176
    endloop
  endfacet
  facet normal -0.566172 -0.822581 -0.053
    outer loop
      vertex -0.568864 -38.7839 14.0068
      vertex -0.353725 -38.1062 1.1904
      vertex -0.345153 -38.1121 1.1904
    endloop
  endfacet
  facet normal -0.535142 -0.843064 -0.053532
    outer loop
      vertex -0.345153 -38.1121 1.1904
      vertex -0.563165 -38.7872 14.0018
      vertex -0.568864 -38.7839 14.0068
    endloop
  endfacet
  facet normal -0.54239 -0.838427 -0.053411
    outer loop
      vertex -0.563165 -38.7872 14.0018
      vertex -0.345153 -38.1121 1.1904
      vertex -0.337424 -38.1171 1.1904
    endloop
  endfacet
  facet normal -0.54034 -0.839748 -0.0534439
    outer loop
      vertex -0.337424 -38.1171 1.1904
      vertex -0.552094 -38.7937 13.992
      vertex -0.563165 -38.7872 14.0018
    endloop
  endfacet
  facet normal -0.536844 -0.841983 -0.0535035
    outer loop
      vertex -0.552094 -38.7937 13.992
      vertex -0.337424 -38.1171 1.1904
      vertex -0.328641 -38.1227 1.1904
    endloop
  endfacet
  facet normal -0.500937 -0.863796 -0.0540201
    outer loop
      vertex -0.328641 -38.1227 1.1904
      vertex -0.546274 -38.7968 13.9876
      vertex -0.552094 -38.7937 13.992
    endloop
  endfacet
  facet normal -0.502077 -0.863135 -0.0540046
    outer loop
      vertex -0.546274 -38.7968 13.9876
      vertex -0.328641 -38.1227 1.1904
      vertex -0.320733 -38.1273 1.1904
    endloop
  endfacet
  facet normal -0.50579 -0.860968 -0.0539567
    outer loop
      vertex -0.320733 -38.1273 1.1904
      vertex -0.534973 -38.8029 13.979
      vertex -0.546274 -38.7968 13.9876
    endloop
  endfacet
  facet normal -0.50013 -0.864263 -0.0540359
    outer loop
      vertex -0.534973 -38.8029 13.979
      vertex -0.320733 -38.1273 1.1904
      vertex -0.311747 -38.1325 1.1904
    endloop
  endfacet
  facet normal -0.467507 -0.882313 -0.0544127
    outer loop
      vertex -0.311747 -38.1325 1.1904
      vertex -0.529046 -38.8058 13.9751
      vertex -0.534973 -38.8029 13.979
    endloop
  endfacet
  facet normal -0.469778 -0.881107 -0.0543878
    outer loop
      vertex -0.529046 -38.8058 13.9751
      vertex -0.311747 -38.1325 1.1904
      vertex -0.303682 -38.1368 1.1904
    endloop
  endfacet
  facet normal -0.465222 -0.883519 -0.0544337
    outer loop
      vertex -0.303682 -38.1368 1.1904
      vertex -0.517545 -38.8114 13.9677
      vertex -0.529046 -38.8058 13.9751
    endloop
  endfacet
  facet normal -0.47079 -0.880569 -0.0543711
    outer loop
      vertex -0.517545 -38.8114 13.9677
      vertex -0.303682 -38.1368 1.1904
      vertex -0.294517 -38.1417 1.1904
    endloop
  endfacet
  facet normal -0.444841 -0.893942 -0.0546192
    outer loop
      vertex -0.294517 -38.1417 1.1904
      vertex -0.511513 -38.8142 13.9644
      vertex -0.517545 -38.8114 13.9677
    endloop
  endfacet
  facet normal -0.436821 -0.897885 -0.0546904
    outer loop
      vertex -0.511513 -38.8142 13.9644
      vertex -0.294517 -38.1417 1.1904
      vertex -0.286295 -38.1457 1.1904
    endloop
  endfacet
  facet normal -0.429966 -0.901184 -0.0547423
    outer loop
      vertex -0.286295 -38.1457 1.1904
      vertex -0.499812 -38.8194 13.9581
      vertex -0.511513 -38.8142 13.9644
    endloop
  endfacet
  facet normal -0.433284 -0.899595 -0.0547139
    outer loop
      vertex -0.499812 -38.8194 13.9581
      vertex -0.286295 -38.1457 1.1904
      vertex -0.276952 -38.1502 1.1904
    endloop
  endfacet
  facet normal -0.410104 -0.910386 -0.0548749
    outer loop
      vertex -0.276952 -38.1502 1.1904
      vertex -0.493679 -38.822 13.9554
      vertex -0.499812 -38.8194 13.9581
    endloop
  endfacet
  facet normal -0.403582 -0.913294 -0.0549172
    outer loop
      vertex -0.493679 -38.822 13.9554
      vertex -0.276952 -38.1502 1.1904
      vertex -0.268579 -38.1539 1.1904
    endloop
  endfacet
  facet normal -0.39433 -0.917324 -0.054965
    outer loop
      vertex -0.268579 -38.1539 1.1904
      vertex -0.481788 -38.8268 13.9502
      vertex -0.493679 -38.822 13.9554
    endloop
  endfacet
  facet normal -0.395196 -0.916951 -0.0549598
    outer loop
      vertex -0.481788 -38.8268 13.9502
      vertex -0.268579 -38.1539 1.1904
      vertex -0.259066 -38.158 1.1904
    endloop
  endfacet
  facet normal -0.362504 -0.930352 -0.0550916
    outer loop
      vertex -0.259066 -38.158 1.1904
      vertex -0.475566 -38.8291 13.9481
      vertex -0.481788 -38.8268 13.9502
    endloop
  endfacet
  facet normal -0.361072 -0.930909 -0.0550965
    outer loop
      vertex -0.475566 -38.8291 13.9481
      vertex -0.259066 -38.158 1.1904
      vertex -0.250558 -38.1613 1.1904
    endloop
  endfacet
  facet normal -0.365391 -0.929223 -0.0550845
    outer loop
      vertex -0.250558 -38.1613 1.1904
      vertex -0.463504 -38.8336 13.944
      vertex -0.475566 -38.8291 13.9481
    endloop
  endfacet
  facet normal -0.365252 -0.929278 -0.055085
    outer loop
      vertex -0.463504 -38.8336 13.944
      vertex -0.250558 -38.1613 1.1904
      vertex -0.24089 -38.1651 1.1904
    endloop
  endfacet
  facet normal -0.327262 -0.943322 -0.0551581
    outer loop
      vertex -0.24089 -38.1651 1.1904
      vertex -0.457198 -38.8357 13.9425
      vertex -0.463504 -38.8336 13.944
    endloop
  endfacet
  facet normal -0.327614 -0.9432 -0.0551576
    outer loop
      vertex -0.457198 -38.8357 13.9425
      vertex -0.24089 -38.1651 1.1904
      vertex -0.232253 -38.1681 1.1904
    endloop
  endfacet
  facet normal -0.329321 -0.942606 -0.0551566
    outer loop
      vertex -0.232253 -38.1681 1.1904
      vertex -0.444977 -38.8398 13.9396
      vertex -0.457198 -38.8357 13.9425
    endloop
  endfacet
  facet normal -0.326857 -0.943463 -0.0551607
    outer loop
      vertex -0.444977 -38.8398 13.9396
      vertex -0.232253 -38.1681 1.1904
      vertex -0.222439 -38.1715 1.1904
    endloop
  endfacet
  facet normal -0.288476 -0.955898 -0.0551426
    outer loop
      vertex -0.222439 -38.1715 1.1904
      vertex -0.426236 -38.8453 13.9369
      vertex -0.444977 -38.8398 13.9396
    endloop
  endfacet
  facet normal -0.291196 -0.955073 -0.0551424
    outer loop
      vertex -0.426236 -38.8453 13.9369
      vertex -0.222439 -38.1715 1.1904
      vertex -0.203744 -38.1772 1.1904
    endloop
  endfacet
  facet normal -0.252524 -0.966024 -0.0550414
    outer loop
      vertex -0.203744 -38.1772 1.1904
      vertex -0.407295 -38.8502 13.936
      vertex -0.426236 -38.8453 13.9369
    endloop
  endfacet
  facet normal -0.250284 -0.966607 -0.0550364
    outer loop
      vertex -0.407295 -38.8502 13.936
      vertex -0.203744 -38.1772 1.1904
      vertex -0.18482 -38.1821 1.1904
    endloop
  endfacet
  facet normal -0.211901 -0.975751 -0.0548421
    outer loop
      vertex -0.407295 -38.8502 13.936
      vertex -0.165698 -38.1863 1.1904
      vertex -0.388188 -38.8544 13.9369
    endloop
  endfacet
  facet normal -0.214205 -0.975247 -0.0548595
    outer loop
      vertex -0.165698 -38.1863 1.1904
      vertex -0.407295 -38.8502 13.936
      vertex -0.18482 -38.1821 1.1904
    endloop
  endfacet
  facet normal -0.176201 -0.982839 -0.0545954
    outer loop
      vertex -0.388188 -38.8544 13.9369
      vertex -0.146378 -38.1897 1.1904
      vertex -0.368913 -38.858 13.9395
    endloop
  endfacet
  facet normal -0.173062 -0.983398 -0.054565
    outer loop
      vertex -0.146378 -38.1897 1.1904
      vertex -0.388188 -38.8544 13.9369
      vertex -0.165698 -38.1863 1.1904
    endloop
  endfacet
  facet normal -0.137482 -0.989018 -0.0542409
    outer loop
      vertex -0.368913 -38.858 13.9395
      vertex -0.137262 -38.191 1.1904
      vertex -0.362311 -38.859 13.941
    endloop
  endfacet
  facet normal -0.14097 -0.988525 -0.0542785
    outer loop
      vertex -0.137262 -38.191 1.1904
      vertex -0.368913 -38.858 13.9395
      vertex -0.146378 -38.1897 1.1904
    endloop
  endfacet
  facet normal -0.13505 -0.989354 -0.0542167
    outer loop
      vertex -0.362311 -38.859 13.941
      vertex -0.126904 -38.1924 1.1904
      vertex -0.349516 -38.8609 13.9438
    endloop
  endfacet
  facet normal -0.133746 -0.989532 -0.0542019
    outer loop
      vertex -0.126904 -38.1924 1.1904
      vertex -0.362311 -38.859 13.941
      vertex -0.137262 -38.191 1.1904
    endloop
  endfacet
  facet normal -0.0999811 -0.993533 -0.0538216
    outer loop
      vertex -0.349516 -38.8609 13.9438
      vertex -0.107278 -38.1944 1.1904
      vertex -0.329998 -38.8632 13.95
    endloop
  endfacet
  facet normal -0.101234 -0.993405 -0.0538387
    outer loop
      vertex -0.107278 -38.1944 1.1904
      vertex -0.349516 -38.8609 13.9438
      vertex -0.126904 -38.1924 1.1904
    endloop
  endfacet
  facet normal -0.0532009 -0.997166 -0.053195
    outer loop
      vertex -0.329998 -38.8632 13.95
      vertex -0.0980343 -38.1949 1.19041
      vertex -0.323326 -38.8637 13.9527
    endloop
  endfacet
  facet normal -0.053878 -0.997129 -0.0532054
    outer loop
      vertex -0.0980343 -38.1949 1.19041
      vertex -0.329998 -38.8632 13.95
      vertex -0.107278 -38.1944 1.1904
    endloop
  endfacet
  facet normal -0.0552693 -0.997052 -0.0532242
    outer loop
      vertex -0.323326 -38.8637 13.9527
      vertex -0.0875305 -38.1955 1.19041
      vertex -0.31039 -38.8647 13.958
    endloop
  endfacet
  facet normal -0.0569483 -0.996956 -0.0532502
    outer loop
      vertex -0.0875305 -38.1955 1.19041
      vertex -0.323326 -38.8637 13.9527
      vertex -0.0980343 -38.1949 1.19041
    endloop
  endfacet
  facet normal -0.0335414 -0.998036 -0.0529053
    outer loop
      vertex -0.31039 -38.8647 13.958
      vertex -0.0782364 -38.1957 1.19041
      vertex -0.303693 -38.8651 13.9613
    endloop
  endfacet
  facet normal -0.0214841 -0.998379 -0.052704
    outer loop
      vertex -0.0782364 -38.1957 1.19041
      vertex -0.31039 -38.8647 13.958
      vertex -0.0875305 -38.1955 1.19041
    endloop
  endfacet
  facet normal -0.0121434 -0.998545 -0.0525486
    outer loop
      vertex -0.303693 -38.8651 13.9613
      vertex -0.067676 -38.1959 1.19041
      vertex -0.290706 -38.8656 13.9678
    endloop
  endfacet
  facet normal -0.018909 -0.998433 -0.0526678
    outer loop
      vertex -0.067676 -38.1959 1.19041
      vertex -0.303693 -38.8651 13.9613
      vertex -0.0782364 -38.1957 1.19041
    endloop
  endfacet
  facet normal -0.128079 -0.990285 -0.0541393
    outer loop
      vertex -0.067676 -38.1959 1.19041
      vertex 11.1448 -40.4987 16.7862
      vertex -0.290706 -38.8656 13.9678
    endloop
  endfacet
  facet normal -0.128079 -0.990285 -0.0541397
    outer loop
      vertex 11.1448 -40.4987 16.7862
      vertex -0.067676 -38.1959 1.19041
      vertex 17.168 -40.4251 1.19084
    endloop
  endfacet
  facet normal -0.128079 -0.990285 -0.0541404
    outer loop
      vertex 17.168 -40.4251 1.19084
      vertex 23.4976 -42.2299 19.2287
      vertex 12.1076 -40.6362 17.0234
    endloop
  endfacet
  facet normal -0.129661 -0.990052 -0.0546427
    outer loop
      vertex 17.168 -40.4251 1.19084
      vertex 12.1076 -40.6362 17.0234
      vertex 12.0972 -40.6347 17.0209
    endloop
  endfacet
  facet normal -0.128069 -0.990287 -0.0541361
    outer loop
      vertex 17.168 -40.4251 1.19084
      vertex 12.0972 -40.6347 17.0209
      vertex 11.1448 -40.4987 16.7862
    endloop
  endfacet
  facet normal -0.128077 -0.990285 -0.0541413
    outer loop
      vertex 36.6083 -42.9394 1.19132
      vertex 23.4976 -42.2299 19.2287
      vertex 17.168 -40.4251 1.19084
    endloop
  endfacet
  facet normal -0.128074 -0.990286 -0.0541394
    outer loop
      vertex 23.4976 -42.2299 19.2287
      vertex 36.6083 -42.9394 1.19132
      vertex 36.2878 -43.9016 19.5495
    endloop
  endfacet
  facet normal -0.102778 -0.993245 -0.0538602
    outer loop
      vertex 36.2878 -43.9016 19.5495
      vertex 36.6415 -42.9427 1.19132
      vertex 36.3211 -43.9051 19.5505
    endloop
  endfacet
  facet normal -0.0987669 -0.993655 -0.0538043
    outer loop
      vertex 36.6415 -42.9427 1.19132
      vertex 36.2878 -43.9016 19.5495
      vertex 36.6083 -42.9394 1.19132
    endloop
  endfacet
  facet normal -0.101791 -0.993348 -0.053838
    outer loop
      vertex 36.3211 -43.9051 19.5505
      vertex 36.6572 -42.9445 1.19132
      vertex 36.3307 -43.9061 19.5508
    endloop
  endfacet
  facet normal -0.113737 -0.992043 -0.0539884
    outer loop
      vertex 36.6572 -42.9445 1.19132
      vertex 36.3211 -43.9051 19.5505
      vertex 36.6415 -42.9427 1.19132
    endloop
  endfacet
  facet normal -0.11192 -0.992251 -0.0539599
    outer loop
      vertex 36.3307 -43.9061 19.5508
      vertex 36.6748 -42.9465 1.19132
      vertex 36.3543 -43.9088 19.5515
    endloop
  endfacet
  facet normal -0.112745 -0.992157 -0.0539705
    outer loop
      vertex 36.6748 -42.9465 1.19132
      vertex 36.3307 -43.9061 19.5508
      vertex 36.6572 -42.9445 1.19132
    endloop
  endfacet
  facet normal -0.124015 -0.990805 -0.0540981
    outer loop
      vertex 36.3543 -43.9088 19.5515
      vertex 36.6904 -42.9484 1.19132
      vertex 36.3638 -43.91 19.5517
    endloop
  endfacet
  facet normal -0.120725 -0.991213 -0.0540592
    outer loop
      vertex 36.6904 -42.9484 1.19132
      vertex 36.3543 -43.9088 19.5515
      vertex 36.6748 -42.9465 1.19132
    endloop
  endfacet
  facet normal -0.119706 -0.991337 -0.0540507
    outer loop
      vertex 36.3638 -43.91 19.5517
      vertex 36.708 -42.9505 1.19132
      vertex 36.3875 -43.9129 19.5524
    endloop
  endfacet
  facet normal -0.118305 -0.991506 -0.0540332
    outer loop
      vertex 36.708 -42.9505 1.19132
      vertex 36.3638 -43.91 19.5517
      vertex 36.6904 -42.9484 1.19132
    endloop
  endfacet
  facet normal -0.134259 -0.989463 -0.0542064
    outer loop
      vertex 36.708 -42.9505 1.19132
      vertex 36.397 -43.9142 19.5526
      vertex 36.3875 -43.9129 19.5524
    endloop
  endfacet
  facet normal -0.133216 -0.989604 -0.0541962
    outer loop
      vertex 36.397 -43.9142 19.5526
      vertex 36.708 -42.9505 1.19132
      vertex 36.7236 -42.9526 1.19132
    endloop
  endfacet
  facet normal -0.128693 -0.990205 -0.0541472
    outer loop
      vertex 36.7236 -42.9526 1.19132
      vertex 36.4206 -43.9173 19.5532
      vertex 36.397 -43.9142 19.5526
    endloop
  endfacet
  facet normal -0.130117 -0.990018 -0.0541609
    outer loop
      vertex 36.4206 -43.9173 19.5532
      vertex 36.7236 -42.9526 1.19132
      vertex 36.7411 -42.9549 1.19132
    endloop
  endfacet
  facet normal -0.14446 -0.988019 -0.0543065
    outer loop
      vertex 36.7411 -42.9549 1.19132
      vertex 36.4301 -43.9187 19.5534
      vertex 36.4206 -43.9173 19.5532
    endloop
  endfacet
  facet normal -0.139438 -0.988743 -0.0542594
    outer loop
      vertex 36.4301 -43.9187 19.5534
      vertex 36.7411 -42.9549 1.19132
      vertex 36.7567 -42.9571 1.19132
    endloop
  endfacet
  facet normal -0.137152 -0.989064 -0.0542356
    outer loop
      vertex 36.7567 -42.9571 1.19132
      vertex 36.4537 -43.922 19.5539
      vertex 36.4301 -43.9187 19.5534
    endloop
  endfacet
  facet normal -0.141213 -0.98849 -0.0542724
    outer loop
      vertex 36.4537 -43.922 19.5539
      vertex 36.7567 -42.9571 1.19132
      vertex 36.7742 -42.9596 1.19132
    endloop
  endfacet
  facet normal -0.154614 -0.986476 -0.0544008
    outer loop
      vertex 36.7742 -42.9596 1.19132
      vertex 36.4632 -43.9235 19.5541
      vertex 36.4537 -43.922 19.5539
    endloop
  endfacet
  facet normal -0.14561 -0.98785 -0.0543204
    outer loop
      vertex 36.4632 -43.9235 19.5541
      vertex 36.7742 -42.9596 1.19132
      vertex 36.7898 -42.9619 1.19133
    endloop
  endfacet
  facet normal -0.150071 -0.987179 -0.0543646
    outer loop
      vertex 36.7898 -42.9619 1.19133
      vertex 36.4867 -43.9271 19.5546
      vertex 36.4632 -43.9235 19.5541
    endloop
  endfacet
  facet normal -0.15311 -0.986711 -0.0543902
    outer loop
      vertex 36.4867 -43.9271 19.5546
      vertex 36.7898 -42.9619 1.19133
      vertex 36.8072 -42.9646 1.19133
    endloop
  endfacet
  facet normal -0.16472 -0.984834 -0.0544944
    outer loop
      vertex 36.8072 -42.9646 1.19133
      vertex 36.4962 -43.9287 19.5548
      vertex 36.4867 -43.9271 19.5546
    endloop
  endfacet
  facet normal -0.158003 -0.985937 -0.0544385
    outer loop
      vertex 36.4962 -43.9287 19.5548
      vertex 36.8072 -42.9646 1.19133
      vertex 36.8228 -42.9671 1.19133
    endloop
  endfacet
  facet normal -0.158489 -0.985859 -0.0544431
    outer loop
      vertex 36.8228 -42.9671 1.19133
      vertex 36.5197 -43.9325 19.5552
      vertex 36.4962 -43.9287 19.5548
    endloop
  endfacet
  facet normal -0.15864 -0.985834 -0.0544443
    outer loop
      vertex 36.5197 -43.9325 19.5552
      vertex 36.8228 -42.9671 1.19133
      vertex 36.8402 -42.9699 1.19133
    endloop
  endfacet
  facet normal -0.164719 -0.984834 -0.054498
    outer loop
      vertex 36.8402 -42.9699 1.19133
      vertex 36.5292 -43.9341 19.5554
      vertex 36.5197 -43.9325 19.5552
    endloop
  endfacet
  facet normal -0.170288 -0.983884 -0.0545424
    outer loop
      vertex 36.5292 -43.9341 19.5554
      vertex 36.8402 -42.9699 1.19133
      vertex 36.8558 -42.9726 1.19133
    endloop
  endfacet
  facet normal -0.171649 -0.983647 -0.0545542
    outer loop
      vertex 36.8558 -42.9726 1.19133
      vertex 36.5526 -43.9382 19.5557
      vertex 36.5292 -43.9341 19.5554
    endloop
  endfacet
  facet normal -0.170606 -0.983828 -0.0545465
    outer loop
      vertex 36.5526 -43.9382 19.5557
      vertex 36.8558 -42.9726 1.19133
      vertex 36.8731 -42.9756 1.19133
    endloop
  endfacet
  facet normal -0.176574 -0.982772 -0.0545953
    outer loop
      vertex 36.8731 -42.9756 1.19133
      vertex 36.562 -43.9399 19.5559
      vertex 36.5526 -43.9382 19.5557
    endloop
  endfacet
  facet normal -0.177503 -0.982604 -0.0546022
    outer loop
      vertex 36.562 -43.9399 19.5559
      vertex 36.8731 -42.9756 1.19133
      vertex 36.8886 -42.9784 1.19133
    endloop
  endfacet
  facet normal -0.179787 -0.982188 -0.0546211
    outer loop
      vertex 36.8886 -42.9784 1.19133
      vertex 36.5854 -43.9442 19.5562
      vertex 36.562 -43.9399 19.5559
    endloop
  endfacet
  facet normal -0.180605 -0.982038 -0.0546266
    outer loop
      vertex 36.5854 -43.9442 19.5562
      vertex 36.8886 -42.9784 1.19133
      vertex 36.906 -42.9816 1.19133
    endloop
  endfacet
  facet normal -0.185328 -0.981155 -0.0546628
    outer loop
      vertex 36.906 -42.9816 1.19133
      vertex 36.5949 -43.946 19.5563
      vertex 36.5854 -43.9442 19.5562
    endloop
  endfacet
  facet normal -0.183631 -0.981475 -0.0546509
    outer loop
      vertex 36.5949 -43.946 19.5563
      vertex 36.906 -42.9816 1.19133
      vertex 36.9215 -42.9845 1.19133
    endloop
  endfacet
  facet normal -0.188666 -0.980517 -0.0546903
    outer loop
      vertex 36.9215 -42.9845 1.19133
      vertex 36.6182 -43.9505 19.5566
      vertex 36.5949 -43.946 19.5563
    endloop
  endfacet
  facet normal -0.192554 -0.97976 -0.0547147
    outer loop
      vertex 36.6182 -43.9505 19.5566
      vertex 36.9215 -42.9845 1.19133
      vertex 36.9388 -42.9879 1.19133
    endloop
  endfacet
  facet normal -0.195268 -0.979221 -0.0547338
    outer loop
      vertex 36.9388 -42.9879 1.19133
      vertex 36.6277 -43.9524 19.5567
      vertex 36.6182 -43.9505 19.5566
    endloop
  endfacet
  facet normal -0.195822 -0.979111 -0.0547374
    outer loop
      vertex 36.6277 -43.9524 19.5567
      vertex 36.9388 -42.9879 1.19133
      vertex 36.9543 -42.991 1.19133
    endloop
  endfacet
  facet normal -0.19676 -0.978922 -0.0547442
    outer loop
      vertex 36.9543 -42.991 1.19133
      vertex 36.651 -43.9571 19.557
      vertex 36.6277 -43.9524 19.5567
    endloop
  endfacet
  facet normal -0.199103 -0.978448 -0.0547579
    outer loop
      vertex 36.651 -43.9571 19.557
      vertex 36.9543 -42.991 1.19133
      vertex 36.9715 -42.9945 1.19133
    endloop
  endfacet
  facet normal -0.207795 -0.976635 -0.0548146
    outer loop
      vertex 36.9715 -42.9945 1.19133
      vertex 36.6604 -43.9591 19.557
      vertex 36.651 -43.9571 19.557
    endloop
  endfacet
  facet normal -0.207923 -0.976608 -0.0548154
    outer loop
      vertex 36.6604 -43.9591 19.557
      vertex 36.9715 -42.9945 1.19133
      vertex 36.987 -42.9978 1.19133
    endloop
  endfacet
  facet normal -0.20905 -0.976367 -0.0548228
    outer loop
      vertex 36.987 -42.9978 1.19133
      vertex 36.6837 -43.9641 19.5572
      vertex 36.6604 -43.9591 19.557
    endloop
  endfacet
  facet normal -0.204555 -0.97732 -0.0547987
    outer loop
      vertex 36.6837 -43.9641 19.5572
      vertex 36.987 -42.9978 1.19133
      vertex 37.0042 -43.0014 1.19133
    endloop
  endfacet
  facet normal -0.217145 -0.974596 -0.0548756
    outer loop
      vertex 37.0042 -43.0014 1.19133
      vertex 36.6931 -43.9662 19.5573
      vertex 36.6837 -43.9641 19.5572
    endloop
  endfacet
  facet normal -0.221287 -0.973662 -0.0548967
    outer loop
      vertex 36.6931 -43.9662 19.5573
      vertex 37.0042 -43.0014 1.19133
      vertex 37.0196 -43.0049 1.19133
    endloop
  endfacet
  facet normal -0.218157 -0.97437 -0.0548781
    outer loop
      vertex 37.0196 -43.0049 1.19133
      vertex 36.7163 -43.9714 19.5574
      vertex 36.6931 -43.9662 19.5573
    endloop
  endfacet
  facet normal -0.215403 -0.974983 -0.0548649
    outer loop
      vertex 36.7163 -43.9714 19.5574
      vertex 37.0196 -43.0049 1.19133
      vertex 37.0368 -43.0087 1.19133
    endloop
  endfacet
  facet normal -0.219367 -0.974097 -0.0548877
    outer loop
      vertex 37.0368 -43.0087 1.19133
      vertex 36.7256 -43.9735 19.5575
      vertex 36.7163 -43.9714 19.5574
    endloop
  endfacet
  facet normal -0.227286 -0.972278 -0.0549263
    outer loop
      vertex 36.7256 -43.9735 19.5575
      vertex 37.0368 -43.0087 1.19133
      vertex 37.0522 -43.0123 1.19133
    endloop
  endfacet
  facet normal -0.226357 -0.972495 -0.0549211
    outer loop
      vertex 37.0522 -43.0123 1.19133
      vertex 36.7488 -43.9789 19.5575
      vertex 36.7256 -43.9735 19.5575
    endloop
  endfacet
  facet normal -0.226172 -0.972538 -0.0549203
    outer loop
      vertex 36.7488 -43.9789 19.5575
      vertex 37.0522 -43.0123 1.19133
      vertex 37.0694 -43.0163 1.19133
    endloop
  endfacet
  facet normal -0.239158 -0.969423 -0.0549837
    outer loop
      vertex 37.0694 -43.0163 1.19133
      vertex 36.7581 -43.9812 19.5576
      vertex 36.7488 -43.9789 19.5575
    endloop
  endfacet
  facet normal -0.234699 -0.970513 -0.0549654
    outer loop
      vertex 36.7581 -43.9812 19.5576
      vertex 37.0694 -43.0163 1.19133
      vertex 37.0847 -43.02 1.19133
    endloop
  endfacet
  facet normal -0.234286 -0.970613 -0.0549633
    outer loop
      vertex 37.0847 -43.02 1.19133
      vertex 36.7813 -43.9868 19.5576
      vertex 36.7581 -43.9812 19.5576
    endloop
  endfacet
  facet normal -0.238164 -0.969668 -0.0549776
    outer loop
      vertex 36.7813 -43.9868 19.5576
      vertex 37.0847 -43.02 1.19133
      vertex 37.1018 -43.0242 1.19133
    endloop
  endfacet
  facet normal -0.249499 -0.96681 -0.0550257
    outer loop
      vertex 37.1018 -43.0242 1.19133
      vertex 36.7906 -43.9892 19.5576
      vertex 36.7813 -43.9868 19.5576
    endloop
  endfacet
  facet normal -0.240678 -0.969046 -0.0549936
    outer loop
      vertex 36.7906 -43.9892 19.5576
      vertex 37.1018 -43.0242 1.19133
      vertex 37.1171 -43.028 1.19133
    endloop
  endfacet
  facet normal -0.2481 -0.96717 -0.0550274
    outer loop
      vertex 37.1171 -43.028 1.19133
      vertex 36.8136 -43.9951 19.5576
      vertex 36.7906 -43.9892 19.5576
    endloop
  endfacet
  facet normal -0.248815 -0.966986 -0.0550296
    outer loop
      vertex 36.8136 -43.9951 19.5576
      vertex 37.1171 -43.028 1.19133
      vertex 37.1342 -43.0324 1.19133
    endloop
  endfacet
  facet normal -0.247008 -0.96745 -0.0550223
    outer loop
      vertex 37.1342 -43.0324 1.19133
      vertex 36.823 -43.9975 19.5576
      vertex 36.8136 -43.9951 19.5576
    endloop
  endfacet
  facet normal -0.252553 -0.966016 -0.0550409
    outer loop
      vertex 36.823 -43.9975 19.5576
      vertex 37.1342 -43.0324 1.19133
      vertex 37.1495 -43.0364 1.19133
    endloop
  endfacet
  facet normal -0.256189 -0.965057 -0.0550554
    outer loop
      vertex 37.1495 -43.0364 1.19133
      vertex 36.846 -44.0036 19.5575
      vertex 36.823 -43.9975 19.5576
    endloop
  endfacet
  facet normal -0.255504 -0.965239 -0.0550537
    outer loop
      vertex 36.846 -44.0036 19.5575
      vertex 37.1495 -43.0364 1.19133
      vertex 37.1665 -43.0409 1.19133
    endloop
  endfacet
  facet normal -0.271544 -0.960847 -0.0551034
    outer loop
      vertex 37.1665 -43.0409 1.19133
      vertex 36.8552 -44.0062 19.5575
      vertex 36.846 -44.0036 19.5575
    endloop
  endfacet
  facet normal -0.264282 -0.962871 -0.0550866
    outer loop
      vertex 36.8552 -44.0062 19.5575
      vertex 37.1665 -43.0409 1.19133
      vertex 37.1818 -43.0451 1.19134
    endloop
  endfacet
  facet normal -0.260103 -0.964009 -0.0550719
    outer loop
      vertex 37.1818 -43.0451 1.19134
      vertex 36.8782 -44.0124 19.5574
      vertex 36.8552 -44.0062 19.5575
    endloop
  endfacet
  facet normal -0.266069 -0.962379 -0.0550846
    outer loop
      vertex 36.8782 -44.0124 19.5574
      vertex 37.1818 -43.0451 1.19134
      vertex 37.1988 -43.0498 1.19134
    endloop
  endfacet
  facet normal -0.278933 -0.958728 -0.0551178
    outer loop
      vertex 37.1988 -43.0498 1.19134
      vertex 36.8875 -44.0151 19.5573
      vertex 36.8782 -44.0124 19.5574
    endloop
  endfacet
  facet normal -0.273464 -0.960302 -0.0551079
    outer loop
      vertex 36.8875 -44.0151 19.5573
      vertex 37.1988 -43.0498 1.19134
      vertex 37.2139 -43.0541 1.19134
    endloop
  endfacet
  facet normal -0.273971 -0.960158 -0.0551093
    outer loop
      vertex 37.2139 -43.0541 1.19134
      vertex 36.9103 -44.0216 19.5572
      vertex 36.8875 -44.0151 19.5573
    endloop
  endfacet
  facet normal -0.271316 -0.960912 -0.0551052
    outer loop
      vertex 36.9103 -44.0216 19.5572
      vertex 37.2139 -43.0541 1.19134
      vertex 37.2309 -43.0589 1.19134
    endloop
  endfacet
  facet normal -0.278933 -0.958727 -0.0551236
    outer loop
      vertex 37.2309 -43.0589 1.19134
      vertex 36.9196 -44.0243 19.5571
      vertex 36.9103 -44.0216 19.5572
    endloop
  endfacet
  facet normal -0.285166 -0.956891 -0.0551328
    outer loop
      vertex 36.9196 -44.0243 19.5571
      vertex 37.2309 -43.0589 1.19134
      vertex 37.246 -43.0634 1.19134
    endloop
  endfacet
  facet normal -0.285814 -0.956698 -0.0551342
    outer loop
      vertex 37.246 -43.0634 1.19134
      vertex 36.9424 -44.0311 19.5569
      vertex 36.9196 -44.0243 19.5571
    endloop
  endfacet
  facet normal -0.281737 -0.957906 -0.0551304
    outer loop
      vertex 36.9424 -44.0311 19.5569
      vertex 37.246 -43.0634 1.19134
      vertex 37.263 -43.0684 1.19134
    endloop
  endfacet
  facet normal -0.499521 -0.864602 -0.0542405
    outer loop
      vertex 36.9424 -44.0311 19.5569
      vertex 41.1689 -46.428 18.8404
      vertex 40.456 -46.0465 19.3246
    endloop
  endfacet
  facet normal -0.499501 -0.864626 -0.0540422
    outer loop
      vertex 37.263 -43.0684 1.19134
      vertex 41.1689 -46.428 18.8404
      vertex 36.9424 -44.0311 19.5569
    endloop
  endfacet
  facet normal -0.499518 -0.864616 -0.0540367
    outer loop
      vertex 41.1689 -46.428 18.8404
      vertex 37.263 -43.0684 1.19134
      vertex 43.9993 -46.9602 1.19153
    endloop
  endfacet
  facet normal -0.499513 -0.864619 -0.0540359
    outer loop
      vertex 43.9993 -46.9602 1.19153
      vertex 51.3722 -51.8896 11.9102
      vertex 41.1689 -46.428 18.8404
    endloop
  endfacet
  facet normal -0.499516 -0.864618 -0.0540332
    outer loop
      vertex 51.3722 -51.8896 11.9102
      vertex 43.9993 -46.9602 1.19153
      vertex 51.5592 -51.3278 1.19175
    endloop
  endfacet
  facet normal -0.524938 -0.849446 -0.0536815
    outer loop
      vertex 51.5592 -51.3278 1.19175
      vertex 51.4078 -51.9099 11.8833
      vertex 51.3722 -51.8896 11.9102
    endloop
  endfacet
  facet normal -0.523861 -0.850109 -0.0537023
    outer loop
      vertex 51.4078 -51.9099 11.8833
      vertex 51.5592 -51.3278 1.19175
      vertex 51.6048 -51.3559 1.19175
    endloop
  endfacet
  facet normal -0.524535 -0.849694 -0.0536932
    outer loop
      vertex 51.6048 -51.3559 1.19175
      vertex 51.4703 -51.9455 11.8361
      vertex 51.4078 -51.9099 11.8833
    endloop
  endfacet
  facet normal -0.524911 -0.849462 -0.0536851
    outer loop
      vertex 51.4703 -51.9455 11.8361
      vertex 51.6048 -51.3559 1.19175
      vertex 51.6561 -51.3876 1.19175
    endloop
  endfacet
  facet normal -0.453528 -0.889572 -0.0545414
    outer loop
      vertex 51.6561 -51.3876 1.19175
      vertex 51.5711 -51.9935 11.7808
      vertex 51.4703 -51.9455 11.8361
    endloop
  endfacet
  facet normal -0.453664 -0.889502 -0.0545385
    outer loop
      vertex 51.5711 -51.9935 11.7808
      vertex 51.6561 -51.3876 1.19175
      vertex 51.7559 -51.4385 1.19175
    endloop
  endfacet
  facet normal -0.379271 -0.923648 -0.0550298
    outer loop
      vertex 51.7559 -51.4385 1.19175
      vertex 51.6086 -52.0081 11.7674
      vertex 51.5711 -51.9935 11.7808
    endloop
  endfacet
  facet normal -0.380076 -0.923317 -0.0550233
    outer loop
      vertex 51.6086 -52.0081 11.7674
      vertex 51.7559 -51.4385 1.19175
      vertex 51.804 -51.4583 1.19175
    endloop
  endfacet
  facet normal -0.381109 -0.922892 -0.0550202
    outer loop
      vertex 51.804 -51.4583 1.19175
      vertex 51.674 -52.0337 11.7438
      vertex 51.6086 -52.0081 11.7674
    endloop
  endfacet
  facet normal -0.379916 -0.923383 -0.0550323
    outer loop
      vertex 51.674 -52.0337 11.7438
      vertex 51.804 -51.4583 1.19175
      vertex 51.8582 -51.4806 1.19175
    endloop
  endfacet
  facet normal -0.30463 -0.950872 -0.055159
    outer loop
      vertex 51.8582 -51.4806 1.19175
      vertex 51.7121 -52.0455 11.7368
      vertex 51.674 -52.0337 11.7438
    endloop
  endfacet
  facet normal -0.305229 -0.95068 -0.055157
    outer loop
      vertex 51.7121 -52.0455 11.7368
      vertex 51.8582 -51.4806 1.19175
      vertex 51.9071 -51.4963 1.19175
    endloop
  endfacet
  facet normal -0.305013 -0.95075 -0.0551566
    outer loop
      vertex 51.9071 -51.4963 1.19175
      vertex 51.7785 -52.0661 11.7247
      vertex 51.7121 -52.0455 11.7368
    endloop
  endfacet
  facet normal -0.304865 -0.950797 -0.0551574
    outer loop
      vertex 51.7785 -52.0661 11.7247
      vertex 51.9071 -51.4963 1.19175
      vertex 51.9623 -51.514 1.19176
    endloop
  endfacet
  facet normal -0.230489 -0.971522 -0.0549459
    outer loop
      vertex 51.9623 -51.514 1.19176
      vertex 51.817 -52.0752 11.7241
      vertex 51.7785 -52.0661 11.7247
    endloop
  endfacet
  facet normal -0.229239 -0.971818 -0.0549444
    outer loop
      vertex 51.817 -52.0752 11.7241
      vertex 51.9623 -51.514 1.19176
      vertex 52.0119 -51.5257 1.19176
    endloop
  endfacet
  facet normal -0.228336 -0.972031 -0.0549388
    outer loop
      vertex 52.0119 -51.5257 1.19176
      vertex 51.8841 -52.0909 11.723
      vertex 51.817 -52.0752 11.7241
    endloop
  endfacet
  facet normal -0.22908 -0.971856 -0.0549384
    outer loop
      vertex 51.8841 -52.0909 11.723
      vertex 52.0119 -51.5257 1.19176
      vertex 52.0679 -51.5389 1.19176
    endloop
  endfacet
  facet normal -0.152628 -0.986786 -0.0543912
    outer loop
      vertex 51.8841 -52.0909 11.723
      vertex 52.118 -51.5466 1.19176
      vertex 51.9228 -52.0972 11.7287
    endloop
  endfacet
  facet normal -0.151684 -0.986932 -0.0543778
    outer loop
      vertex 52.118 -51.5466 1.19176
      vertex 51.8841 -52.0909 11.723
      vertex 52.0679 -51.5389 1.19176
    endloop
  endfacet
  facet normal -0.151482 -0.986963 -0.0543752
    outer loop
      vertex 51.9228 -52.0972 11.7287
      vertex 52.1744 -51.5553 1.19176
      vertex 51.9903 -52.1081 11.7385
    endloop
  endfacet
  facet normal -0.152227 -0.986848 -0.0543871
    outer loop
      vertex 52.1744 -51.5553 1.19176
      vertex 51.9228 -52.0972 11.7287
      vertex 52.118 -51.5466 1.19176
    endloop
  endfacet
  facet normal -0.0746406 -0.995775 -0.0534969
    outer loop
      vertex 51.9903 -52.1081 11.7385
      vertex 52.2813 -51.5633 1.19176
      vertex 52.0967 -52.1178 11.7706
    endloop
  endfacet
  facet normal -0.0745208 -0.995784 -0.0534941
    outer loop
      vertex 52.2813 -51.5633 1.19176
      vertex 51.9903 -52.1081 11.7385
      vertex 52.1744 -51.5553 1.19176
    endloop
  endfacet
  facet normal 0.00314653 -0.998627 -0.052293
    outer loop
      vertex 52.0967 -52.1178 11.7706
      vertex 52.3316 -51.5631 1.19177
      vertex 52.1353 -52.1186 11.7882
    endloop
  endfacet
  facet normal 0.00398107 -0.998625 -0.0522744
    outer loop
      vertex 52.3316 -51.5631 1.19177
      vertex 52.0967 -52.1178 11.7706
      vertex 52.2813 -51.5633 1.19176
    endloop
  endfacet
  facet normal 0.00307338 -0.998627 -0.0522874
    outer loop
      vertex 52.1353 -52.1186 11.7882
      vertex 52.3882 -51.563 1.19177
      vertex 52.2027 -52.12 11.8189
    endloop
  endfacet
  facet normal 0.00176436 -0.998629 -0.0523188
    outer loop
      vertex 52.3882 -51.563 1.19177
      vertex 52.1353 -52.1186 11.7882
      vertex 52.3316 -51.5631 1.19177
    endloop
  endfacet
endsolid OpenSCAD_Model
