solid OpenSCAD_Model
  facet normal -0.998023 -0.0628478 0
    outer loop
      vertex 54.2567 -13.859 1
      vertex 54.2517 -13.7796 8
      vertex 54.2517 -13.7796 1
    endloop
  endfacet
  facet normal -0.998023 -0.0628478 0
    outer loop
      vertex 54.2517 -13.7796 8
      vertex 54.2567 -13.859 1
      vertex 54.2567 -13.859 8
    endloop
  endfacet
  facet normal 0.99454 0.104358 0
    outer loop
      vertex 58.0433 -13.541 8
      vertex 58.035 -13.4619 1
      vertex 58.035 -13.4619 8
    endloop
  endfacet
  facet normal 0.99454 0.104358 0
    outer loop
      vertex 58.035 -13.4619 1
      vertex 58.0433 -13.541 8
      vertex 58.0433 -13.541 1
    endloop
  endfacet
  facet normal -0.93746 -0.348092 0
    outer loop
      vertex 54.3834 -14.3994 1
      vertex 54.3557 -14.3248 8
      vertex 54.3557 -14.3248 1
    endloop
  endfacet
  facet normal -0.93746 -0.348092 0
    outer loop
      vertex 54.3557 -14.3248 8
      vertex 54.3834 -14.3994 1
      vertex 54.3834 -14.3994 8
    endloop
  endfacet
  facet normal -0.368139 0.929771 0
    outer loop
      vertex 55.4877 -11.9192 1
      vertex 55.4137 -11.9485 8
      vertex 55.4877 -11.9192 8
    endloop
  endfacet
  facet normal -0.368139 0.929771 0
    outer loop
      vertex 55.4137 -11.9485 8
      vertex 55.4877 -11.9192 1
      vertex 55.4137 -11.9485 1
    endloop
  endfacet
  facet normal -0.99454 -0.104358 0
    outer loop
      vertex 54.265 -13.9381 1
      vertex 54.2567 -13.859 8
      vertex 54.2567 -13.859 1
    endloop
  endfacet
  facet normal -0.99454 -0.104358 0
    outer loop
      vertex 54.2567 -13.859 8
      vertex 54.265 -13.9381 1
      vertex 54.265 -13.9381 8
    endloop
  endfacet
  facet normal -0.620703 0.784046 0
    outer loop
      vertex 55.0013 -12.1866 1
      vertex 54.9389 -12.236 8
      vertex 55.0013 -12.1866 8
    endloop
  endfacet
  facet normal -0.620703 0.784046 0
    outer loop
      vertex 54.9389 -12.236 8
      vertex 55.0013 -12.1866 1
      vertex 54.9389 -12.236 1
    endloop
  endfacet
  facet normal -0.921659 -0.388001 0
    outer loop
      vertex 54.4143 -14.4728 1
      vertex 54.3834 -14.3994 8
      vertex 54.3834 -14.3994 1
    endloop
  endfacet
  facet normal -0.921659 -0.388001 0
    outer loop
      vertex 54.3834 -14.3994 8
      vertex 54.4143 -14.4728 1
      vertex 54.4143 -14.4728 8
    endloop
  endfacet
  facet normal 0.82088 0.571101 0
    outer loop
      vertex 57.7326 -12.6486 8
      vertex 57.6871 -12.5832 1
      vertex 57.6871 -12.5832 8
    endloop
  endfacet
  facet normal 0.82088 0.571101 0
    outer loop
      vertex 57.6871 -12.5832 1
      vertex 57.7326 -12.6486 8
      vertex 57.7326 -12.6486 1
    endloop
  endfacet
  facet normal 0.12558 0.992083 -0
    outer loop
      vertex 56.4276 -11.8204 1
      vertex 56.3486 -11.8104 8
      vertex 56.4276 -11.8204 8
    endloop
  endfacet
  facet normal 0.12558 0.992083 0
    outer loop
      vertex 56.3486 -11.8104 8
      vertex 56.4276 -11.8204 1
      vertex 56.3486 -11.8104 1
    endloop
  endfacet
  facet normal 0.79667 -0.604414 0
    outer loop
      vertex 57.639 -14.8802 8
      vertex 57.6871 -14.8168 1
      vertex 57.6871 -14.8168 8
    endloop
  endfacet
  facet normal 0.79667 -0.604414 0
    outer loop
      vertex 57.6871 -14.8168 1
      vertex 57.639 -14.8802 8
      vertex 57.639 -14.8802 1
    endloop
  endfacet
  facet normal 0.921659 -0.388001 0
    outer loop
      vertex 57.8857 -14.4728 8
      vertex 57.9166 -14.3994 1
      vertex 57.9166 -14.3994 8
    endloop
  endfacet
  facet normal 0.921659 -0.388001 0
    outer loop
      vertex 57.9166 -14.3994 1
      vertex 57.8857 -14.4728 8
      vertex 57.8857 -14.4728 1
    endloop
  endfacet
  facet normal 0.444699 0.89568 -0
    outer loop
      vertex 57.0303 -12.0162 1
      vertex 56.959 -11.9808 8
      vertex 57.0303 -12.0162 8
    endloop
  endfacet
  facet normal 0.444699 0.89568 0
    outer loop
      vertex 56.959 -11.9808 8
      vertex 57.0303 -12.0162 1
      vertex 56.959 -11.9808 1
    endloop
  endfacet
  facet normal 0.989338 0.145639 0
    outer loop
      vertex 58.035 -13.4619 8
      vertex 58.0234 -13.3831 1
      vertex 58.0234 -13.3831 8
    endloop
  endfacet
  facet normal 0.989338 0.145639 0
    outer loop
      vertex 58.0234 -13.3831 1
      vertex 58.035 -13.4619 8
      vertex 58.035 -13.4619 1
    endloop
  endfacet
  facet normal -0.770586 -0.637336 0
    outer loop
      vertex 54.7117 -14.9415 1
      vertex 54.661 -14.8802 8
      vertex 54.661 -14.8802 1
    endloop
  endfacet
  facet normal -0.770586 -0.637336 0
    outer loop
      vertex 54.661 -14.8802 8
      vertex 54.7117 -14.9415 1
      vertex 54.7117 -14.9415 8
    endloop
  endfacet
  facet normal 0.93746 0.348092 0
    outer loop
      vertex 57.9443 -13.0752 8
      vertex 57.9166 -13.0006 1
      vertex 57.9166 -13.0006 8
    endloop
  endfacet
  facet normal 0.93746 0.348092 0
    outer loop
      vertex 57.9166 -13.0006 1
      vertex 57.9443 -13.0752 8
      vertex 57.9443 -13.0752 1
    endloop
  endfacet
  facet normal 0.482546 -0.875871 0
    outer loop
      vertex 57.0303 -15.3838 1
      vertex 57.1 -15.3454 8
      vertex 57.0303 -15.3838 8
    endloop
  endfacet
  facet normal 0.482546 -0.875871 0
    outer loop
      vertex 57.1 -15.3454 8
      vertex 57.0303 -15.3838 1
      vertex 57.1 -15.3454 1
    endloop
  endfacet
  facet normal -0.950923 0.309427 0
    outer loop
      vertex 54.3311 -13.1508 1
      vertex 54.3557 -13.0752 8
      vertex 54.3557 -13.0752 1
    endloop
  endfacet
  facet normal -0.950923 0.309427 0
    outer loop
      vertex 54.3557 -13.0752 8
      vertex 54.3311 -13.1508 1
      vertex 54.3311 -13.1508 8
    endloop
  endfacet
  facet normal -0.821468 -0.570255 0
    outer loop
      vertex 54.6129 -14.8168 1
      vertex 54.5675 -14.7514 8
      vertex 54.5675 -14.7514 1
    endloop
  endfacet
  facet normal -0.821468 -0.570255 0
    outer loop
      vertex 54.5675 -14.7514 8
      vertex 54.6129 -14.8168 1
      vertex 54.6129 -14.8168 8
    endloop
  endfacet
  facet normal 0.989338 -0.145639 0
    outer loop
      vertex 58.0234 -14.0169 8
      vertex 58.035 -13.9381 1
      vertex 58.035 -13.9381 8
    endloop
  endfacet
  facet normal 0.989338 -0.145639 0
    outer loop
      vertex 58.035 -13.9381 1
      vertex 58.0234 -14.0169 8
      vertex 58.0234 -14.0169 1
    endloop
  endfacet
  facet normal -0.905217 -0.424949 0
    outer loop
      vertex 54.4481 -14.5448 1
      vertex 54.4143 -14.4728 8
      vertex 54.4143 -14.4728 1
    endloop
  endfacet
  facet normal -0.905217 -0.424949 0
    outer loop
      vertex 54.4143 -14.4728 8
      vertex 54.4481 -14.5448 1
      vertex 54.4481 -14.5448 8
    endloop
  endfacet
  facet normal -0.588471 0.808519 0
    outer loop
      vertex 55.0656 -12.1398 1
      vertex 55.0013 -12.1866 8
      vertex 55.0656 -12.1398 8
    endloop
  endfacet
  facet normal -0.588471 0.808519 0
    outer loop
      vertex 55.0013 -12.1866 8
      vertex 55.0656 -12.1398 1
      vertex 55.0013 -12.1866 1
    endloop
  endfacet
  facet normal 0.905217 0.424949 0
    outer loop
      vertex 57.8857 -12.9272 8
      vertex 57.8519 -12.8552 1
      vertex 57.8519 -12.8552 8
    endloop
  endfacet
  facet normal 0.905217 0.424949 0
    outer loop
      vertex 57.8519 -12.8552 1
      vertex 57.8857 -12.9272 8
      vertex 57.8857 -12.9272 1
    endloop
  endfacet
  facet normal 0.653685 -0.756766 0
    outer loop
      vertex 57.3611 -15.164 1
      vertex 57.4213 -15.112 8
      vertex 57.3611 -15.164 8
    endloop
  endfacet
  facet normal 0.653685 -0.756766 0
    outer loop
      vertex 57.4213 -15.112 8
      vertex 57.3611 -15.164 1
      vertex 57.4213 -15.112 1
    endloop
  endfacet
  facet normal -0.71523 -0.698889 0
    outer loop
      vertex 54.8206 -15.0575 1
      vertex 54.765 -15.0006 8
      vertex 54.765 -15.0006 1
    endloop
  endfacet
  facet normal -0.71523 -0.698889 0
    outer loop
      vertex 54.765 -15.0006 8
      vertex 54.8206 -15.0575 1
      vertex 54.8206 -15.0575 8
    endloop
  endfacet
  facet normal 0.866227 0.49965 0
    outer loop
      vertex 57.815 -12.7847 8
      vertex 57.7752 -12.7157 1
      vertex 57.7752 -12.7157 8
    endloop
  endfacet
  facet normal 0.866227 0.49965 0
    outer loop
      vertex 57.7752 -12.7157 1
      vertex 57.815 -12.7847 8
      vertex 57.815 -12.7847 1
    endloop
  endfacet
  facet normal -0.517633 0.855603 0
    outer loop
      vertex 55.2 -12.0546 1
      vertex 55.1319 -12.0958 8
      vertex 55.2 -12.0546 8
    endloop
  endfacet
  facet normal -0.517633 0.855603 0
    outer loop
      vertex 55.1319 -12.0958 8
      vertex 55.2 -12.0546 1
      vertex 55.1319 -12.0958 1
    endloop
  endfacet
  facet normal 0.998023 0.0628478 0
    outer loop
      vertex 58.0483 -13.6204 8
      vertex 58.0433 -13.541 1
      vertex 58.0433 -13.541 8
    endloop
  endfacet
  facet normal 0.998023 0.0628478 0
    outer loop
      vertex 58.0433 -13.541 1
      vertex 58.0483 -13.6204 8
      vertex 58.0483 -13.6204 1
    endloop
  endfacet
  facet normal -0.963211 0.268745 0
    outer loop
      vertex 54.3097 -13.2275 1
      vertex 54.3311 -13.1508 8
      vertex 54.3311 -13.1508 1
    endloop
  endfacet
  facet normal -0.963211 0.268745 0
    outer loop
      vertex 54.3311 -13.1508 8
      vertex 54.3097 -13.2275 1
      vertex 54.3097 -13.2275 8
    endloop
  endfacet
  facet normal 0.368139 -0.929771 0
    outer loop
      vertex 56.8123 -15.4808 1
      vertex 56.8863 -15.4515 8
      vertex 56.8123 -15.4808 8
    endloop
  endfacet
  facet normal 0.368139 -0.929771 0
    outer loop
      vertex 56.8863 -15.4515 8
      vertex 56.8123 -15.4808 1
      vertex 56.8863 -15.4515 1
    endloop
  endfacet
  facet normal -0.989338 0.145639 0
    outer loop
      vertex 54.265 -13.4619 1
      vertex 54.2766 -13.3831 8
      vertex 54.2766 -13.3831 1
    endloop
  endfacet
  facet normal -0.989338 0.145639 0
    outer loop
      vertex 54.2766 -13.3831 8
      vertex 54.265 -13.4619 1
      vertex 54.265 -13.4619 8
    endloop
  endfacet
  facet normal 0.68415 0.729341 -0
    outer loop
      vertex 57.4794 -12.3425 1
      vertex 57.4213 -12.288 8
      vertex 57.4794 -12.3425 8
    endloop
  endfacet
  facet normal 0.68415 0.729341 0
    outer loop
      vertex 57.4213 -12.288 8
      vertex 57.4794 -12.3425 1
      vertex 57.4213 -12.288 1
    endloop
  endfacet
  facet normal -0.620703 -0.784046 0
    outer loop
      vertex 54.9389 -15.164 1
      vertex 55.0013 -15.2134 8
      vertex 54.9389 -15.164 8
    endloop
  endfacet
  facet normal -0.620703 -0.784046 -0
    outer loop
      vertex 55.0013 -15.2134 8
      vertex 54.9389 -15.164 1
      vertex 55.0013 -15.2134 1
    endloop
  endfacet
  facet normal 0.999772 0.0213519 0
    outer loop
      vertex 58.05 -13.7 8
      vertex 58.0483 -13.6204 1
      vertex 58.0483 -13.6204 8
    endloop
  endfacet
  facet normal 0.999772 0.0213519 0
    outer loop
      vertex 58.0483 -13.6204 1
      vertex 58.05 -13.7 8
      vertex 58.05 -13.7 1
    endloop
  endfacet
  facet normal 0.885979 0.463725 0
    outer loop
      vertex 57.8519 -12.8552 8
      vertex 57.815 -12.7847 1
      vertex 57.815 -12.7847 8
    endloop
  endfacet
  facet normal 0.885979 0.463725 0
    outer loop
      vertex 57.815 -12.7847 1
      vertex 57.8519 -12.8552 8
      vertex 57.8519 -12.8552 1
    endloop
  endfacet
  facet normal -0.905217 0.424949 0
    outer loop
      vertex 54.4143 -12.9272 1
      vertex 54.4481 -12.8552 8
      vertex 54.4481 -12.8552 1
    endloop
  endfacet
  facet normal -0.905217 0.424949 0
    outer loop
      vertex 54.4481 -12.8552 8
      vertex 54.4143 -12.9272 1
      vertex 54.4143 -12.9272 8
    endloop
  endfacet
  facet normal 0.517633 0.855603 -0
    outer loop
      vertex 57.1681 -12.0958 1
      vertex 57.1 -12.0546 8
      vertex 57.1681 -12.0958 8
    endloop
  endfacet
  facet normal 0.517633 0.855603 0
    outer loop
      vertex 57.1 -12.0546 8
      vertex 57.1681 -12.0958 1
      vertex 57.1 -12.0546 1
    endloop
  endfacet
  facet normal -0.866227 -0.49965 0
    outer loop
      vertex 54.5248 -14.6843 1
      vertex 54.485 -14.6153 8
      vertex 54.485 -14.6153 1
    endloop
  endfacet
  facet normal -0.866227 -0.49965 0
    outer loop
      vertex 54.485 -14.6153 8
      vertex 54.5248 -14.6843 1
      vertex 54.5248 -14.6843 8
    endloop
  endfacet
  facet normal 0.207213 -0.978296 0
    outer loop
      vertex 56.506 -15.5663 1
      vertex 56.5839 -15.5498 8
      vertex 56.506 -15.5663 8
    endloop
  endfacet
  facet normal 0.207213 -0.978296 0
    outer loop
      vertex 56.5839 -15.5498 8
      vertex 56.506 -15.5663 1
      vertex 56.5839 -15.5498 1
    endloop
  endfacet
  facet normal -0.999772 -0.0213519 0
    outer loop
      vertex 54.2517 -13.7796 1
      vertex 54.25 -13.7 8
      vertex 54.25 -13.7 1
    endloop
  endfacet
  facet normal -0.999772 -0.0213519 0
    outer loop
      vertex 54.25 -13.7 8
      vertex 54.2517 -13.7796 1
      vertex 54.2517 -13.7796 8
    endloop
  endfacet
  facet normal 0.167253 0.985914 -0
    outer loop
      vertex 56.506 -11.8337 1
      vertex 56.4276 -11.8204 8
      vertex 56.506 -11.8337 8
    endloop
  endfacet
  facet normal 0.167253 0.985914 0
    outer loop
      vertex 56.4276 -11.8204 8
      vertex 56.506 -11.8337 1
      vertex 56.4276 -11.8204 1
    endloop
  endfacet
  facet normal -0.653685 0.756766 0
    outer loop
      vertex 54.9389 -12.236 1
      vertex 54.8787 -12.288 8
      vertex 54.9389 -12.236 8
    endloop
  endfacet
  facet normal -0.653685 0.756766 0
    outer loop
      vertex 54.8787 -12.288 8
      vertex 54.9389 -12.236 1
      vertex 54.8787 -12.288 1
    endloop
  endfacet
  facet normal -0.982283 -0.187401 0
    outer loop
      vertex 54.2915 -14.095 1
      vertex 54.2766 -14.0169 8
      vertex 54.2766 -14.0169 1
    endloop
  endfacet
  facet normal -0.982283 -0.187401 0
    outer loop
      vertex 54.2766 -14.0169 8
      vertex 54.2915 -14.095 1
      vertex 54.2915 -14.095 8
    endloop
  endfacet
  facet normal -0.288961 0.957341 0
    outer loop
      vertex 55.6391 -11.87 1
      vertex 55.5629 -11.893 8
      vertex 55.6391 -11.87 8
    endloop
  endfacet
  facet normal -0.288961 0.957341 0
    outer loop
      vertex 55.5629 -11.893 8
      vertex 55.6391 -11.87 1
      vertex 55.5629 -11.893 1
    endloop
  endfacet
  facet normal -0.821468 0.570255 0
    outer loop
      vertex 54.5675 -12.6486 1
      vertex 54.6129 -12.5832 8
      vertex 54.6129 -12.5832 1
    endloop
  endfacet
  facet normal -0.821468 0.570255 0
    outer loop
      vertex 54.6129 -12.5832 8
      vertex 54.5675 -12.6486 1
      vertex 54.5675 -12.6486 8
    endloop
  endfacet
  facet normal -0.482546 0.875871 0
    outer loop
      vertex 55.2697 -12.0162 1
      vertex 55.2 -12.0546 8
      vertex 55.2697 -12.0162 8
    endloop
  endfacet
  facet normal -0.482546 0.875871 0
    outer loop
      vertex 55.2 -12.0546 8
      vertex 55.2697 -12.0162 1
      vertex 55.2 -12.0546 1
    endloop
  endfacet
  facet normal -0.742606 -0.669728 0
    outer loop
      vertex 54.765 -15.0006 1
      vertex 54.7117 -14.9415 8
      vertex 54.7117 -14.9415 1
    endloop
  endfacet
  facet normal -0.742606 -0.669728 0
    outer loop
      vertex 54.7117 -14.9415 8
      vertex 54.765 -15.0006 1
      vertex 54.765 -15.0006 8
    endloop
  endfacet
  facet normal -0.482546 -0.875871 0
    outer loop
      vertex 55.2 -15.3454 1
      vertex 55.2697 -15.3838 8
      vertex 55.2 -15.3454 8
    endloop
  endfacet
  facet normal -0.482546 -0.875871 -0
    outer loop
      vertex 55.2697 -15.3838 8
      vertex 55.2 -15.3454 1
      vertex 55.2697 -15.3838 1
    endloop
  endfacet
  facet normal 0.207213 0.978296 -0
    outer loop
      vertex 56.5839 -11.8502 1
      vertex 56.506 -11.8337 8
      vertex 56.5839 -11.8502 8
    endloop
  endfacet
  facet normal 0.207213 0.978296 0
    outer loop
      vertex 56.506 -11.8337 8
      vertex 56.5839 -11.8502 1
      vertex 56.506 -11.8337 1
    endloop
  endfacet
  facet normal -0.866227 0.49965 0
    outer loop
      vertex 54.485 -12.7847 1
      vertex 54.5248 -12.7157 8
      vertex 54.5248 -12.7157 1
    endloop
  endfacet
  facet normal -0.866227 0.49965 0
    outer loop
      vertex 54.5248 -12.7157 8
      vertex 54.485 -12.7847 1
      vertex 54.485 -12.7847 8
    endloop
  endfacet
  facet normal 0.620703 0.784046 -0
    outer loop
      vertex 57.3611 -12.236 1
      vertex 57.2987 -12.1866 8
      vertex 57.3611 -12.236 8
    endloop
  endfacet
  facet normal 0.620703 0.784046 0
    outer loop
      vertex 57.2987 -12.1866 8
      vertex 57.3611 -12.236 1
      vertex 57.2987 -12.1866 1
    endloop
  endfacet
  facet normal 0.0841893 -0.99645 0
    outer loop
      vertex 56.2693 -15.5963 1
      vertex 56.3486 -15.5896 8
      vertex 56.2693 -15.5963 8
    endloop
  endfacet
  facet normal 0.0841893 -0.99645 0
    outer loop
      vertex 56.3486 -15.5896 8
      vertex 56.2693 -15.5963 1
      vertex 56.3486 -15.5896 1
    endloop
  endfacet
  facet normal 0.406022 -0.913863 0
    outer loop
      vertex 56.8863 -15.4515 1
      vertex 56.959 -15.4192 8
      vertex 56.8863 -15.4515 8
    endloop
  endfacet
  facet normal 0.406022 -0.913863 0
    outer loop
      vertex 56.959 -15.4192 8
      vertex 56.8863 -15.4515 1
      vertex 56.959 -15.4192 1
    endloop
  endfacet
  facet normal -0.79667 0.604414 0
    outer loop
      vertex 54.6129 -12.5832 1
      vertex 54.661 -12.5198 8
      vertex 54.661 -12.5198 1
    endloop
  endfacet
  facet normal -0.79667 0.604414 0
    outer loop
      vertex 54.661 -12.5198 8
      vertex 54.6129 -12.5832 1
      vertex 54.6129 -12.5832 8
    endloop
  endfacet
  facet normal -0.973516 0.228619 0
    outer loop
      vertex 54.2915 -13.305 1
      vertex 54.3097 -13.2275 8
      vertex 54.3097 -13.2275 1
    endloop
  endfacet
  facet normal -0.973516 0.228619 0
    outer loop
      vertex 54.3097 -13.2275 8
      vertex 54.2915 -13.305 1
      vertex 54.2915 -13.305 8
    endloop
  endfacet
  facet normal -0.517633 -0.855603 0
    outer loop
      vertex 55.1319 -15.3042 1
      vertex 55.2 -15.3454 8
      vertex 55.1319 -15.3042 8
    endloop
  endfacet
  facet normal -0.517633 -0.855603 -0
    outer loop
      vertex 55.2 -15.3454 8
      vertex 55.1319 -15.3042 1
      vertex 55.2 -15.3454 1
    endloop
  endfacet
  facet normal -0.12558 -0.992083 0
    outer loop
      vertex 55.8724 -15.5796 1
      vertex 55.9514 -15.5896 8
      vertex 55.8724 -15.5796 8
    endloop
  endfacet
  facet normal -0.12558 -0.992083 -0
    outer loop
      vertex 55.9514 -15.5896 8
      vertex 55.8724 -15.5796 1
      vertex 55.9514 -15.5896 1
    endloop
  endfacet
  facet normal 0.963211 -0.268745 0
    outer loop
      vertex 57.9689 -14.2492 8
      vertex 57.9903 -14.1725 1
      vertex 57.9903 -14.1725 8
    endloop
  endfacet
  facet normal 0.963211 -0.268745 0
    outer loop
      vertex 57.9903 -14.1725 1
      vertex 57.9689 -14.2492 8
      vertex 57.9689 -14.2492 1
    endloop
  endfacet
  facet normal 0.79667 0.604414 0
    outer loop
      vertex 57.6871 -12.5832 8
      vertex 57.639 -12.5198 1
      vertex 57.639 -12.5198 8
    endloop
  endfacet
  facet normal 0.79667 0.604414 0
    outer loop
      vertex 57.639 -12.5198 1
      vertex 57.6871 -12.5832 8
      vertex 57.6871 -12.5832 1
    endloop
  endfacet
  facet normal 0.844231 0.53598 0
    outer loop
      vertex 57.7752 -12.7157 8
      vertex 57.7326 -12.6486 1
      vertex 57.7326 -12.6486 8
    endloop
  endfacet
  facet normal 0.844231 0.53598 0
    outer loop
      vertex 57.7326 -12.6486 1
      vertex 57.7752 -12.7157 8
      vertex 57.7752 -12.7157 1
    endloop
  endfacet
  facet normal -0.0414737 -0.99914 0
    outer loop
      vertex 56.0307 -15.5963 1
      vertex 56.1102 -15.5996 8
      vertex 56.0307 -15.5963 8
    endloop
  endfacet
  facet normal -0.0414737 -0.99914 -0
    outer loop
      vertex 56.1102 -15.5996 8
      vertex 56.0307 -15.5963 1
      vertex 56.1102 -15.5996 1
    endloop
  endfacet
  facet normal 0.552959 -0.833209 0
    outer loop
      vertex 57.1681 -15.3042 1
      vertex 57.2344 -15.2602 8
      vertex 57.1681 -15.3042 8
    endloop
  endfacet
  facet normal 0.552959 -0.833209 0
    outer loop
      vertex 57.2344 -15.2602 8
      vertex 57.1681 -15.3042 1
      vertex 57.2344 -15.2602 1
    endloop
  endfacet
  facet normal 0.517633 -0.855603 0
    outer loop
      vertex 57.1 -15.3454 1
      vertex 57.1681 -15.3042 8
      vertex 57.1 -15.3454 8
    endloop
  endfacet
  facet normal 0.517633 -0.855603 0
    outer loop
      vertex 57.1681 -15.3042 8
      vertex 57.1 -15.3454 1
      vertex 57.1681 -15.3042 1
    endloop
  endfacet
  facet normal 0.921659 0.388001 0
    outer loop
      vertex 57.9166 -13.0006 8
      vertex 57.8857 -12.9272 1
      vertex 57.8857 -12.9272 8
    endloop
  endfacet
  facet normal 0.921659 0.388001 0
    outer loop
      vertex 57.8857 -12.9272 1
      vertex 57.9166 -13.0006 8
      vertex 57.9166 -13.0006 1
    endloop
  endfacet
  facet normal -0.999772 0.0213519 0
    outer loop
      vertex 54.25 -13.7 1
      vertex 54.2517 -13.6204 8
      vertex 54.2517 -13.6204 1
    endloop
  endfacet
  facet normal -0.999772 0.0213519 0
    outer loop
      vertex 54.2517 -13.6204 8
      vertex 54.25 -13.7 1
      vertex 54.25 -13.7 8
    endloop
  endfacet
  facet normal -0.368139 -0.929771 0
    outer loop
      vertex 55.4137 -15.4515 1
      vertex 55.4877 -15.4808 8
      vertex 55.4137 -15.4515 8
    endloop
  endfacet
  facet normal -0.368139 -0.929771 -0
    outer loop
      vertex 55.4877 -15.4808 8
      vertex 55.4137 -15.4515 1
      vertex 55.4877 -15.4808 1
    endloop
  endfacet
  facet normal -0.329008 0.944327 0
    outer loop
      vertex 55.5629 -11.893 1
      vertex 55.4877 -11.9192 8
      vertex 55.5629 -11.893 8
    endloop
  endfacet
  facet normal -0.329008 0.944327 0
    outer loop
      vertex 55.4877 -11.9192 8
      vertex 55.5629 -11.893 1
      vertex 55.4877 -11.9192 1
    endloop
  endfacet
  facet normal 0.742606 -0.669728 0
    outer loop
      vertex 57.535 -15.0006 8
      vertex 57.5883 -14.9415 1
      vertex 57.5883 -14.9415 8
    endloop
  endfacet
  facet normal 0.742606 -0.669728 0
    outer loop
      vertex 57.5883 -14.9415 1
      vertex 57.535 -15.0006 8
      vertex 57.535 -15.0006 1
    endloop
  endfacet
  facet normal -0.406022 0.913863 0
    outer loop
      vertex 55.4137 -11.9485 1
      vertex 55.341 -11.9808 8
      vertex 55.4137 -11.9485 8
    endloop
  endfacet
  facet normal -0.406022 0.913863 0
    outer loop
      vertex 55.341 -11.9808 8
      vertex 55.4137 -11.9485 1
      vertex 55.341 -11.9808 1
    endloop
  endfacet
  facet normal 0.998023 -0.0628478 0
    outer loop
      vertex 58.0433 -13.859 8
      vertex 58.0483 -13.7796 1
      vertex 58.0483 -13.7796 8
    endloop
  endfacet
  facet normal 0.998023 -0.0628478 0
    outer loop
      vertex 58.0483 -13.7796 1
      vertex 58.0433 -13.859 8
      vertex 58.0433 -13.859 1
    endloop
  endfacet
  facet normal -0.207213 -0.978296 0
    outer loop
      vertex 55.7161 -15.5498 1
      vertex 55.794 -15.5663 8
      vertex 55.7161 -15.5498 8
    endloop
  endfacet
  facet normal -0.207213 -0.978296 -0
    outer loop
      vertex 55.794 -15.5663 8
      vertex 55.7161 -15.5498 1
      vertex 55.794 -15.5663 1
    endloop
  endfacet
  facet normal -0.167253 -0.985914 0
    outer loop
      vertex 55.794 -15.5663 1
      vertex 55.8724 -15.5796 8
      vertex 55.794 -15.5663 8
    endloop
  endfacet
  facet normal -0.167253 -0.985914 -0
    outer loop
      vertex 55.8724 -15.5796 8
      vertex 55.794 -15.5663 1
      vertex 55.8724 -15.5796 1
    endloop
  endfacet
  facet normal 0.68415 -0.729341 0
    outer loop
      vertex 57.4213 -15.112 1
      vertex 57.4794 -15.0575 8
      vertex 57.4213 -15.112 8
    endloop
  endfacet
  facet normal 0.68415 -0.729341 0
    outer loop
      vertex 57.4794 -15.0575 8
      vertex 57.4213 -15.112 1
      vertex 57.4794 -15.0575 1
    endloop
  endfacet
  facet normal 0.742606 0.669728 0
    outer loop
      vertex 57.5883 -12.4585 8
      vertex 57.535 -12.3994 1
      vertex 57.535 -12.3994 8
    endloop
  endfacet
  facet normal 0.742606 0.669728 0
    outer loop
      vertex 57.535 -12.3994 1
      vertex 57.5883 -12.4585 8
      vertex 57.5883 -12.4585 1
    endloop
  endfacet
  facet normal -0.207213 0.978296 0
    outer loop
      vertex 55.794 -11.8337 1
      vertex 55.7161 -11.8502 8
      vertex 55.794 -11.8337 8
    endloop
  endfacet
  facet normal -0.207213 0.978296 0
    outer loop
      vertex 55.7161 -11.8502 8
      vertex 55.794 -11.8337 1
      vertex 55.7161 -11.8502 1
    endloop
  endfacet
  facet normal -0.68415 -0.729341 0
    outer loop
      vertex 54.8206 -15.0575 1
      vertex 54.8787 -15.112 8
      vertex 54.8206 -15.0575 8
    endloop
  endfacet
  facet normal -0.68415 -0.729341 -0
    outer loop
      vertex 54.8787 -15.112 8
      vertex 54.8206 -15.0575 1
      vertex 54.8787 -15.112 1
    endloop
  endfacet
  facet normal -0.444699 0.89568 0
    outer loop
      vertex 55.341 -11.9808 1
      vertex 55.2697 -12.0162 8
      vertex 55.341 -11.9808 8
    endloop
  endfacet
  facet normal -0.444699 0.89568 0
    outer loop
      vertex 55.2697 -12.0162 8
      vertex 55.341 -11.9808 1
      vertex 55.2697 -12.0162 1
    endloop
  endfacet
  facet normal 0.620703 -0.784046 0
    outer loop
      vertex 57.2987 -15.2134 1
      vertex 57.3611 -15.164 8
      vertex 57.2987 -15.2134 8
    endloop
  endfacet
  facet normal 0.620703 -0.784046 0
    outer loop
      vertex 57.3611 -15.164 8
      vertex 57.2987 -15.2134 1
      vertex 57.3611 -15.164 1
    endloop
  endfacet
  facet normal 0.406022 0.913863 -0
    outer loop
      vertex 56.959 -11.9808 1
      vertex 56.8863 -11.9485 8
      vertex 56.959 -11.9808 8
    endloop
  endfacet
  facet normal 0.406022 0.913863 0
    outer loop
      vertex 56.8863 -11.9485 8
      vertex 56.959 -11.9808 1
      vertex 56.8863 -11.9485 1
    endloop
  endfacet
  facet normal -0.998023 0.0628478 0
    outer loop
      vertex 54.2517 -13.6204 1
      vertex 54.2567 -13.541 8
      vertex 54.2567 -13.541 1
    endloop
  endfacet
  facet normal -0.998023 0.0628478 0
    outer loop
      vertex 54.2567 -13.541 8
      vertex 54.2517 -13.6204 1
      vertex 54.2517 -13.6204 8
    endloop
  endfacet
  facet normal -0.982283 0.187401 0
    outer loop
      vertex 54.2766 -13.3831 1
      vertex 54.2915 -13.305 8
      vertex 54.2915 -13.305 1
    endloop
  endfacet
  facet normal -0.982283 0.187401 0
    outer loop
      vertex 54.2915 -13.305 8
      vertex 54.2766 -13.3831 1
      vertex 54.2766 -13.3831 8
    endloop
  endfacet
  facet normal 0.950923 0.309427 0
    outer loop
      vertex 57.9689 -13.1508 8
      vertex 57.9443 -13.0752 1
      vertex 57.9443 -13.0752 8
    endloop
  endfacet
  facet normal 0.950923 0.309427 0
    outer loop
      vertex 57.9443 -13.0752 1
      vertex 57.9689 -13.1508 8
      vertex 57.9689 -13.1508 1
    endloop
  endfacet
  facet normal 0.770586 0.637336 0
    outer loop
      vertex 57.639 -12.5198 8
      vertex 57.5883 -12.4585 1
      vertex 57.5883 -12.4585 8
    endloop
  endfacet
  facet normal 0.770586 0.637336 0
    outer loop
      vertex 57.5883 -12.4585 1
      vertex 57.639 -12.5198 8
      vertex 57.639 -12.5198 1
    endloop
  endfacet
  facet normal 0.288961 -0.957341 0
    outer loop
      vertex 56.6609 -15.53 1
      vertex 56.7371 -15.507 8
      vertex 56.6609 -15.53 8
    endloop
  endfacet
  facet normal 0.288961 -0.957341 0
    outer loop
      vertex 56.7371 -15.507 8
      vertex 56.6609 -15.53 1
      vertex 56.7371 -15.507 1
    endloop
  endfacet
  facet normal -0.249041 0.968493 0
    outer loop
      vertex 55.7161 -11.8502 1
      vertex 55.6391 -11.87 8
      vertex 55.7161 -11.8502 8
    endloop
  endfacet
  facet normal -0.249041 0.968493 0
    outer loop
      vertex 55.6391 -11.87 8
      vertex 55.7161 -11.8502 1
      vertex 55.6391 -11.87 1
    endloop
  endfacet
  facet normal -0.950923 -0.309427 0
    outer loop
      vertex 54.3557 -14.3248 1
      vertex 54.3311 -14.2492 8
      vertex 54.3311 -14.2492 1
    endloop
  endfacet
  facet normal -0.950923 -0.309427 0
    outer loop
      vertex 54.3311 -14.2492 8
      vertex 54.3557 -14.3248 1
      vertex 54.3557 -14.3248 8
    endloop
  endfacet
  facet normal 0.82088 -0.571101 0
    outer loop
      vertex 57.6871 -14.8168 8
      vertex 57.7326 -14.7514 1
      vertex 57.7326 -14.7514 8
    endloop
  endfacet
  facet normal 0.82088 -0.571101 0
    outer loop
      vertex 57.7326 -14.7514 1
      vertex 57.6871 -14.8168 8
      vertex 57.6871 -14.8168 1
    endloop
  endfacet
  facet normal 0 1 -0
    outer loop
      vertex 56.1898 -11.8004 1
      vertex 56.1102 -11.8004 8
      vertex 56.1898 -11.8004 8
    endloop
  endfacet
  facet normal 0 1 0
    outer loop
      vertex 56.1102 -11.8004 8
      vertex 56.1898 -11.8004 1
      vertex 56.1102 -11.8004 1
    endloop
  endfacet
  facet normal 0.249041 -0.968493 0
    outer loop
      vertex 56.5839 -15.5498 1
      vertex 56.6609 -15.53 8
      vertex 56.5839 -15.5498 8
    endloop
  endfacet
  facet normal 0.249041 -0.968493 0
    outer loop
      vertex 56.6609 -15.53 8
      vertex 56.5839 -15.5498 1
      vertex 56.6609 -15.53 1
    endloop
  endfacet
  facet normal 0.329008 -0.944327 0
    outer loop
      vertex 56.7371 -15.507 1
      vertex 56.8123 -15.4808 8
      vertex 56.7371 -15.507 8
    endloop
  endfacet
  facet normal 0.329008 -0.944327 0
    outer loop
      vertex 56.8123 -15.4808 8
      vertex 56.7371 -15.507 1
      vertex 56.8123 -15.4808 1
    endloop
  endfacet
  facet normal -0.588471 -0.808519 0
    outer loop
      vertex 55.0013 -15.2134 1
      vertex 55.0656 -15.2602 8
      vertex 55.0013 -15.2134 8
    endloop
  endfacet
  facet normal -0.588471 -0.808519 -0
    outer loop
      vertex 55.0656 -15.2602 8
      vertex 55.0013 -15.2134 1
      vertex 55.0656 -15.2602 1
    endloop
  endfacet
  facet normal 0.444699 -0.89568 0
    outer loop
      vertex 56.959 -15.4192 1
      vertex 57.0303 -15.3838 8
      vertex 56.959 -15.4192 8
    endloop
  endfacet
  facet normal 0.444699 -0.89568 0
    outer loop
      vertex 57.0303 -15.3838 8
      vertex 56.959 -15.4192 1
      vertex 57.0303 -15.3838 1
    endloop
  endfacet
  facet normal -0.770586 0.637336 0
    outer loop
      vertex 54.661 -12.5198 1
      vertex 54.7117 -12.4585 8
      vertex 54.7117 -12.4585 1
    endloop
  endfacet
  facet normal -0.770586 0.637336 0
    outer loop
      vertex 54.7117 -12.4585 8
      vertex 54.661 -12.5198 1
      vertex 54.661 -12.5198 8
    endloop
  endfacet
  facet normal 0.12558 -0.992083 0
    outer loop
      vertex 56.3486 -15.5896 1
      vertex 56.4276 -15.5796 8
      vertex 56.3486 -15.5896 8
    endloop
  endfacet
  facet normal 0.12558 -0.992083 0
    outer loop
      vertex 56.4276 -15.5796 8
      vertex 56.3486 -15.5896 1
      vertex 56.4276 -15.5796 1
    endloop
  endfacet
  facet normal -0.885979 0.463725 0
    outer loop
      vertex 54.4481 -12.8552 1
      vertex 54.485 -12.7847 8
      vertex 54.485 -12.7847 1
    endloop
  endfacet
  facet normal -0.885979 0.463725 0
    outer loop
      vertex 54.485 -12.7847 8
      vertex 54.4481 -12.8552 1
      vertex 54.4481 -12.8552 8
    endloop
  endfacet
  facet normal -0.0841893 -0.99645 0
    outer loop
      vertex 55.9514 -15.5896 1
      vertex 56.0307 -15.5963 8
      vertex 55.9514 -15.5896 8
    endloop
  endfacet
  facet normal -0.0841893 -0.99645 -0
    outer loop
      vertex 56.0307 -15.5963 8
      vertex 55.9514 -15.5896 1
      vertex 56.0307 -15.5963 1
    endloop
  endfacet
  facet normal -0.249041 -0.968493 0
    outer loop
      vertex 55.6391 -15.53 1
      vertex 55.7161 -15.5498 8
      vertex 55.6391 -15.53 8
    endloop
  endfacet
  facet normal -0.249041 -0.968493 -0
    outer loop
      vertex 55.7161 -15.5498 8
      vertex 55.6391 -15.53 1
      vertex 55.7161 -15.5498 1
    endloop
  endfacet
  facet normal 0.653685 0.756766 -0
    outer loop
      vertex 57.4213 -12.288 1
      vertex 57.3611 -12.236 8
      vertex 57.4213 -12.288 8
    endloop
  endfacet
  facet normal 0.653685 0.756766 0
    outer loop
      vertex 57.3611 -12.236 8
      vertex 57.4213 -12.288 1
      vertex 57.3611 -12.236 1
    endloop
  endfacet
  facet normal -0.79667 -0.604414 0
    outer loop
      vertex 54.661 -14.8802 1
      vertex 54.6129 -14.8168 8
      vertex 54.6129 -14.8168 1
    endloop
  endfacet
  facet normal -0.79667 -0.604414 0
    outer loop
      vertex 54.6129 -14.8168 8
      vertex 54.661 -14.8802 1
      vertex 54.661 -14.8802 8
    endloop
  endfacet
  facet normal 0.93746 -0.348092 0
    outer loop
      vertex 57.9166 -14.3994 8
      vertex 57.9443 -14.3248 1
      vertex 57.9443 -14.3248 8
    endloop
  endfacet
  facet normal 0.93746 -0.348092 0
    outer loop
      vertex 57.9443 -14.3248 1
      vertex 57.9166 -14.3994 8
      vertex 57.9166 -14.3994 1
    endloop
  endfacet
  facet normal -0.843661 -0.536875 0
    outer loop
      vertex 54.5675 -14.7514 1
      vertex 54.5248 -14.6843 8
      vertex 54.5248 -14.6843 1
    endloop
  endfacet
  facet normal -0.843661 -0.536875 0
    outer loop
      vertex 54.5248 -14.6843 8
      vertex 54.5675 -14.7514 1
      vertex 54.5675 -14.7514 8
    endloop
  endfacet
  facet normal 0.0841893 0.99645 -0
    outer loop
      vertex 56.3486 -11.8104 1
      vertex 56.2693 -11.8037 8
      vertex 56.3486 -11.8104 8
    endloop
  endfacet
  facet normal 0.0841893 0.99645 0
    outer loop
      vertex 56.2693 -11.8037 8
      vertex 56.3486 -11.8104 1
      vertex 56.2693 -11.8037 1
    endloop
  endfacet
  facet normal -0.921659 0.388001 0
    outer loop
      vertex 54.3834 -13.0006 1
      vertex 54.4143 -12.9272 8
      vertex 54.4143 -12.9272 1
    endloop
  endfacet
  facet normal -0.921659 0.388001 0
    outer loop
      vertex 54.4143 -12.9272 8
      vertex 54.3834 -13.0006 1
      vertex 54.3834 -13.0006 8
    endloop
  endfacet
  facet normal -0.93746 0.348092 0
    outer loop
      vertex 54.3557 -13.0752 1
      vertex 54.3834 -13.0006 8
      vertex 54.3834 -13.0006 1
    endloop
  endfacet
  facet normal -0.93746 0.348092 0
    outer loop
      vertex 54.3834 -13.0006 8
      vertex 54.3557 -13.0752 1
      vertex 54.3557 -13.0752 8
    endloop
  endfacet
  facet normal 0.288961 0.957341 -0
    outer loop
      vertex 56.7371 -11.893 1
      vertex 56.6609 -11.87 8
      vertex 56.7371 -11.893 8
    endloop
  endfacet
  facet normal 0.288961 0.957341 0
    outer loop
      vertex 56.6609 -11.87 8
      vertex 56.7371 -11.893 1
      vertex 56.6609 -11.87 1
    endloop
  endfacet
  facet normal 0.950923 -0.309427 0
    outer loop
      vertex 57.9443 -14.3248 8
      vertex 57.9689 -14.2492 1
      vertex 57.9689 -14.2492 8
    endloop
  endfacet
  facet normal 0.950923 -0.309427 0
    outer loop
      vertex 57.9689 -14.2492 1
      vertex 57.9443 -14.3248 8
      vertex 57.9443 -14.3248 1
    endloop
  endfacet
  facet normal -0.68415 0.729341 0
    outer loop
      vertex 54.8787 -12.288 1
      vertex 54.8206 -12.3425 8
      vertex 54.8787 -12.288 8
    endloop
  endfacet
  facet normal -0.68415 0.729341 0
    outer loop
      vertex 54.8206 -12.3425 8
      vertex 54.8787 -12.288 1
      vertex 54.8206 -12.3425 1
    endloop
  endfacet
  facet normal 0 0 1
    outer loop
      vertex 58.05 -13.7 1
      vertex 58.65 -13.7 1
      vertex 58.6478 -13.5953 1
    endloop
  endfacet
  facet normal 0 0 1
    outer loop
      vertex 58.0483 -13.6204 1
      vertex 58.6478 -13.5953 1
      vertex 58.6412 -13.4908 1
    endloop
  endfacet
  facet normal 0 0 1
    outer loop
      vertex 58.65 -13.7 1
      vertex 58.05 -13.7 1
      vertex 58.6478 -13.8047 1
    endloop
  endfacet
  facet normal 0 0 1
    outer loop
      vertex 58.0433 -13.541 1
      vertex 58.6412 -13.4908 1
      vertex 58.6303 -13.3867 1
    endloop
  endfacet
  facet normal -0 0 1
    outer loop
      vertex 58.0483 -13.7796 1
      vertex 58.6478 -13.8047 1
      vertex 58.05 -13.7 1
    endloop
  endfacet
  facet normal 0 0 1
    outer loop
      vertex 58.035 -13.4619 1
      vertex 58.6303 -13.3867 1
      vertex 58.615 -13.2831 1
    endloop
  endfacet
  facet normal 0 0 1
    outer loop
      vertex 58.6478 -13.8047 1
      vertex 58.0483 -13.7796 1
      vertex 58.6412 -13.9092 1
    endloop
  endfacet
  facet normal 0 0 1
    outer loop
      vertex 58.0234 -13.3831 1
      vertex 58.615 -13.2831 1
      vertex 58.5954 -13.1802 1
    endloop
  endfacet
  facet normal -0 0 1
    outer loop
      vertex 58.0433 -13.859 1
      vertex 58.6412 -13.9092 1
      vertex 58.0483 -13.7796 1
    endloop
  endfacet
  facet normal 0 0 1
    outer loop
      vertex 58.0085 -13.305 1
      vertex 58.5954 -13.1802 1
      vertex 58.5715 -13.0783 1
    endloop
  endfacet
  facet normal 0 0 1
    outer loop
      vertex 58.6412 -13.9092 1
      vertex 58.0433 -13.859 1
      vertex 58.6303 -14.0133 1
    endloop
  endfacet
  facet normal 0 0 1
    outer loop
      vertex 57.9903 -13.2275 1
      vertex 58.5715 -13.0783 1
      vertex 58.5433 -12.9774 1
    endloop
  endfacet
  facet normal -0 0 1
    outer loop
      vertex 58.035 -13.9381 1
      vertex 58.6303 -14.0133 1
      vertex 58.0433 -13.859 1
    endloop
  endfacet
  facet normal 0 0 1
    outer loop
      vertex 57.9689 -13.1508 1
      vertex 58.5433 -12.9774 1
      vertex 58.5109 -12.8778 1
    endloop
  endfacet
  facet normal 0 0 1
    outer loop
      vertex 58.6303 -14.0133 1
      vertex 58.035 -13.9381 1
      vertex 58.615 -14.1169 1
    endloop
  endfacet
  facet normal 0 0 1
    outer loop
      vertex 57.9443 -13.0752 1
      vertex 58.5109 -12.8778 1
      vertex 58.4744 -12.7797 1
    endloop
  endfacet
  facet normal -0 0 1
    outer loop
      vertex 58.0234 -14.0169 1
      vertex 58.615 -14.1169 1
      vertex 58.035 -13.9381 1
    endloop
  endfacet
  facet normal 0 0 1
    outer loop
      vertex 57.9166 -13.0006 1
      vertex 58.4744 -12.7797 1
      vertex 58.4339 -12.6832 1
    endloop
  endfacet
  facet normal 0 0 1
    outer loop
      vertex 58.615 -14.1169 1
      vertex 58.0234 -14.0169 1
      vertex 58.5954 -14.2198 1
    endloop
  endfacet
  facet normal 0 0 1
    outer loop
      vertex 57.8857 -12.9272 1
      vertex 58.4339 -12.6832 1
      vertex 58.3893 -12.5884 1
    endloop
  endfacet
  facet normal -0 0 1
    outer loop
      vertex 58.0085 -14.095 1
      vertex 58.5954 -14.2198 1
      vertex 58.0234 -14.0169 1
    endloop
  endfacet
  facet normal 0 0 1
    outer loop
      vertex 57.8519 -12.8552 1
      vertex 58.3893 -12.5884 1
      vertex 58.3408 -12.4956 1
    endloop
  endfacet
  facet normal 0 0 1
    outer loop
      vertex 58.5954 -14.2198 1
      vertex 58.0085 -14.095 1
      vertex 58.5715 -14.3217 1
    endloop
  endfacet
  facet normal 0 0 1
    outer loop
      vertex 57.815 -12.7847 1
      vertex 58.3408 -12.4956 1
      vertex 58.2884 -12.4049 1
    endloop
  endfacet
  facet normal -0 0 1
    outer loop
      vertex 57.9903 -14.1725 1
      vertex 58.5715 -14.3217 1
      vertex 58.0085 -14.095 1
    endloop
  endfacet
  facet normal 0 0 1
    outer loop
      vertex 57.7752 -12.7157 1
      vertex 58.2884 -12.4049 1
      vertex 58.2323 -12.3165 1
    endloop
  endfacet
  facet normal 0 0 1
    outer loop
      vertex 58.5715 -14.3217 1
      vertex 57.9903 -14.1725 1
      vertex 58.5433 -14.4226 1
    endloop
  endfacet
  facet normal 0 0 1
    outer loop
      vertex 57.7326 -12.6486 1
      vertex 58.2323 -12.3165 1
      vertex 58.1725 -12.2305 1
    endloop
  endfacet
  facet normal -0 0 1
    outer loop
      vertex 57.9689 -14.2492 1
      vertex 58.5433 -14.4226 1
      vertex 57.9903 -14.1725 1
    endloop
  endfacet
  facet normal 0 0 1
    outer loop
      vertex 57.6871 -12.5832 1
      vertex 58.1725 -12.2305 1
      vertex 58.1092 -12.1471 1
    endloop
  endfacet
  facet normal 0 0 1
    outer loop
      vertex 58.5433 -14.4226 1
      vertex 57.9689 -14.2492 1
      vertex 58.5109 -14.5222 1
    endloop
  endfacet
  facet normal -0 0 1
    outer loop
      vertex 57.9443 -14.3248 1
      vertex 58.5109 -14.5222 1
      vertex 57.9689 -14.2492 1
    endloop
  endfacet
  facet normal 0 0 1
    outer loop
      vertex 58.6478 -13.5953 1
      vertex 58.0483 -13.6204 1
      vertex 58.05 -13.7 1
    endloop
  endfacet
  facet normal 0 0 1
    outer loop
      vertex 58.6412 -13.4908 1
      vertex 58.0433 -13.541 1
      vertex 58.0483 -13.6204 1
    endloop
  endfacet
  facet normal 0 0 1
    outer loop
      vertex 57.639 -12.5198 1
      vertex 58.1092 -12.1471 1
      vertex 58.0425 -12.0664 1
    endloop
  endfacet
  facet normal 0 0 1
    outer loop
      vertex 58.6303 -13.3867 1
      vertex 58.035 -13.4619 1
      vertex 58.0433 -13.541 1
    endloop
  endfacet
  facet normal 0 0 1
    outer loop
      vertex 58.615 -13.2831 1
      vertex 58.0234 -13.3831 1
      vertex 58.035 -13.4619 1
    endloop
  endfacet
  facet normal 0 0 1
    outer loop
      vertex 58.5954 -13.1802 1
      vertex 58.0085 -13.305 1
      vertex 58.0234 -13.3831 1
    endloop
  endfacet
  facet normal 0 0 1
    outer loop
      vertex 58.5715 -13.0783 1
      vertex 57.9903 -13.2275 1
      vertex 58.0085 -13.305 1
    endloop
  endfacet
  facet normal 0 0 1
    outer loop
      vertex 57.5883 -12.4585 1
      vertex 58.0425 -12.0664 1
      vertex 57.9724 -11.9886 1
    endloop
  endfacet
  facet normal 0 0 1
    outer loop
      vertex 58.5433 -12.9774 1
      vertex 57.9689 -13.1508 1
      vertex 57.9903 -13.2275 1
    endloop
  endfacet
  facet normal 0 0 1
    outer loop
      vertex 58.5109 -12.8778 1
      vertex 57.9443 -13.0752 1
      vertex 57.9689 -13.1508 1
    endloop
  endfacet
  facet normal 0 0 1
    outer loop
      vertex 58.4744 -12.7797 1
      vertex 57.9166 -13.0006 1
      vertex 57.9443 -13.0752 1
    endloop
  endfacet
  facet normal 0 0 1
    outer loop
      vertex 57.535 -12.3994 1
      vertex 57.9724 -11.9886 1
      vertex 57.8992 -11.9138 1
    endloop
  endfacet
  facet normal 0 0 1
    outer loop
      vertex 58.4339 -12.6832 1
      vertex 57.8857 -12.9272 1
      vertex 57.9166 -13.0006 1
    endloop
  endfacet
  facet normal 0 0 1
    outer loop
      vertex 58.3893 -12.5884 1
      vertex 57.8519 -12.8552 1
      vertex 57.8857 -12.9272 1
    endloop
  endfacet
  facet normal 0 0 1
    outer loop
      vertex 57.4794 -12.3425 1
      vertex 57.8992 -11.9138 1
      vertex 57.8228 -11.8421 1
    endloop
  endfacet
  facet normal 0 0 1
    outer loop
      vertex 58.3408 -12.4956 1
      vertex 57.815 -12.7847 1
      vertex 57.8519 -12.8552 1
    endloop
  endfacet
  facet normal 0 0 1
    outer loop
      vertex 58.2884 -12.4049 1
      vertex 57.7752 -12.7157 1
      vertex 57.815 -12.7847 1
    endloop
  endfacet
  facet normal 0 0 1
    outer loop
      vertex 57.4213 -12.288 1
      vertex 57.8228 -11.8421 1
      vertex 57.7436 -11.7737 1
    endloop
  endfacet
  facet normal 0 0 1
    outer loop
      vertex 58.2323 -12.3165 1
      vertex 57.7326 -12.6486 1
      vertex 57.7752 -12.7157 1
    endloop
  endfacet
  facet normal 0 0 1
    outer loop
      vertex 58.1725 -12.2305 1
      vertex 57.6871 -12.5832 1
      vertex 57.7326 -12.6486 1
    endloop
  endfacet
  facet normal 0 0 1
    outer loop
      vertex 57.3611 -12.236 1
      vertex 57.7436 -11.7737 1
      vertex 57.6615 -11.7087 1
    endloop
  endfacet
  facet normal 0 0 1
    outer loop
      vertex 58.1092 -12.1471 1
      vertex 57.639 -12.5198 1
      vertex 57.6871 -12.5832 1
    endloop
  endfacet
  facet normal 0 0 1
    outer loop
      vertex 58.0425 -12.0664 1
      vertex 57.5883 -12.4585 1
      vertex 57.639 -12.5198 1
    endloop
  endfacet
  facet normal 0 0 1
    outer loop
      vertex 57.2987 -12.1866 1
      vertex 57.6615 -11.7087 1
      vertex 57.5768 -11.6471 1
    endloop
  endfacet
  facet normal 0 0 1
    outer loop
      vertex 57.9724 -11.9886 1
      vertex 57.535 -12.3994 1
      vertex 57.5883 -12.4585 1
    endloop
  endfacet
  facet normal 0 0 1
    outer loop
      vertex 57.2344 -12.1398 1
      vertex 57.5768 -11.6471 1
      vertex 57.4896 -11.5892 1
    endloop
  endfacet
  facet normal 0 0 1
    outer loop
      vertex 57.8992 -11.9138 1
      vertex 57.4794 -12.3425 1
      vertex 57.535 -12.3994 1
    endloop
  endfacet
  facet normal 0 0 1
    outer loop
      vertex 57.8228 -11.8421 1
      vertex 57.4213 -12.288 1
      vertex 57.4794 -12.3425 1
    endloop
  endfacet
  facet normal 0 0 1
    outer loop
      vertex 57.1681 -12.0958 1
      vertex 57.4896 -11.5892 1
      vertex 57.4 -11.5349 1
    endloop
  endfacet
  facet normal 0 0 1
    outer loop
      vertex 57.7436 -11.7737 1
      vertex 57.3611 -12.236 1
      vertex 57.4213 -12.288 1
    endloop
  endfacet
  facet normal 0 0 1
    outer loop
      vertex 57.1 -12.0546 1
      vertex 57.4 -11.5349 1
      vertex 57.3082 -11.4845 1
    endloop
  endfacet
  facet normal 0 0 1
    outer loop
      vertex 57.6615 -11.7087 1
      vertex 57.2987 -12.1866 1
      vertex 57.3611 -12.236 1
    endloop
  endfacet
  facet normal 0 0 1
    outer loop
      vertex 57.5768 -11.6471 1
      vertex 57.2344 -12.1398 1
      vertex 57.2987 -12.1866 1
    endloop
  endfacet
  facet normal 0 0 1
    outer loop
      vertex 57.0303 -12.0162 1
      vertex 57.3082 -11.4845 1
      vertex 57.2144 -11.4379 1
    endloop
  endfacet
  facet normal 0 0 1
    outer loop
      vertex 57.4896 -11.5892 1
      vertex 57.1681 -12.0958 1
      vertex 57.2344 -12.1398 1
    endloop
  endfacet
  facet normal 0 0 1
    outer loop
      vertex 56.959 -11.9808 1
      vertex 57.2144 -11.4379 1
      vertex 57.1188 -11.3953 1
    endloop
  endfacet
  facet normal 0 0 1
    outer loop
      vertex 57.4 -11.5349 1
      vertex 57.1 -12.0546 1
      vertex 57.1681 -12.0958 1
    endloop
  endfacet
  facet normal 0 0 1
    outer loop
      vertex 57.3082 -11.4845 1
      vertex 57.0303 -12.0162 1
      vertex 57.1 -12.0546 1
    endloop
  endfacet
  facet normal 0 0 1
    outer loop
      vertex 56.8863 -11.9485 1
      vertex 57.1188 -11.3953 1
      vertex 57.0214 -11.3568 1
    endloop
  endfacet
  facet normal 0 0 1
    outer loop
      vertex 57.2144 -11.4379 1
      vertex 56.959 -11.9808 1
      vertex 57.0303 -12.0162 1
    endloop
  endfacet
  facet normal 0 0 1
    outer loop
      vertex 56.8123 -11.9192 1
      vertex 57.0214 -11.3568 1
      vertex 56.9225 -11.3224 1
    endloop
  endfacet
  facet normal 0 0 1
    outer loop
      vertex 57.1188 -11.3953 1
      vertex 56.8863 -11.9485 1
      vertex 56.959 -11.9808 1
    endloop
  endfacet
  facet normal 0 0 1
    outer loop
      vertex 56.7371 -11.893 1
      vertex 56.9225 -11.3224 1
      vertex 56.8223 -11.2921 1
    endloop
  endfacet
  facet normal 0 0 1
    outer loop
      vertex 57.0214 -11.3568 1
      vertex 56.8123 -11.9192 1
      vertex 56.8863 -11.9485 1
    endloop
  endfacet
  facet normal 0 0 1
    outer loop
      vertex 56.9225 -11.3224 1
      vertex 56.7371 -11.893 1
      vertex 56.8123 -11.9192 1
    endloop
  endfacet
  facet normal 0 0 1
    outer loop
      vertex 56.6609 -11.87 1
      vertex 56.8223 -11.2921 1
      vertex 56.7209 -11.2661 1
    endloop
  endfacet
  facet normal 0 0 1
    outer loop
      vertex 56.8223 -11.2921 1
      vertex 56.6609 -11.87 1
      vertex 56.7371 -11.893 1
    endloop
  endfacet
  facet normal 0 0 1
    outer loop
      vertex 56.5839 -11.8502 1
      vertex 56.7209 -11.2661 1
      vertex 56.6185 -11.2443 1
    endloop
  endfacet
  facet normal 0 0 1
    outer loop
      vertex 56.7209 -11.2661 1
      vertex 56.5839 -11.8502 1
      vertex 56.6609 -11.87 1
    endloop
  endfacet
  facet normal 0 0 1
    outer loop
      vertex 56.506 -11.8337 1
      vertex 56.6185 -11.2443 1
      vertex 56.5152 -11.2268 1
    endloop
  endfacet
  facet normal 0 0 1
    outer loop
      vertex 56.6185 -11.2443 1
      vertex 56.506 -11.8337 1
      vertex 56.5839 -11.8502 1
    endloop
  endfacet
  facet normal 0 0 1
    outer loop
      vertex 56.5152 -11.2268 1
      vertex 56.4276 -11.8204 1
      vertex 56.506 -11.8337 1
    endloop
  endfacet
  facet normal 0 0 1
    outer loop
      vertex 56.4113 -11.2137 1
      vertex 56.4276 -11.8204 1
      vertex 56.5152 -11.2268 1
    endloop
  endfacet
  facet normal 0 0 1
    outer loop
      vertex 56.4113 -11.2137 1
      vertex 56.3486 -11.8104 1
      vertex 56.4276 -11.8204 1
    endloop
  endfacet
  facet normal 0 0 1
    outer loop
      vertex 56.307 -11.2049 1
      vertex 56.3486 -11.8104 1
      vertex 56.4113 -11.2137 1
    endloop
  endfacet
  facet normal 0 0 1
    outer loop
      vertex 56.307 -11.2049 1
      vertex 56.2693 -11.8037 1
      vertex 56.3486 -11.8104 1
    endloop
  endfacet
  facet normal 0 0 1
    outer loop
      vertex 56.2024 -11.2005 1
      vertex 56.2693 -11.8037 1
      vertex 56.307 -11.2049 1
    endloop
  endfacet
  facet normal 0 0 1
    outer loop
      vertex 56.2024 -11.2005 1
      vertex 56.1898 -11.8004 1
      vertex 56.2693 -11.8037 1
    endloop
  endfacet
  facet normal 0 0 1
    outer loop
      vertex 56.2024 -11.2005 1
      vertex 56.1102 -11.8004 1
      vertex 56.1898 -11.8004 1
    endloop
  endfacet
  facet normal -0 0 1
    outer loop
      vertex 56.0976 -11.2005 1
      vertex 56.1102 -11.8004 1
      vertex 56.2024 -11.2005 1
    endloop
  endfacet
  facet normal 0 0 1
    outer loop
      vertex 56.0976 -11.2005 1
      vertex 56.0307 -11.8037 1
      vertex 56.1102 -11.8004 1
    endloop
  endfacet
  facet normal -0 0 1
    outer loop
      vertex 55.993 -11.2049 1
      vertex 56.0307 -11.8037 1
      vertex 56.0976 -11.2005 1
    endloop
  endfacet
  facet normal 0 0 1
    outer loop
      vertex 55.993 -11.2049 1
      vertex 55.9514 -11.8104 1
      vertex 56.0307 -11.8037 1
    endloop
  endfacet
  facet normal -0 0 1
    outer loop
      vertex 55.8887 -11.2137 1
      vertex 55.9514 -11.8104 1
      vertex 55.993 -11.2049 1
    endloop
  endfacet
  facet normal 0 0 1
    outer loop
      vertex 55.8887 -11.2137 1
      vertex 55.8724 -11.8204 1
      vertex 55.9514 -11.8104 1
    endloop
  endfacet
  facet normal -0 0 1
    outer loop
      vertex 55.7848 -11.2268 1
      vertex 55.8724 -11.8204 1
      vertex 55.8887 -11.2137 1
    endloop
  endfacet
  facet normal 0 0 1
    outer loop
      vertex 55.8724 -11.8204 1
      vertex 55.7848 -11.2268 1
      vertex 55.794 -11.8337 1
    endloop
  endfacet
  facet normal -0 0 1
    outer loop
      vertex 55.6815 -11.2443 1
      vertex 55.794 -11.8337 1
      vertex 55.7848 -11.2268 1
    endloop
  endfacet
  facet normal 0 0 1
    outer loop
      vertex 55.794 -11.8337 1
      vertex 55.6815 -11.2443 1
      vertex 55.7161 -11.8502 1
    endloop
  endfacet
  facet normal -0 0 1
    outer loop
      vertex 55.5791 -11.2661 1
      vertex 55.7161 -11.8502 1
      vertex 55.6815 -11.2443 1
    endloop
  endfacet
  facet normal 0 0 1
    outer loop
      vertex 55.7161 -11.8502 1
      vertex 55.5791 -11.2661 1
      vertex 55.6391 -11.87 1
    endloop
  endfacet
  facet normal -0 0 1
    outer loop
      vertex 55.4777 -11.2921 1
      vertex 55.6391 -11.87 1
      vertex 55.5791 -11.2661 1
    endloop
  endfacet
  facet normal 0 0 1
    outer loop
      vertex 55.6391 -11.87 1
      vertex 55.4777 -11.2921 1
      vertex 55.5629 -11.893 1
    endloop
  endfacet
  facet normal -0 0 1
    outer loop
      vertex 55.3775 -11.3224 1
      vertex 55.5629 -11.893 1
      vertex 55.4777 -11.2921 1
    endloop
  endfacet
  facet normal 0 0 1
    outer loop
      vertex 55.5629 -11.893 1
      vertex 55.3775 -11.3224 1
      vertex 55.4877 -11.9192 1
    endloop
  endfacet
  facet normal -0 0 1
    outer loop
      vertex 55.2786 -11.3568 1
      vertex 55.4877 -11.9192 1
      vertex 55.3775 -11.3224 1
    endloop
  endfacet
  facet normal 0 0 1
    outer loop
      vertex 55.4877 -11.9192 1
      vertex 55.2786 -11.3568 1
      vertex 55.4137 -11.9485 1
    endloop
  endfacet
  facet normal -0 0 1
    outer loop
      vertex 55.1812 -11.3953 1
      vertex 55.4137 -11.9485 1
      vertex 55.2786 -11.3568 1
    endloop
  endfacet
  facet normal 0 0 1
    outer loop
      vertex 55.4137 -11.9485 1
      vertex 55.1812 -11.3953 1
      vertex 55.341 -11.9808 1
    endloop
  endfacet
  facet normal -0 0 1
    outer loop
      vertex 55.0856 -11.4379 1
      vertex 55.341 -11.9808 1
      vertex 55.1812 -11.3953 1
    endloop
  endfacet
  facet normal 0 0 1
    outer loop
      vertex 55.341 -11.9808 1
      vertex 55.0856 -11.4379 1
      vertex 55.2697 -12.0162 1
    endloop
  endfacet
  facet normal -0 0 1
    outer loop
      vertex 54.9918 -11.4845 1
      vertex 55.2697 -12.0162 1
      vertex 55.0856 -11.4379 1
    endloop
  endfacet
  facet normal 0 0 1
    outer loop
      vertex 55.2697 -12.0162 1
      vertex 54.9918 -11.4845 1
      vertex 55.2 -12.0546 1
    endloop
  endfacet
  facet normal -0 0 1
    outer loop
      vertex 54.9 -11.5349 1
      vertex 55.2 -12.0546 1
      vertex 54.9918 -11.4845 1
    endloop
  endfacet
  facet normal 0 0 1
    outer loop
      vertex 55.2 -12.0546 1
      vertex 54.9 -11.5349 1
      vertex 55.1319 -12.0958 1
    endloop
  endfacet
  facet normal -0 0 1
    outer loop
      vertex 54.8104 -11.5892 1
      vertex 55.1319 -12.0958 1
      vertex 54.9 -11.5349 1
    endloop
  endfacet
  facet normal 0 0 1
    outer loop
      vertex 55.1319 -12.0958 1
      vertex 54.8104 -11.5892 1
      vertex 55.0656 -12.1398 1
    endloop
  endfacet
  facet normal -0 0 1
    outer loop
      vertex 54.7232 -11.6471 1
      vertex 55.0656 -12.1398 1
      vertex 54.8104 -11.5892 1
    endloop
  endfacet
  facet normal 0 0 1
    outer loop
      vertex 55.0656 -12.1398 1
      vertex 54.7232 -11.6471 1
      vertex 55.0013 -12.1866 1
    endloop
  endfacet
  facet normal -0 0 1
    outer loop
      vertex 54.6385 -11.7087 1
      vertex 55.0013 -12.1866 1
      vertex 54.7232 -11.6471 1
    endloop
  endfacet
  facet normal 0 0 1
    outer loop
      vertex 55.0013 -12.1866 1
      vertex 54.6385 -11.7087 1
      vertex 54.9389 -12.236 1
    endloop
  endfacet
  facet normal -0 0 1
    outer loop
      vertex 54.5564 -11.7737 1
      vertex 54.9389 -12.236 1
      vertex 54.6385 -11.7087 1
    endloop
  endfacet
  facet normal 0 0 1
    outer loop
      vertex 54.9389 -12.236 1
      vertex 54.5564 -11.7737 1
      vertex 54.8787 -12.288 1
    endloop
  endfacet
  facet normal -0 0 1
    outer loop
      vertex 54.4772 -11.8421 1
      vertex 54.8787 -12.288 1
      vertex 54.5564 -11.7737 1
    endloop
  endfacet
  facet normal 0 0 1
    outer loop
      vertex 54.8787 -12.288 1
      vertex 54.4772 -11.8421 1
      vertex 54.8206 -12.3425 1
    endloop
  endfacet
  facet normal -0 0 1
    outer loop
      vertex 54.4008 -11.9138 1
      vertex 54.8206 -12.3425 1
      vertex 54.4772 -11.8421 1
    endloop
  endfacet
  facet normal 0 0 1
    outer loop
      vertex 54.8206 -12.3425 1
      vertex 54.4008 -11.9138 1
      vertex 54.765 -12.3994 1
    endloop
  endfacet
  facet normal -0 0 1
    outer loop
      vertex 54.3276 -11.9886 1
      vertex 54.765 -12.3994 1
      vertex 54.4008 -11.9138 1
    endloop
  endfacet
  facet normal 0 0 1
    outer loop
      vertex 54.765 -12.3994 1
      vertex 54.3276 -11.9886 1
      vertex 54.7117 -12.4585 1
    endloop
  endfacet
  facet normal -0 0 1
    outer loop
      vertex 54.2575 -12.0664 1
      vertex 54.7117 -12.4585 1
      vertex 54.3276 -11.9886 1
    endloop
  endfacet
  facet normal 0 0 1
    outer loop
      vertex 54.7117 -12.4585 1
      vertex 54.2575 -12.0664 1
      vertex 54.661 -12.5198 1
    endloop
  endfacet
  facet normal -0 0 1
    outer loop
      vertex 54.1908 -12.1471 1
      vertex 54.661 -12.5198 1
      vertex 54.2575 -12.0664 1
    endloop
  endfacet
  facet normal 0 0 1
    outer loop
      vertex 54.661 -12.5198 1
      vertex 54.1908 -12.1471 1
      vertex 54.6129 -12.5832 1
    endloop
  endfacet
  facet normal -0 0 1
    outer loop
      vertex 54.1275 -12.2305 1
      vertex 54.6129 -12.5832 1
      vertex 54.1908 -12.1471 1
    endloop
  endfacet
  facet normal 0 0 1
    outer loop
      vertex 54.6129 -12.5832 1
      vertex 54.1275 -12.2305 1
      vertex 54.5675 -12.6486 1
    endloop
  endfacet
  facet normal -0 0 1
    outer loop
      vertex 54.0677 -12.3165 1
      vertex 54.5675 -12.6486 1
      vertex 54.1275 -12.2305 1
    endloop
  endfacet
  facet normal 0 0 1
    outer loop
      vertex 54.5675 -12.6486 1
      vertex 54.0677 -12.3165 1
      vertex 54.5248 -12.7157 1
    endloop
  endfacet
  facet normal -0 0 1
    outer loop
      vertex 54.0116 -12.4049 1
      vertex 54.5248 -12.7157 1
      vertex 54.0677 -12.3165 1
    endloop
  endfacet
  facet normal 0 0 1
    outer loop
      vertex 54.5248 -12.7157 1
      vertex 54.0116 -12.4049 1
      vertex 54.485 -12.7847 1
    endloop
  endfacet
  facet normal -0 0 1
    outer loop
      vertex 53.9592 -12.4956 1
      vertex 54.485 -12.7847 1
      vertex 54.0116 -12.4049 1
    endloop
  endfacet
  facet normal 0 0 1
    outer loop
      vertex 54.485 -12.7847 1
      vertex 53.9592 -12.4956 1
      vertex 54.4481 -12.8552 1
    endloop
  endfacet
  facet normal -0 0 1
    outer loop
      vertex 53.9107 -12.5884 1
      vertex 54.4481 -12.8552 1
      vertex 53.9592 -12.4956 1
    endloop
  endfacet
  facet normal 0 0 1
    outer loop
      vertex 54.4481 -12.8552 1
      vertex 53.9107 -12.5884 1
      vertex 54.4143 -12.9272 1
    endloop
  endfacet
  facet normal -0 0 1
    outer loop
      vertex 53.8661 -12.6832 1
      vertex 54.4143 -12.9272 1
      vertex 53.9107 -12.5884 1
    endloop
  endfacet
  facet normal 0 0 1
    outer loop
      vertex 54.4143 -12.9272 1
      vertex 53.8661 -12.6832 1
      vertex 54.3834 -13.0006 1
    endloop
  endfacet
  facet normal -0 0 1
    outer loop
      vertex 53.8256 -12.7797 1
      vertex 54.3834 -13.0006 1
      vertex 53.8661 -12.6832 1
    endloop
  endfacet
  facet normal 0 0 1
    outer loop
      vertex 54.3834 -13.0006 1
      vertex 53.8256 -12.7797 1
      vertex 54.3557 -13.0752 1
    endloop
  endfacet
  facet normal -0 0 1
    outer loop
      vertex 53.7891 -12.8778 1
      vertex 54.3557 -13.0752 1
      vertex 53.8256 -12.7797 1
    endloop
  endfacet
  facet normal 0 0 1
    outer loop
      vertex 58.5109 -14.5222 1
      vertex 57.9443 -14.3248 1
      vertex 58.4744 -14.6203 1
    endloop
  endfacet
  facet normal -0 0 1
    outer loop
      vertex 57.9166 -14.3994 1
      vertex 58.4744 -14.6203 1
      vertex 57.9443 -14.3248 1
    endloop
  endfacet
  facet normal 0 0 1
    outer loop
      vertex 58.4744 -14.6203 1
      vertex 57.9166 -14.3994 1
      vertex 58.4339 -14.7168 1
    endloop
  endfacet
  facet normal -0 0 1
    outer loop
      vertex 57.8857 -14.4728 1
      vertex 58.4339 -14.7168 1
      vertex 57.9166 -14.3994 1
    endloop
  endfacet
  facet normal 0 0 1
    outer loop
      vertex 58.4339 -14.7168 1
      vertex 57.8857 -14.4728 1
      vertex 58.3893 -14.8116 1
    endloop
  endfacet
  facet normal -0 0 1
    outer loop
      vertex 57.8519 -14.5448 1
      vertex 58.3893 -14.8116 1
      vertex 57.8857 -14.4728 1
    endloop
  endfacet
  facet normal 0 0 1
    outer loop
      vertex 58.3893 -14.8116 1
      vertex 57.8519 -14.5448 1
      vertex 58.3408 -14.9044 1
    endloop
  endfacet
  facet normal -0 0 1
    outer loop
      vertex 57.815 -14.6153 1
      vertex 58.3408 -14.9044 1
      vertex 57.8519 -14.5448 1
    endloop
  endfacet
  facet normal 0 0 1
    outer loop
      vertex 58.3408 -14.9044 1
      vertex 57.815 -14.6153 1
      vertex 58.2884 -14.9951 1
    endloop
  endfacet
  facet normal -0 0 1
    outer loop
      vertex 57.7752 -14.6843 1
      vertex 58.2884 -14.9951 1
      vertex 57.815 -14.6153 1
    endloop
  endfacet
  facet normal 0 0 1
    outer loop
      vertex 58.2884 -14.9951 1
      vertex 57.7752 -14.6843 1
      vertex 58.2323 -15.0835 1
    endloop
  endfacet
  facet normal -0 0 1
    outer loop
      vertex 57.7326 -14.7514 1
      vertex 58.2323 -15.0835 1
      vertex 57.7752 -14.6843 1
    endloop
  endfacet
  facet normal 0 0 1
    outer loop
      vertex 58.2323 -15.0835 1
      vertex 57.7326 -14.7514 1
      vertex 58.1725 -15.1695 1
    endloop
  endfacet
  facet normal -0 0 1
    outer loop
      vertex 57.6871 -14.8168 1
      vertex 58.1725 -15.1695 1
      vertex 57.7326 -14.7514 1
    endloop
  endfacet
  facet normal 0 0 1
    outer loop
      vertex 58.1725 -15.1695 1
      vertex 57.6871 -14.8168 1
      vertex 58.1092 -15.2529 1
    endloop
  endfacet
  facet normal -0 0 1
    outer loop
      vertex 57.639 -14.8802 1
      vertex 58.1092 -15.2529 1
      vertex 57.6871 -14.8168 1
    endloop
  endfacet
  facet normal 0 0 1
    outer loop
      vertex 58.1092 -15.2529 1
      vertex 57.639 -14.8802 1
      vertex 58.0425 -15.3336 1
    endloop
  endfacet
  facet normal -0 0 1
    outer loop
      vertex 57.5883 -14.9415 1
      vertex 58.0425 -15.3336 1
      vertex 57.639 -14.8802 1
    endloop
  endfacet
  facet normal 0 0 1
    outer loop
      vertex 58.0425 -15.3336 1
      vertex 57.5883 -14.9415 1
      vertex 57.9724 -15.4114 1
    endloop
  endfacet
  facet normal -0 0 1
    outer loop
      vertex 57.535 -15.0006 1
      vertex 57.9724 -15.4114 1
      vertex 57.5883 -14.9415 1
    endloop
  endfacet
  facet normal 0 0 1
    outer loop
      vertex 57.9724 -15.4114 1
      vertex 57.535 -15.0006 1
      vertex 57.8992 -15.4862 1
    endloop
  endfacet
  facet normal -0 0 1
    outer loop
      vertex 57.4794 -15.0575 1
      vertex 57.8992 -15.4862 1
      vertex 57.535 -15.0006 1
    endloop
  endfacet
  facet normal 0 0 1
    outer loop
      vertex 57.8992 -15.4862 1
      vertex 57.4794 -15.0575 1
      vertex 57.8228 -15.5579 1
    endloop
  endfacet
  facet normal -0 0 1
    outer loop
      vertex 57.4213 -15.112 1
      vertex 57.8228 -15.5579 1
      vertex 57.4794 -15.0575 1
    endloop
  endfacet
  facet normal 0 0 1
    outer loop
      vertex 57.8228 -15.5579 1
      vertex 57.4213 -15.112 1
      vertex 57.7436 -15.6263 1
    endloop
  endfacet
  facet normal -0 0 1
    outer loop
      vertex 57.3611 -15.164 1
      vertex 57.7436 -15.6263 1
      vertex 57.4213 -15.112 1
    endloop
  endfacet
  facet normal 0 0 1
    outer loop
      vertex 57.7436 -15.6263 1
      vertex 57.3611 -15.164 1
      vertex 57.6615 -15.6913 1
    endloop
  endfacet
  facet normal -0 0 1
    outer loop
      vertex 57.2987 -15.2134 1
      vertex 57.6615 -15.6913 1
      vertex 57.3611 -15.164 1
    endloop
  endfacet
  facet normal 0 0 1
    outer loop
      vertex 57.6615 -15.6913 1
      vertex 57.2987 -15.2134 1
      vertex 57.5768 -15.7529 1
    endloop
  endfacet
  facet normal -0 0 1
    outer loop
      vertex 57.2344 -15.2602 1
      vertex 57.5768 -15.7529 1
      vertex 57.2987 -15.2134 1
    endloop
  endfacet
  facet normal 0 0 1
    outer loop
      vertex 57.5768 -15.7529 1
      vertex 57.2344 -15.2602 1
      vertex 57.4896 -15.8108 1
    endloop
  endfacet
  facet normal -0 0 1
    outer loop
      vertex 57.1681 -15.3042 1
      vertex 57.4896 -15.8108 1
      vertex 57.2344 -15.2602 1
    endloop
  endfacet
  facet normal 0 0 1
    outer loop
      vertex 57.4896 -15.8108 1
      vertex 57.1681 -15.3042 1
      vertex 57.4 -15.8651 1
    endloop
  endfacet
  facet normal -0 0 1
    outer loop
      vertex 57.1 -15.3454 1
      vertex 57.4 -15.8651 1
      vertex 57.1681 -15.3042 1
    endloop
  endfacet
  facet normal 0 0 1
    outer loop
      vertex 57.4 -15.8651 1
      vertex 57.1 -15.3454 1
      vertex 57.3082 -15.9155 1
    endloop
  endfacet
  facet normal -0 0 1
    outer loop
      vertex 57.0303 -15.3838 1
      vertex 57.3082 -15.9155 1
      vertex 57.1 -15.3454 1
    endloop
  endfacet
  facet normal 0 0 1
    outer loop
      vertex 57.3082 -15.9155 1
      vertex 57.0303 -15.3838 1
      vertex 57.2144 -15.9621 1
    endloop
  endfacet
  facet normal -0 0 1
    outer loop
      vertex 56.959 -15.4192 1
      vertex 57.2144 -15.9621 1
      vertex 57.0303 -15.3838 1
    endloop
  endfacet
  facet normal 0 0 1
    outer loop
      vertex 57.2144 -15.9621 1
      vertex 56.959 -15.4192 1
      vertex 57.1188 -16.0047 1
    endloop
  endfacet
  facet normal -0 0 1
    outer loop
      vertex 56.8863 -15.4515 1
      vertex 57.1188 -16.0047 1
      vertex 56.959 -15.4192 1
    endloop
  endfacet
  facet normal 0 0 1
    outer loop
      vertex 57.1188 -16.0047 1
      vertex 56.8863 -15.4515 1
      vertex 57.0214 -16.0432 1
    endloop
  endfacet
  facet normal -0 0 1
    outer loop
      vertex 56.8123 -15.4808 1
      vertex 57.0214 -16.0432 1
      vertex 56.8863 -15.4515 1
    endloop
  endfacet
  facet normal 0 0 1
    outer loop
      vertex 57.0214 -16.0432 1
      vertex 56.8123 -15.4808 1
      vertex 56.9225 -16.0776 1
    endloop
  endfacet
  facet normal -0 0 1
    outer loop
      vertex 56.7371 -15.507 1
      vertex 56.9225 -16.0776 1
      vertex 56.8123 -15.4808 1
    endloop
  endfacet
  facet normal 0 0 1
    outer loop
      vertex 56.9225 -16.0776 1
      vertex 56.7371 -15.507 1
      vertex 56.8223 -16.1079 1
    endloop
  endfacet
  facet normal -0 0 1
    outer loop
      vertex 56.6609 -15.53 1
      vertex 56.8223 -16.1079 1
      vertex 56.7371 -15.507 1
    endloop
  endfacet
  facet normal 0 0 1
    outer loop
      vertex 56.8223 -16.1079 1
      vertex 56.6609 -15.53 1
      vertex 56.7209 -16.1339 1
    endloop
  endfacet
  facet normal -0 0 1
    outer loop
      vertex 56.5839 -15.5498 1
      vertex 56.7209 -16.1339 1
      vertex 56.6609 -15.53 1
    endloop
  endfacet
  facet normal 0 0 1
    outer loop
      vertex 56.7209 -16.1339 1
      vertex 56.5839 -15.5498 1
      vertex 56.6185 -16.1557 1
    endloop
  endfacet
  facet normal -0 0 1
    outer loop
      vertex 56.506 -15.5663 1
      vertex 56.6185 -16.1557 1
      vertex 56.5839 -15.5498 1
    endloop
  endfacet
  facet normal 0 0 1
    outer loop
      vertex 56.6185 -16.1557 1
      vertex 56.506 -15.5663 1
      vertex 56.5152 -16.1732 1
    endloop
  endfacet
  facet normal -0 0 1
    outer loop
      vertex 56.4276 -15.5796 1
      vertex 56.5152 -16.1732 1
      vertex 56.506 -15.5663 1
    endloop
  endfacet
  facet normal 0 0 1
    outer loop
      vertex 56.4276 -15.5796 1
      vertex 56.4113 -16.1863 1
      vertex 56.5152 -16.1732 1
    endloop
  endfacet
  facet normal -0 0 1
    outer loop
      vertex 56.3486 -15.5896 1
      vertex 56.4113 -16.1863 1
      vertex 56.4276 -15.5796 1
    endloop
  endfacet
  facet normal 0 0 1
    outer loop
      vertex 56.3486 -15.5896 1
      vertex 56.307 -16.1951 1
      vertex 56.4113 -16.1863 1
    endloop
  endfacet
  facet normal -0 0 1
    outer loop
      vertex 56.2693 -15.5963 1
      vertex 56.307 -16.1951 1
      vertex 56.3486 -15.5896 1
    endloop
  endfacet
  facet normal 0 0 1
    outer loop
      vertex 56.2693 -15.5963 1
      vertex 56.2024 -16.1995 1
      vertex 56.307 -16.1951 1
    endloop
  endfacet
  facet normal -0 0 1
    outer loop
      vertex 56.1898 -15.5996 1
      vertex 56.2024 -16.1995 1
      vertex 56.2693 -15.5963 1
    endloop
  endfacet
  facet normal -0 0 1
    outer loop
      vertex 56.1102 -15.5996 1
      vertex 56.2024 -16.1995 1
      vertex 56.1898 -15.5996 1
    endloop
  endfacet
  facet normal 0 0 1
    outer loop
      vertex 56.1102 -15.5996 1
      vertex 56.0976 -16.1995 1
      vertex 56.2024 -16.1995 1
    endloop
  endfacet
  facet normal 0 0 1
    outer loop
      vertex 56.0307 -15.5963 1
      vertex 56.0976 -16.1995 1
      vertex 56.1102 -15.5996 1
    endloop
  endfacet
  facet normal 0 0 1
    outer loop
      vertex 56.0307 -15.5963 1
      vertex 55.993 -16.1951 1
      vertex 56.0976 -16.1995 1
    endloop
  endfacet
  facet normal 0 0 1
    outer loop
      vertex 55.9514 -15.5896 1
      vertex 55.993 -16.1951 1
      vertex 56.0307 -15.5963 1
    endloop
  endfacet
  facet normal 0 0 1
    outer loop
      vertex 55.9514 -15.5896 1
      vertex 55.8887 -16.1863 1
      vertex 55.993 -16.1951 1
    endloop
  endfacet
  facet normal 0 0 1
    outer loop
      vertex 55.8724 -15.5796 1
      vertex 55.8887 -16.1863 1
      vertex 55.9514 -15.5896 1
    endloop
  endfacet
  facet normal 0 0 1
    outer loop
      vertex 55.7848 -16.1732 1
      vertex 55.8724 -15.5796 1
      vertex 55.794 -15.5663 1
    endloop
  endfacet
  facet normal 0 0 1
    outer loop
      vertex 55.8724 -15.5796 1
      vertex 55.7848 -16.1732 1
      vertex 55.8887 -16.1863 1
    endloop
  endfacet
  facet normal 0 0 1
    outer loop
      vertex 55.6815 -16.1557 1
      vertex 55.794 -15.5663 1
      vertex 55.7161 -15.5498 1
    endloop
  endfacet
  facet normal 0 0 1
    outer loop
      vertex 55.794 -15.5663 1
      vertex 55.6815 -16.1557 1
      vertex 55.7848 -16.1732 1
    endloop
  endfacet
  facet normal 0 0 1
    outer loop
      vertex 55.5791 -16.1339 1
      vertex 55.7161 -15.5498 1
      vertex 55.6391 -15.53 1
    endloop
  endfacet
  facet normal 0 0 1
    outer loop
      vertex 55.7161 -15.5498 1
      vertex 55.5791 -16.1339 1
      vertex 55.6815 -16.1557 1
    endloop
  endfacet
  facet normal 0 0 1
    outer loop
      vertex 55.4777 -16.1079 1
      vertex 55.6391 -15.53 1
      vertex 55.5629 -15.507 1
    endloop
  endfacet
  facet normal 0 0 1
    outer loop
      vertex 55.3775 -16.0776 1
      vertex 55.5629 -15.507 1
      vertex 55.4877 -15.4808 1
    endloop
  endfacet
  facet normal 0 0 1
    outer loop
      vertex 55.6391 -15.53 1
      vertex 55.4777 -16.1079 1
      vertex 55.5791 -16.1339 1
    endloop
  endfacet
  facet normal 0 0 1
    outer loop
      vertex 55.2786 -16.0432 1
      vertex 55.4877 -15.4808 1
      vertex 55.4137 -15.4515 1
    endloop
  endfacet
  facet normal 0 0 1
    outer loop
      vertex 55.5629 -15.507 1
      vertex 55.3775 -16.0776 1
      vertex 55.4777 -16.1079 1
    endloop
  endfacet
  facet normal 0 0 1
    outer loop
      vertex 55.1812 -16.0047 1
      vertex 55.4137 -15.4515 1
      vertex 55.341 -15.4192 1
    endloop
  endfacet
  facet normal 0 0 1
    outer loop
      vertex 55.4877 -15.4808 1
      vertex 55.2786 -16.0432 1
      vertex 55.3775 -16.0776 1
    endloop
  endfacet
  facet normal 0 0 1
    outer loop
      vertex 55.0856 -15.9621 1
      vertex 55.341 -15.4192 1
      vertex 55.2697 -15.3838 1
    endloop
  endfacet
  facet normal 0 0 1
    outer loop
      vertex 54.9918 -15.9155 1
      vertex 55.2697 -15.3838 1
      vertex 55.2 -15.3454 1
    endloop
  endfacet
  facet normal 0 0 1
    outer loop
      vertex 55.4137 -15.4515 1
      vertex 55.1812 -16.0047 1
      vertex 55.2786 -16.0432 1
    endloop
  endfacet
  facet normal 0 0 1
    outer loop
      vertex 54.9 -15.8651 1
      vertex 55.2 -15.3454 1
      vertex 55.1319 -15.3042 1
    endloop
  endfacet
  facet normal 0 0 1
    outer loop
      vertex 55.341 -15.4192 1
      vertex 55.0856 -15.9621 1
      vertex 55.1812 -16.0047 1
    endloop
  endfacet
  facet normal 0 0 1
    outer loop
      vertex 54.8104 -15.8108 1
      vertex 55.1319 -15.3042 1
      vertex 55.0656 -15.2602 1
    endloop
  endfacet
  facet normal 0 0 1
    outer loop
      vertex 54.7232 -15.7529 1
      vertex 55.0656 -15.2602 1
      vertex 55.0013 -15.2134 1
    endloop
  endfacet
  facet normal 0 0 1
    outer loop
      vertex 55.2697 -15.3838 1
      vertex 54.9918 -15.9155 1
      vertex 55.0856 -15.9621 1
    endloop
  endfacet
  facet normal 0 0 1
    outer loop
      vertex 54.6385 -15.6913 1
      vertex 55.0013 -15.2134 1
      vertex 54.9389 -15.164 1
    endloop
  endfacet
  facet normal 0 0 1
    outer loop
      vertex 55.2 -15.3454 1
      vertex 54.9 -15.8651 1
      vertex 54.9918 -15.9155 1
    endloop
  endfacet
  facet normal 0 0 1
    outer loop
      vertex 54.5564 -15.6263 1
      vertex 54.9389 -15.164 1
      vertex 54.8787 -15.112 1
    endloop
  endfacet
  facet normal 0 0 1
    outer loop
      vertex 54.4772 -15.5579 1
      vertex 54.8787 -15.112 1
      vertex 54.8206 -15.0575 1
    endloop
  endfacet
  facet normal 0 0 1
    outer loop
      vertex 55.1319 -15.3042 1
      vertex 54.8104 -15.8108 1
      vertex 54.9 -15.8651 1
    endloop
  endfacet
  facet normal 0 0 1
    outer loop
      vertex 54.4008 -15.4862 1
      vertex 54.8206 -15.0575 1
      vertex 54.765 -15.0006 1
    endloop
  endfacet
  facet normal 0 0 1
    outer loop
      vertex 55.0656 -15.2602 1
      vertex 54.7232 -15.7529 1
      vertex 54.8104 -15.8108 1
    endloop
  endfacet
  facet normal 0 0 1
    outer loop
      vertex 54.3276 -15.4114 1
      vertex 54.765 -15.0006 1
      vertex 54.7117 -14.9415 1
    endloop
  endfacet
  facet normal 0 0 1
    outer loop
      vertex 54.2575 -15.3336 1
      vertex 54.7117 -14.9415 1
      vertex 54.661 -14.8802 1
    endloop
  endfacet
  facet normal 0 0 1
    outer loop
      vertex 55.0013 -15.2134 1
      vertex 54.6385 -15.6913 1
      vertex 54.7232 -15.7529 1
    endloop
  endfacet
  facet normal 0 0 1
    outer loop
      vertex 54.1908 -15.2529 1
      vertex 54.661 -14.8802 1
      vertex 54.6129 -14.8168 1
    endloop
  endfacet
  facet normal 0 0 1
    outer loop
      vertex 54.1275 -15.1695 1
      vertex 54.6129 -14.8168 1
      vertex 54.5675 -14.7514 1
    endloop
  endfacet
  facet normal 0 0 1
    outer loop
      vertex 54.9389 -15.164 1
      vertex 54.5564 -15.6263 1
      vertex 54.6385 -15.6913 1
    endloop
  endfacet
  facet normal 0 0 1
    outer loop
      vertex 54.0677 -15.0835 1
      vertex 54.5675 -14.7514 1
      vertex 54.5248 -14.6843 1
    endloop
  endfacet
  facet normal 0 0 1
    outer loop
      vertex 54.0116 -14.9951 1
      vertex 54.5248 -14.6843 1
      vertex 54.485 -14.6153 1
    endloop
  endfacet
  facet normal 0 0 1
    outer loop
      vertex 54.8787 -15.112 1
      vertex 54.4772 -15.5579 1
      vertex 54.5564 -15.6263 1
    endloop
  endfacet
  facet normal 0 0 1
    outer loop
      vertex 53.9592 -14.9044 1
      vertex 54.485 -14.6153 1
      vertex 54.4481 -14.5448 1
    endloop
  endfacet
  facet normal 0 0 1
    outer loop
      vertex 53.9107 -14.8116 1
      vertex 54.4481 -14.5448 1
      vertex 54.4143 -14.4728 1
    endloop
  endfacet
  facet normal 0 0 1
    outer loop
      vertex 54.8206 -15.0575 1
      vertex 54.4008 -15.4862 1
      vertex 54.4772 -15.5579 1
    endloop
  endfacet
  facet normal 0 0 1
    outer loop
      vertex 53.8661 -14.7168 1
      vertex 54.4143 -14.4728 1
      vertex 54.3834 -14.3994 1
    endloop
  endfacet
  facet normal 0 0 1
    outer loop
      vertex 53.8256 -14.6203 1
      vertex 54.3834 -14.3994 1
      vertex 54.3557 -14.3248 1
    endloop
  endfacet
  facet normal 0 0 1
    outer loop
      vertex 53.7891 -14.5222 1
      vertex 54.3557 -14.3248 1
      vertex 54.3311 -14.2492 1
    endloop
  endfacet
  facet normal 0 0 1
    outer loop
      vertex 54.765 -15.0006 1
      vertex 54.3276 -15.4114 1
      vertex 54.4008 -15.4862 1
    endloop
  endfacet
  facet normal 0 0 1
    outer loop
      vertex 53.7567 -14.4226 1
      vertex 54.3311 -14.2492 1
      vertex 54.3097 -14.1725 1
    endloop
  endfacet
  facet normal 0 0 1
    outer loop
      vertex 53.7285 -14.3217 1
      vertex 54.3097 -14.1725 1
      vertex 54.2915 -14.095 1
    endloop
  endfacet
  facet normal 0 0 1
    outer loop
      vertex 53.7046 -14.2198 1
      vertex 54.2915 -14.095 1
      vertex 54.2766 -14.0169 1
    endloop
  endfacet
  facet normal 0 0 1
    outer loop
      vertex 53.685 -14.1169 1
      vertex 54.2766 -14.0169 1
      vertex 54.265 -13.9381 1
    endloop
  endfacet
  facet normal 0 0 1
    outer loop
      vertex 54.7117 -14.9415 1
      vertex 54.2575 -15.3336 1
      vertex 54.3276 -15.4114 1
    endloop
  endfacet
  facet normal 0 0 1
    outer loop
      vertex 53.6697 -14.0133 1
      vertex 54.265 -13.9381 1
      vertex 54.2567 -13.859 1
    endloop
  endfacet
  facet normal 0 0 1
    outer loop
      vertex 53.6588 -13.9092 1
      vertex 54.2567 -13.859 1
      vertex 54.2517 -13.7796 1
    endloop
  endfacet
  facet normal 0 0 1
    outer loop
      vertex 53.6522 -13.8047 1
      vertex 54.2517 -13.7796 1
      vertex 54.25 -13.7 1
    endloop
  endfacet
  facet normal 0 0 1
    outer loop
      vertex 54.3557 -13.0752 1
      vertex 53.7891 -12.8778 1
      vertex 54.3311 -13.1508 1
    endloop
  endfacet
  facet normal 0 0 1
    outer loop
      vertex 54.661 -14.8802 1
      vertex 54.1908 -15.2529 1
      vertex 54.2575 -15.3336 1
    endloop
  endfacet
  facet normal -0 0 1
    outer loop
      vertex 53.7567 -12.9774 1
      vertex 54.3311 -13.1508 1
      vertex 53.7891 -12.8778 1
    endloop
  endfacet
  facet normal 0 0 1
    outer loop
      vertex 54.6129 -14.8168 1
      vertex 54.1275 -15.1695 1
      vertex 54.1908 -15.2529 1
    endloop
  endfacet
  facet normal 0 0 1
    outer loop
      vertex 54.3311 -13.1508 1
      vertex 53.7567 -12.9774 1
      vertex 54.3097 -13.2275 1
    endloop
  endfacet
  facet normal 0 0 1
    outer loop
      vertex 54.5675 -14.7514 1
      vertex 54.0677 -15.0835 1
      vertex 54.1275 -15.1695 1
    endloop
  endfacet
  facet normal -0 0 1
    outer loop
      vertex 53.7285 -13.0783 1
      vertex 54.3097 -13.2275 1
      vertex 53.7567 -12.9774 1
    endloop
  endfacet
  facet normal 0 0 1
    outer loop
      vertex 54.5248 -14.6843 1
      vertex 54.0116 -14.9951 1
      vertex 54.0677 -15.0835 1
    endloop
  endfacet
  facet normal 0 0 1
    outer loop
      vertex 54.3097 -13.2275 1
      vertex 53.7285 -13.0783 1
      vertex 54.2915 -13.305 1
    endloop
  endfacet
  facet normal 0 0 1
    outer loop
      vertex 54.485 -14.6153 1
      vertex 53.9592 -14.9044 1
      vertex 54.0116 -14.9951 1
    endloop
  endfacet
  facet normal -0 0 1
    outer loop
      vertex 53.7046 -13.1802 1
      vertex 54.2915 -13.305 1
      vertex 53.7285 -13.0783 1
    endloop
  endfacet
  facet normal 0 0 1
    outer loop
      vertex 54.4481 -14.5448 1
      vertex 53.9107 -14.8116 1
      vertex 53.9592 -14.9044 1
    endloop
  endfacet
  facet normal 0 0 1
    outer loop
      vertex 54.2915 -13.305 1
      vertex 53.7046 -13.1802 1
      vertex 54.2766 -13.3831 1
    endloop
  endfacet
  facet normal 0 0 1
    outer loop
      vertex 54.4143 -14.4728 1
      vertex 53.8661 -14.7168 1
      vertex 53.9107 -14.8116 1
    endloop
  endfacet
  facet normal -0 0 1
    outer loop
      vertex 53.685 -13.2831 1
      vertex 54.2766 -13.3831 1
      vertex 53.7046 -13.1802 1
    endloop
  endfacet
  facet normal 0 0 1
    outer loop
      vertex 54.3834 -14.3994 1
      vertex 53.8256 -14.6203 1
      vertex 53.8661 -14.7168 1
    endloop
  endfacet
  facet normal 0 0 1
    outer loop
      vertex 54.2766 -13.3831 1
      vertex 53.685 -13.2831 1
      vertex 54.265 -13.4619 1
    endloop
  endfacet
  facet normal 0 0 1
    outer loop
      vertex 54.3557 -14.3248 1
      vertex 53.7891 -14.5222 1
      vertex 53.8256 -14.6203 1
    endloop
  endfacet
  facet normal -0 0 1
    outer loop
      vertex 53.6697 -13.3867 1
      vertex 54.265 -13.4619 1
      vertex 53.685 -13.2831 1
    endloop
  endfacet
  facet normal 0 0 1
    outer loop
      vertex 54.3311 -14.2492 1
      vertex 53.7567 -14.4226 1
      vertex 53.7891 -14.5222 1
    endloop
  endfacet
  facet normal 0 0 1
    outer loop
      vertex 54.265 -13.4619 1
      vertex 53.6697 -13.3867 1
      vertex 54.2567 -13.541 1
    endloop
  endfacet
  facet normal 0 0 1
    outer loop
      vertex 54.3097 -14.1725 1
      vertex 53.7285 -14.3217 1
      vertex 53.7567 -14.4226 1
    endloop
  endfacet
  facet normal -0 0 1
    outer loop
      vertex 53.6588 -13.4908 1
      vertex 54.2567 -13.541 1
      vertex 53.6697 -13.3867 1
    endloop
  endfacet
  facet normal 0 0 1
    outer loop
      vertex 54.2915 -14.095 1
      vertex 53.7046 -14.2198 1
      vertex 53.7285 -14.3217 1
    endloop
  endfacet
  facet normal 0 0 1
    outer loop
      vertex 54.2567 -13.541 1
      vertex 53.6588 -13.4908 1
      vertex 54.2517 -13.6204 1
    endloop
  endfacet
  facet normal 0 0 1
    outer loop
      vertex 54.2766 -14.0169 1
      vertex 53.685 -14.1169 1
      vertex 53.7046 -14.2198 1
    endloop
  endfacet
  facet normal -0 0 1
    outer loop
      vertex 53.6522 -13.5953 1
      vertex 54.2517 -13.6204 1
      vertex 53.6588 -13.4908 1
    endloop
  endfacet
  facet normal 0 0 1
    outer loop
      vertex 54.265 -13.9381 1
      vertex 53.6697 -14.0133 1
      vertex 53.685 -14.1169 1
    endloop
  endfacet
  facet normal 0 0 1
    outer loop
      vertex 54.2517 -13.6204 1
      vertex 53.6522 -13.5953 1
      vertex 54.25 -13.7 1
    endloop
  endfacet
  facet normal 0 0 1
    outer loop
      vertex 54.2567 -13.859 1
      vertex 53.6588 -13.9092 1
      vertex 53.6697 -14.0133 1
    endloop
  endfacet
  facet normal 0 0 1
    outer loop
      vertex 53.65 -13.7 1
      vertex 54.25 -13.7 1
      vertex 53.6522 -13.5953 1
    endloop
  endfacet
  facet normal 0 0 1
    outer loop
      vertex 54.2517 -13.7796 1
      vertex 53.6522 -13.8047 1
      vertex 53.6588 -13.9092 1
    endloop
  endfacet
  facet normal 0 0 1
    outer loop
      vertex 54.25 -13.7 1
      vertex 53.65 -13.7 1
      vertex 53.6522 -13.8047 1
    endloop
  endfacet
  facet normal -0.329008 -0.944327 0
    outer loop
      vertex 55.4877 -15.4808 1
      vertex 55.5629 -15.507 8
      vertex 55.4877 -15.4808 8
    endloop
  endfacet
  facet normal -0.329008 -0.944327 -0
    outer loop
      vertex 55.5629 -15.507 8
      vertex 55.4877 -15.4808 1
      vertex 55.5629 -15.507 1
    endloop
  endfacet
  facet normal 0.249041 0.968493 -0
    outer loop
      vertex 56.6609 -11.87 1
      vertex 56.5839 -11.8502 8
      vertex 56.6609 -11.87 8
    endloop
  endfacet
  facet normal 0.249041 0.968493 0
    outer loop
      vertex 56.5839 -11.8502 8
      vertex 56.6609 -11.87 1
      vertex 56.5839 -11.8502 1
    endloop
  endfacet
  facet normal -0.444699 -0.89568 0
    outer loop
      vertex 55.2697 -15.3838 1
      vertex 55.341 -15.4192 8
      vertex 55.2697 -15.3838 8
    endloop
  endfacet
  facet normal -0.444699 -0.89568 -0
    outer loop
      vertex 55.341 -15.4192 8
      vertex 55.2697 -15.3838 1
      vertex 55.341 -15.4192 1
    endloop
  endfacet
  facet normal 0.482546 0.875871 -0
    outer loop
      vertex 57.1 -12.0546 1
      vertex 57.0303 -12.0162 8
      vertex 57.1 -12.0546 8
    endloop
  endfacet
  facet normal 0.482546 0.875871 0
    outer loop
      vertex 57.0303 -12.0162 8
      vertex 57.1 -12.0546 1
      vertex 57.0303 -12.0162 1
    endloop
  endfacet
  facet normal 0.770586 -0.637336 0
    outer loop
      vertex 57.5883 -14.9415 8
      vertex 57.639 -14.8802 1
      vertex 57.639 -14.8802 8
    endloop
  endfacet
  facet normal 0.770586 -0.637336 0
    outer loop
      vertex 57.639 -14.8802 1
      vertex 57.5883 -14.9415 8
      vertex 57.5883 -14.9415 1
    endloop
  endfacet
  facet normal 0.0414737 -0.99914 0
    outer loop
      vertex 56.1898 -15.5996 1
      vertex 56.2693 -15.5963 8
      vertex 56.1898 -15.5996 8
    endloop
  endfacet
  facet normal 0.0414737 -0.99914 0
    outer loop
      vertex 56.2693 -15.5963 8
      vertex 56.1898 -15.5996 1
      vertex 56.2693 -15.5963 1
    endloop
  endfacet
  facet normal 0 -1 0
    outer loop
      vertex 56.1102 -15.5996 1
      vertex 56.1898 -15.5996 8
      vertex 56.1102 -15.5996 8
    endloop
  endfacet
  facet normal 0 -1 -0
    outer loop
      vertex 56.1898 -15.5996 8
      vertex 56.1102 -15.5996 1
      vertex 56.1898 -15.5996 1
    endloop
  endfacet
  facet normal -0.99454 0.104358 0
    outer loop
      vertex 54.2567 -13.541 1
      vertex 54.265 -13.4619 8
      vertex 54.265 -13.4619 1
    endloop
  endfacet
  facet normal -0.99454 0.104358 0
    outer loop
      vertex 54.265 -13.4619 8
      vertex 54.2567 -13.541 1
      vertex 54.2567 -13.541 8
    endloop
  endfacet
  facet normal 0.866227 -0.49965 0
    outer loop
      vertex 57.7752 -14.6843 8
      vertex 57.815 -14.6153 1
      vertex 57.815 -14.6153 8
    endloop
  endfacet
  facet normal 0.866227 -0.49965 0
    outer loop
      vertex 57.815 -14.6153 1
      vertex 57.7752 -14.6843 8
      vertex 57.7752 -14.6843 1
    endloop
  endfacet
  facet normal -0.653685 -0.756766 0
    outer loop
      vertex 54.8787 -15.112 1
      vertex 54.9389 -15.164 8
      vertex 54.8787 -15.112 8
    endloop
  endfacet
  facet normal -0.653685 -0.756766 -0
    outer loop
      vertex 54.9389 -15.164 8
      vertex 54.8787 -15.112 1
      vertex 54.9389 -15.164 1
    endloop
  endfacet
  facet normal 0.99454 -0.104358 0
    outer loop
      vertex 58.035 -13.9381 8
      vertex 58.0433 -13.859 1
      vertex 58.0433 -13.859 8
    endloop
  endfacet
  facet normal 0.99454 -0.104358 0
    outer loop
      vertex 58.0433 -13.859 1
      vertex 58.035 -13.9381 8
      vertex 58.035 -13.9381 1
    endloop
  endfacet
  facet normal -0.973516 -0.228619 0
    outer loop
      vertex 54.3097 -14.1725 1
      vertex 54.2915 -14.095 8
      vertex 54.2915 -14.095 1
    endloop
  endfacet
  facet normal -0.973516 -0.228619 0
    outer loop
      vertex 54.2915 -14.095 8
      vertex 54.3097 -14.1725 1
      vertex 54.3097 -14.1725 8
    endloop
  endfacet
  facet normal 0.963211 0.268745 0
    outer loop
      vertex 57.9903 -13.2275 8
      vertex 57.9689 -13.1508 1
      vertex 57.9689 -13.1508 8
    endloop
  endfacet
  facet normal 0.963211 0.268745 0
    outer loop
      vertex 57.9689 -13.1508 1
      vertex 57.9903 -13.2275 8
      vertex 57.9903 -13.2275 1
    endloop
  endfacet
  facet normal 0.0414737 0.99914 -0
    outer loop
      vertex 56.2693 -11.8037 1
      vertex 56.1898 -11.8004 8
      vertex 56.2693 -11.8037 8
    endloop
  endfacet
  facet normal 0.0414737 0.99914 0
    outer loop
      vertex 56.1898 -11.8004 8
      vertex 56.2693 -11.8037 1
      vertex 56.1898 -11.8004 1
    endloop
  endfacet
  facet normal 0.999772 -0.0213519 0
    outer loop
      vertex 58.0483 -13.7796 8
      vertex 58.05 -13.7 1
      vertex 58.05 -13.7 8
    endloop
  endfacet
  facet normal 0.999772 -0.0213519 0
    outer loop
      vertex 58.05 -13.7 1
      vertex 58.0483 -13.7796 8
      vertex 58.0483 -13.7796 1
    endloop
  endfacet
  facet normal 0.588471 0.808519 -0
    outer loop
      vertex 57.2987 -12.1866 1
      vertex 57.2344 -12.1398 8
      vertex 57.2987 -12.1866 8
    endloop
  endfacet
  facet normal 0.588471 0.808519 0
    outer loop
      vertex 57.2344 -12.1398 8
      vertex 57.2987 -12.1866 1
      vertex 57.2344 -12.1398 1
    endloop
  endfacet
  facet normal -0.406022 -0.913863 0
    outer loop
      vertex 55.341 -15.4192 1
      vertex 55.4137 -15.4515 8
      vertex 55.341 -15.4192 8
    endloop
  endfacet
  facet normal -0.406022 -0.913863 -0
    outer loop
      vertex 55.4137 -15.4515 8
      vertex 55.341 -15.4192 1
      vertex 55.4137 -15.4515 1
    endloop
  endfacet
  facet normal 0.167253 -0.985914 0
    outer loop
      vertex 56.4276 -15.5796 1
      vertex 56.506 -15.5663 8
      vertex 56.4276 -15.5796 8
    endloop
  endfacet
  facet normal 0.167253 -0.985914 0
    outer loop
      vertex 56.506 -15.5663 8
      vertex 56.4276 -15.5796 1
      vertex 56.506 -15.5663 1
    endloop
  endfacet
  facet normal 0.71523 -0.698889 0
    outer loop
      vertex 57.4794 -15.0575 8
      vertex 57.535 -15.0006 1
      vertex 57.535 -15.0006 8
    endloop
  endfacet
  facet normal 0.71523 -0.698889 0
    outer loop
      vertex 57.535 -15.0006 1
      vertex 57.4794 -15.0575 8
      vertex 57.4794 -15.0575 1
    endloop
  endfacet
  facet normal 0.588471 -0.808519 0
    outer loop
      vertex 57.2344 -15.2602 1
      vertex 57.2987 -15.2134 8
      vertex 57.2344 -15.2602 8
    endloop
  endfacet
  facet normal 0.588471 -0.808519 0
    outer loop
      vertex 57.2987 -15.2134 8
      vertex 57.2344 -15.2602 1
      vertex 57.2987 -15.2134 1
    endloop
  endfacet
  facet normal 0.905217 -0.424949 0
    outer loop
      vertex 57.8519 -14.5448 8
      vertex 57.8857 -14.4728 1
      vertex 57.8857 -14.4728 8
    endloop
  endfacet
  facet normal 0.905217 -0.424949 0
    outer loop
      vertex 57.8857 -14.4728 1
      vertex 57.8519 -14.5448 8
      vertex 57.8519 -14.5448 1
    endloop
  endfacet
  facet normal 0.71523 0.698889 0
    outer loop
      vertex 57.535 -12.3994 8
      vertex 57.4794 -12.3425 1
      vertex 57.4794 -12.3425 8
    endloop
  endfacet
  facet normal 0.71523 0.698889 0
    outer loop
      vertex 57.4794 -12.3425 1
      vertex 57.535 -12.3994 8
      vertex 57.535 -12.3994 1
    endloop
  endfacet
  facet normal -0.167253 0.985914 0
    outer loop
      vertex 55.8724 -11.8204 1
      vertex 55.794 -11.8337 8
      vertex 55.8724 -11.8204 8
    endloop
  endfacet
  facet normal -0.167253 0.985914 0
    outer loop
      vertex 55.794 -11.8337 8
      vertex 55.8724 -11.8204 1
      vertex 55.794 -11.8337 1
    endloop
  endfacet
  facet normal -0.963211 -0.268745 0
    outer loop
      vertex 54.3311 -14.2492 1
      vertex 54.3097 -14.1725 8
      vertex 54.3097 -14.1725 1
    endloop
  endfacet
  facet normal -0.963211 -0.268745 0
    outer loop
      vertex 54.3097 -14.1725 8
      vertex 54.3311 -14.2492 1
      vertex 54.3311 -14.2492 8
    endloop
  endfacet
  facet normal -0.742606 0.669728 0
    outer loop
      vertex 54.7117 -12.4585 1
      vertex 54.765 -12.3994 8
      vertex 54.765 -12.3994 1
    endloop
  endfacet
  facet normal -0.742606 0.669728 0
    outer loop
      vertex 54.765 -12.3994 8
      vertex 54.7117 -12.4585 1
      vertex 54.7117 -12.4585 8
    endloop
  endfacet
  facet normal 0 0 1
    outer loop
      vertex 58.0483 -13.6204 8
      vertex 58.0483 -13.7796 8
      vertex 58.05 -13.7 8
    endloop
  endfacet
  facet normal 0 0 1
    outer loop
      vertex 58.0433 -13.541 8
      vertex 58.0483 -13.7796 8
      vertex 58.0483 -13.6204 8
    endloop
  endfacet
  facet normal 0 0 1
    outer loop
      vertex 58.0433 -13.541 8
      vertex 58.0433 -13.859 8
      vertex 58.0483 -13.7796 8
    endloop
  endfacet
  facet normal 0 0 1
    outer loop
      vertex 58.035 -13.4619 8
      vertex 58.0433 -13.859 8
      vertex 58.0433 -13.541 8
    endloop
  endfacet
  facet normal 0 0 1
    outer loop
      vertex 58.035 -13.4619 8
      vertex 58.035 -13.9381 8
      vertex 58.0433 -13.859 8
    endloop
  endfacet
  facet normal 0 0 1
    outer loop
      vertex 58.0234 -13.3831 8
      vertex 58.035 -13.9381 8
      vertex 58.035 -13.4619 8
    endloop
  endfacet
  facet normal 0 0 1
    outer loop
      vertex 58.0234 -13.3831 8
      vertex 58.0234 -14.0169 8
      vertex 58.035 -13.9381 8
    endloop
  endfacet
  facet normal 0 0 1
    outer loop
      vertex 58.0085 -13.305 8
      vertex 58.0234 -14.0169 8
      vertex 58.0234 -13.3831 8
    endloop
  endfacet
  facet normal 0 0 1
    outer loop
      vertex 58.0085 -13.305 8
      vertex 58.0085 -14.095 8
      vertex 58.0234 -14.0169 8
    endloop
  endfacet
  facet normal 0 0 1
    outer loop
      vertex 57.9903 -13.2275 8
      vertex 58.0085 -14.095 8
      vertex 58.0085 -13.305 8
    endloop
  endfacet
  facet normal 0 0 1
    outer loop
      vertex 57.9903 -13.2275 8
      vertex 57.9903 -14.1725 8
      vertex 58.0085 -14.095 8
    endloop
  endfacet
  facet normal 0 0 1
    outer loop
      vertex 57.9689 -13.1508 8
      vertex 57.9903 -14.1725 8
      vertex 57.9903 -13.2275 8
    endloop
  endfacet
  facet normal 0 0 1
    outer loop
      vertex 57.9689 -13.1508 8
      vertex 57.9689 -14.2492 8
      vertex 57.9903 -14.1725 8
    endloop
  endfacet
  facet normal 0 0 1
    outer loop
      vertex 57.9443 -13.0752 8
      vertex 57.9689 -14.2492 8
      vertex 57.9689 -13.1508 8
    endloop
  endfacet
  facet normal 0 0 1
    outer loop
      vertex 57.9443 -13.0752 8
      vertex 57.9443 -14.3248 8
      vertex 57.9689 -14.2492 8
    endloop
  endfacet
  facet normal 0 0 1
    outer loop
      vertex 57.9166 -13.0006 8
      vertex 57.9443 -14.3248 8
      vertex 57.9443 -13.0752 8
    endloop
  endfacet
  facet normal 0 0 1
    outer loop
      vertex 57.9166 -13.0006 8
      vertex 57.9166 -14.3994 8
      vertex 57.9443 -14.3248 8
    endloop
  endfacet
  facet normal 0 0 1
    outer loop
      vertex 57.8857 -12.9272 8
      vertex 57.9166 -14.3994 8
      vertex 57.9166 -13.0006 8
    endloop
  endfacet
  facet normal 0 0 1
    outer loop
      vertex 57.8857 -12.9272 8
      vertex 57.8857 -14.4728 8
      vertex 57.9166 -14.3994 8
    endloop
  endfacet
  facet normal 0 0 1
    outer loop
      vertex 57.8519 -12.8552 8
      vertex 57.8857 -14.4728 8
      vertex 57.8857 -12.9272 8
    endloop
  endfacet
  facet normal 0 0 1
    outer loop
      vertex 57.8519 -12.8552 8
      vertex 57.8519 -14.5448 8
      vertex 57.8857 -14.4728 8
    endloop
  endfacet
  facet normal 0 0 1
    outer loop
      vertex 57.815 -12.7847 8
      vertex 57.8519 -14.5448 8
      vertex 57.8519 -12.8552 8
    endloop
  endfacet
  facet normal 0 0 1
    outer loop
      vertex 57.815 -12.7847 8
      vertex 57.815 -14.6153 8
      vertex 57.8519 -14.5448 8
    endloop
  endfacet
  facet normal 0 0 1
    outer loop
      vertex 57.7752 -12.7157 8
      vertex 57.815 -14.6153 8
      vertex 57.815 -12.7847 8
    endloop
  endfacet
  facet normal 0 0 1
    outer loop
      vertex 57.7752 -12.7157 8
      vertex 57.7752 -14.6843 8
      vertex 57.815 -14.6153 8
    endloop
  endfacet
  facet normal 0 0 1
    outer loop
      vertex 57.7326 -12.6486 8
      vertex 57.7752 -14.6843 8
      vertex 57.7752 -12.7157 8
    endloop
  endfacet
  facet normal 0 0 1
    outer loop
      vertex 57.7326 -12.6486 8
      vertex 57.7326 -14.7514 8
      vertex 57.7752 -14.6843 8
    endloop
  endfacet
  facet normal 0 0 1
    outer loop
      vertex 57.6871 -12.5832 8
      vertex 57.7326 -14.7514 8
      vertex 57.7326 -12.6486 8
    endloop
  endfacet
  facet normal 0 0 1
    outer loop
      vertex 57.6871 -12.5832 8
      vertex 57.6871 -14.8168 8
      vertex 57.7326 -14.7514 8
    endloop
  endfacet
  facet normal 0 0 1
    outer loop
      vertex 57.639 -12.5198 8
      vertex 57.6871 -14.8168 8
      vertex 57.6871 -12.5832 8
    endloop
  endfacet
  facet normal 0 0 1
    outer loop
      vertex 57.639 -12.5198 8
      vertex 57.639 -14.8802 8
      vertex 57.6871 -14.8168 8
    endloop
  endfacet
  facet normal 0 0 1
    outer loop
      vertex 57.5883 -12.4585 8
      vertex 57.639 -14.8802 8
      vertex 57.639 -12.5198 8
    endloop
  endfacet
  facet normal 0 0 1
    outer loop
      vertex 57.5883 -12.4585 8
      vertex 57.5883 -14.9415 8
      vertex 57.639 -14.8802 8
    endloop
  endfacet
  facet normal 0 0 1
    outer loop
      vertex 57.535 -12.3994 8
      vertex 57.5883 -14.9415 8
      vertex 57.5883 -12.4585 8
    endloop
  endfacet
  facet normal 0 0 1
    outer loop
      vertex 57.535 -12.3994 8
      vertex 57.535 -15.0006 8
      vertex 57.5883 -14.9415 8
    endloop
  endfacet
  facet normal 0 0 1
    outer loop
      vertex 57.4794 -12.3425 8
      vertex 57.535 -15.0006 8
      vertex 57.535 -12.3994 8
    endloop
  endfacet
  facet normal 0 0 1
    outer loop
      vertex 57.4794 -12.3425 8
      vertex 57.4794 -15.0575 8
      vertex 57.535 -15.0006 8
    endloop
  endfacet
  facet normal 0 0 1
    outer loop
      vertex 57.4213 -12.288 8
      vertex 57.4794 -15.0575 8
      vertex 57.4794 -12.3425 8
    endloop
  endfacet
  facet normal 0 0 1
    outer loop
      vertex 57.4213 -12.288 8
      vertex 57.4213 -15.112 8
      vertex 57.4794 -15.0575 8
    endloop
  endfacet
  facet normal 0 0 1
    outer loop
      vertex 57.3611 -12.236 8
      vertex 57.4213 -15.112 8
      vertex 57.4213 -12.288 8
    endloop
  endfacet
  facet normal 0 0 1
    outer loop
      vertex 57.3611 -12.236 8
      vertex 57.3611 -15.164 8
      vertex 57.4213 -15.112 8
    endloop
  endfacet
  facet normal 0 0 1
    outer loop
      vertex 57.2987 -12.1866 8
      vertex 57.3611 -15.164 8
      vertex 57.3611 -12.236 8
    endloop
  endfacet
  facet normal 0 0 1
    outer loop
      vertex 57.2987 -12.1866 8
      vertex 57.2987 -15.2134 8
      vertex 57.3611 -15.164 8
    endloop
  endfacet
  facet normal 0 0 1
    outer loop
      vertex 57.2344 -12.1398 8
      vertex 57.2987 -15.2134 8
      vertex 57.2987 -12.1866 8
    endloop
  endfacet
  facet normal 0 0 1
    outer loop
      vertex 57.2344 -12.1398 8
      vertex 57.2344 -15.2602 8
      vertex 57.2987 -15.2134 8
    endloop
  endfacet
  facet normal 0 0 1
    outer loop
      vertex 57.1681 -12.0958 8
      vertex 57.2344 -15.2602 8
      vertex 57.2344 -12.1398 8
    endloop
  endfacet
  facet normal 0 0 1
    outer loop
      vertex 57.1681 -12.0958 8
      vertex 57.1681 -15.3042 8
      vertex 57.2344 -15.2602 8
    endloop
  endfacet
  facet normal 0 0 1
    outer loop
      vertex 57.1 -12.0546 8
      vertex 57.1681 -15.3042 8
      vertex 57.1681 -12.0958 8
    endloop
  endfacet
  facet normal 0 0 1
    outer loop
      vertex 57.1 -12.0546 8
      vertex 57.1 -15.3454 8
      vertex 57.1681 -15.3042 8
    endloop
  endfacet
  facet normal 0 0 1
    outer loop
      vertex 57.0303 -12.0162 8
      vertex 57.1 -15.3454 8
      vertex 57.1 -12.0546 8
    endloop
  endfacet
  facet normal 0 0 1
    outer loop
      vertex 57.0303 -12.0162 8
      vertex 57.0303 -15.3838 8
      vertex 57.1 -15.3454 8
    endloop
  endfacet
  facet normal 0 0 1
    outer loop
      vertex 56.959 -11.9808 8
      vertex 57.0303 -15.3838 8
      vertex 57.0303 -12.0162 8
    endloop
  endfacet
  facet normal 0 0 1
    outer loop
      vertex 56.959 -11.9808 8
      vertex 56.959 -15.4192 8
      vertex 57.0303 -15.3838 8
    endloop
  endfacet
  facet normal 0 0 1
    outer loop
      vertex 56.8863 -11.9485 8
      vertex 56.959 -15.4192 8
      vertex 56.959 -11.9808 8
    endloop
  endfacet
  facet normal 0 0 1
    outer loop
      vertex 56.8863 -11.9485 8
      vertex 56.8863 -15.4515 8
      vertex 56.959 -15.4192 8
    endloop
  endfacet
  facet normal 0 0 1
    outer loop
      vertex 56.8123 -11.9192 8
      vertex 56.8863 -15.4515 8
      vertex 56.8863 -11.9485 8
    endloop
  endfacet
  facet normal 0 0 1
    outer loop
      vertex 56.8123 -11.9192 8
      vertex 56.8123 -15.4808 8
      vertex 56.8863 -15.4515 8
    endloop
  endfacet
  facet normal 0 0 1
    outer loop
      vertex 56.7371 -11.893 8
      vertex 56.8123 -15.4808 8
      vertex 56.8123 -11.9192 8
    endloop
  endfacet
  facet normal 0 0 1
    outer loop
      vertex 56.7371 -11.893 8
      vertex 56.7371 -15.507 8
      vertex 56.8123 -15.4808 8
    endloop
  endfacet
  facet normal 0 0 1
    outer loop
      vertex 56.6609 -11.87 8
      vertex 56.7371 -15.507 8
      vertex 56.7371 -11.893 8
    endloop
  endfacet
  facet normal 0 0 1
    outer loop
      vertex 56.6609 -11.87 8
      vertex 56.6609 -15.53 8
      vertex 56.7371 -15.507 8
    endloop
  endfacet
  facet normal 0 0 1
    outer loop
      vertex 56.5839 -11.8502 8
      vertex 56.6609 -15.53 8
      vertex 56.6609 -11.87 8
    endloop
  endfacet
  facet normal 0 0 1
    outer loop
      vertex 56.5839 -11.8502 8
      vertex 56.5839 -15.5498 8
      vertex 56.6609 -15.53 8
    endloop
  endfacet
  facet normal 0 0 1
    outer loop
      vertex 56.506 -11.8337 8
      vertex 56.5839 -15.5498 8
      vertex 56.5839 -11.8502 8
    endloop
  endfacet
  facet normal 0 0 1
    outer loop
      vertex 56.506 -11.8337 8
      vertex 56.506 -15.5663 8
      vertex 56.5839 -15.5498 8
    endloop
  endfacet
  facet normal 0 0 1
    outer loop
      vertex 56.4276 -11.8204 8
      vertex 56.506 -15.5663 8
      vertex 56.506 -11.8337 8
    endloop
  endfacet
  facet normal 0 0 1
    outer loop
      vertex 56.4276 -11.8204 8
      vertex 56.4276 -15.5796 8
      vertex 56.506 -15.5663 8
    endloop
  endfacet
  facet normal 0 0 1
    outer loop
      vertex 56.3486 -11.8104 8
      vertex 56.4276 -15.5796 8
      vertex 56.4276 -11.8204 8
    endloop
  endfacet
  facet normal 0 0 1
    outer loop
      vertex 56.3486 -11.8104 8
      vertex 56.3486 -15.5896 8
      vertex 56.4276 -15.5796 8
    endloop
  endfacet
  facet normal 0 0 1
    outer loop
      vertex 56.2693 -11.8037 8
      vertex 56.3486 -15.5896 8
      vertex 56.3486 -11.8104 8
    endloop
  endfacet
  facet normal 0 0 1
    outer loop
      vertex 56.2693 -11.8037 8
      vertex 56.2693 -15.5963 8
      vertex 56.3486 -15.5896 8
    endloop
  endfacet
  facet normal 0 0 1
    outer loop
      vertex 56.1898 -11.8004 8
      vertex 56.2693 -15.5963 8
      vertex 56.2693 -11.8037 8
    endloop
  endfacet
  facet normal 0 0 1
    outer loop
      vertex 56.1898 -11.8004 8
      vertex 56.1898 -15.5996 8
      vertex 56.2693 -15.5963 8
    endloop
  endfacet
  facet normal -0 0 1
    outer loop
      vertex 56.1102 -11.8004 8
      vertex 56.1898 -15.5996 8
      vertex 56.1898 -11.8004 8
    endloop
  endfacet
  facet normal 0 0 1
    outer loop
      vertex 56.1102 -11.8004 8
      vertex 56.1102 -15.5996 8
      vertex 56.1898 -15.5996 8
    endloop
  endfacet
  facet normal -0 0 1
    outer loop
      vertex 56.0307 -11.8037 8
      vertex 56.1102 -15.5996 8
      vertex 56.1102 -11.8004 8
    endloop
  endfacet
  facet normal 0 0 1
    outer loop
      vertex 56.0307 -11.8037 8
      vertex 56.0307 -15.5963 8
      vertex 56.1102 -15.5996 8
    endloop
  endfacet
  facet normal -0 0 1
    outer loop
      vertex 55.9514 -11.8104 8
      vertex 56.0307 -15.5963 8
      vertex 56.0307 -11.8037 8
    endloop
  endfacet
  facet normal 0 0 1
    outer loop
      vertex 55.9514 -11.8104 8
      vertex 55.9514 -15.5896 8
      vertex 56.0307 -15.5963 8
    endloop
  endfacet
  facet normal -0 0 1
    outer loop
      vertex 55.8724 -11.8204 8
      vertex 55.9514 -15.5896 8
      vertex 55.9514 -11.8104 8
    endloop
  endfacet
  facet normal 0 0 1
    outer loop
      vertex 55.8724 -11.8204 8
      vertex 55.8724 -15.5796 8
      vertex 55.9514 -15.5896 8
    endloop
  endfacet
  facet normal -0 0 1
    outer loop
      vertex 55.794 -11.8337 8
      vertex 55.8724 -15.5796 8
      vertex 55.8724 -11.8204 8
    endloop
  endfacet
  facet normal 0 0 1
    outer loop
      vertex 55.794 -11.8337 8
      vertex 55.794 -15.5663 8
      vertex 55.8724 -15.5796 8
    endloop
  endfacet
  facet normal -0 0 1
    outer loop
      vertex 55.7161 -11.8502 8
      vertex 55.794 -15.5663 8
      vertex 55.794 -11.8337 8
    endloop
  endfacet
  facet normal 0 0 1
    outer loop
      vertex 55.7161 -11.8502 8
      vertex 55.7161 -15.5498 8
      vertex 55.794 -15.5663 8
    endloop
  endfacet
  facet normal -0 0 1
    outer loop
      vertex 55.6391 -11.87 8
      vertex 55.7161 -15.5498 8
      vertex 55.7161 -11.8502 8
    endloop
  endfacet
  facet normal 0 0 1
    outer loop
      vertex 55.6391 -11.87 8
      vertex 55.6391 -15.53 8
      vertex 55.7161 -15.5498 8
    endloop
  endfacet
  facet normal -0 0 1
    outer loop
      vertex 55.5629 -11.893 8
      vertex 55.6391 -15.53 8
      vertex 55.6391 -11.87 8
    endloop
  endfacet
  facet normal 0 0 1
    outer loop
      vertex 55.5629 -11.893 8
      vertex 55.5629 -15.507 8
      vertex 55.6391 -15.53 8
    endloop
  endfacet
  facet normal -0 0 1
    outer loop
      vertex 55.4877 -11.9192 8
      vertex 55.5629 -15.507 8
      vertex 55.5629 -11.893 8
    endloop
  endfacet
  facet normal 0 0 1
    outer loop
      vertex 55.4877 -11.9192 8
      vertex 55.4877 -15.4808 8
      vertex 55.5629 -15.507 8
    endloop
  endfacet
  facet normal -0 0 1
    outer loop
      vertex 55.4137 -11.9485 8
      vertex 55.4877 -15.4808 8
      vertex 55.4877 -11.9192 8
    endloop
  endfacet
  facet normal 0 0 1
    outer loop
      vertex 55.4137 -11.9485 8
      vertex 55.4137 -15.4515 8
      vertex 55.4877 -15.4808 8
    endloop
  endfacet
  facet normal -0 0 1
    outer loop
      vertex 55.341 -11.9808 8
      vertex 55.4137 -15.4515 8
      vertex 55.4137 -11.9485 8
    endloop
  endfacet
  facet normal 0 0 1
    outer loop
      vertex 55.341 -11.9808 8
      vertex 55.341 -15.4192 8
      vertex 55.4137 -15.4515 8
    endloop
  endfacet
  facet normal -0 0 1
    outer loop
      vertex 55.2697 -12.0162 8
      vertex 55.341 -15.4192 8
      vertex 55.341 -11.9808 8
    endloop
  endfacet
  facet normal 0 0 1
    outer loop
      vertex 55.2697 -12.0162 8
      vertex 55.2697 -15.3838 8
      vertex 55.341 -15.4192 8
    endloop
  endfacet
  facet normal -0 0 1
    outer loop
      vertex 55.2 -12.0546 8
      vertex 55.2697 -15.3838 8
      vertex 55.2697 -12.0162 8
    endloop
  endfacet
  facet normal 0 0 1
    outer loop
      vertex 55.2 -12.0546 8
      vertex 55.2 -15.3454 8
      vertex 55.2697 -15.3838 8
    endloop
  endfacet
  facet normal -0 0 1
    outer loop
      vertex 55.1319 -12.0958 8
      vertex 55.2 -15.3454 8
      vertex 55.2 -12.0546 8
    endloop
  endfacet
  facet normal 0 0 1
    outer loop
      vertex 55.1319 -12.0958 8
      vertex 55.1319 -15.3042 8
      vertex 55.2 -15.3454 8
    endloop
  endfacet
  facet normal -0 0 1
    outer loop
      vertex 55.0656 -12.1398 8
      vertex 55.1319 -15.3042 8
      vertex 55.1319 -12.0958 8
    endloop
  endfacet
  facet normal 0 0 1
    outer loop
      vertex 55.0656 -12.1398 8
      vertex 55.0656 -15.2602 8
      vertex 55.1319 -15.3042 8
    endloop
  endfacet
  facet normal -0 0 1
    outer loop
      vertex 55.0013 -12.1866 8
      vertex 55.0656 -15.2602 8
      vertex 55.0656 -12.1398 8
    endloop
  endfacet
  facet normal 0 0 1
    outer loop
      vertex 55.0013 -12.1866 8
      vertex 55.0013 -15.2134 8
      vertex 55.0656 -15.2602 8
    endloop
  endfacet
  facet normal -0 0 1
    outer loop
      vertex 54.9389 -12.236 8
      vertex 55.0013 -15.2134 8
      vertex 55.0013 -12.1866 8
    endloop
  endfacet
  facet normal 0 0 1
    outer loop
      vertex 54.9389 -12.236 8
      vertex 54.9389 -15.164 8
      vertex 55.0013 -15.2134 8
    endloop
  endfacet
  facet normal -0 0 1
    outer loop
      vertex 54.8787 -12.288 8
      vertex 54.9389 -15.164 8
      vertex 54.9389 -12.236 8
    endloop
  endfacet
  facet normal 0 0 1
    outer loop
      vertex 54.8787 -12.288 8
      vertex 54.8787 -15.112 8
      vertex 54.9389 -15.164 8
    endloop
  endfacet
  facet normal -0 0 1
    outer loop
      vertex 54.8206 -12.3425 8
      vertex 54.8787 -15.112 8
      vertex 54.8787 -12.288 8
    endloop
  endfacet
  facet normal 0 0 1
    outer loop
      vertex 54.8206 -12.3425 8
      vertex 54.8206 -15.0575 8
      vertex 54.8787 -15.112 8
    endloop
  endfacet
  facet normal -0 0 1
    outer loop
      vertex 54.765 -12.3994 8
      vertex 54.8206 -15.0575 8
      vertex 54.8206 -12.3425 8
    endloop
  endfacet
  facet normal 0 0 1
    outer loop
      vertex 54.765 -12.3994 8
      vertex 54.765 -15.0006 8
      vertex 54.8206 -15.0575 8
    endloop
  endfacet
  facet normal -0 0 1
    outer loop
      vertex 54.7117 -12.4585 8
      vertex 54.765 -15.0006 8
      vertex 54.765 -12.3994 8
    endloop
  endfacet
  facet normal 0 0 1
    outer loop
      vertex 54.7117 -12.4585 8
      vertex 54.7117 -14.9415 8
      vertex 54.765 -15.0006 8
    endloop
  endfacet
  facet normal -0 0 1
    outer loop
      vertex 54.661 -12.5198 8
      vertex 54.7117 -14.9415 8
      vertex 54.7117 -12.4585 8
    endloop
  endfacet
  facet normal 0 0 1
    outer loop
      vertex 54.661 -12.5198 8
      vertex 54.661 -14.8802 8
      vertex 54.7117 -14.9415 8
    endloop
  endfacet
  facet normal -0 0 1
    outer loop
      vertex 54.6129 -12.5832 8
      vertex 54.661 -14.8802 8
      vertex 54.661 -12.5198 8
    endloop
  endfacet
  facet normal 0 0 1
    outer loop
      vertex 54.6129 -12.5832 8
      vertex 54.6129 -14.8168 8
      vertex 54.661 -14.8802 8
    endloop
  endfacet
  facet normal -0 0 1
    outer loop
      vertex 54.5675 -12.6486 8
      vertex 54.6129 -14.8168 8
      vertex 54.6129 -12.5832 8
    endloop
  endfacet
  facet normal 0 0 1
    outer loop
      vertex 54.5675 -12.6486 8
      vertex 54.5675 -14.7514 8
      vertex 54.6129 -14.8168 8
    endloop
  endfacet
  facet normal -0 0 1
    outer loop
      vertex 54.5248 -12.7157 8
      vertex 54.5675 -14.7514 8
      vertex 54.5675 -12.6486 8
    endloop
  endfacet
  facet normal 0 0 1
    outer loop
      vertex 54.5248 -12.7157 8
      vertex 54.5248 -14.6843 8
      vertex 54.5675 -14.7514 8
    endloop
  endfacet
  facet normal -0 0 1
    outer loop
      vertex 54.485 -12.7847 8
      vertex 54.5248 -14.6843 8
      vertex 54.5248 -12.7157 8
    endloop
  endfacet
  facet normal 0 0 1
    outer loop
      vertex 54.485 -12.7847 8
      vertex 54.485 -14.6153 8
      vertex 54.5248 -14.6843 8
    endloop
  endfacet
  facet normal -0 0 1
    outer loop
      vertex 54.4481 -12.8552 8
      vertex 54.485 -14.6153 8
      vertex 54.485 -12.7847 8
    endloop
  endfacet
  facet normal 0 0 1
    outer loop
      vertex 54.4481 -12.8552 8
      vertex 54.4481 -14.5448 8
      vertex 54.485 -14.6153 8
    endloop
  endfacet
  facet normal -0 0 1
    outer loop
      vertex 54.4143 -12.9272 8
      vertex 54.4481 -14.5448 8
      vertex 54.4481 -12.8552 8
    endloop
  endfacet
  facet normal 0 0 1
    outer loop
      vertex 54.4143 -12.9272 8
      vertex 54.4143 -14.4728 8
      vertex 54.4481 -14.5448 8
    endloop
  endfacet
  facet normal -0 0 1
    outer loop
      vertex 54.3834 -13.0006 8
      vertex 54.4143 -14.4728 8
      vertex 54.4143 -12.9272 8
    endloop
  endfacet
  facet normal 0 0 1
    outer loop
      vertex 54.3834 -13.0006 8
      vertex 54.3834 -14.3994 8
      vertex 54.4143 -14.4728 8
    endloop
  endfacet
  facet normal -0 0 1
    outer loop
      vertex 54.3557 -13.0752 8
      vertex 54.3834 -14.3994 8
      vertex 54.3834 -13.0006 8
    endloop
  endfacet
  facet normal 0 0 1
    outer loop
      vertex 54.3557 -13.0752 8
      vertex 54.3557 -14.3248 8
      vertex 54.3834 -14.3994 8
    endloop
  endfacet
  facet normal -0 0 1
    outer loop
      vertex 54.3311 -13.1508 8
      vertex 54.3557 -14.3248 8
      vertex 54.3557 -13.0752 8
    endloop
  endfacet
  facet normal 0 0 1
    outer loop
      vertex 54.3311 -13.1508 8
      vertex 54.3311 -14.2492 8
      vertex 54.3557 -14.3248 8
    endloop
  endfacet
  facet normal -0 0 1
    outer loop
      vertex 54.3097 -13.2275 8
      vertex 54.3311 -14.2492 8
      vertex 54.3311 -13.1508 8
    endloop
  endfacet
  facet normal 0 0 1
    outer loop
      vertex 54.3097 -13.2275 8
      vertex 54.3097 -14.1725 8
      vertex 54.3311 -14.2492 8
    endloop
  endfacet
  facet normal -0 0 1
    outer loop
      vertex 54.2915 -13.305 8
      vertex 54.3097 -14.1725 8
      vertex 54.3097 -13.2275 8
    endloop
  endfacet
  facet normal 0 0 1
    outer loop
      vertex 54.2915 -13.305 8
      vertex 54.2915 -14.095 8
      vertex 54.3097 -14.1725 8
    endloop
  endfacet
  facet normal -0 0 1
    outer loop
      vertex 54.2766 -13.3831 8
      vertex 54.2915 -14.095 8
      vertex 54.2915 -13.305 8
    endloop
  endfacet
  facet normal 0 0 1
    outer loop
      vertex 54.2766 -13.3831 8
      vertex 54.2766 -14.0169 8
      vertex 54.2915 -14.095 8
    endloop
  endfacet
  facet normal -0 0 1
    outer loop
      vertex 54.265 -13.4619 8
      vertex 54.2766 -14.0169 8
      vertex 54.2766 -13.3831 8
    endloop
  endfacet
  facet normal 0 0 1
    outer loop
      vertex 54.265 -13.4619 8
      vertex 54.265 -13.9381 8
      vertex 54.2766 -14.0169 8
    endloop
  endfacet
  facet normal -0 0 1
    outer loop
      vertex 54.2567 -13.541 8
      vertex 54.265 -13.9381 8
      vertex 54.265 -13.4619 8
    endloop
  endfacet
  facet normal 0 0 1
    outer loop
      vertex 54.2567 -13.541 8
      vertex 54.2567 -13.859 8
      vertex 54.265 -13.9381 8
    endloop
  endfacet
  facet normal -0 0 1
    outer loop
      vertex 54.2517 -13.6204 8
      vertex 54.2567 -13.859 8
      vertex 54.2567 -13.541 8
    endloop
  endfacet
  facet normal 0 0 1
    outer loop
      vertex 54.2517 -13.6204 8
      vertex 54.2517 -13.7796 8
      vertex 54.2567 -13.859 8
    endloop
  endfacet
  facet normal 0 -0 1
    outer loop
      vertex 54.2517 -13.7796 8
      vertex 54.2517 -13.6204 8
      vertex 54.25 -13.7 8
    endloop
  endfacet
  facet normal -0.288961 -0.957341 0
    outer loop
      vertex 55.5629 -15.507 1
      vertex 55.6391 -15.53 8
      vertex 55.5629 -15.507 8
    endloop
  endfacet
  facet normal -0.288961 -0.957341 -0
    outer loop
      vertex 55.6391 -15.53 8
      vertex 55.5629 -15.507 1
      vertex 55.6391 -15.53 1
    endloop
  endfacet
  facet normal 0.552959 0.833209 -0
    outer loop
      vertex 57.2344 -12.1398 1
      vertex 57.1681 -12.0958 8
      vertex 57.2344 -12.1398 8
    endloop
  endfacet
  facet normal 0.552959 0.833209 0
    outer loop
      vertex 57.1681 -12.0958 8
      vertex 57.2344 -12.1398 1
      vertex 57.1681 -12.0958 1
    endloop
  endfacet
  facet normal -0.552959 -0.833209 0
    outer loop
      vertex 55.0656 -15.2602 1
      vertex 55.1319 -15.3042 8
      vertex 55.0656 -15.2602 8
    endloop
  endfacet
  facet normal -0.552959 -0.833209 -0
    outer loop
      vertex 55.1319 -15.3042 8
      vertex 55.0656 -15.2602 1
      vertex 55.1319 -15.3042 1
    endloop
  endfacet
  facet normal 0.329008 0.944327 -0
    outer loop
      vertex 56.8123 -11.9192 1
      vertex 56.7371 -11.893 8
      vertex 56.8123 -11.9192 8
    endloop
  endfacet
  facet normal 0.329008 0.944327 0
    outer loop
      vertex 56.7371 -11.893 8
      vertex 56.8123 -11.9192 1
      vertex 56.7371 -11.893 1
    endloop
  endfacet
  facet normal 0.885979 -0.463725 0
    outer loop
      vertex 57.815 -14.6153 8
      vertex 57.8519 -14.5448 1
      vertex 57.8519 -14.5448 8
    endloop
  endfacet
  facet normal 0.885979 -0.463725 0
    outer loop
      vertex 57.8519 -14.5448 1
      vertex 57.815 -14.6153 8
      vertex 57.815 -14.6153 1
    endloop
  endfacet
  facet normal 0.368139 0.929771 -0
    outer loop
      vertex 56.8863 -11.9485 1
      vertex 56.8123 -11.9192 8
      vertex 56.8863 -11.9485 8
    endloop
  endfacet
  facet normal 0.368139 0.929771 0
    outer loop
      vertex 56.8123 -11.9192 8
      vertex 56.8863 -11.9485 1
      vertex 56.8123 -11.9192 1
    endloop
  endfacet
  facet normal -0.843661 0.536875 0
    outer loop
      vertex 54.5248 -12.7157 1
      vertex 54.5675 -12.6486 8
      vertex 54.5675 -12.6486 1
    endloop
  endfacet
  facet normal -0.843661 0.536875 0
    outer loop
      vertex 54.5675 -12.6486 8
      vertex 54.5248 -12.7157 1
      vertex 54.5248 -12.7157 8
    endloop
  endfacet
  facet normal 0.844231 -0.53598 0
    outer loop
      vertex 57.7326 -14.7514 8
      vertex 57.7752 -14.6843 1
      vertex 57.7752 -14.6843 8
    endloop
  endfacet
  facet normal 0.844231 -0.53598 0
    outer loop
      vertex 57.7752 -14.6843 1
      vertex 57.7326 -14.7514 8
      vertex 57.7326 -14.7514 1
    endloop
  endfacet
  facet normal 0.973516 -0.228619 0
    outer loop
      vertex 57.9903 -14.1725 8
      vertex 58.0085 -14.095 1
      vertex 58.0085 -14.095 8
    endloop
  endfacet
  facet normal 0.973516 -0.228619 0
    outer loop
      vertex 58.0085 -14.095 1
      vertex 57.9903 -14.1725 8
      vertex 57.9903 -14.1725 1
    endloop
  endfacet
  facet normal 0.982283 -0.187401 0
    outer loop
      vertex 58.0085 -14.095 8
      vertex 58.0234 -14.0169 1
      vertex 58.0234 -14.0169 8
    endloop
  endfacet
  facet normal 0.982283 -0.187401 0
    outer loop
      vertex 58.0234 -14.0169 1
      vertex 58.0085 -14.095 8
      vertex 58.0085 -14.095 1
    endloop
  endfacet
  facet normal -0.71523 0.698889 0
    outer loop
      vertex 54.765 -12.3994 1
      vertex 54.8206 -12.3425 8
      vertex 54.8206 -12.3425 1
    endloop
  endfacet
  facet normal -0.71523 0.698889 0
    outer loop
      vertex 54.8206 -12.3425 8
      vertex 54.765 -12.3994 1
      vertex 54.765 -12.3994 8
    endloop
  endfacet
  facet normal -0.989338 -0.145639 0
    outer loop
      vertex 54.2766 -14.0169 1
      vertex 54.265 -13.9381 8
      vertex 54.265 -13.9381 1
    endloop
  endfacet
  facet normal -0.989338 -0.145639 0
    outer loop
      vertex 54.265 -13.9381 8
      vertex 54.2766 -14.0169 1
      vertex 54.2766 -14.0169 8
    endloop
  endfacet
  facet normal -0.885979 -0.463725 0
    outer loop
      vertex 54.485 -14.6153 1
      vertex 54.4481 -14.5448 8
      vertex 54.4481 -14.5448 1
    endloop
  endfacet
  facet normal -0.885979 -0.463725 0
    outer loop
      vertex 54.4481 -14.5448 8
      vertex 54.485 -14.6153 1
      vertex 54.485 -14.6153 8
    endloop
  endfacet
  facet normal -0.12558 0.992083 0
    outer loop
      vertex 55.9514 -11.8104 1
      vertex 55.8724 -11.8204 8
      vertex 55.9514 -11.8104 8
    endloop
  endfacet
  facet normal -0.12558 0.992083 0
    outer loop
      vertex 55.8724 -11.8204 8
      vertex 55.9514 -11.8104 1
      vertex 55.8724 -11.8204 1
    endloop
  endfacet
  facet normal -0.552959 0.833209 0
    outer loop
      vertex 55.1319 -12.0958 1
      vertex 55.0656 -12.1398 8
      vertex 55.1319 -12.0958 8
    endloop
  endfacet
  facet normal -0.552959 0.833209 0
    outer loop
      vertex 55.0656 -12.1398 8
      vertex 55.1319 -12.0958 1
      vertex 55.0656 -12.1398 1
    endloop
  endfacet
  facet normal 0.973516 0.228619 0
    outer loop
      vertex 58.0085 -13.305 8
      vertex 57.9903 -13.2275 1
      vertex 57.9903 -13.2275 8
    endloop
  endfacet
  facet normal 0.973516 0.228619 0
    outer loop
      vertex 57.9903 -13.2275 1
      vertex 58.0085 -13.305 8
      vertex 58.0085 -13.305 1
    endloop
  endfacet
  facet normal 0.982283 0.187401 0
    outer loop
      vertex 58.0234 -13.3831 8
      vertex 58.0085 -13.305 1
      vertex 58.0085 -13.305 8
    endloop
  endfacet
  facet normal 0.982283 0.187401 0
    outer loop
      vertex 58.0085 -13.305 1
      vertex 58.0234 -13.3831 8
      vertex 58.0234 -13.3831 1
    endloop
  endfacet
  facet normal -0.0841893 0.99645 0
    outer loop
      vertex 56.0307 -11.8037 1
      vertex 55.9514 -11.8104 8
      vertex 56.0307 -11.8037 8
    endloop
  endfacet
  facet normal -0.0841893 0.99645 0
    outer loop
      vertex 55.9514 -11.8104 8
      vertex 56.0307 -11.8037 1
      vertex 55.9514 -11.8104 1
    endloop
  endfacet
  facet normal -0.0414737 0.99914 0
    outer loop
      vertex 56.1102 -11.8004 1
      vertex 56.0307 -11.8037 8
      vertex 56.1102 -11.8004 8
    endloop
  endfacet
  facet normal -0.0414737 0.99914 0
    outer loop
      vertex 56.0307 -11.8037 8
      vertex 56.1102 -11.8004 1
      vertex 56.0307 -11.8037 1
    endloop
  endfacet
  facet normal 0.998011 0.0630323 0
    outer loop
      vertex 58.6478 -13.5953 1
      vertex 58.6412 -13.4908 -1
      vertex 58.6412 -13.4908 1
    endloop
  endfacet
  facet normal 0.998011 0.0630323 0
    outer loop
      vertex 58.6412 -13.4908 -1
      vertex 58.6478 -13.5953 1
      vertex 58.6478 -13.5953 -1
    endloop
  endfacet
  facet normal -0.289451 -0.957193 0
    outer loop
      vertex 55.3775 -16.0776 -1
      vertex 55.4777 -16.1079 1
      vertex 55.3775 -16.0776 1
    endloop
  endfacet
  facet normal -0.289451 -0.957193 -0
    outer loop
      vertex 55.4777 -16.1079 1
      vertex 55.3775 -16.0776 -1
      vertex 55.4777 -16.1079 -1
    endloop
  endfacet
  facet normal -0.922084 -0.386989 0
    outer loop
      vertex 53.8661 -14.7168 -1
      vertex 53.8256 -14.6203 1
      vertex 53.8256 -14.6203 -1
    endloop
  endfacet
  facet normal -0.922084 -0.386989 0
    outer loop
      vertex 53.8256 -14.6203 1
      vertex 53.8661 -14.7168 -1
      vertex 53.8661 -14.7168 1
    endloop
  endfacet
  facet normal 0.999779 0.0210078 0
    outer loop
      vertex 58.65 -13.7 1
      vertex 58.6478 -13.5953 -1
      vertex 58.6478 -13.5953 1
    endloop
  endfacet
  facet normal 0.999779 0.0210078 0
    outer loop
      vertex 58.6478 -13.5953 -1
      vertex 58.65 -13.7 1
      vertex 58.65 -13.7 -1
    endloop
  endfacet
  facet normal -0.95095 -0.309345 0
    outer loop
      vertex 53.7891 -14.5222 -1
      vertex 53.7567 -14.4226 1
      vertex 53.7567 -14.4226 -1
    endloop
  endfacet
  facet normal -0.95095 -0.309345 0
    outer loop
      vertex 53.7567 -14.4226 1
      vertex 53.7891 -14.5222 -1
      vertex 53.7891 -14.5222 1
    endloop
  endfacet
  facet normal -0.98927 0.146099 0
    outer loop
      vertex 53.6697 -13.3867 -1
      vertex 53.685 -13.2831 1
      vertex 53.685 -13.2831 -1
    endloop
  endfacet
  facet normal -0.98927 0.146099 0
    outer loop
      vertex 53.685 -13.2831 1
      vertex 53.6697 -13.3867 -1
      vertex 53.6697 -13.3867 1
    endloop
  endfacet
  facet normal 0.937229 0.348714 0
    outer loop
      vertex 58.5109 -12.8778 1
      vertex 58.4744 -12.7797 -1
      vertex 58.4744 -12.7797 1
    endloop
  endfacet
  facet normal 0.937229 0.348714 0
    outer loop
      vertex 58.4744 -12.7797 -1
      vertex 58.5109 -12.8778 1
      vertex 58.5109 -12.8778 -1
    endloop
  endfacet
  facet normal 0.289451 0.957193 -0
    outer loop
      vertex 56.9225 -11.3224 -1
      vertex 56.8223 -11.2921 1
      vertex 56.9225 -11.3224 1
    endloop
  endfacet
  facet normal 0.289451 0.957193 0
    outer loop
      vertex 56.8223 -11.2921 1
      vertex 56.9225 -11.3224 -1
      vertex 56.8223 -11.2921 -1
    endloop
  endfacet
  facet normal -0.714709 -0.699422 0
    outer loop
      vertex 54.4008 -15.4862 -1
      vertex 54.3276 -15.4114 1
      vertex 54.3276 -15.4114 -1
    endloop
  endfacet
  facet normal -0.714709 -0.699422 0
    outer loop
      vertex 54.3276 -15.4114 1
      vertex 54.4008 -15.4862 -1
      vertex 54.4008 -15.4862 1
    endloop
  endfacet
  facet normal 0.98927 -0.146099 0
    outer loop
      vertex 58.615 -14.1169 1
      vertex 58.6303 -14.0133 -1
      vertex 58.6303 -14.0133 1
    endloop
  endfacet
  facet normal 0.98927 -0.146099 0
    outer loop
      vertex 58.6303 -14.0133 -1
      vertex 58.615 -14.1169 1
      vertex 58.615 -14.1169 -1
    endloop
  endfacet
  facet normal -0.886261 0.463186 0
    outer loop
      vertex 53.9107 -12.5884 -1
      vertex 53.9592 -12.4956 1
      vertex 53.9592 -12.4956 -1
    endloop
  endfacet
  facet normal -0.886261 0.463186 0
    outer loop
      vertex 53.9592 -12.4956 1
      vertex 53.9107 -12.5884 -1
      vertex 53.9107 -12.5884 1
    endloop
  endfacet
  facet normal 0.248375 -0.968664 0
    outer loop
      vertex 56.7209 -16.1339 -1
      vertex 56.8223 -16.1079 1
      vertex 56.7209 -16.1339 1
    endloop
  endfacet
  facet normal 0.248375 -0.968664 0
    outer loop
      vertex 56.8223 -16.1079 1
      vertex 56.7209 -16.1339 -1
      vertex 56.8223 -16.1079 -1
    endloop
  endfacet
  facet normal 0.904862 -0.425705 0
    outer loop
      vertex 58.3893 -14.8116 1
      vertex 58.4339 -14.7168 -1
      vertex 58.4339 -14.7168 1
    endloop
  endfacet
  facet normal 0.904862 -0.425705 0
    outer loop
      vertex 58.4339 -14.7168 -1
      vertex 58.3893 -14.8116 1
      vertex 58.3893 -14.8116 -1
    endloop
  endfacet
  facet normal 0.963093 0.26917 0
    outer loop
      vertex 58.5715 -13.0783 1
      vertex 58.5433 -12.9774 -1
      vertex 58.5433 -12.9774 1
    endloop
  endfacet
  facet normal 0.963093 0.26917 0
    outer loop
      vertex 58.5433 -12.9774 -1
      vertex 58.5715 -13.0783 1
      vertex 58.5715 -13.0783 -1
    endloop
  endfacet
  facet normal 0.208224 -0.978081 0
    outer loop
      vertex 56.6185 -16.1557 -1
      vertex 56.7209 -16.1339 1
      vertex 56.6185 -16.1557 1
    endloop
  endfacet
  facet normal 0.208224 -0.978081 0
    outer loop
      vertex 56.7209 -16.1339 1
      vertex 56.6185 -16.1557 -1
      vertex 56.7209 -16.1339 -1
    endloop
  endfacet
  facet normal 0.796549 -0.604575 0
    outer loop
      vertex 58.1092 -15.2529 1
      vertex 58.1725 -15.1695 -1
      vertex 58.1725 -15.1695 1
    endloop
  endfacet
  facet normal 0.796549 -0.604575 0
    outer loop
      vertex 58.1725 -15.1695 -1
      vertex 58.1092 -15.2529 1
      vertex 58.1092 -15.2529 -1
    endloop
  endfacet
  facet normal 0.844329 0.535824 0
    outer loop
      vertex 58.2884 -12.4049 1
      vertex 58.2323 -12.3165 -1
      vertex 58.2323 -12.3165 1
    endloop
  endfacet
  facet normal 0.844329 0.535824 0
    outer loop
      vertex 58.2323 -12.3165 -1
      vertex 58.2884 -12.4049 1
      vertex 58.2884 -12.4049 -1
    endloop
  endfacet
  facet normal -0.937229 0.348714 0
    outer loop
      vertex 53.7891 -12.8778 -1
      vertex 53.8256 -12.7797 1
      vertex 53.8256 -12.7797 -1
    endloop
  endfacet
  facet normal -0.937229 0.348714 0
    outer loop
      vertex 53.8256 -12.7797 1
      vertex 53.7891 -12.8778 -1
      vertex 53.7891 -12.8778 1
    endloop
  endfacet
  facet normal 0.0840733 0.99646 -0
    outer loop
      vertex 56.4113 -11.2137 -1
      vertex 56.307 -11.2049 1
      vertex 56.4113 -11.2137 1
    endloop
  endfacet
  facet normal 0.0840733 0.99646 0
    outer loop
      vertex 56.307 -11.2049 1
      vertex 56.4113 -11.2137 -1
      vertex 56.307 -11.2049 -1
    endloop
  endfacet
  facet normal 0.994563 -0.104138 0
    outer loop
      vertex 58.6303 -14.0133 1
      vertex 58.6412 -13.9092 -1
      vertex 58.6412 -13.9092 1
    endloop
  endfacet
  facet normal 0.994563 -0.104138 0
    outer loop
      vertex 58.6412 -13.9092 -1
      vertex 58.6303 -14.0133 1
      vertex 58.6303 -14.0133 -1
    endloop
  endfacet
  facet normal 0.937229 -0.348714 0
    outer loop
      vertex 58.4744 -14.6203 1
      vertex 58.5109 -14.5222 -1
      vertex 58.5109 -14.5222 1
    endloop
  endfacet
  facet normal 0.937229 -0.348714 0
    outer loop
      vertex 58.5109 -14.5222 -1
      vertex 58.4744 -14.6203 1
      vertex 58.4744 -14.6203 -1
    endloop
  endfacet
  facet normal 0.444921 -0.89557 0
    outer loop
      vertex 57.2144 -15.9621 -1
      vertex 57.3082 -15.9155 1
      vertex 57.2144 -15.9621 1
    endloop
  endfacet
  facet normal 0.444921 -0.89557 0
    outer loop
      vertex 57.3082 -15.9155 1
      vertex 57.2144 -15.9621 -1
      vertex 57.3082 -15.9155 -1
    endloop
  endfacet
  facet normal -0.0840733 0.99646 0
    outer loop
      vertex 55.993 -11.2049 -1
      vertex 55.8887 -11.2137 1
      vertex 55.993 -11.2049 1
    endloop
  endfacet
  facet normal -0.0840733 0.99646 0
    outer loop
      vertex 55.8887 -11.2137 1
      vertex 55.993 -11.2049 -1
      vertex 55.8887 -11.2137 -1
    endloop
  endfacet
  facet normal 0 1 -0
    outer loop
      vertex 56.2024 -11.2005 -1
      vertex 56.0976 -11.2005 1
      vertex 56.2024 -11.2005 1
    endloop
  endfacet
  facet normal 0 1 0
    outer loop
      vertex 56.0976 -11.2005 1
      vertex 56.2024 -11.2005 -1
      vertex 56.0976 -11.2005 -1
    endloop
  endfacet
  facet normal -0.98927 -0.146099 0
    outer loop
      vertex 53.685 -14.1169 -1
      vertex 53.6697 -14.0133 1
      vertex 53.6697 -14.0133 -1
    endloop
  endfacet
  facet normal -0.98927 -0.146099 0
    outer loop
      vertex 53.6697 -14.0133 1
      vertex 53.685 -14.1169 -1
      vertex 53.685 -14.1169 1
    endloop
  endfacet
  facet normal -0.588172 0.808736 0
    outer loop
      vertex 54.7232 -11.6471 -1
      vertex 54.6385 -11.7087 1
      vertex 54.7232 -11.6471 1
    endloop
  endfacet
  facet normal -0.588172 0.808736 0
    outer loop
      vertex 54.6385 -11.7087 1
      vertex 54.7232 -11.6471 -1
      vertex 54.6385 -11.7087 -1
    endloop
  endfacet
  facet normal -0.982339 -0.187112 0
    outer loop
      vertex 53.7046 -14.2198 -1
      vertex 53.685 -14.1169 1
      vertex 53.685 -14.1169 -1
    endloop
  endfacet
  facet normal -0.982339 -0.187112 0
    outer loop
      vertex 53.685 -14.1169 1
      vertex 53.7046 -14.2198 -1
      vertex 53.7046 -14.2198 1
    endloop
  endfacet
  facet normal 0.16703 -0.985952 0
    outer loop
      vertex 56.5152 -16.1732 -1
      vertex 56.6185 -16.1557 1
      vertex 56.5152 -16.1732 1
    endloop
  endfacet
  facet normal 0.16703 -0.985952 0
    outer loop
      vertex 56.6185 -16.1557 1
      vertex 56.5152 -16.1732 -1
      vertex 56.6185 -16.1557 -1
    endloop
  endfacet
  facet normal 0.553156 0.833078 -0
    outer loop
      vertex 57.5768 -11.6471 -1
      vertex 57.4896 -11.5892 1
      vertex 57.5768 -11.6471 1
    endloop
  endfacet
  facet normal 0.553156 0.833078 0
    outer loop
      vertex 57.4896 -11.5892 1
      vertex 57.5768 -11.6471 -1
      vertex 57.4896 -11.5892 -1
    endloop
  endfacet
  facet normal -0.518281 0.855211 0
    outer loop
      vertex 54.9 -11.5349 -1
      vertex 54.8104 -11.5892 1
      vertex 54.9 -11.5349 1
    endloop
  endfacet
  facet normal -0.518281 0.855211 0
    outer loop
      vertex 54.8104 -11.5892 1
      vertex 54.9 -11.5349 -1
      vertex 54.8104 -11.5892 -1
    endloop
  endfacet
  facet normal -0.904862 -0.425705 0
    outer loop
      vertex 53.9107 -14.8116 -1
      vertex 53.8661 -14.7168 1
      vertex 53.8661 -14.7168 -1
    endloop
  endfacet
  facet normal -0.904862 -0.425705 0
    outer loop
      vertex 53.8661 -14.7168 1
      vertex 53.9107 -14.8116 -1
      vertex 53.9107 -14.8116 1
    endloop
  endfacet
  facet normal 0.770799 -0.637079 0
    outer loop
      vertex 58.0425 -15.3336 1
      vertex 58.1092 -15.2529 -1
      vertex 58.1092 -15.2529 1
    endloop
  endfacet
  facet normal 0.770799 -0.637079 0
    outer loop
      vertex 58.1092 -15.2529 -1
      vertex 58.0425 -15.3336 1
      vertex 58.0425 -15.3336 -1
    endloop
  endfacet
  facet normal -0.844329 -0.535824 0
    outer loop
      vertex 54.0677 -15.0835 -1
      vertex 54.0116 -14.9951 1
      vertex 54.0116 -14.9951 -1
    endloop
  endfacet
  facet normal -0.844329 -0.535824 0
    outer loop
      vertex 54.0116 -14.9951 1
      vertex 54.0677 -15.0835 -1
      vertex 54.0677 -15.0835 1
    endloop
  endfacet
  facet normal 0.0420278 -0.999116 0
    outer loop
      vertex 56.2024 -16.1995 -1
      vertex 56.307 -16.1951 1
      vertex 56.2024 -16.1995 1
    endloop
  endfacet
  facet normal 0.0420278 -0.999116 0
    outer loop
      vertex 56.307 -16.1951 1
      vertex 56.2024 -16.1995 -1
      vertex 56.307 -16.1951 -1
    endloop
  endfacet
  facet normal -0.998011 -0.0630323 0
    outer loop
      vertex 53.6588 -13.9092 -1
      vertex 53.6522 -13.8047 1
      vertex 53.6522 -13.8047 -1
    endloop
  endfacet
  facet normal -0.998011 -0.0630323 0
    outer loop
      vertex 53.6522 -13.8047 1
      vertex 53.6588 -13.9092 -1
      vertex 53.6588 -13.9092 1
    endloop
  endfacet
  facet normal 0.588172 0.808736 -0
    outer loop
      vertex 57.6615 -11.7087 -1
      vertex 57.5768 -11.6471 1
      vertex 57.6615 -11.7087 1
    endloop
  endfacet
  facet normal 0.588172 0.808736 0
    outer loop
      vertex 57.5768 -11.6471 1
      vertex 57.6615 -11.7087 -1
      vertex 57.5768 -11.6471 -1
    endloop
  endfacet
  facet normal -0.821022 -0.570897 0
    outer loop
      vertex 54.1275 -15.1695 -1
      vertex 54.0677 -15.0835 1
      vertex 54.0677 -15.0835 -1
    endloop
  endfacet
  facet normal -0.821022 -0.570897 0
    outer loop
      vertex 54.0677 -15.0835 1
      vertex 54.1275 -15.1695 -1
      vertex 54.1275 -15.1695 1
    endloop
  endfacet
  facet normal 0.481259 -0.876579 0
    outer loop
      vertex 57.3082 -15.9155 -1
      vertex 57.4 -15.8651 1
      vertex 57.3082 -15.9155 1
    endloop
  endfacet
  facet normal 0.481259 -0.876579 0
    outer loop
      vertex 57.4 -15.8651 1
      vertex 57.3082 -15.9155 -1
      vertex 57.4 -15.8651 -1
    endloop
  endfacet
  facet normal 0.922084 -0.386989 0
    outer loop
      vertex 58.4339 -14.7168 1
      vertex 58.4744 -14.6203 -1
      vertex 58.4744 -14.6203 1
    endloop
  endfacet
  facet normal 0.922084 -0.386989 0
    outer loop
      vertex 58.4744 -14.6203 -1
      vertex 58.4339 -14.7168 1
      vertex 58.4339 -14.7168 -1
    endloop
  endfacet
  facet normal 0.289451 -0.957193 0
    outer loop
      vertex 56.8223 -16.1079 -1
      vertex 56.9225 -16.0776 1
      vertex 56.8223 -16.1079 1
    endloop
  endfacet
  facet normal 0.289451 -0.957193 0
    outer loop
      vertex 56.9225 -16.0776 1
      vertex 56.8223 -16.1079 -1
      vertex 56.9225 -16.0776 -1
    endloop
  endfacet
  facet normal -0.125092 0.992145 0
    outer loop
      vertex 55.8887 -11.2137 -1
      vertex 55.7848 -11.2268 1
      vertex 55.8887 -11.2137 1
    endloop
  endfacet
  facet normal -0.125092 0.992145 0
    outer loop
      vertex 55.7848 -11.2268 1
      vertex 55.8887 -11.2137 -1
      vertex 55.7848 -11.2268 -1
    endloop
  endfacet
  facet normal -0.865883 0.500246 0
    outer loop
      vertex 53.9592 -12.4956 -1
      vertex 54.0116 -12.4049 1
      vertex 54.0116 -12.4049 -1
    endloop
  endfacet
  facet normal -0.865883 0.500246 0
    outer loop
      vertex 54.0116 -12.4049 1
      vertex 53.9592 -12.4956 -1
      vertex 53.9592 -12.4956 1
    endloop
  endfacet
  facet normal -0.407025 0.913417 0
    outer loop
      vertex 55.1812 -11.3953 -1
      vertex 55.0856 -11.4379 1
      vertex 55.1812 -11.3953 1
    endloop
  endfacet
  facet normal -0.407025 0.913417 0
    outer loop
      vertex 55.0856 -11.4379 1
      vertex 55.1812 -11.3953 -1
      vertex 55.0856 -11.4379 -1
    endloop
  endfacet
  facet normal -0.770799 -0.637079 0
    outer loop
      vertex 54.2575 -15.3336 -1
      vertex 54.1908 -15.2529 1
      vertex 54.1908 -15.2529 -1
    endloop
  endfacet
  facet normal -0.770799 -0.637079 0
    outer loop
      vertex 54.1908 -15.2529 1
      vertex 54.2575 -15.3336 -1
      vertex 54.2575 -15.3336 1
    endloop
  endfacet
  facet normal -0.208224 0.978081 0
    outer loop
      vertex 55.6815 -11.2443 -1
      vertex 55.5791 -11.2661 1
      vertex 55.6815 -11.2443 1
    endloop
  endfacet
  facet normal -0.208224 0.978081 0
    outer loop
      vertex 55.5791 -11.2661 1
      vertex 55.6815 -11.2443 -1
      vertex 55.5791 -11.2661 -1
    endloop
  endfacet
  facet normal 0.994563 0.104138 0
    outer loop
      vertex 58.6412 -13.4908 1
      vertex 58.6303 -13.3867 -1
      vertex 58.6303 -13.3867 1
    endloop
  endfacet
  facet normal 0.994563 0.104138 0
    outer loop
      vertex 58.6303 -13.3867 -1
      vertex 58.6412 -13.4908 1
      vertex 58.6412 -13.4908 -1
    endloop
  endfacet
  facet normal 0.963093 -0.26917 0
    outer loop
      vertex 58.5433 -14.4226 1
      vertex 58.5715 -14.3217 -1
      vertex 58.5715 -14.3217 1
    endloop
  endfacet
  facet normal 0.963093 -0.26917 0
    outer loop
      vertex 58.5715 -14.3217 -1
      vertex 58.5433 -14.4226 1
      vertex 58.5433 -14.4226 -1
    endloop
  endfacet
  facet normal 0.821022 -0.570897 0
    outer loop
      vertex 58.1725 -15.1695 1
      vertex 58.2323 -15.0835 -1
      vertex 58.2323 -15.0835 1
    endloop
  endfacet
  facet normal 0.821022 -0.570897 0
    outer loop
      vertex 58.2323 -15.0835 -1
      vertex 58.1725 -15.1695 1
      vertex 58.1725 -15.1695 -1
    endloop
  endfacet
  facet normal 0.588172 -0.808736 0
    outer loop
      vertex 57.5768 -15.7529 -1
      vertex 57.6615 -15.6913 1
      vertex 57.5768 -15.7529 1
    endloop
  endfacet
  facet normal 0.588172 -0.808736 0
    outer loop
      vertex 57.6615 -15.6913 1
      vertex 57.5768 -15.7529 -1
      vertex 57.6615 -15.6913 -1
    endloop
  endfacet
  facet normal 0.998011 -0.0630323 0
    outer loop
      vertex 58.6412 -13.9092 1
      vertex 58.6478 -13.8047 -1
      vertex 58.6478 -13.8047 1
    endloop
  endfacet
  facet normal 0.998011 -0.0630323 0
    outer loop
      vertex 58.6478 -13.8047 -1
      vertex 58.6412 -13.9092 1
      vertex 58.6412 -13.9092 -1
    endloop
  endfacet
  facet normal -0.994563 -0.104138 0
    outer loop
      vertex 53.6697 -14.0133 -1
      vertex 53.6588 -13.9092 1
      vertex 53.6588 -13.9092 -1
    endloop
  endfacet
  facet normal -0.994563 -0.104138 0
    outer loop
      vertex 53.6588 -13.9092 1
      vertex 53.6697 -14.0133 -1
      vertex 53.6697 -14.0133 1
    endloop
  endfacet
  facet normal -0.886261 -0.463186 0
    outer loop
      vertex 53.9592 -14.9044 -1
      vertex 53.9107 -14.8116 1
      vertex 53.9107 -14.8116 -1
    endloop
  endfacet
  facet normal -0.886261 -0.463186 0
    outer loop
      vertex 53.9107 -14.8116 1
      vertex 53.9592 -14.9044 -1
      vertex 53.9592 -14.9044 1
    endloop
  endfacet
  facet normal -0.770799 0.637079 0
    outer loop
      vertex 54.1908 -12.1471 -1
      vertex 54.2575 -12.0664 1
      vertex 54.2575 -12.0664 -1
    endloop
  endfacet
  facet normal -0.770799 0.637079 0
    outer loop
      vertex 54.2575 -12.0664 1
      vertex 54.1908 -12.1471 -1
      vertex 54.1908 -12.1471 1
    endloop
  endfacet
  facet normal -0.553156 -0.833078 0
    outer loop
      vertex 54.7232 -15.7529 -1
      vertex 54.8104 -15.8108 1
      vertex 54.7232 -15.7529 1
    endloop
  endfacet
  facet normal -0.553156 -0.833078 -0
    outer loop
      vertex 54.8104 -15.8108 1
      vertex 54.7232 -15.7529 -1
      vertex 54.8104 -15.8108 -1
    endloop
  endfacet
  facet normal -0.95095 0.309345 0
    outer loop
      vertex 53.7567 -12.9774 -1
      vertex 53.7891 -12.8778 1
      vertex 53.7891 -12.8778 -1
    endloop
  endfacet
  facet normal -0.95095 0.309345 0
    outer loop
      vertex 53.7891 -12.8778 1
      vertex 53.7567 -12.9774 -1
      vertex 53.7567 -12.9774 1
    endloop
  endfacet
  facet normal 0.821022 0.570897 0
    outer loop
      vertex 58.2323 -12.3165 1
      vertex 58.1725 -12.2305 -1
      vertex 58.1725 -12.2305 1
    endloop
  endfacet
  facet normal 0.821022 0.570897 0
    outer loop
      vertex 58.1725 -12.2305 -1
      vertex 58.2323 -12.3165 1
      vertex 58.2323 -12.3165 -1
    endloop
  endfacet
  facet normal 0.742914 -0.669387 0
    outer loop
      vertex 57.9724 -15.4114 1
      vertex 58.0425 -15.3336 -1
      vertex 58.0425 -15.3336 1
    endloop
  endfacet
  facet normal 0.742914 -0.669387 0
    outer loop
      vertex 58.0425 -15.3336 -1
      vertex 57.9724 -15.4114 1
      vertex 57.9724 -15.4114 -1
    endloop
  endfacet
  facet normal 0.553156 -0.833078 0
    outer loop
      vertex 57.4896 -15.8108 -1
      vertex 57.5768 -15.7529 1
      vertex 57.4896 -15.8108 1
    endloop
  endfacet
  facet normal 0.553156 -0.833078 0
    outer loop
      vertex 57.5768 -15.7529 1
      vertex 57.4896 -15.8108 -1
      vertex 57.5768 -15.7529 -1
    endloop
  endfacet
  facet normal -0.444921 -0.89557 0
    outer loop
      vertex 54.9918 -15.9155 -1
      vertex 55.0856 -15.9621 1
      vertex 54.9918 -15.9155 1
    endloop
  endfacet
  facet normal -0.444921 -0.89557 -0
    outer loop
      vertex 55.0856 -15.9621 1
      vertex 54.9918 -15.9155 -1
      vertex 55.0856 -15.9621 -1
    endloop
  endfacet
  facet normal -0.922084 0.386989 0
    outer loop
      vertex 53.8256 -12.7797 -1
      vertex 53.8661 -12.6832 1
      vertex 53.8661 -12.6832 -1
    endloop
  endfacet
  facet normal -0.922084 0.386989 0
    outer loop
      vertex 53.8661 -12.6832 1
      vertex 53.8256 -12.7797 -1
      vertex 53.8256 -12.7797 1
    endloop
  endfacet
  facet normal 0.95095 -0.309345 0
    outer loop
      vertex 58.5109 -14.5222 1
      vertex 58.5433 -14.4226 -1
      vertex 58.5433 -14.4226 1
    endloop
  endfacet
  facet normal 0.95095 -0.309345 0
    outer loop
      vertex 58.5433 -14.4226 -1
      vertex 58.5109 -14.5222 1
      vertex 58.5109 -14.5222 -1
    endloop
  endfacet
  facet normal 0.886261 -0.463186 0
    outer loop
      vertex 58.3408 -14.9044 1
      vertex 58.3893 -14.8116 -1
      vertex 58.3893 -14.8116 1
    endloop
  endfacet
  facet normal 0.886261 -0.463186 0
    outer loop
      vertex 58.3893 -14.8116 -1
      vertex 58.3408 -14.9044 1
      vertex 58.3408 -14.9044 -1
    endloop
  endfacet
  facet normal 0.982339 -0.187112 0
    outer loop
      vertex 58.5954 -14.2198 1
      vertex 58.615 -14.1169 -1
      vertex 58.615 -14.1169 1
    endloop
  endfacet
  facet normal 0.982339 -0.187112 0
    outer loop
      vertex 58.615 -14.1169 -1
      vertex 58.5954 -14.2198 1
      vertex 58.5954 -14.2198 -1
    endloop
  endfacet
  facet normal -0.937229 -0.348714 0
    outer loop
      vertex 53.8256 -14.6203 -1
      vertex 53.7891 -14.5222 1
      vertex 53.7891 -14.5222 -1
    endloop
  endfacet
  facet normal -0.937229 -0.348714 0
    outer loop
      vertex 53.7891 -14.5222 1
      vertex 53.8256 -14.6203 -1
      vertex 53.8256 -14.6203 1
    endloop
  endfacet
  facet normal -0.0420278 -0.999116 0
    outer loop
      vertex 55.993 -16.1951 -1
      vertex 56.0976 -16.1995 1
      vertex 55.993 -16.1951 1
    endloop
  endfacet
  facet normal -0.0420278 -0.999116 -0
    outer loop
      vertex 56.0976 -16.1995 1
      vertex 55.993 -16.1951 -1
      vertex 56.0976 -16.1995 -1
    endloop
  endfacet
  facet normal -0.0420278 0.999116 0
    outer loop
      vertex 56.0976 -11.2005 -1
      vertex 55.993 -11.2049 1
      vertex 56.0976 -11.2005 1
    endloop
  endfacet
  facet normal -0.0420278 0.999116 0
    outer loop
      vertex 55.993 -11.2049 1
      vertex 56.0976 -11.2005 -1
      vertex 55.993 -11.2049 -1
    endloop
  endfacet
  facet normal -0.844329 0.535824 0
    outer loop
      vertex 54.0116 -12.4049 -1
      vertex 54.0677 -12.3165 1
      vertex 54.0677 -12.3165 -1
    endloop
  endfacet
  facet normal -0.844329 0.535824 0
    outer loop
      vertex 54.0677 -12.3165 1
      vertex 54.0116 -12.4049 -1
      vertex 54.0116 -12.4049 1
    endloop
  endfacet
  facet normal 0.16703 0.985952 -0
    outer loop
      vertex 56.6185 -11.2443 -1
      vertex 56.5152 -11.2268 1
      vertex 56.6185 -11.2443 1
    endloop
  endfacet
  facet normal 0.16703 0.985952 0
    outer loop
      vertex 56.5152 -11.2268 1
      vertex 56.6185 -11.2443 -1
      vertex 56.5152 -11.2268 -1
    endloop
  endfacet
  facet normal -0.821022 0.570897 0
    outer loop
      vertex 54.0677 -12.3165 -1
      vertex 54.1275 -12.2305 1
      vertex 54.1275 -12.2305 -1
    endloop
  endfacet
  facet normal -0.821022 0.570897 0
    outer loop
      vertex 54.1275 -12.2305 1
      vertex 54.0677 -12.3165 -1
      vertex 54.0677 -12.3165 1
    endloop
  endfacet
  facet normal 0.844329 -0.535824 0
    outer loop
      vertex 58.2323 -15.0835 1
      vertex 58.2884 -14.9951 -1
      vertex 58.2884 -14.9951 1
    endloop
  endfacet
  facet normal 0.844329 -0.535824 0
    outer loop
      vertex 58.2884 -14.9951 -1
      vertex 58.2323 -15.0835 1
      vertex 58.2323 -15.0835 -1
    endloop
  endfacet
  facet normal -0.998011 0.0630323 0
    outer loop
      vertex 53.6522 -13.5953 -1
      vertex 53.6588 -13.4908 1
      vertex 53.6588 -13.4908 -1
    endloop
  endfacet
  facet normal -0.998011 0.0630323 0
    outer loop
      vertex 53.6588 -13.4908 1
      vertex 53.6522 -13.5953 -1
      vertex 53.6522 -13.5953 1
    endloop
  endfacet
  facet normal 0.125092 -0.992145 0
    outer loop
      vertex 56.4113 -16.1863 -1
      vertex 56.5152 -16.1732 1
      vertex 56.4113 -16.1863 1
    endloop
  endfacet
  facet normal 0.125092 -0.992145 0
    outer loop
      vertex 56.5152 -16.1732 1
      vertex 56.4113 -16.1863 -1
      vertex 56.5152 -16.1732 -1
    endloop
  endfacet
  facet normal -0.97358 -0.228347 0
    outer loop
      vertex 53.7285 -14.3217 -1
      vertex 53.7046 -14.2198 1
      vertex 53.7046 -14.2198 -1
    endloop
  endfacet
  facet normal -0.97358 -0.228347 0
    outer loop
      vertex 53.7046 -14.2198 1
      vertex 53.7285 -14.3217 -1
      vertex 53.7285 -14.3217 1
    endloop
  endfacet
  facet normal -0.367601 -0.929983 0
    outer loop
      vertex 55.1812 -16.0047 -1
      vertex 55.2786 -16.0432 1
      vertex 55.1812 -16.0047 1
    endloop
  endfacet
  facet normal -0.367601 -0.929983 -0
    outer loop
      vertex 55.2786 -16.0432 1
      vertex 55.1812 -16.0047 -1
      vertex 55.2786 -16.0432 -1
    endloop
  endfacet
  facet normal -0.742914 -0.669387 0
    outer loop
      vertex 54.3276 -15.4114 -1
      vertex 54.2575 -15.3336 1
      vertex 54.2575 -15.3336 -1
    endloop
  endfacet
  facet normal -0.742914 -0.669387 0
    outer loop
      vertex 54.2575 -15.3336 1
      vertex 54.3276 -15.4114 -1
      vertex 54.3276 -15.4114 1
    endloop
  endfacet
  facet normal -0.328521 -0.944497 0
    outer loop
      vertex 55.2786 -16.0432 -1
      vertex 55.3775 -16.0776 1
      vertex 55.2786 -16.0432 1
    endloop
  endfacet
  facet normal -0.328521 -0.944497 -0
    outer loop
      vertex 55.3775 -16.0776 1
      vertex 55.2786 -16.0432 -1
      vertex 55.3775 -16.0776 -1
    endloop
  endfacet
  facet normal -0.684322 -0.72918 0
    outer loop
      vertex 54.4008 -15.4862 -1
      vertex 54.4772 -15.5579 1
      vertex 54.4008 -15.4862 1
    endloop
  endfacet
  facet normal -0.684322 -0.72918 -0
    outer loop
      vertex 54.4772 -15.5579 1
      vertex 54.4008 -15.4862 -1
      vertex 54.4772 -15.5579 -1
    endloop
  endfacet
  facet normal -0.65362 -0.756823 0
    outer loop
      vertex 54.4772 -15.5579 -1
      vertex 54.5564 -15.6263 1
      vertex 54.4772 -15.5579 1
    endloop
  endfacet
  facet normal -0.65362 -0.756823 -0
    outer loop
      vertex 54.5564 -15.6263 1
      vertex 54.4772 -15.5579 -1
      vertex 54.5564 -15.6263 -1
    endloop
  endfacet
  facet normal 0.65362 -0.756823 0
    outer loop
      vertex 57.7436 -15.6263 -1
      vertex 57.8228 -15.5579 1
      vertex 57.7436 -15.6263 1
    endloop
  endfacet
  facet normal 0.65362 -0.756823 0
    outer loop
      vertex 57.8228 -15.5579 1
      vertex 57.7436 -15.6263 -1
      vertex 57.8228 -15.5579 -1
    endloop
  endfacet
  facet normal -0.963093 -0.26917 0
    outer loop
      vertex 53.7567 -14.4226 -1
      vertex 53.7285 -14.3217 1
      vertex 53.7285 -14.3217 -1
    endloop
  endfacet
  facet normal -0.963093 -0.26917 0
    outer loop
      vertex 53.7285 -14.3217 1
      vertex 53.7567 -14.4226 -1
      vertex 53.7567 -14.4226 1
    endloop
  endfacet
  facet normal -0.620727 -0.784026 0
    outer loop
      vertex 54.5564 -15.6263 -1
      vertex 54.6385 -15.6913 1
      vertex 54.5564 -15.6263 1
    endloop
  endfacet
  facet normal -0.620727 -0.784026 -0
    outer loop
      vertex 54.6385 -15.6913 1
      vertex 54.5564 -15.6263 -1
      vertex 54.6385 -15.6913 -1
    endloop
  endfacet
  facet normal -0.367601 0.929983 0
    outer loop
      vertex 55.2786 -11.3568 -1
      vertex 55.1812 -11.3953 1
      vertex 55.2786 -11.3568 1
    endloop
  endfacet
  facet normal -0.367601 0.929983 0
    outer loop
      vertex 55.1812 -11.3953 1
      vertex 55.2786 -11.3568 -1
      vertex 55.1812 -11.3953 -1
    endloop
  endfacet
  facet normal -0.994563 0.104138 0
    outer loop
      vertex 53.6588 -13.4908 -1
      vertex 53.6697 -13.3867 1
      vertex 53.6697 -13.3867 -1
    endloop
  endfacet
  facet normal -0.994563 0.104138 0
    outer loop
      vertex 53.6697 -13.3867 1
      vertex 53.6588 -13.4908 -1
      vertex 53.6588 -13.4908 1
    endloop
  endfacet
  facet normal -0.742914 0.669387 0
    outer loop
      vertex 54.2575 -12.0664 -1
      vertex 54.3276 -11.9886 1
      vertex 54.3276 -11.9886 -1
    endloop
  endfacet
  facet normal -0.742914 0.669387 0
    outer loop
      vertex 54.3276 -11.9886 1
      vertex 54.2575 -12.0664 -1
      vertex 54.2575 -12.0664 1
    endloop
  endfacet
  facet normal 0.982339 0.187112 0
    outer loop
      vertex 58.615 -13.2831 1
      vertex 58.5954 -13.1802 -1
      vertex 58.5954 -13.1802 1
    endloop
  endfacet
  facet normal 0.982339 0.187112 0
    outer loop
      vertex 58.5954 -13.1802 -1
      vertex 58.615 -13.2831 1
      vertex 58.615 -13.2831 -1
    endloop
  endfacet
  facet normal -0.407025 -0.913417 0
    outer loop
      vertex 55.0856 -15.9621 -1
      vertex 55.1812 -16.0047 1
      vertex 55.0856 -15.9621 1
    endloop
  endfacet
  facet normal -0.407025 -0.913417 -0
    outer loop
      vertex 55.1812 -16.0047 1
      vertex 55.0856 -15.9621 -1
      vertex 55.1812 -16.0047 -1
    endloop
  endfacet
  facet normal 0.328521 0.944497 -0
    outer loop
      vertex 57.0214 -11.3568 -1
      vertex 56.9225 -11.3224 1
      vertex 57.0214 -11.3568 1
    endloop
  endfacet
  facet normal 0.328521 0.944497 0
    outer loop
      vertex 56.9225 -11.3224 1
      vertex 57.0214 -11.3568 -1
      vertex 56.9225 -11.3224 -1
    endloop
  endfacet
  facet normal 0.0840733 -0.99646 0
    outer loop
      vertex 56.307 -16.1951 -1
      vertex 56.4113 -16.1863 1
      vertex 56.307 -16.1951 1
    endloop
  endfacet
  facet normal 0.0840733 -0.99646 0
    outer loop
      vertex 56.4113 -16.1863 1
      vertex 56.307 -16.1951 -1
      vertex 56.4113 -16.1863 -1
    endloop
  endfacet
  facet normal -0.865883 -0.500246 0
    outer loop
      vertex 54.0116 -14.9951 -1
      vertex 53.9592 -14.9044 1
      vertex 53.9592 -14.9044 -1
    endloop
  endfacet
  facet normal -0.865883 -0.500246 0
    outer loop
      vertex 53.9592 -14.9044 1
      vertex 54.0116 -14.9951 -1
      vertex 54.0116 -14.9951 1
    endloop
  endfacet
  facet normal -0.16703 0.985952 0
    outer loop
      vertex 55.7848 -11.2268 -1
      vertex 55.6815 -11.2443 1
      vertex 55.7848 -11.2268 1
    endloop
  endfacet
  facet normal -0.16703 0.985952 0
    outer loop
      vertex 55.6815 -11.2443 1
      vertex 55.7848 -11.2268 -1
      vertex 55.6815 -11.2443 -1
    endloop
  endfacet
  facet normal -0.518281 -0.855211 0
    outer loop
      vertex 54.8104 -15.8108 -1
      vertex 54.9 -15.8651 1
      vertex 54.8104 -15.8108 1
    endloop
  endfacet
  facet normal -0.518281 -0.855211 -0
    outer loop
      vertex 54.9 -15.8651 1
      vertex 54.8104 -15.8108 -1
      vertex 54.9 -15.8651 -1
    endloop
  endfacet
  facet normal -0.481259 -0.876579 0
    outer loop
      vertex 54.9 -15.8651 -1
      vertex 54.9918 -15.9155 1
      vertex 54.9 -15.8651 1
    endloop
  endfacet
  facet normal -0.481259 -0.876579 -0
    outer loop
      vertex 54.9918 -15.9155 1
      vertex 54.9 -15.8651 -1
      vertex 54.9918 -15.9155 -1
    endloop
  endfacet
  facet normal 0.922084 0.386989 0
    outer loop
      vertex 58.4744 -12.7797 1
      vertex 58.4339 -12.6832 -1
      vertex 58.4339 -12.6832 1
    endloop
  endfacet
  facet normal 0.922084 0.386989 0
    outer loop
      vertex 58.4339 -12.6832 -1
      vertex 58.4744 -12.7797 1
      vertex 58.4744 -12.7797 -1
    endloop
  endfacet
  facet normal 0.796549 0.604575 0
    outer loop
      vertex 58.1725 -12.2305 1
      vertex 58.1092 -12.1471 -1
      vertex 58.1092 -12.1471 1
    endloop
  endfacet
  facet normal 0.796549 0.604575 0
    outer loop
      vertex 58.1092 -12.1471 -1
      vertex 58.1725 -12.2305 1
      vertex 58.1725 -12.2305 -1
    endloop
  endfacet
  facet normal 0.95095 0.309345 0
    outer loop
      vertex 58.5433 -12.9774 1
      vertex 58.5109 -12.8778 -1
      vertex 58.5109 -12.8778 1
    endloop
  endfacet
  facet normal 0.95095 0.309345 0
    outer loop
      vertex 58.5109 -12.8778 -1
      vertex 58.5433 -12.9774 1
      vertex 58.5433 -12.9774 -1
    endloop
  endfacet
  facet normal 0.444921 0.89557 -0
    outer loop
      vertex 57.3082 -11.4845 -1
      vertex 57.2144 -11.4379 1
      vertex 57.3082 -11.4845 1
    endloop
  endfacet
  facet normal 0.444921 0.89557 0
    outer loop
      vertex 57.2144 -11.4379 1
      vertex 57.3082 -11.4845 -1
      vertex 57.2144 -11.4379 -1
    endloop
  endfacet
  facet normal 0.97358 -0.228347 0
    outer loop
      vertex 58.5715 -14.3217 1
      vertex 58.5954 -14.2198 -1
      vertex 58.5954 -14.2198 1
    endloop
  endfacet
  facet normal 0.97358 -0.228347 0
    outer loop
      vertex 58.5954 -14.2198 -1
      vertex 58.5715 -14.3217 1
      vertex 58.5715 -14.3217 -1
    endloop
  endfacet
  facet normal 0.865883 -0.500246 0
    outer loop
      vertex 58.2884 -14.9951 1
      vertex 58.3408 -14.9044 -1
      vertex 58.3408 -14.9044 1
    endloop
  endfacet
  facet normal 0.865883 -0.500246 0
    outer loop
      vertex 58.3408 -14.9044 -1
      vertex 58.2884 -14.9951 1
      vertex 58.2884 -14.9951 -1
    endloop
  endfacet
  facet normal 0.65362 0.756823 -0
    outer loop
      vertex 57.8228 -11.8421 -1
      vertex 57.7436 -11.7737 1
      vertex 57.8228 -11.8421 1
    endloop
  endfacet
  facet normal 0.65362 0.756823 0
    outer loop
      vertex 57.7436 -11.7737 1
      vertex 57.8228 -11.8421 -1
      vertex 57.7436 -11.7737 -1
    endloop
  endfacet
  facet normal -0.289451 0.957193 0
    outer loop
      vertex 55.4777 -11.2921 -1
      vertex 55.3775 -11.3224 1
      vertex 55.4777 -11.2921 1
    endloop
  endfacet
  facet normal -0.289451 0.957193 0
    outer loop
      vertex 55.3775 -11.3224 1
      vertex 55.4777 -11.2921 -1
      vertex 55.3775 -11.3224 -1
    endloop
  endfacet
  facet normal 0.481259 0.876579 -0
    outer loop
      vertex 57.4 -11.5349 -1
      vertex 57.3082 -11.4845 1
      vertex 57.4 -11.5349 1
    endloop
  endfacet
  facet normal 0.481259 0.876579 0
    outer loop
      vertex 57.3082 -11.4845 1
      vertex 57.4 -11.5349 -1
      vertex 57.3082 -11.4845 -1
    endloop
  endfacet
  facet normal 0.999779 -0.0210078 0
    outer loop
      vertex 58.6478 -13.8047 1
      vertex 58.65 -13.7 -1
      vertex 58.65 -13.7 1
    endloop
  endfacet
  facet normal 0.999779 -0.0210078 0
    outer loop
      vertex 58.65 -13.7 -1
      vertex 58.6478 -13.8047 1
      vertex 58.6478 -13.8047 -1
    endloop
  endfacet
  facet normal -0.16703 -0.985952 0
    outer loop
      vertex 55.6815 -16.1557 -1
      vertex 55.7848 -16.1732 1
      vertex 55.6815 -16.1557 1
    endloop
  endfacet
  facet normal -0.16703 -0.985952 -0
    outer loop
      vertex 55.7848 -16.1732 1
      vertex 55.6815 -16.1557 -1
      vertex 55.7848 -16.1732 -1
    endloop
  endfacet
  facet normal 0.0420278 0.999116 -0
    outer loop
      vertex 56.307 -11.2049 -1
      vertex 56.2024 -11.2005 1
      vertex 56.307 -11.2049 1
    endloop
  endfacet
  facet normal 0.0420278 0.999116 0
    outer loop
      vertex 56.2024 -11.2005 1
      vertex 56.307 -11.2049 -1
      vertex 56.2024 -11.2005 -1
    endloop
  endfacet
  facet normal -0.999779 0.0210078 0
    outer loop
      vertex 53.65 -13.7 -1
      vertex 53.6522 -13.5953 1
      vertex 53.6522 -13.5953 -1
    endloop
  endfacet
  facet normal -0.999779 0.0210078 0
    outer loop
      vertex 53.6522 -13.5953 1
      vertex 53.65 -13.7 -1
      vertex 53.65 -13.7 1
    endloop
  endfacet
  facet normal 0.328521 -0.944497 0
    outer loop
      vertex 56.9225 -16.0776 -1
      vertex 57.0214 -16.0432 1
      vertex 56.9225 -16.0776 1
    endloop
  endfacet
  facet normal 0.328521 -0.944497 0
    outer loop
      vertex 57.0214 -16.0432 1
      vertex 56.9225 -16.0776 -1
      vertex 57.0214 -16.0432 -1
    endloop
  endfacet
  facet normal -0.588172 -0.808736 0
    outer loop
      vertex 54.6385 -15.6913 -1
      vertex 54.7232 -15.7529 1
      vertex 54.6385 -15.6913 1
    endloop
  endfacet
  facet normal -0.588172 -0.808736 -0
    outer loop
      vertex 54.7232 -15.7529 1
      vertex 54.6385 -15.6913 -1
      vertex 54.7232 -15.7529 -1
    endloop
  endfacet
  facet normal 0 -1 0
    outer loop
      vertex 56.0976 -16.1995 -1
      vertex 56.2024 -16.1995 1
      vertex 56.0976 -16.1995 1
    endloop
  endfacet
  facet normal 0 -1 -0
    outer loop
      vertex 56.2024 -16.1995 1
      vertex 56.0976 -16.1995 -1
      vertex 56.2024 -16.1995 -1
    endloop
  endfacet
  facet normal -0.999779 -0.0210078 0
    outer loop
      vertex 53.6522 -13.8047 -1
      vertex 53.65 -13.7 1
      vertex 53.65 -13.7 -1
    endloop
  endfacet
  facet normal -0.999779 -0.0210078 0
    outer loop
      vertex 53.65 -13.7 1
      vertex 53.6522 -13.8047 -1
      vertex 53.6522 -13.8047 1
    endloop
  endfacet
  facet normal 0.248375 0.968664 -0
    outer loop
      vertex 56.8223 -11.2921 -1
      vertex 56.7209 -11.2661 1
      vertex 56.8223 -11.2921 1
    endloop
  endfacet
  facet normal 0.248375 0.968664 0
    outer loop
      vertex 56.7209 -11.2661 1
      vertex 56.8223 -11.2921 -1
      vertex 56.7209 -11.2661 -1
    endloop
  endfacet
  facet normal -0.208224 -0.978081 0
    outer loop
      vertex 55.5791 -16.1339 -1
      vertex 55.6815 -16.1557 1
      vertex 55.5791 -16.1339 1
    endloop
  endfacet
  facet normal -0.208224 -0.978081 -0
    outer loop
      vertex 55.6815 -16.1557 1
      vertex 55.5791 -16.1339 -1
      vertex 55.6815 -16.1557 -1
    endloop
  endfacet
  facet normal 0.620727 0.784026 -0
    outer loop
      vertex 57.7436 -11.7737 -1
      vertex 57.6615 -11.7087 1
      vertex 57.7436 -11.7737 1
    endloop
  endfacet
  facet normal 0.620727 0.784026 0
    outer loop
      vertex 57.6615 -11.7087 1
      vertex 57.7436 -11.7737 -1
      vertex 57.6615 -11.7087 -1
    endloop
  endfacet
  facet normal -0.796549 -0.604575 0
    outer loop
      vertex 54.1908 -15.2529 -1
      vertex 54.1275 -15.1695 1
      vertex 54.1275 -15.1695 -1
    endloop
  endfacet
  facet normal -0.796549 -0.604575 0
    outer loop
      vertex 54.1275 -15.1695 1
      vertex 54.1908 -15.2529 -1
      vertex 54.1908 -15.2529 1
    endloop
  endfacet
  facet normal -0.248375 0.968664 0
    outer loop
      vertex 55.5791 -11.2661 -1
      vertex 55.4777 -11.2921 1
      vertex 55.5791 -11.2661 1
    endloop
  endfacet
  facet normal -0.248375 0.968664 0
    outer loop
      vertex 55.4777 -11.2921 1
      vertex 55.5791 -11.2661 -1
      vertex 55.4777 -11.2921 -1
    endloop
  endfacet
  facet normal 0.407025 -0.913417 0
    outer loop
      vertex 57.1188 -16.0047 -1
      vertex 57.2144 -15.9621 1
      vertex 57.1188 -16.0047 1
    endloop
  endfacet
  facet normal 0.407025 -0.913417 0
    outer loop
      vertex 57.2144 -15.9621 1
      vertex 57.1188 -16.0047 -1
      vertex 57.2144 -15.9621 -1
    endloop
  endfacet
  facet normal -0.328521 0.944497 0
    outer loop
      vertex 55.3775 -11.3224 -1
      vertex 55.2786 -11.3568 1
      vertex 55.3775 -11.3224 1
    endloop
  endfacet
  facet normal -0.328521 0.944497 0
    outer loop
      vertex 55.2786 -11.3568 1
      vertex 55.3775 -11.3224 -1
      vertex 55.2786 -11.3568 -1
    endloop
  endfacet
  facet normal -0.684322 0.72918 0
    outer loop
      vertex 54.4772 -11.8421 -1
      vertex 54.4008 -11.9138 1
      vertex 54.4772 -11.8421 1
    endloop
  endfacet
  facet normal -0.684322 0.72918 0
    outer loop
      vertex 54.4008 -11.9138 1
      vertex 54.4772 -11.8421 -1
      vertex 54.4008 -11.9138 -1
    endloop
  endfacet
  facet normal -0.125092 -0.992145 0
    outer loop
      vertex 55.7848 -16.1732 -1
      vertex 55.8887 -16.1863 1
      vertex 55.7848 -16.1732 1
    endloop
  endfacet
  facet normal -0.125092 -0.992145 -0
    outer loop
      vertex 55.8887 -16.1863 1
      vertex 55.7848 -16.1732 -1
      vertex 55.8887 -16.1863 -1
    endloop
  endfacet
  facet normal 0.518281 -0.855211 0
    outer loop
      vertex 57.4 -15.8651 -1
      vertex 57.4896 -15.8108 1
      vertex 57.4 -15.8651 1
    endloop
  endfacet
  facet normal 0.518281 -0.855211 0
    outer loop
      vertex 57.4896 -15.8108 1
      vertex 57.4 -15.8651 -1
      vertex 57.4896 -15.8108 -1
    endloop
  endfacet
  facet normal 0.684322 -0.72918 0
    outer loop
      vertex 57.8228 -15.5579 -1
      vertex 57.8992 -15.4862 1
      vertex 57.8228 -15.5579 1
    endloop
  endfacet
  facet normal 0.684322 -0.72918 0
    outer loop
      vertex 57.8992 -15.4862 1
      vertex 57.8228 -15.5579 -1
      vertex 57.8992 -15.4862 -1
    endloop
  endfacet
  facet normal 0.742914 0.669387 0
    outer loop
      vertex 58.0425 -12.0664 1
      vertex 57.9724 -11.9886 -1
      vertex 57.9724 -11.9886 1
    endloop
  endfacet
  facet normal 0.742914 0.669387 0
    outer loop
      vertex 57.9724 -11.9886 -1
      vertex 58.0425 -12.0664 1
      vertex 58.0425 -12.0664 -1
    endloop
  endfacet
  facet normal 0.367601 -0.929983 0
    outer loop
      vertex 57.0214 -16.0432 -1
      vertex 57.1188 -16.0047 1
      vertex 57.0214 -16.0432 1
    endloop
  endfacet
  facet normal 0.367601 -0.929983 0
    outer loop
      vertex 57.1188 -16.0047 1
      vertex 57.0214 -16.0432 -1
      vertex 57.1188 -16.0047 -1
    endloop
  endfacet
  facet normal 0.714709 -0.699422 0
    outer loop
      vertex 57.8992 -15.4862 1
      vertex 57.9724 -15.4114 -1
      vertex 57.9724 -15.4114 1
    endloop
  endfacet
  facet normal 0.714709 -0.699422 0
    outer loop
      vertex 57.9724 -15.4114 -1
      vertex 57.8992 -15.4862 1
      vertex 57.8992 -15.4862 -1
    endloop
  endfacet
  facet normal 0.886261 0.463186 0
    outer loop
      vertex 58.3893 -12.5884 1
      vertex 58.3408 -12.4956 -1
      vertex 58.3408 -12.4956 1
    endloop
  endfacet
  facet normal 0.886261 0.463186 0
    outer loop
      vertex 58.3408 -12.4956 -1
      vertex 58.3893 -12.5884 1
      vertex 58.3893 -12.5884 -1
    endloop
  endfacet
  facet normal -0.714709 0.699422 0
    outer loop
      vertex 54.3276 -11.9886 -1
      vertex 54.4008 -11.9138 1
      vertex 54.4008 -11.9138 -1
    endloop
  endfacet
  facet normal -0.714709 0.699422 0
    outer loop
      vertex 54.4008 -11.9138 1
      vertex 54.3276 -11.9886 -1
      vertex 54.3276 -11.9886 1
    endloop
  endfacet
  facet normal 0.125092 0.992145 -0
    outer loop
      vertex 56.5152 -11.2268 -1
      vertex 56.4113 -11.2137 1
      vertex 56.5152 -11.2268 1
    endloop
  endfacet
  facet normal 0.125092 0.992145 0
    outer loop
      vertex 56.4113 -11.2137 1
      vertex 56.5152 -11.2268 -1
      vertex 56.4113 -11.2137 -1
    endloop
  endfacet
  facet normal -0.982339 0.187112 0
    outer loop
      vertex 53.685 -13.2831 -1
      vertex 53.7046 -13.1802 1
      vertex 53.7046 -13.1802 -1
    endloop
  endfacet
  facet normal -0.982339 0.187112 0
    outer loop
      vertex 53.7046 -13.1802 1
      vertex 53.685 -13.2831 -1
      vertex 53.685 -13.2831 1
    endloop
  endfacet
  facet normal -0.0840733 -0.99646 0
    outer loop
      vertex 55.8887 -16.1863 -1
      vertex 55.993 -16.1951 1
      vertex 55.8887 -16.1863 1
    endloop
  endfacet
  facet normal -0.0840733 -0.99646 -0
    outer loop
      vertex 55.993 -16.1951 1
      vertex 55.8887 -16.1863 -1
      vertex 55.993 -16.1951 -1
    endloop
  endfacet
  facet normal 0.407025 0.913417 -0
    outer loop
      vertex 57.2144 -11.4379 -1
      vertex 57.1188 -11.3953 1
      vertex 57.2144 -11.4379 1
    endloop
  endfacet
  facet normal 0.407025 0.913417 0
    outer loop
      vertex 57.1188 -11.3953 1
      vertex 57.2144 -11.4379 -1
      vertex 57.1188 -11.3953 -1
    endloop
  endfacet
  facet normal -0.963093 0.26917 0
    outer loop
      vertex 53.7285 -13.0783 -1
      vertex 53.7567 -12.9774 1
      vertex 53.7567 -12.9774 -1
    endloop
  endfacet
  facet normal -0.963093 0.26917 0
    outer loop
      vertex 53.7567 -12.9774 1
      vertex 53.7285 -13.0783 -1
      vertex 53.7285 -13.0783 1
    endloop
  endfacet
  facet normal 0.620727 -0.784026 0
    outer loop
      vertex 57.6615 -15.6913 -1
      vertex 57.7436 -15.6263 1
      vertex 57.6615 -15.6913 1
    endloop
  endfacet
  facet normal 0.620727 -0.784026 0
    outer loop
      vertex 57.7436 -15.6263 1
      vertex 57.6615 -15.6913 -1
      vertex 57.7436 -15.6263 -1
    endloop
  endfacet
  facet normal -0.796549 0.604575 0
    outer loop
      vertex 54.1275 -12.2305 -1
      vertex 54.1908 -12.1471 1
      vertex 54.1908 -12.1471 -1
    endloop
  endfacet
  facet normal -0.796549 0.604575 0
    outer loop
      vertex 54.1908 -12.1471 1
      vertex 54.1275 -12.2305 -1
      vertex 54.1275 -12.2305 1
    endloop
  endfacet
  facet normal 0.684322 0.72918 -0
    outer loop
      vertex 57.8992 -11.9138 -1
      vertex 57.8228 -11.8421 1
      vertex 57.8992 -11.9138 1
    endloop
  endfacet
  facet normal 0.684322 0.72918 0
    outer loop
      vertex 57.8228 -11.8421 1
      vertex 57.8992 -11.9138 -1
      vertex 57.8228 -11.8421 -1
    endloop
  endfacet
  facet normal 0.97358 0.228347 0
    outer loop
      vertex 58.5954 -13.1802 1
      vertex 58.5715 -13.0783 -1
      vertex 58.5715 -13.0783 1
    endloop
  endfacet
  facet normal 0.97358 0.228347 0
    outer loop
      vertex 58.5715 -13.0783 -1
      vertex 58.5954 -13.1802 1
      vertex 58.5954 -13.1802 -1
    endloop
  endfacet
  facet normal -0.97358 0.228347 0
    outer loop
      vertex 53.7046 -13.1802 -1
      vertex 53.7285 -13.0783 1
      vertex 53.7285 -13.0783 -1
    endloop
  endfacet
  facet normal -0.97358 0.228347 0
    outer loop
      vertex 53.7285 -13.0783 1
      vertex 53.7046 -13.1802 -1
      vertex 53.7046 -13.1802 1
    endloop
  endfacet
  facet normal 0.367601 0.929983 -0
    outer loop
      vertex 57.1188 -11.3953 -1
      vertex 57.0214 -11.3568 1
      vertex 57.1188 -11.3953 1
    endloop
  endfacet
  facet normal 0.367601 0.929983 0
    outer loop
      vertex 57.0214 -11.3568 1
      vertex 57.1188 -11.3953 -1
      vertex 57.0214 -11.3568 -1
    endloop
  endfacet
  facet normal 0.208224 0.978081 -0
    outer loop
      vertex 56.7209 -11.2661 -1
      vertex 56.6185 -11.2443 1
      vertex 56.7209 -11.2661 1
    endloop
  endfacet
  facet normal 0.208224 0.978081 0
    outer loop
      vertex 56.6185 -11.2443 1
      vertex 56.7209 -11.2661 -1
      vertex 56.6185 -11.2443 -1
    endloop
  endfacet
  facet normal 0.518281 0.855211 -0
    outer loop
      vertex 57.4896 -11.5892 -1
      vertex 57.4 -11.5349 1
      vertex 57.4896 -11.5892 1
    endloop
  endfacet
  facet normal 0.518281 0.855211 0
    outer loop
      vertex 57.4 -11.5349 1
      vertex 57.4896 -11.5892 -1
      vertex 57.4 -11.5349 -1
    endloop
  endfacet
  facet normal -0.65362 0.756823 0
    outer loop
      vertex 54.5564 -11.7737 -1
      vertex 54.4772 -11.8421 1
      vertex 54.5564 -11.7737 1
    endloop
  endfacet
  facet normal -0.65362 0.756823 0
    outer loop
      vertex 54.4772 -11.8421 1
      vertex 54.5564 -11.7737 -1
      vertex 54.4772 -11.8421 -1
    endloop
  endfacet
  facet normal -0.620727 0.784026 0
    outer loop
      vertex 54.6385 -11.7087 -1
      vertex 54.5564 -11.7737 1
      vertex 54.6385 -11.7087 1
    endloop
  endfacet
  facet normal -0.620727 0.784026 0
    outer loop
      vertex 54.5564 -11.7737 1
      vertex 54.6385 -11.7087 -1
      vertex 54.5564 -11.7737 -1
    endloop
  endfacet
  facet normal -0.248375 -0.968664 0
    outer loop
      vertex 55.4777 -16.1079 -1
      vertex 55.5791 -16.1339 1
      vertex 55.4777 -16.1079 1
    endloop
  endfacet
  facet normal -0.248375 -0.968664 -0
    outer loop
      vertex 55.5791 -16.1339 1
      vertex 55.4777 -16.1079 -1
      vertex 55.5791 -16.1339 -1
    endloop
  endfacet
  facet normal -0.904862 0.425705 0
    outer loop
      vertex 53.8661 -12.6832 -1
      vertex 53.9107 -12.5884 1
      vertex 53.9107 -12.5884 -1
    endloop
  endfacet
  facet normal -0.904862 0.425705 0
    outer loop
      vertex 53.9107 -12.5884 1
      vertex 53.8661 -12.6832 -1
      vertex 53.8661 -12.6832 1
    endloop
  endfacet
  facet normal 0.770799 0.637079 0
    outer loop
      vertex 58.1092 -12.1471 1
      vertex 58.0425 -12.0664 -1
      vertex 58.0425 -12.0664 1
    endloop
  endfacet
  facet normal 0.770799 0.637079 0
    outer loop
      vertex 58.0425 -12.0664 -1
      vertex 58.1092 -12.1471 1
      vertex 58.1092 -12.1471 -1
    endloop
  endfacet
  facet normal 0 0 -1
    outer loop
      vertex 58.6478 -13.8047 -1
      vertex 58.6478 -13.5953 -1
      vertex 58.65 -13.7 -1
    endloop
  endfacet
  facet normal 0 0 -1
    outer loop
      vertex 58.6412 -13.9092 -1
      vertex 58.6478 -13.5953 -1
      vertex 58.6478 -13.8047 -1
    endloop
  endfacet
  facet normal 0 0 -1
    outer loop
      vertex 58.6412 -13.9092 -1
      vertex 58.6412 -13.4908 -1
      vertex 58.6478 -13.5953 -1
    endloop
  endfacet
  facet normal 0 0 -1
    outer loop
      vertex 58.6303 -14.0133 -1
      vertex 58.6412 -13.4908 -1
      vertex 58.6412 -13.9092 -1
    endloop
  endfacet
  facet normal 0 0 -1
    outer loop
      vertex 58.6303 -14.0133 -1
      vertex 58.6303 -13.3867 -1
      vertex 58.6412 -13.4908 -1
    endloop
  endfacet
  facet normal 0 0 -1
    outer loop
      vertex 58.615 -14.1169 -1
      vertex 58.6303 -13.3867 -1
      vertex 58.6303 -14.0133 -1
    endloop
  endfacet
  facet normal 0 0 -1
    outer loop
      vertex 58.615 -14.1169 -1
      vertex 58.615 -13.2831 -1
      vertex 58.6303 -13.3867 -1
    endloop
  endfacet
  facet normal 0 0 -1
    outer loop
      vertex 58.5954 -14.2198 -1
      vertex 58.615 -13.2831 -1
      vertex 58.615 -14.1169 -1
    endloop
  endfacet
  facet normal 0 0 -1
    outer loop
      vertex 58.5954 -14.2198 -1
      vertex 58.5954 -13.1802 -1
      vertex 58.615 -13.2831 -1
    endloop
  endfacet
  facet normal 0 0 -1
    outer loop
      vertex 58.5715 -14.3217 -1
      vertex 58.5954 -13.1802 -1
      vertex 58.5954 -14.2198 -1
    endloop
  endfacet
  facet normal 0 0 -1
    outer loop
      vertex 58.5715 -14.3217 -1
      vertex 58.5715 -13.0783 -1
      vertex 58.5954 -13.1802 -1
    endloop
  endfacet
  facet normal 0 0 -1
    outer loop
      vertex 58.5433 -14.4226 -1
      vertex 58.5715 -13.0783 -1
      vertex 58.5715 -14.3217 -1
    endloop
  endfacet
  facet normal 0 0 -1
    outer loop
      vertex 58.5433 -14.4226 -1
      vertex 58.5433 -12.9774 -1
      vertex 58.5715 -13.0783 -1
    endloop
  endfacet
  facet normal 0 0 -1
    outer loop
      vertex 58.5109 -14.5222 -1
      vertex 58.5433 -12.9774 -1
      vertex 58.5433 -14.4226 -1
    endloop
  endfacet
  facet normal 0 0 -1
    outer loop
      vertex 58.5109 -14.5222 -1
      vertex 58.5109 -12.8778 -1
      vertex 58.5433 -12.9774 -1
    endloop
  endfacet
  facet normal 0 0 -1
    outer loop
      vertex 58.4744 -14.6203 -1
      vertex 58.5109 -12.8778 -1
      vertex 58.5109 -14.5222 -1
    endloop
  endfacet
  facet normal 0 0 -1
    outer loop
      vertex 58.4744 -14.6203 -1
      vertex 58.4744 -12.7797 -1
      vertex 58.5109 -12.8778 -1
    endloop
  endfacet
  facet normal 0 0 -1
    outer loop
      vertex 58.4339 -14.7168 -1
      vertex 58.4744 -12.7797 -1
      vertex 58.4744 -14.6203 -1
    endloop
  endfacet
  facet normal 0 0 -1
    outer loop
      vertex 58.4339 -14.7168 -1
      vertex 58.4339 -12.6832 -1
      vertex 58.4744 -12.7797 -1
    endloop
  endfacet
  facet normal 0 0 -1
    outer loop
      vertex 58.3893 -14.8116 -1
      vertex 58.4339 -12.6832 -1
      vertex 58.4339 -14.7168 -1
    endloop
  endfacet
  facet normal 0 0 -1
    outer loop
      vertex 58.3893 -14.8116 -1
      vertex 58.3893 -12.5884 -1
      vertex 58.4339 -12.6832 -1
    endloop
  endfacet
  facet normal 0 0 -1
    outer loop
      vertex 58.3408 -14.9044 -1
      vertex 58.3893 -12.5884 -1
      vertex 58.3893 -14.8116 -1
    endloop
  endfacet
  facet normal 0 0 -1
    outer loop
      vertex 58.3408 -14.9044 -1
      vertex 58.3408 -12.4956 -1
      vertex 58.3893 -12.5884 -1
    endloop
  endfacet
  facet normal 0 0 -1
    outer loop
      vertex 58.2884 -14.9951 -1
      vertex 58.3408 -12.4956 -1
      vertex 58.3408 -14.9044 -1
    endloop
  endfacet
  facet normal 0 0 -1
    outer loop
      vertex 58.2884 -14.9951 -1
      vertex 58.2884 -12.4049 -1
      vertex 58.3408 -12.4956 -1
    endloop
  endfacet
  facet normal 0 0 -1
    outer loop
      vertex 58.2323 -15.0835 -1
      vertex 58.2884 -12.4049 -1
      vertex 58.2884 -14.9951 -1
    endloop
  endfacet
  facet normal 0 0 -1
    outer loop
      vertex 58.2323 -15.0835 -1
      vertex 58.2323 -12.3165 -1
      vertex 58.2884 -12.4049 -1
    endloop
  endfacet
  facet normal 0 0 -1
    outer loop
      vertex 58.1725 -15.1695 -1
      vertex 58.2323 -12.3165 -1
      vertex 58.2323 -15.0835 -1
    endloop
  endfacet
  facet normal 0 0 -1
    outer loop
      vertex 58.1725 -15.1695 -1
      vertex 58.1725 -12.2305 -1
      vertex 58.2323 -12.3165 -1
    endloop
  endfacet
  facet normal 0 0 -1
    outer loop
      vertex 58.1092 -15.2529 -1
      vertex 58.1725 -12.2305 -1
      vertex 58.1725 -15.1695 -1
    endloop
  endfacet
  facet normal 0 0 -1
    outer loop
      vertex 58.1092 -15.2529 -1
      vertex 58.1092 -12.1471 -1
      vertex 58.1725 -12.2305 -1
    endloop
  endfacet
  facet normal 0 0 -1
    outer loop
      vertex 58.0425 -15.3336 -1
      vertex 58.1092 -12.1471 -1
      vertex 58.1092 -15.2529 -1
    endloop
  endfacet
  facet normal 0 0 -1
    outer loop
      vertex 58.0425 -15.3336 -1
      vertex 58.0425 -12.0664 -1
      vertex 58.1092 -12.1471 -1
    endloop
  endfacet
  facet normal 0 0 -1
    outer loop
      vertex 57.9724 -15.4114 -1
      vertex 58.0425 -12.0664 -1
      vertex 58.0425 -15.3336 -1
    endloop
  endfacet
  facet normal 0 0 -1
    outer loop
      vertex 57.9724 -15.4114 -1
      vertex 57.9724 -11.9886 -1
      vertex 58.0425 -12.0664 -1
    endloop
  endfacet
  facet normal 0 0 -1
    outer loop
      vertex 57.8992 -15.4862 -1
      vertex 57.9724 -11.9886 -1
      vertex 57.9724 -15.4114 -1
    endloop
  endfacet
  facet normal 0 0 -1
    outer loop
      vertex 57.8992 -15.4862 -1
      vertex 57.8992 -11.9138 -1
      vertex 57.9724 -11.9886 -1
    endloop
  endfacet
  facet normal 0 0 -1
    outer loop
      vertex 57.8228 -15.5579 -1
      vertex 57.8992 -11.9138 -1
      vertex 57.8992 -15.4862 -1
    endloop
  endfacet
  facet normal 0 0 -1
    outer loop
      vertex 57.8228 -15.5579 -1
      vertex 57.8228 -11.8421 -1
      vertex 57.8992 -11.9138 -1
    endloop
  endfacet
  facet normal 0 0 -1
    outer loop
      vertex 57.7436 -15.6263 -1
      vertex 57.8228 -11.8421 -1
      vertex 57.8228 -15.5579 -1
    endloop
  endfacet
  facet normal 0 0 -1
    outer loop
      vertex 57.7436 -15.6263 -1
      vertex 57.7436 -11.7737 -1
      vertex 57.8228 -11.8421 -1
    endloop
  endfacet
  facet normal 0 0 -1
    outer loop
      vertex 57.6615 -15.6913 -1
      vertex 57.7436 -11.7737 -1
      vertex 57.7436 -15.6263 -1
    endloop
  endfacet
  facet normal 0 0 -1
    outer loop
      vertex 57.6615 -15.6913 -1
      vertex 57.6615 -11.7087 -1
      vertex 57.7436 -11.7737 -1
    endloop
  endfacet
  facet normal 0 0 -1
    outer loop
      vertex 57.5768 -15.7529 -1
      vertex 57.6615 -11.7087 -1
      vertex 57.6615 -15.6913 -1
    endloop
  endfacet
  facet normal 0 0 -1
    outer loop
      vertex 57.5768 -15.7529 -1
      vertex 57.5768 -11.6471 -1
      vertex 57.6615 -11.7087 -1
    endloop
  endfacet
  facet normal 0 0 -1
    outer loop
      vertex 57.4896 -15.8108 -1
      vertex 57.5768 -11.6471 -1
      vertex 57.5768 -15.7529 -1
    endloop
  endfacet
  facet normal 0 0 -1
    outer loop
      vertex 57.4896 -15.8108 -1
      vertex 57.4896 -11.5892 -1
      vertex 57.5768 -11.6471 -1
    endloop
  endfacet
  facet normal 0 0 -1
    outer loop
      vertex 57.4 -15.8651 -1
      vertex 57.4896 -11.5892 -1
      vertex 57.4896 -15.8108 -1
    endloop
  endfacet
  facet normal 0 0 -1
    outer loop
      vertex 57.4 -15.8651 -1
      vertex 57.4 -11.5349 -1
      vertex 57.4896 -11.5892 -1
    endloop
  endfacet
  facet normal 0 0 -1
    outer loop
      vertex 57.3082 -15.9155 -1
      vertex 57.4 -11.5349 -1
      vertex 57.4 -15.8651 -1
    endloop
  endfacet
  facet normal 0 0 -1
    outer loop
      vertex 57.3082 -15.9155 -1
      vertex 57.3082 -11.4845 -1
      vertex 57.4 -11.5349 -1
    endloop
  endfacet
  facet normal 0 0 -1
    outer loop
      vertex 57.2144 -15.9621 -1
      vertex 57.3082 -11.4845 -1
      vertex 57.3082 -15.9155 -1
    endloop
  endfacet
  facet normal 0 0 -1
    outer loop
      vertex 57.2144 -15.9621 -1
      vertex 57.2144 -11.4379 -1
      vertex 57.3082 -11.4845 -1
    endloop
  endfacet
  facet normal 0 0 -1
    outer loop
      vertex 57.1188 -16.0047 -1
      vertex 57.2144 -11.4379 -1
      vertex 57.2144 -15.9621 -1
    endloop
  endfacet
  facet normal 0 0 -1
    outer loop
      vertex 57.1188 -16.0047 -1
      vertex 57.1188 -11.3953 -1
      vertex 57.2144 -11.4379 -1
    endloop
  endfacet
  facet normal 0 0 -1
    outer loop
      vertex 57.0214 -16.0432 -1
      vertex 57.1188 -11.3953 -1
      vertex 57.1188 -16.0047 -1
    endloop
  endfacet
  facet normal 0 0 -1
    outer loop
      vertex 57.0214 -16.0432 -1
      vertex 57.0214 -11.3568 -1
      vertex 57.1188 -11.3953 -1
    endloop
  endfacet
  facet normal 0 0 -1
    outer loop
      vertex 56.9225 -16.0776 -1
      vertex 57.0214 -11.3568 -1
      vertex 57.0214 -16.0432 -1
    endloop
  endfacet
  facet normal 0 0 -1
    outer loop
      vertex 56.9225 -16.0776 -1
      vertex 56.9225 -11.3224 -1
      vertex 57.0214 -11.3568 -1
    endloop
  endfacet
  facet normal 0 0 -1
    outer loop
      vertex 56.8223 -16.1079 -1
      vertex 56.9225 -11.3224 -1
      vertex 56.9225 -16.0776 -1
    endloop
  endfacet
  facet normal 0 0 -1
    outer loop
      vertex 56.8223 -16.1079 -1
      vertex 56.8223 -11.2921 -1
      vertex 56.9225 -11.3224 -1
    endloop
  endfacet
  facet normal 0 0 -1
    outer loop
      vertex 56.7209 -16.1339 -1
      vertex 56.8223 -11.2921 -1
      vertex 56.8223 -16.1079 -1
    endloop
  endfacet
  facet normal 0 0 -1
    outer loop
      vertex 56.7209 -16.1339 -1
      vertex 56.7209 -11.2661 -1
      vertex 56.8223 -11.2921 -1
    endloop
  endfacet
  facet normal 0 0 -1
    outer loop
      vertex 56.6185 -16.1557 -1
      vertex 56.7209 -11.2661 -1
      vertex 56.7209 -16.1339 -1
    endloop
  endfacet
  facet normal 0 0 -1
    outer loop
      vertex 56.6185 -16.1557 -1
      vertex 56.6185 -11.2443 -1
      vertex 56.7209 -11.2661 -1
    endloop
  endfacet
  facet normal 0 0 -1
    outer loop
      vertex 56.5152 -16.1732 -1
      vertex 56.6185 -11.2443 -1
      vertex 56.6185 -16.1557 -1
    endloop
  endfacet
  facet normal 0 0 -1
    outer loop
      vertex 56.5152 -16.1732 -1
      vertex 56.5152 -11.2268 -1
      vertex 56.6185 -11.2443 -1
    endloop
  endfacet
  facet normal 0 0 -1
    outer loop
      vertex 56.4113 -16.1863 -1
      vertex 56.5152 -11.2268 -1
      vertex 56.5152 -16.1732 -1
    endloop
  endfacet
  facet normal 0 0 -1
    outer loop
      vertex 56.4113 -16.1863 -1
      vertex 56.4113 -11.2137 -1
      vertex 56.5152 -11.2268 -1
    endloop
  endfacet
  facet normal 0 0 -1
    outer loop
      vertex 56.307 -16.1951 -1
      vertex 56.4113 -11.2137 -1
      vertex 56.4113 -16.1863 -1
    endloop
  endfacet
  facet normal 0 0 -1
    outer loop
      vertex 56.307 -16.1951 -1
      vertex 56.307 -11.2049 -1
      vertex 56.4113 -11.2137 -1
    endloop
  endfacet
  facet normal 0 0 -1
    outer loop
      vertex 56.2024 -16.1995 -1
      vertex 56.307 -11.2049 -1
      vertex 56.307 -16.1951 -1
    endloop
  endfacet
  facet normal 0 0 -1
    outer loop
      vertex 56.2024 -16.1995 -1
      vertex 56.2024 -11.2005 -1
      vertex 56.307 -11.2049 -1
    endloop
  endfacet
  facet normal 0 0 -1
    outer loop
      vertex 56.0976 -16.1995 -1
      vertex 56.2024 -11.2005 -1
      vertex 56.2024 -16.1995 -1
    endloop
  endfacet
  facet normal 0 0 -1
    outer loop
      vertex 56.0976 -16.1995 -1
      vertex 56.0976 -11.2005 -1
      vertex 56.2024 -11.2005 -1
    endloop
  endfacet
  facet normal 0 0 -1
    outer loop
      vertex 55.993 -16.1951 -1
      vertex 56.0976 -11.2005 -1
      vertex 56.0976 -16.1995 -1
    endloop
  endfacet
  facet normal 0 0 -1
    outer loop
      vertex 55.993 -16.1951 -1
      vertex 55.993 -11.2049 -1
      vertex 56.0976 -11.2005 -1
    endloop
  endfacet
  facet normal 0 0 -1
    outer loop
      vertex 55.8887 -16.1863 -1
      vertex 55.993 -11.2049 -1
      vertex 55.993 -16.1951 -1
    endloop
  endfacet
  facet normal 0 0 -1
    outer loop
      vertex 55.8887 -16.1863 -1
      vertex 55.8887 -11.2137 -1
      vertex 55.993 -11.2049 -1
    endloop
  endfacet
  facet normal 0 0 -1
    outer loop
      vertex 55.7848 -16.1732 -1
      vertex 55.8887 -11.2137 -1
      vertex 55.8887 -16.1863 -1
    endloop
  endfacet
  facet normal 0 0 -1
    outer loop
      vertex 55.7848 -16.1732 -1
      vertex 55.7848 -11.2268 -1
      vertex 55.8887 -11.2137 -1
    endloop
  endfacet
  facet normal 0 0 -1
    outer loop
      vertex 55.6815 -16.1557 -1
      vertex 55.7848 -11.2268 -1
      vertex 55.7848 -16.1732 -1
    endloop
  endfacet
  facet normal 0 0 -1
    outer loop
      vertex 55.6815 -16.1557 -1
      vertex 55.6815 -11.2443 -1
      vertex 55.7848 -11.2268 -1
    endloop
  endfacet
  facet normal 0 0 -1
    outer loop
      vertex 55.5791 -16.1339 -1
      vertex 55.6815 -11.2443 -1
      vertex 55.6815 -16.1557 -1
    endloop
  endfacet
  facet normal 0 0 -1
    outer loop
      vertex 55.5791 -16.1339 -1
      vertex 55.5791 -11.2661 -1
      vertex 55.6815 -11.2443 -1
    endloop
  endfacet
  facet normal 0 0 -1
    outer loop
      vertex 55.4777 -16.1079 -1
      vertex 55.5791 -11.2661 -1
      vertex 55.5791 -16.1339 -1
    endloop
  endfacet
  facet normal 0 0 -1
    outer loop
      vertex 55.4777 -16.1079 -1
      vertex 55.4777 -11.2921 -1
      vertex 55.5791 -11.2661 -1
    endloop
  endfacet
  facet normal 0 0 -1
    outer loop
      vertex 55.3775 -16.0776 -1
      vertex 55.4777 -11.2921 -1
      vertex 55.4777 -16.1079 -1
    endloop
  endfacet
  facet normal 0 0 -1
    outer loop
      vertex 55.3775 -16.0776 -1
      vertex 55.3775 -11.3224 -1
      vertex 55.4777 -11.2921 -1
    endloop
  endfacet
  facet normal 0 0 -1
    outer loop
      vertex 55.2786 -16.0432 -1
      vertex 55.3775 -11.3224 -1
      vertex 55.3775 -16.0776 -1
    endloop
  endfacet
  facet normal 0 0 -1
    outer loop
      vertex 55.2786 -16.0432 -1
      vertex 55.2786 -11.3568 -1
      vertex 55.3775 -11.3224 -1
    endloop
  endfacet
  facet normal 0 0 -1
    outer loop
      vertex 55.1812 -16.0047 -1
      vertex 55.2786 -11.3568 -1
      vertex 55.2786 -16.0432 -1
    endloop
  endfacet
  facet normal 0 0 -1
    outer loop
      vertex 55.1812 -16.0047 -1
      vertex 55.1812 -11.3953 -1
      vertex 55.2786 -11.3568 -1
    endloop
  endfacet
  facet normal 0 0 -1
    outer loop
      vertex 55.0856 -15.9621 -1
      vertex 55.1812 -11.3953 -1
      vertex 55.1812 -16.0047 -1
    endloop
  endfacet
  facet normal 0 0 -1
    outer loop
      vertex 55.0856 -15.9621 -1
      vertex 55.0856 -11.4379 -1
      vertex 55.1812 -11.3953 -1
    endloop
  endfacet
  facet normal 0 0 -1
    outer loop
      vertex 54.9918 -15.9155 -1
      vertex 55.0856 -11.4379 -1
      vertex 55.0856 -15.9621 -1
    endloop
  endfacet
  facet normal 0 0 -1
    outer loop
      vertex 54.9918 -15.9155 -1
      vertex 54.9918 -11.4845 -1
      vertex 55.0856 -11.4379 -1
    endloop
  endfacet
  facet normal 0 0 -1
    outer loop
      vertex 54.9 -15.8651 -1
      vertex 54.9918 -11.4845 -1
      vertex 54.9918 -15.9155 -1
    endloop
  endfacet
  facet normal 0 0 -1
    outer loop
      vertex 54.9 -15.8651 -1
      vertex 54.9 -11.5349 -1
      vertex 54.9918 -11.4845 -1
    endloop
  endfacet
  facet normal 0 0 -1
    outer loop
      vertex 54.8104 -15.8108 -1
      vertex 54.9 -11.5349 -1
      vertex 54.9 -15.8651 -1
    endloop
  endfacet
  facet normal 0 0 -1
    outer loop
      vertex 54.8104 -15.8108 -1
      vertex 54.8104 -11.5892 -1
      vertex 54.9 -11.5349 -1
    endloop
  endfacet
  facet normal 0 0 -1
    outer loop
      vertex 54.7232 -15.7529 -1
      vertex 54.8104 -11.5892 -1
      vertex 54.8104 -15.8108 -1
    endloop
  endfacet
  facet normal 0 0 -1
    outer loop
      vertex 54.7232 -15.7529 -1
      vertex 54.7232 -11.6471 -1
      vertex 54.8104 -11.5892 -1
    endloop
  endfacet
  facet normal 0 0 -1
    outer loop
      vertex 54.6385 -15.6913 -1
      vertex 54.7232 -11.6471 -1
      vertex 54.7232 -15.7529 -1
    endloop
  endfacet
  facet normal 0 0 -1
    outer loop
      vertex 54.6385 -15.6913 -1
      vertex 54.6385 -11.7087 -1
      vertex 54.7232 -11.6471 -1
    endloop
  endfacet
  facet normal 0 0 -1
    outer loop
      vertex 54.5564 -15.6263 -1
      vertex 54.6385 -11.7087 -1
      vertex 54.6385 -15.6913 -1
    endloop
  endfacet
  facet normal 0 0 -1
    outer loop
      vertex 54.5564 -15.6263 -1
      vertex 54.5564 -11.7737 -1
      vertex 54.6385 -11.7087 -1
    endloop
  endfacet
  facet normal 0 0 -1
    outer loop
      vertex 54.4772 -15.5579 -1
      vertex 54.5564 -11.7737 -1
      vertex 54.5564 -15.6263 -1
    endloop
  endfacet
  facet normal 0 0 -1
    outer loop
      vertex 54.4772 -15.5579 -1
      vertex 54.4772 -11.8421 -1
      vertex 54.5564 -11.7737 -1
    endloop
  endfacet
  facet normal 0 0 -1
    outer loop
      vertex 54.4008 -15.4862 -1
      vertex 54.4772 -11.8421 -1
      vertex 54.4772 -15.5579 -1
    endloop
  endfacet
  facet normal 0 0 -1
    outer loop
      vertex 54.4008 -15.4862 -1
      vertex 54.4008 -11.9138 -1
      vertex 54.4772 -11.8421 -1
    endloop
  endfacet
  facet normal 0 0 -1
    outer loop
      vertex 54.3276 -15.4114 -1
      vertex 54.4008 -11.9138 -1
      vertex 54.4008 -15.4862 -1
    endloop
  endfacet
  facet normal 0 0 -1
    outer loop
      vertex 54.3276 -15.4114 -1
      vertex 54.3276 -11.9886 -1
      vertex 54.4008 -11.9138 -1
    endloop
  endfacet
  facet normal 0 0 -1
    outer loop
      vertex 54.2575 -15.3336 -1
      vertex 54.3276 -11.9886 -1
      vertex 54.3276 -15.4114 -1
    endloop
  endfacet
  facet normal 0 0 -1
    outer loop
      vertex 54.2575 -15.3336 -1
      vertex 54.2575 -12.0664 -1
      vertex 54.3276 -11.9886 -1
    endloop
  endfacet
  facet normal 0 0 -1
    outer loop
      vertex 54.1908 -15.2529 -1
      vertex 54.2575 -12.0664 -1
      vertex 54.2575 -15.3336 -1
    endloop
  endfacet
  facet normal 0 0 -1
    outer loop
      vertex 54.1908 -15.2529 -1
      vertex 54.1908 -12.1471 -1
      vertex 54.2575 -12.0664 -1
    endloop
  endfacet
  facet normal 0 0 -1
    outer loop
      vertex 54.1275 -15.1695 -1
      vertex 54.1908 -12.1471 -1
      vertex 54.1908 -15.2529 -1
    endloop
  endfacet
  facet normal 0 0 -1
    outer loop
      vertex 54.1275 -15.1695 -1
      vertex 54.1275 -12.2305 -1
      vertex 54.1908 -12.1471 -1
    endloop
  endfacet
  facet normal 0 0 -1
    outer loop
      vertex 54.0677 -15.0835 -1
      vertex 54.1275 -12.2305 -1
      vertex 54.1275 -15.1695 -1
    endloop
  endfacet
  facet normal 0 0 -1
    outer loop
      vertex 54.0677 -15.0835 -1
      vertex 54.0677 -12.3165 -1
      vertex 54.1275 -12.2305 -1
    endloop
  endfacet
  facet normal 0 0 -1
    outer loop
      vertex 54.0116 -14.9951 -1
      vertex 54.0677 -12.3165 -1
      vertex 54.0677 -15.0835 -1
    endloop
  endfacet
  facet normal 0 0 -1
    outer loop
      vertex 54.0116 -14.9951 -1
      vertex 54.0116 -12.4049 -1
      vertex 54.0677 -12.3165 -1
    endloop
  endfacet
  facet normal 0 0 -1
    outer loop
      vertex 53.9592 -14.9044 -1
      vertex 54.0116 -12.4049 -1
      vertex 54.0116 -14.9951 -1
    endloop
  endfacet
  facet normal 0 0 -1
    outer loop
      vertex 53.9592 -14.9044 -1
      vertex 53.9592 -12.4956 -1
      vertex 54.0116 -12.4049 -1
    endloop
  endfacet
  facet normal 0 0 -1
    outer loop
      vertex 53.9107 -14.8116 -1
      vertex 53.9592 -12.4956 -1
      vertex 53.9592 -14.9044 -1
    endloop
  endfacet
  facet normal 0 0 -1
    outer loop
      vertex 53.9107 -14.8116 -1
      vertex 53.9107 -12.5884 -1
      vertex 53.9592 -12.4956 -1
    endloop
  endfacet
  facet normal 0 0 -1
    outer loop
      vertex 53.8661 -14.7168 -1
      vertex 53.9107 -12.5884 -1
      vertex 53.9107 -14.8116 -1
    endloop
  endfacet
  facet normal 0 0 -1
    outer loop
      vertex 53.8661 -14.7168 -1
      vertex 53.8661 -12.6832 -1
      vertex 53.9107 -12.5884 -1
    endloop
  endfacet
  facet normal 0 0 -1
    outer loop
      vertex 53.8256 -14.6203 -1
      vertex 53.8661 -12.6832 -1
      vertex 53.8661 -14.7168 -1
    endloop
  endfacet
  facet normal 0 0 -1
    outer loop
      vertex 53.8256 -14.6203 -1
      vertex 53.8256 -12.7797 -1
      vertex 53.8661 -12.6832 -1
    endloop
  endfacet
  facet normal 0 0 -1
    outer loop
      vertex 53.7891 -14.5222 -1
      vertex 53.8256 -12.7797 -1
      vertex 53.8256 -14.6203 -1
    endloop
  endfacet
  facet normal 0 0 -1
    outer loop
      vertex 53.7891 -14.5222 -1
      vertex 53.7891 -12.8778 -1
      vertex 53.8256 -12.7797 -1
    endloop
  endfacet
  facet normal 0 0 -1
    outer loop
      vertex 53.7567 -14.4226 -1
      vertex 53.7891 -12.8778 -1
      vertex 53.7891 -14.5222 -1
    endloop
  endfacet
  facet normal 0 0 -1
    outer loop
      vertex 53.7567 -14.4226 -1
      vertex 53.7567 -12.9774 -1
      vertex 53.7891 -12.8778 -1
    endloop
  endfacet
  facet normal 0 0 -1
    outer loop
      vertex 53.7285 -14.3217 -1
      vertex 53.7567 -12.9774 -1
      vertex 53.7567 -14.4226 -1
    endloop
  endfacet
  facet normal 0 0 -1
    outer loop
      vertex 53.7285 -14.3217 -1
      vertex 53.7285 -13.0783 -1
      vertex 53.7567 -12.9774 -1
    endloop
  endfacet
  facet normal 0 0 -1
    outer loop
      vertex 53.7046 -14.2198 -1
      vertex 53.7285 -13.0783 -1
      vertex 53.7285 -14.3217 -1
    endloop
  endfacet
  facet normal 0 0 -1
    outer loop
      vertex 53.7046 -14.2198 -1
      vertex 53.7046 -13.1802 -1
      vertex 53.7285 -13.0783 -1
    endloop
  endfacet
  facet normal 0 0 -1
    outer loop
      vertex 53.685 -14.1169 -1
      vertex 53.7046 -13.1802 -1
      vertex 53.7046 -14.2198 -1
    endloop
  endfacet
  facet normal 0 0 -1
    outer loop
      vertex 53.685 -14.1169 -1
      vertex 53.685 -13.2831 -1
      vertex 53.7046 -13.1802 -1
    endloop
  endfacet
  facet normal 0 0 -1
    outer loop
      vertex 53.6697 -14.0133 -1
      vertex 53.685 -13.2831 -1
      vertex 53.685 -14.1169 -1
    endloop
  endfacet
  facet normal 0 0 -1
    outer loop
      vertex 53.6697 -14.0133 -1
      vertex 53.6697 -13.3867 -1
      vertex 53.685 -13.2831 -1
    endloop
  endfacet
  facet normal 0 0 -1
    outer loop
      vertex 53.6588 -13.9092 -1
      vertex 53.6697 -13.3867 -1
      vertex 53.6697 -14.0133 -1
    endloop
  endfacet
  facet normal 0 0 -1
    outer loop
      vertex 53.6588 -13.9092 -1
      vertex 53.6588 -13.4908 -1
      vertex 53.6697 -13.3867 -1
    endloop
  endfacet
  facet normal 0 0 -1
    outer loop
      vertex 53.6522 -13.8047 -1
      vertex 53.6588 -13.4908 -1
      vertex 53.6588 -13.9092 -1
    endloop
  endfacet
  facet normal 0 0 -1
    outer loop
      vertex 53.6522 -13.8047 -1
      vertex 53.6522 -13.5953 -1
      vertex 53.6588 -13.4908 -1
    endloop
  endfacet
  facet normal 0 -0 -1
    outer loop
      vertex 53.6522 -13.5953 -1
      vertex 53.6522 -13.8047 -1
      vertex 53.65 -13.7 -1
    endloop
  endfacet
  facet normal -0.481259 0.876579 0
    outer loop
      vertex 54.9918 -11.4845 -1
      vertex 54.9 -11.5349 1
      vertex 54.9918 -11.4845 1
    endloop
  endfacet
  facet normal -0.481259 0.876579 0
    outer loop
      vertex 54.9 -11.5349 1
      vertex 54.9918 -11.4845 -1
      vertex 54.9 -11.5349 -1
    endloop
  endfacet
  facet normal 0.904862 0.425705 0
    outer loop
      vertex 58.4339 -12.6832 1
      vertex 58.3893 -12.5884 -1
      vertex 58.3893 -12.5884 1
    endloop
  endfacet
  facet normal 0.904862 0.425705 0
    outer loop
      vertex 58.3893 -12.5884 -1
      vertex 58.4339 -12.6832 1
      vertex 58.4339 -12.6832 -1
    endloop
  endfacet
  facet normal -0.553156 0.833078 0
    outer loop
      vertex 54.8104 -11.5892 -1
      vertex 54.7232 -11.6471 1
      vertex 54.8104 -11.5892 1
    endloop
  endfacet
  facet normal -0.553156 0.833078 0
    outer loop
      vertex 54.7232 -11.6471 1
      vertex 54.8104 -11.5892 -1
      vertex 54.7232 -11.6471 -1
    endloop
  endfacet
  facet normal -0.444921 0.89557 0
    outer loop
      vertex 55.0856 -11.4379 -1
      vertex 54.9918 -11.4845 1
      vertex 55.0856 -11.4379 1
    endloop
  endfacet
  facet normal -0.444921 0.89557 0
    outer loop
      vertex 54.9918 -11.4845 1
      vertex 55.0856 -11.4379 -1
      vertex 54.9918 -11.4845 -1
    endloop
  endfacet
  facet normal 0.865883 0.500246 0
    outer loop
      vertex 58.3408 -12.4956 1
      vertex 58.2884 -12.4049 -1
      vertex 58.2884 -12.4049 1
    endloop
  endfacet
  facet normal 0.865883 0.500246 0
    outer loop
      vertex 58.2884 -12.4049 -1
      vertex 58.3408 -12.4956 1
      vertex 58.3408 -12.4956 -1
    endloop
  endfacet
  facet normal 0.714709 0.699422 0
    outer loop
      vertex 57.9724 -11.9886 1
      vertex 57.8992 -11.9138 -1
      vertex 57.8992 -11.9138 1
    endloop
  endfacet
  facet normal 0.714709 0.699422 0
    outer loop
      vertex 57.8992 -11.9138 -1
      vertex 57.9724 -11.9886 1
      vertex 57.9724 -11.9886 -1
    endloop
  endfacet
  facet normal 0.98927 0.146099 0
    outer loop
      vertex 58.6303 -13.3867 1
      vertex 58.615 -13.2831 -1
      vertex 58.615 -13.2831 1
    endloop
  endfacet
  facet normal 0.98927 0.146099 0
    outer loop
      vertex 58.615 -13.2831 -1
      vertex 58.6303 -13.3867 1
      vertex 58.6303 -13.3867 -1
    endloop
  endfacet
endsolid OpenSCAD_Model
