solid OpenSCAD_Model
  facet normal 0 0 -1
    outer loop
      vertex 68.1525 -27.1003 0
      vertex 67.2525 -27.1003 0
      vertex 68.1524 -27.0541 0
    endloop
  endfacet
  facet normal 0 0 -1
    outer loop
      vertex 67.2525 -27.1003 0
      vertex 68.1525 -27.1003 0
      vertex 68.1514 -27.1463 0
    endloop
  endfacet
  facet normal 0 0 -1
    outer loop
      vertex 86.563 8.84177 0
      vertex 87.6 13 0
      vertex 86.6505 7.00507 0
    endloop
  endfacet
  facet normal -0 0 -1
    outer loop
      vertex 87.6 13 0
      vertex 86.563 8.84177 0
      vertex 87 13 0
    endloop
  endfacet
  facet normal -0 0 -1
    outer loop
      vertex 86.6505 7.00507 0
      vertex 85.2709 4.86527 0
      vertex 86.563 8.84177 0
    endloop
  endfacet
  facet normal 0 0 -1
    outer loop
      vertex 83.8949 1.59695 0
      vertex 85.2709 4.86527 0
      vertex 86.6505 7.00507 0
    endloop
  endfacet
  facet normal -0 0 -1
    outer loop
      vertex 83.8949 1.59695 0
      vertex 83.1803 1.2443 0
      vertex 85.2709 4.86527 0
    endloop
  endfacet
  facet normal 0 0 -1
    outer loop
      vertex 83.0657 0.455688 0
      vertex 83.1803 1.2443 0
      vertex 83.8949 1.59695 0
    endloop
  endfacet
  facet normal -0 0 -1
    outer loop
      vertex 83.0657 0.455688 0
      vertex 80.3826 -1.8629 0
      vertex 83.1803 1.2443 0
    endloop
  endfacet
  facet normal 0 0 -1
    outer loop
      vertex 78.7738 -3.83618 0
      vertex 80.3826 -1.8629 0
      vertex 83.0657 0.455688 0
    endloop
  endfacet
  facet normal -0 0 -1
    outer loop
      vertex 78.7738 -3.83618 0
      vertex 77 -4.32051 0
      vertex 80.3826 -1.8629 0
    endloop
  endfacet
  facet normal 0 0 -1
    outer loop
      vertex 73.3657 -6.59175 0
      vertex 77 -4.32051 0
      vertex 78.7738 -3.83618 0
    endloop
  endfacet
  facet normal 0 0 -1
    outer loop
      vertex 73.3657 -6.59175 0
      vertex 73.1803 -6.02113 0
      vertex 77 -4.32051 0
    endloop
  endfacet
  facet normal -0 0 -1
    outer loop
      vertex 73.3657 -6.59175 0
      vertex 69.0906 -6.89044 0
      vertex 73.1803 -6.02113 0
    endloop
  endfacet
  facet normal 0 0 -1
    outer loop
      vertex 68.1524 -7.41747 0
      vertex 69.0906 -6.89044 0
      vertex 73.3657 -6.59175 0
    endloop
  endfacet
  facet normal 0 0 -1
    outer loop
      vertex 67.2514 -27.1463 0
      vertex 68.1514 -27.1463 0
      vertex 68.149 -27.1922 0
    endloop
  endfacet
  facet normal 0 0 -1
    outer loop
      vertex 67.2514 -27.1463 0
      vertex 68.149 -27.1922 0
      vertex 68.1454 -27.238 0
    endloop
  endfacet
  facet normal 0 0 -1
    outer loop
      vertex 67.249 -27.1922 0
      vertex 68.1454 -27.238 0
      vertex 68.1406 -27.2836 0
    endloop
  endfacet
  facet normal 0 0 -1
    outer loop
      vertex 67.249 -27.1922 0
      vertex 68.1406 -27.2836 0
      vertex 68.1345 -27.3289 0
    endloop
  endfacet
  facet normal 0 0 -1
    outer loop
      vertex 67.2454 -27.238 0
      vertex 68.1345 -27.3289 0
      vertex 68.1273 -27.374 0
    endloop
  endfacet
  facet normal 0 0 -1
    outer loop
      vertex 67.2402 -27.3025 0
      vertex 68.1273 -27.374 0
      vertex 68.1188 -27.4189 0
    endloop
  endfacet
  facet normal 0 0 -1
    outer loop
      vertex 67.2402 -27.3025 0
      vertex 68.1188 -27.4189 0
      vertex 68.1091 -27.4635 0
    endloop
  endfacet
  facet normal 0 0 -1
    outer loop
      vertex 67.2382 -27.3212 0
      vertex 68.1091 -27.4635 0
      vertex 68.0983 -27.5078 0
    endloop
  endfacet
  facet normal 0 0 -1
    outer loop
      vertex 67.2321 -27.3665 0
      vertex 68.0983 -27.5078 0
      vertex 68.0863 -27.5518 0
    endloop
  endfacet
  facet normal 0 0 -1
    outer loop
      vertex 67.2321 -27.3665 0
      vertex 68.0863 -27.5518 0
      vertex 68.0731 -27.5955 0
    endloop
  endfacet
  facet normal 0 0 -1
    outer loop
      vertex 67.2249 -27.4116 0
      vertex 68.0731 -27.5955 0
      vertex 68.0587 -27.6388 0
    endloop
  endfacet
  facet normal 0 0 -1
    outer loop
      vertex 67.2249 -27.4116 0
      vertex 68.0587 -27.6388 0
      vertex 68.0432 -27.6818 0
    endloop
  endfacet
  facet normal 0 0 -1
    outer loop
      vertex 67.2164 -27.4565 0
      vertex 68.0432 -27.6818 0
      vertex 68.0265 -27.7243 0
    endloop
  endfacet
  facet normal 0 0 -1
    outer loop
      vertex 67.2094 -27.4935 0
      vertex 68.0265 -27.7243 0
      vertex 68.0087 -27.7664 0
    endloop
  endfacet
  facet normal 0 0 -1
    outer loop
      vertex 68.1524 -7.41747 0
      vertex 68 -6.89044 0
      vertex 69.0906 -6.89044 0
    endloop
  endfacet
  facet normal 0 0 -1
    outer loop
      vertex 68.1524 -27.0541 0
      vertex 67.2524 -27.0541 0
      vertex 68.1524 -7.41747 0
    endloop
  endfacet
  facet normal 0 0 -1
    outer loop
      vertex 67.1997 -27.5381 0
      vertex 68.0087 -27.7664 0
      vertex 67.9898 -27.8082 0
    endloop
  endfacet
  facet normal 0 0 -1
    outer loop
      vertex 67.2524 -6.66 0
      vertex 68.1524 -7.41747 0
      vertex 67.2524 -27.0541 0
    endloop
  endfacet
  facet normal 0 0 -1
    outer loop
      vertex 67.1997 -27.5381 0
      vertex 67.9898 -27.8082 0
      vertex 67.9697 -27.8494 0
    endloop
  endfacet
  facet normal 0 0 -1
    outer loop
      vertex 67.1889 -27.5824 0
      vertex 67.9697 -27.8494 0
      vertex 67.9486 -27.8902 0
    endloop
  endfacet
  facet normal 0 0 -1
    outer loop
      vertex 67.1889 -27.5824 0
      vertex 67.9486 -27.8902 0
      vertex 67.9263 -27.9304 0
    endloop
  endfacet
  facet normal 0 0 -1
    outer loop
      vertex 67.0877 -27.8769 0
      vertex 67.9263 -27.9304 0
      vertex 67.5939 -28.5067 0
    endloop
  endfacet
  facet normal -0 0 -1
    outer loop
      vertex 68.1524 -27.0541 0
      vertex 67.2525 -27.1003 0
      vertex 67.2524 -27.0541 0
    endloop
  endfacet
  facet normal 0 0 -1
    outer loop
      vertex 68.1524 -7.41747 0
      vertex 67.2524 -6.66 0
      vertex 68 -6.89044 0
    endloop
  endfacet
  facet normal 0 0 -1
    outer loop
      vertex 68 -6.89044 0
      vertex 67.2524 -6.66 0
      vertex 68 -6.54159 0
    endloop
  endfacet
  facet normal 0 0 -1
    outer loop
      vertex 86.563 17.1582 0
      vertex 87.6 13 0
      vertex 87 13 0
    endloop
  endfacet
  facet normal 0 0 -1
    outer loop
      vertex 87.6 13 0
      vertex 86.563 17.1582 0
      vertex 86.6505 18.9949 0
    endloop
  endfacet
  facet normal 0 0 -1
    outer loop
      vertex 85.2709 21.1347 0
      vertex 86.6505 18.9949 0
      vertex 86.563 17.1582 0
    endloop
  endfacet
  facet normal 0 0 -1
    outer loop
      vertex 85.2709 21.1347 0
      vertex 83.8949 24.403 0
      vertex 86.6505 18.9949 0
    endloop
  endfacet
  facet normal 0 0 -1
    outer loop
      vertex 83.1803 24.7557 0
      vertex 83.8949 24.403 0
      vertex 85.2709 21.1347 0
    endloop
  endfacet
  facet normal 0 0 -1
    outer loop
      vertex 83.1803 24.7557 0
      vertex 83.0657 25.5443 0
      vertex 83.8949 24.403 0
    endloop
  endfacet
  facet normal 0 0 -1
    outer loop
      vertex 80.3826 27.8629 0
      vertex 83.0657 25.5443 0
      vertex 83.1803 24.7557 0
    endloop
  endfacet
  facet normal 0 0 -1
    outer loop
      vertex 80.3826 27.8629 0
      vertex 78.7738 29.8362 0
      vertex 83.0657 25.5443 0
    endloop
  endfacet
  facet normal 0 0 -1
    outer loop
      vertex 77 30.3205 0
      vertex 78.7738 29.8362 0
      vertex 80.3826 27.8629 0
    endloop
  endfacet
  facet normal 0 0 -1
    outer loop
      vertex 77 30.3205 0
      vertex 73.3657 32.5918 0
      vertex 78.7738 29.8362 0
    endloop
  endfacet
  facet normal 0 0 -1
    outer loop
      vertex 73.1803 32.0211 0
      vertex 73.3657 32.5918 0
      vertex 77 30.3205 0
    endloop
  endfacet
  facet normal 0 0 -1
    outer loop
      vertex 69.0906 32.8904 0
      vertex 73.3657 32.5918 0
      vertex 73.1803 32.0211 0
    endloop
  endfacet
  facet normal 0 0 -1
    outer loop
      vertex 69.0906 32.8904 0
      vertex 67.4663 33.5261 0
      vertex 73.3657 32.5918 0
    endloop
  endfacet
  facet normal 0 0 -1
    outer loop
      vertex 67.4663 33.5261 0
      vertex 69.0906 32.8904 0
      vertex 68 32.8904 0
    endloop
  endfacet
  facet normal 0 0 -1
    outer loop
      vertex 68.1514 -27.1463 0
      vertex 67.2514 -27.1463 0
      vertex 67.2525 -27.1003 0
    endloop
  endfacet
  facet normal 0 0 -1
    outer loop
      vertex 68.1454 -27.238 0
      vertex 67.249 -27.1922 0
      vertex 67.2514 -27.1463 0
    endloop
  endfacet
  facet normal 0 0 -1
    outer loop
      vertex 68.1345 -27.3289 0
      vertex 67.2454 -27.238 0
      vertex 67.249 -27.1922 0
    endloop
  endfacet
  facet normal 0 0 -1
    outer loop
      vertex 68.1273 -27.374 0
      vertex 67.2402 -27.3025 0
      vertex 67.2454 -27.238 0
    endloop
  endfacet
  facet normal 0 0 -1
    outer loop
      vertex 67.2454 -27.238 0
      vertex 67.2402 -27.3025 0
      vertex 67.2406 -27.2836 0
    endloop
  endfacet
  facet normal 0 0 -1
    outer loop
      vertex 68.1091 -27.4635 0
      vertex 67.2382 -27.3212 0
      vertex 67.2402 -27.3025 0
    endloop
  endfacet
  facet normal 0 0 -1
    outer loop
      vertex 68.0983 -27.5078 0
      vertex 67.2321 -27.3665 0
      vertex 67.2382 -27.3212 0
    endloop
  endfacet
  facet normal 0 0 -1
    outer loop
      vertex 68.0731 -27.5955 0
      vertex 67.2249 -27.4116 0
      vertex 67.2321 -27.3665 0
    endloop
  endfacet
  facet normal 0 0 -1
    outer loop
      vertex 68.0432 -27.6818 0
      vertex 67.2164 -27.4565 0
      vertex 67.2249 -27.4116 0
    endloop
  endfacet
  facet normal 0 0 -1
    outer loop
      vertex 68.0265 -27.7243 0
      vertex 67.2094 -27.4935 0
      vertex 67.2164 -27.4565 0
    endloop
  endfacet
  facet normal 0 0 -1
    outer loop
      vertex 68.0087 -27.7664 0
      vertex 67.1997 -27.5381 0
      vertex 67.2094 -27.4935 0
    endloop
  endfacet
  facet normal 0 0 -1
    outer loop
      vertex 67.9697 -27.8494 0
      vertex 67.1889 -27.5824 0
      vertex 67.1997 -27.5381 0
    endloop
  endfacet
  facet normal 0 0 -1
    outer loop
      vertex 67.9263 -27.9304 0
      vertex 67.1768 -27.6264 0
      vertex 67.1889 -27.5824 0
    endloop
  endfacet
  facet normal 0 0 -1
    outer loop
      vertex 67.9263 -27.9304 0
      vertex 67.1636 -27.6701 0
      vertex 67.1768 -27.6264 0
    endloop
  endfacet
  facet normal 0 0 -1
    outer loop
      vertex 67.9263 -27.9304 0
      vertex 67.152 -27.7059 0
      vertex 67.1636 -27.6701 0
    endloop
  endfacet
  facet normal 0 0 -1
    outer loop
      vertex 67.9263 -27.9304 0
      vertex 67.1376 -27.7492 0
      vertex 67.152 -27.7059 0
    endloop
  endfacet
  facet normal 0 0 -1
    outer loop
      vertex 67.9263 -27.9304 0
      vertex 67.1221 -27.7922 0
      vertex 67.1376 -27.7492 0
    endloop
  endfacet
  facet normal 0 0 -1
    outer loop
      vertex 67.9263 -27.9304 0
      vertex 67.1055 -27.8347 0
      vertex 67.1221 -27.7922 0
    endloop
  endfacet
  facet normal 0 0 -1
    outer loop
      vertex 67.9263 -27.9304 0
      vertex 67.0877 -27.8769 0
      vertex 67.1055 -27.8347 0
    endloop
  endfacet
  facet normal 0 0 -1
    outer loop
      vertex 67.5939 -28.5067 0
      vertex 67.0687 -27.9186 0
      vertex 67.0877 -27.8769 0
    endloop
  endfacet
  facet normal 0 0 -1
    outer loop
      vertex 67.5939 -28.5067 0
      vertex 67.0527 -27.9527 0
      vertex 67.0687 -27.9186 0
    endloop
  endfacet
  facet normal 0 0 -1
    outer loop
      vertex 67.5939 -28.5067 0
      vertex 67.0326 -27.9939 0
      vertex 67.0527 -27.9527 0
    endloop
  endfacet
  facet normal 0 0 -1
    outer loop
      vertex 67.5939 -28.5067 0
      vertex 67.0114 -28.0347 0
      vertex 67.0326 -27.9939 0
    endloop
  endfacet
  facet normal 0 0 -1
    outer loop
      vertex 67.5939 -28.5067 0
      vertex 66.9892 -28.0749 0
      vertex 67.0114 -28.0347 0
    endloop
  endfacet
  facet normal 0 -0 -1
    outer loop
      vertex 66.9892 -28.0749 0
      vertex 67.5939 -28.5067 0
      vertex 66.9534 -28.137 0
    endloop
  endfacet
  facet normal 0 0 -1
    outer loop
      vertex 67.1844 32.6708 0
      vertex 68 32.8904 0
      vertex 68 32.5416 0
    endloop
  endfacet
  facet normal 0 0 -1
    outer loop
      vertex 67.1562 32.7142 0
      vertex 68 32.8904 0
      vertex 67.1778 32.6824 0
    endloop
  endfacet
  facet normal 0 0 -1
    outer loop
      vertex 66.9489 32.9995 0
      vertex 67.4663 33.5261 0
      vertex 67.1562 32.7142 0
    endloop
  endfacet
  facet normal 0 0 -1
    outer loop
      vertex 68 32.8904 0
      vertex 67.1844 32.6708 0
      vertex 67.1778 32.6824 0
    endloop
  endfacet
  facet normal -0 0 -1
    outer loop
      vertex 68 32.8904 0
      vertex 67.1562 32.7142 0
      vertex 67.4663 33.5261 0
    endloop
  endfacet
  facet normal 0 0 -1
    outer loop
      vertex 66.925 33.0295 0
      vertex 67.4663 33.5261 0
      vertex 66.9489 32.9995 0
    endloop
  endfacet
  facet normal 0 0 -1
    outer loop
      vertex 66.899 33.0576 0
      vertex 67.4663 33.5261 0
      vertex 66.925 33.0295 0
    endloop
  endfacet
  facet normal 0 0 -1
    outer loop
      vertex 66.8708 33.0836 0
      vertex 67.4663 33.5261 0
      vertex 66.899 33.0576 0
    endloop
  endfacet
  facet normal 0 0 -1
    outer loop
      vertex 66.8407 33.1075 0
      vertex 67.4663 33.5261 0
      vertex 66.8708 33.0836 0
    endloop
  endfacet
  facet normal 0 0 -1
    outer loop
      vertex 66.8087 33.129 0
      vertex 67.4663 33.5261 0
      vertex 66.8407 33.1075 0
    endloop
  endfacet
  facet normal -0 0 -1
    outer loop
      vertex 67.4663 33.5261 0
      vertex 66.8087 33.129 0
      vertex 67.2271 33.8555 0
    endloop
  endfacet
  facet normal 0 0 -1
    outer loop
      vertex 66.7751 33.1481 0
      vertex 67.2271 33.8555 0
      vertex 66.8087 33.129 0
    endloop
  endfacet
  facet normal 0 0 -1
    outer loop
      vertex 66.7398 33.1646 0
      vertex 67.2271 33.8555 0
      vertex 66.7751 33.1481 0
    endloop
  endfacet
  facet normal 0 0 -1
    outer loop
      vertex 66.7032 33.1784 0
      vertex 67.2271 33.8555 0
      vertex 66.7398 33.1646 0
    endloop
  endfacet
  facet normal -0 0 -1
    outer loop
      vertex 67.2271 33.8555 0
      vertex 66.7032 33.1784 0
      vertex 67.2032 33.8855 0
    endloop
  endfacet
  facet normal -0 0 -1
    outer loop
      vertex 67.2032 33.8855 0
      vertex 66.7032 33.1784 0
      vertex 67.1771 33.9136 0
    endloop
  endfacet
  facet normal -0 0 -1
    outer loop
      vertex 67.1771 33.9136 0
      vertex 66.7032 33.1784 0
      vertex 67.1489 33.9396 0
    endloop
  endfacet
  facet normal -0 0 -1
    outer loop
      vertex 67.1489 33.9396 0
      vertex 66.7032 33.1784 0
      vertex 67.1188 33.9635 0
    endloop
  endfacet
  facet normal -0 0 -1
    outer loop
      vertex 67.1188 33.9635 0
      vertex 66.7032 33.1784 0
      vertex 67.0868 33.985 0
    endloop
  endfacet
  facet normal -0 0 -1
    outer loop
      vertex 67.0868 33.985 0
      vertex 66.7032 33.1784 0
      vertex 67.0532 34.0041 0
    endloop
  endfacet
  facet normal -0 0 -1
    outer loop
      vertex 67.0532 34.0041 0
      vertex 66.7032 33.1784 0
      vertex 67.018 34.0206 0
    endloop
  endfacet
  facet normal -0 0 -1
    outer loop
      vertex 67.018 34.0206 0
      vertex 66.7032 33.1784 0
      vertex 66.9813 34.0343 0
    endloop
  endfacet
  facet normal -0 0 -1
    outer loop
      vertex 66.9813 34.0343 0
      vertex 66.7032 33.1784 0
      vertex 66.9433 34.0453 0
    endloop
  endfacet
  facet normal -0 0 -1
    outer loop
      vertex 66.9433 34.0453 0
      vertex 66.7032 33.1784 0
      vertex 66.9042 34.0533 0
    endloop
  endfacet
  facet normal -0 0 -1
    outer loop
      vertex 66.9042 34.0533 0
      vertex 66.7032 33.1784 0
      vertex 66.864 34.0582 0
    endloop
  endfacet
  facet normal -0 0 -1
    outer loop
      vertex 66.864 34.0582 0
      vertex 66.7032 33.1784 0
      vertex 66.8228 34.0599 0
    endloop
  endfacet
  facet normal 0 0 -1
    outer loop
      vertex 66.6652 33.1893 0
      vertex 66.8228 34.0599 0
      vertex 66.7032 33.1784 0
    endloop
  endfacet
  facet normal 0 0 -1
    outer loop
      vertex 66.626 33.1973 0
      vertex 66.8228 34.0599 0
      vertex 66.6652 33.1893 0
    endloop
  endfacet
  facet normal 0 0 -1
    outer loop
      vertex 66.5858 33.2022 0
      vertex 66.8228 34.0599 0
      vertex 66.626 33.1973 0
    endloop
  endfacet
  facet normal 0 0 -1
    outer loop
      vertex 66.5447 33.2039 0
      vertex 66.8228 34.0599 0
      vertex 66.5858 33.2022 0
    endloop
  endfacet
  facet normal 0 0 -1
    outer loop
      vertex 47.6 33.218 0
      vertex 66.5447 33.2039 0
      vertex 47.6 33.2039 0
    endloop
  endfacet
  facet normal 0 0 -1
    outer loop
      vertex 47.4017 34.0599 0
      vertex 66.5447 33.2039 0
      vertex 47.6 33.218 0
    endloop
  endfacet
  facet normal 0 0 -1
    outer loop
      vertex 66.5447 33.2039 0
      vertex 47.4017 34.0599 0
      vertex 66.8228 34.0599 0
    endloop
  endfacet
  facet normal 0 0 -1
    outer loop
      vertex 46.6 33.247 0
      vertex 47.4007 34.6704 0
      vertex 47.4017 34.0599 0
    endloop
  endfacet
  facet normal 0 -0 -1
    outer loop
      vertex 47.306 34.9645 0
      vertex 47.4007 34.6704 0
      vertex 46.6 33.247 0
    endloop
  endfacet
  facet normal 0 0 -1
    outer loop
      vertex 47.3994 34.7112 0
      vertex 47.306 34.9645 0
      vertex 47.3947 34.751 0
    endloop
  endfacet
  facet normal 0 0 -1
    outer loop
      vertex 47.3947 34.751 0
      vertex 47.306 34.9645 0
      vertex 47.387 34.7899 0
    endloop
  endfacet
  facet normal 0 0 -1
    outer loop
      vertex 47.387 34.7899 0
      vertex 47.306 34.9645 0
      vertex 47.3763 34.8276 0
    endloop
  endfacet
  facet normal 0 0 -1
    outer loop
      vertex 47.3763 34.8276 0
      vertex 47.306 34.9645 0
      vertex 47.3627 34.864 0
    endloop
  endfacet
  facet normal 0 0 -1
    outer loop
      vertex 47.3627 34.864 0
      vertex 47.306 34.9645 0
      vertex 47.3463 34.8991 0
    endloop
  endfacet
  facet normal 0 0 -1
    outer loop
      vertex 47.3463 34.8991 0
      vertex 47.306 34.9645 0
      vertex 47.3274 34.9326 0
    endloop
  endfacet
  facet normal 0 0 -1
    outer loop
      vertex 46.7218 33.218 0
      vertex 47.4017 34.0599 0
      vertex 47.6 33.218 0
    endloop
  endfacet
  facet normal 0 0 -1
    outer loop
      vertex 46.6 33.247 0
      vertex 47.4017 34.0599 0
      vertex 46.7218 33.218 0
    endloop
  endfacet
  facet normal 0 0 -1
    outer loop
      vertex 46.6 33.247 0
      vertex 46.7218 33.218 0
      vertex 46.6808 33.2197 0
    endloop
  endfacet
  facet normal 0 0 -1
    outer loop
      vertex 46.653 33.225 0
      vertex 46.6808 33.2197 0
      vertex 46.6762 33.2202 0
    endloop
  endfacet
  facet normal 0 0 -1
    outer loop
      vertex 46.6808 33.2197 0
      vertex 46.653 33.225 0
      vertex 46.6 33.247 0
    endloop
  endfacet
  facet normal 0 0 -1
    outer loop
      vertex 46.6288 33.2327 0
      vertex 46.653 33.225 0
      vertex 46.6375 33.2294 0
    endloop
  endfacet
  facet normal 0 0 -1
    outer loop
      vertex 46.653 33.225 0
      vertex 46.6288 33.2327 0
      vertex 46.6 33.247 0
    endloop
  endfacet
  facet normal 0 0 -1
    outer loop
      vertex 46.6 33.247 0
      vertex 46.6288 33.2327 0
      vertex 46.6071 33.2429 0
    endloop
  endfacet
  facet normal 0 0 1
    outer loop
      vertex 46.6 33.247 0
      vertex 46.6071 33.2429 0
      vertex 46.6002 33.2469 0
    endloop
  endfacet
  facet normal 0 0 -1
    outer loop
      vertex 47.4007 34.6704 0
      vertex 47.306 34.9645 0
      vertex 47.3994 34.7112 0
    endloop
  endfacet
  facet normal -0 0 -1
    outer loop
      vertex 47.306 34.9645 0
      vertex 46.6 33.247 0
      vertex 46.6 35.9362 0
    endloop
  endfacet
  facet normal 0 0 -1
    outer loop
      vertex 67.2406 -27.2836 0
      vertex 67.2402 -27.3025 0
      vertex 67.2382 -27.3014 0
    endloop
  endfacet
  facet normal 0 0 1
    outer loop
      vertex 64.899 -6.98989 13
      vertex 57.3988 -12.14 13
      vertex 58.15 -13.7 13
    endloop
  endfacet
  facet normal 0 0 1
    outer loop
      vertex 60.7888 -6.11624 13
      vertex 57.3922 -12.1352 13
      vertex 57.3988 -12.14 13
    endloop
  endfacet
  facet normal 0 0 1
    outer loop
      vertex 56.95 -4.40711 13
      vertex 57.3922 -12.1352 13
      vertex 60.7888 -6.11624 13
    endloop
  endfacet
  facet normal 0 0 1
    outer loop
      vertex 56.95 -4.40711 13
      vertex 55.7118 -11.7517 13
      vertex 57.3922 -12.1352 13
    endloop
  endfacet
  facet normal 0 0 1
    outer loop
      vertex 56.95 -4.40711 13
      vertex 55.6988 -11.7551 13
      vertex 55.7118 -11.7517 13
    endloop
  endfacet
  facet normal 0 0 1
    outer loop
      vertex 53.5505 -1.93721 13
      vertex 55.6988 -11.7551 13
      vertex 56.95 -4.40711 13
    endloop
  endfacet
  facet normal 0 0 1
    outer loop
      vertex 55.6988 -11.7551 13
      vertex 53.5505 -1.93721 13
      vertex 54.3549 -12.8268 13
    endloop
  endfacet
  facet normal 0 0 1
    outer loop
      vertex 54.3549 -12.8268 13
      vertex 46.6 -12.3637 13
      vertex 54.3481 -12.8413 13
    endloop
  endfacet
  facet normal -0 0 1
    outer loop
      vertex 46.6 -12.3637 13
      vertex 54.3549 -12.8268 13
      vertex 53.5505 -1.93721 13
    endloop
  endfacet
  facet normal 0 0 1
    outer loop
      vertex 87.6 13 13
      vertex 86.6608 17.179 13
      vertex 87.1 13 13
    endloop
  endfacet
  facet normal 0 0 1
    outer loop
      vertex 86.6505 18.9949 13
      vertex 86.6608 17.179 13
      vertex 87.6 13 13
    endloop
  endfacet
  facet normal 0 0 1
    outer loop
      vertex 86.6505 18.9949 13
      vertex 85.3623 21.1754 13
      vertex 86.6608 17.179 13
    endloop
  endfacet
  facet normal 0 0 1
    outer loop
      vertex 83.8949 24.403 13
      vertex 85.3623 21.1754 13
      vertex 86.6505 18.9949 13
    endloop
  endfacet
  facet normal 0 0 1
    outer loop
      vertex 83.8949 24.403 13
      vertex 83.2612 24.8145 13
      vertex 85.3623 21.1754 13
    endloop
  endfacet
  facet normal 0 0 1
    outer loop
      vertex 83.0657 25.5443 13
      vertex 83.2612 24.8145 13
      vertex 83.8949 24.403 13
    endloop
  endfacet
  facet normal 0 0 1
    outer loop
      vertex 83.0657 25.5443 13
      vertex 80.4495 27.9372 13
      vertex 83.2612 24.8145 13
    endloop
  endfacet
  facet normal 0 0 1
    outer loop
      vertex 78.7738 29.8362 13
      vertex 80.4495 27.9372 13
      vertex 83.0657 25.5443 13
    endloop
  endfacet
  facet normal 0 0 1
    outer loop
      vertex 78.7738 29.8362 13
      vertex 77.05 30.4071 13
      vertex 80.4495 27.9372 13
    endloop
  endfacet
  facet normal 0 0 1
    outer loop
      vertex 73.3657 32.5918 13
      vertex 77.05 30.4071 13
      vertex 78.7738 29.8362 13
    endloop
  endfacet
  facet normal 0 0 1
    outer loop
      vertex 73.3657 32.5918 13
      vertex 73.2112 32.1162 13
      vertex 77.05 30.4071 13
    endloop
  endfacet
  facet normal 0 0 1
    outer loop
      vertex 73.3657 32.5918 13
      vertex 69.101 32.9899 13
      vertex 73.2112 32.1162 13
    endloop
  endfacet
  facet normal 0 0 1
    outer loop
      vertex 67.4663 33.5261 13
      vertex 69.101 32.9899 13
      vertex 73.3657 32.5918 13
    endloop
  endfacet
  facet normal 0 0 1
    outer loop
      vertex 66.8228 34.0599 13
      vertex 67.2271 33.8555 13
      vertex 67.2032 33.8855 13
    endloop
  endfacet
  facet normal 0 0 1
    outer loop
      vertex 66.8228 34.0599 13
      vertex 67.2032 33.8855 13
      vertex 67.1771 33.9136 13
    endloop
  endfacet
  facet normal 0 0 1
    outer loop
      vertex 66.8228 34.0599 13
      vertex 67.1771 33.9136 13
      vertex 67.1489 33.9396 13
    endloop
  endfacet
  facet normal 0 0 1
    outer loop
      vertex 66.8228 34.0599 13
      vertex 67.1489 33.9396 13
      vertex 67.1188 33.9635 13
    endloop
  endfacet
  facet normal 0 0 1
    outer loop
      vertex 66.8228 34.0599 13
      vertex 67.1188 33.9635 13
      vertex 67.0868 33.985 13
    endloop
  endfacet
  facet normal 0 0 1
    outer loop
      vertex 66.8228 34.0599 13
      vertex 67.0868 33.985 13
      vertex 67.0532 34.0041 13
    endloop
  endfacet
  facet normal 0 0 1
    outer loop
      vertex 66.8228 34.0599 13
      vertex 67.0532 34.0041 13
      vertex 67.018 34.0206 13
    endloop
  endfacet
  facet normal 0 0 1
    outer loop
      vertex 66.8228 34.0599 13
      vertex 67.018 34.0206 13
      vertex 66.9813 34.0343 13
    endloop
  endfacet
  facet normal 0 0 1
    outer loop
      vertex 66.8228 34.0599 13
      vertex 66.9813 34.0343 13
      vertex 66.9433 34.0453 13
    endloop
  endfacet
  facet normal 0 0 1
    outer loop
      vertex 66.8228 34.0599 13
      vertex 66.9433 34.0453 13
      vertex 66.9042 34.0533 13
    endloop
  endfacet
  facet normal 0 0 1
    outer loop
      vertex 66.8228 34.0599 13
      vertex 66.9042 34.0533 13
      vertex 66.864 34.0582 13
    endloop
  endfacet
  facet normal 0 0 1
    outer loop
      vertex 67.2271 33.8555 13
      vertex 66.8228 34.0599 13
      vertex 67.4663 33.5261 13
    endloop
  endfacet
  facet normal 0 0 1
    outer loop
      vertex 67.4663 33.5261 13
      vertex 64.899 32.9899 13
      vertex 69.101 32.9899 13
    endloop
  endfacet
  facet normal 0 0 1
    outer loop
      vertex 66.8228 34.0599 13
      vertex 64.899 32.9899 13
      vertex 67.4663 33.5261 13
    endloop
  endfacet
  facet normal 0 0 1
    outer loop
      vertex 66.8228 34.0599 13
      vertex 60.7888 32.1162 13
      vertex 64.899 32.9899 13
    endloop
  endfacet
  facet normal -0 0 1
    outer loop
      vertex 47.4017 34.0599 13
      vertex 60.7888 32.1162 13
      vertex 66.8228 34.0599 13
    endloop
  endfacet
  facet normal 0 0 1
    outer loop
      vertex 47.4017 34.0599 13
      vertex 56.95 30.4071 13
      vertex 60.7888 32.1162 13
    endloop
  endfacet
  facet normal 0 0 1
    outer loop
      vertex 47.4017 34.0599 13
      vertex 53.5505 27.9372 13
      vertex 56.95 30.4071 13
    endloop
  endfacet
  facet normal 0 0 1
    outer loop
      vertex 47.4017 34.0599 13
      vertex 50.7388 24.8145 13
      vertex 53.5505 27.9372 13
    endloop
  endfacet
  facet normal 0 0 1
    outer loop
      vertex 47.4017 34.0599 13
      vertex 48.6377 21.1754 13
      vertex 50.7388 24.8145 13
    endloop
  endfacet
  facet normal 0 0 1
    outer loop
      vertex 47.306 34.9645 13
      vertex 47.4007 34.6704 13
      vertex 47.3994 34.7112 13
    endloop
  endfacet
  facet normal 0 0 1
    outer loop
      vertex 47.306 34.9645 13
      vertex 47.3994 34.7112 13
      vertex 47.3947 34.751 13
    endloop
  endfacet
  facet normal 0 0 1
    outer loop
      vertex 47.306 34.9645 13
      vertex 47.3947 34.751 13
      vertex 47.387 34.7899 13
    endloop
  endfacet
  facet normal 0 0 1
    outer loop
      vertex 47.306 34.9645 13
      vertex 47.387 34.7899 13
      vertex 47.3763 34.8276 13
    endloop
  endfacet
  facet normal 0 0 1
    outer loop
      vertex 47.306 34.9645 13
      vertex 47.3763 34.8276 13
      vertex 47.3627 34.864 13
    endloop
  endfacet
  facet normal 0 0 1
    outer loop
      vertex 47.306 34.9645 13
      vertex 47.3627 34.864 13
      vertex 47.3463 34.8991 13
    endloop
  endfacet
  facet normal 0 0 1
    outer loop
      vertex 47.4017 34.0599 13
      vertex 47.3392 17.179 13
      vertex 48.6377 21.1754 13
    endloop
  endfacet
  facet normal 0 0 1
    outer loop
      vertex 47.4007 34.6704 13
      vertex 47.306 34.9645 13
      vertex 47.4017 34.0599 13
    endloop
  endfacet
  facet normal 0 0 1
    outer loop
      vertex 47.306 34.9645 13
      vertex 47.3463 34.8991 13
      vertex 47.3274 34.9326 13
    endloop
  endfacet
  facet normal 0 0 1
    outer loop
      vertex 47.4017 34.0599 13
      vertex 47.306 34.9645 13
      vertex 46.6 35.9362 13
    endloop
  endfacet
  facet normal 0 0 1
    outer loop
      vertex 47.4017 34.0599 13
      vertex 46.6 35.9362 13
      vertex 47.3392 17.179 13
    endloop
  endfacet
  facet normal 0 0 1
    outer loop
      vertex 47.3392 17.179 13
      vertex 46.6 35.9362 13
      vertex 46.9 13 13
    endloop
  endfacet
  facet normal 0 0 1
    outer loop
      vertex 86.6608 8.82097 13
      vertex 87.6 13 13
      vertex 87.1 13 13
    endloop
  endfacet
  facet normal -0 0 1
    outer loop
      vertex 86.6608 8.82097 13
      vertex 86.6505 7.00507 13
      vertex 87.6 13 13
    endloop
  endfacet
  facet normal 0 0 1
    outer loop
      vertex 85.3623 4.82459 13
      vertex 86.6505 7.00507 13
      vertex 86.6608 8.82097 13
    endloop
  endfacet
  facet normal -0 0 1
    outer loop
      vertex 85.3623 4.82459 13
      vertex 83.8949 1.59695 13
      vertex 86.6505 7.00507 13
    endloop
  endfacet
  facet normal 0 0 1
    outer loop
      vertex 83.2612 1.18552 13
      vertex 83.8949 1.59695 13
      vertex 85.3623 4.82459 13
    endloop
  endfacet
  facet normal -0 0 1
    outer loop
      vertex 83.2612 1.18552 13
      vertex 83.0657 0.455688 13
      vertex 83.8949 1.59695 13
    endloop
  endfacet
  facet normal 0 0 1
    outer loop
      vertex 80.4495 -1.93721 13
      vertex 83.0657 0.455688 13
      vertex 83.2612 1.18552 13
    endloop
  endfacet
  facet normal -0 0 1
    outer loop
      vertex 80.4495 -1.93721 13
      vertex 78.7738 -3.83618 13
      vertex 83.0657 0.455688 13
    endloop
  endfacet
  facet normal 0 0 1
    outer loop
      vertex 77.05 -4.40711 13
      vertex 78.7738 -3.83618 13
      vertex 80.4495 -1.93721 13
    endloop
  endfacet
  facet normal -0 0 1
    outer loop
      vertex 77.05 -4.40711 13
      vertex 73.3657 -6.59175 13
      vertex 78.7738 -3.83618 13
    endloop
  endfacet
  facet normal -0 0 1
    outer loop
      vertex 73.2112 -6.11624 13
      vertex 73.3657 -6.59175 13
      vertex 77.05 -4.40711 13
    endloop
  endfacet
  facet normal 0 0 1
    outer loop
      vertex 69.101 -6.98989 13
      vertex 73.3657 -6.59175 13
      vertex 73.2112 -6.11624 13
    endloop
  endfacet
  facet normal -0 0 1
    outer loop
      vertex 69.101 -6.98989 13
      vertex 68.1524 -7.41747 13
      vertex 73.3657 -6.59175 13
    endloop
  endfacet
  facet normal -0 0 1
    outer loop
      vertex 64.899 -6.98989 13
      vertex 68.1524 -7.41747 13
      vertex 69.101 -6.98989 13
    endloop
  endfacet
  facet normal 0 0 1
    outer loop
      vertex 58.15 -13.7 13
      vertex 68.1524 -7.41747 13
      vertex 64.899 -6.98989 13
    endloop
  endfacet
  facet normal 0 0 1
    outer loop
      vertex 57.3988 -12.14 13
      vertex 64.899 -6.98989 13
      vertex 60.7888 -6.11624 13
    endloop
  endfacet
  facet normal 0 0 1
    outer loop
      vertex 68.1524 -7.41747 13
      vertex 58.15 -13.7 13
      vertex 68.1524 -24.807 13
    endloop
  endfacet
  facet normal -0 0 1
    outer loop
      vertex 57.3988 -15.26 13
      vertex 68.1524 -24.807 13
      vertex 58.15 -13.7 13
    endloop
  endfacet
  facet normal -0 0 1
    outer loop
      vertex 57.3922 -15.2648 13
      vertex 68.1524 -24.807 13
      vertex 57.3988 -15.26 13
    endloop
  endfacet
  facet normal -0 0 1
    outer loop
      vertex 55.7118 -15.6483 13
      vertex 68.1524 -24.807 13
      vertex 57.3922 -15.2648 13
    endloop
  endfacet
  facet normal 0 0 1
    outer loop
      vertex 55.6988 -15.6449 13
      vertex 68.1524 -24.807 13
      vertex 55.7118 -15.6483 13
    endloop
  endfacet
  facet normal 0 0 1
    outer loop
      vertex 46.6 -12.3637 13
      vertex 53.5505 -1.93721 13
      vertex 50.7388 1.18552 13
    endloop
  endfacet
  facet normal 0 0 1
    outer loop
      vertex 46.6 -12.3637 13
      vertex 50.7388 1.18552 13
      vertex 48.6377 4.82459 13
    endloop
  endfacet
  facet normal 0 0 1
    outer loop
      vertex 46.6 -12.3637 13
      vertex 48.6377 4.82459 13
      vertex 47.3392 8.82097 13
    endloop
  endfacet
  facet normal 0 0 1
    outer loop
      vertex 55.6988 -15.6449 13
      vertex 46.6 -12.3637 13
      vertex 68.1524 -24.807 13
    endloop
  endfacet
  facet normal 0 0 1
    outer loop
      vertex 54.3549 -14.5732 13
      vertex 46.6 -12.3637 13
      vertex 55.6988 -15.6449 13
    endloop
  endfacet
  facet normal 0 0 1
    outer loop
      vertex 54.3481 -14.5587 13
      vertex 46.6 -12.3637 13
      vertex 54.3549 -14.5732 13
    endloop
  endfacet
  facet normal 0 0 1
    outer loop
      vertex 54.3481 -12.8413 13
      vertex 46.6 -12.3637 13
      vertex 54.3481 -14.5587 13
    endloop
  endfacet
  facet normal 0 0 1
    outer loop
      vertex 46.9 13 13
      vertex 46.6 -12.3637 13
      vertex 47.3392 8.82097 13
    endloop
  endfacet
  facet normal 0 0 1
    outer loop
      vertex 46.6 -12.3637 13
      vertex 46.9 13 13
      vertex 46.6 35.9362 13
    endloop
  endfacet
  facet normal 0.782139 0.623104 0
    outer loop
      vertex 67.2271 33.8555 13
      vertex 67.2032 33.8855 0
      vertex 67.2032 33.8855 13
    endloop
  endfacet
  facet normal 0.782139 0.623104 0
    outer loop
      vertex 67.2032 33.8855 0
      vertex 67.2271 33.8555 13
      vertex 67.2271 33.8555 0
    endloop
  endfacet
  facet normal 0.732701 0.680551 0
    outer loop
      vertex 67.2032 33.8855 13
      vertex 67.1771 33.9136 0
      vertex 67.1771 33.9136 13
    endloop
  endfacet
  facet normal 0.732701 0.680551 0
    outer loop
      vertex 67.1771 33.9136 0
      vertex 67.2032 33.8855 13
      vertex 67.2032 33.8855 0
    endloop
  endfacet
  facet normal 0.677847 0.735203 -0
    outer loop
      vertex 67.1771 33.9136 0
      vertex 67.1489 33.9396 13
      vertex 67.1771 33.9136 13
    endloop
  endfacet
  facet normal 0.677847 0.735203 0
    outer loop
      vertex 67.1489 33.9396 13
      vertex 67.1771 33.9136 0
      vertex 67.1489 33.9396 0
    endloop
  endfacet
  facet normal 0.621835 0.783148 -0
    outer loop
      vertex 67.1489 33.9396 0
      vertex 67.1188 33.9635 13
      vertex 67.1489 33.9396 13
    endloop
  endfacet
  facet normal 0.621835 0.783148 0
    outer loop
      vertex 67.1188 33.9635 13
      vertex 67.1489 33.9396 0
      vertex 67.1188 33.9635 0
    endloop
  endfacet
  facet normal 0.55769 0.83005 -0
    outer loop
      vertex 67.1188 33.9635 0
      vertex 67.0868 33.985 13
      vertex 67.1188 33.9635 13
    endloop
  endfacet
  facet normal 0.55769 0.83005 0
    outer loop
      vertex 67.0868 33.985 13
      vertex 67.1188 33.9635 0
      vertex 67.0868 33.985 0
    endloop
  endfacet
  facet normal 0.494187 0.869356 -0
    outer loop
      vertex 67.0868 33.985 0
      vertex 67.0532 34.0041 13
      vertex 67.0868 33.985 13
    endloop
  endfacet
  facet normal 0.494187 0.869356 0
    outer loop
      vertex 67.0532 34.0041 13
      vertex 67.0868 33.985 0
      vertex 67.0532 34.0041 0
    endloop
  endfacet
  facet normal 0.424434 0.905459 -0
    outer loop
      vertex 67.0532 34.0041 0
      vertex 67.018 34.0206 13
      vertex 67.0532 34.0041 13
    endloop
  endfacet
  facet normal 0.424434 0.905459 0
    outer loop
      vertex 67.018 34.0206 13
      vertex 67.0532 34.0041 0
      vertex 67.018 34.0206 0
    endloop
  endfacet
  facet normal 0.349724 0.936853 -0
    outer loop
      vertex 67.018 34.0206 0
      vertex 66.9813 34.0343 13
      vertex 67.018 34.0206 13
    endloop
  endfacet
  facet normal 0.349724 0.936853 0
    outer loop
      vertex 66.9813 34.0343 13
      vertex 67.018 34.0206 0
      vertex 66.9813 34.0343 0
    endloop
  endfacet
  facet normal 0.278058 0.960564 -0
    outer loop
      vertex 66.9813 34.0343 0
      vertex 66.9433 34.0453 13
      vertex 66.9813 34.0343 13
    endloop
  endfacet
  facet normal 0.278058 0.960564 0
    outer loop
      vertex 66.9433 34.0453 13
      vertex 66.9813 34.0343 0
      vertex 66.9433 34.0453 0
    endloop
  endfacet
  facet normal 0.200451 0.979704 -0
    outer loop
      vertex 66.9433 34.0453 0
      vertex 66.9042 34.0533 13
      vertex 66.9433 34.0453 13
    endloop
  endfacet
  facet normal 0.200451 0.979704 0
    outer loop
      vertex 66.9042 34.0533 13
      vertex 66.9433 34.0453 0
      vertex 66.9042 34.0533 0
    endloop
  endfacet
  facet normal 0.120995 0.992653 -0
    outer loop
      vertex 66.9042 34.0533 0
      vertex 66.864 34.0582 13
      vertex 66.9042 34.0533 13
    endloop
  endfacet
  facet normal 0.120995 0.992653 0
    outer loop
      vertex 66.864 34.0582 13
      vertex 66.9042 34.0533 0
      vertex 66.864 34.0582 0
    endloop
  endfacet
  facet normal 0.0412271 0.99915 -0
    outer loop
      vertex 66.864 34.0582 0
      vertex 66.8228 34.0599 13
      vertex 66.864 34.0582 13
    endloop
  endfacet
  facet normal 0.0412271 0.99915 0
    outer loop
      vertex 66.8228 34.0599 13
      vertex 66.864 34.0582 0
      vertex 66.8228 34.0599 0
    endloop
  endfacet
  facet normal 0 1 0
    outer loop
      vertex 66.8228 34.0599 13
      vertex 60 34.0599 6
      vertex 47.4017 34.0599 13
    endloop
  endfacet
  facet normal 0 1 0
    outer loop
      vertex 66.8228 34.0599 13
      vertex 60.3133 34.0599 5.98029
      vertex 60 34.0599 6
    endloop
  endfacet
  facet normal 0 1 0
    outer loop
      vertex 66.8228 34.0599 13
      vertex 60.6217 34.0599 5.92146
      vertex 60.3133 34.0599 5.98029
    endloop
  endfacet
  facet normal 0 1 0
    outer loop
      vertex 66.8228 34.0599 13
      vertex 60.9203 34.0599 5.82444
      vertex 60.6217 34.0599 5.92146
    endloop
  endfacet
  facet normal 0 1 0
    outer loop
      vertex 66.8228 34.0599 13
      vertex 61.2044 34.0599 5.69077
      vertex 60.9203 34.0599 5.82444
    endloop
  endfacet
  facet normal 0 1 0
    outer loop
      vertex 66.8228 34.0599 13
      vertex 61.4695 34.0599 5.52254
      vertex 61.2044 34.0599 5.69077
    endloop
  endfacet
  facet normal 0 1 0
    outer loop
      vertex 66.8228 34.0599 13
      vertex 61.7114 34.0599 5.32242
      vertex 61.4695 34.0599 5.52254
    endloop
  endfacet
  facet normal 0 1 0
    outer loop
      vertex 66.8228 34.0599 13
      vertex 61.9263 34.0599 5.09356
      vertex 61.7114 34.0599 5.32242
    endloop
  endfacet
  facet normal 0 1 0
    outer loop
      vertex 66.8228 34.0599 13
      vertex 62.1108 34.0599 4.83957
      vertex 61.9263 34.0599 5.09356
    endloop
  endfacet
  facet normal 0 1 0
    outer loop
      vertex 66.8228 34.0599 13
      vertex 62.2621 34.0599 4.56445
      vertex 62.1108 34.0599 4.83957
    endloop
  endfacet
  facet normal 0 1 0
    outer loop
      vertex 66.8228 34.0599 13
      vertex 62.3776 34.0599 4.27254
      vertex 62.2621 34.0599 4.56445
    endloop
  endfacet
  facet normal 0 1 -0
    outer loop
      vertex 66.8228 34.0599 0
      vertex 62.3776 34.0599 4.27254
      vertex 66.8228 34.0599 13
    endloop
  endfacet
  facet normal 0 1 0
    outer loop
      vertex 62.3776 34.0599 4.27254
      vertex 66.8228 34.0599 0
      vertex 62.4557 34.0599 3.96845
    endloop
  endfacet
  facet normal 0 1 0
    outer loop
      vertex 62.4557 34.0599 3.96845
      vertex 66.8228 34.0599 0
      vertex 62.4951 34.0599 3.65698
    endloop
  endfacet
  facet normal 0 1 0
    outer loop
      vertex 62.4951 34.0599 3.65698
      vertex 66.8228 34.0599 0
      vertex 62.4951 34.0599 3.34302
    endloop
  endfacet
  facet normal 0 1 0
    outer loop
      vertex 62.4951 34.0599 3.34302
      vertex 66.8228 34.0599 0
      vertex 62.4557 34.0599 3.03155
    endloop
  endfacet
  facet normal 0 1 0
    outer loop
      vertex 62.4557 34.0599 3.03155
      vertex 66.8228 34.0599 0
      vertex 62.3776 34.0599 2.72746
    endloop
  endfacet
  facet normal 0 1 0
    outer loop
      vertex 47.4017 34.0599 0
      vertex 60 34.0599 1
      vertex 66.8228 34.0599 0
    endloop
  endfacet
  facet normal 0 1 0
    outer loop
      vertex 60.3133 34.0599 1.01971
      vertex 66.8228 34.0599 0
      vertex 60 34.0599 1
    endloop
  endfacet
  facet normal 0 1 0
    outer loop
      vertex 60.6217 34.0599 1.07854
      vertex 66.8228 34.0599 0
      vertex 60.3133 34.0599 1.01971
    endloop
  endfacet
  facet normal 0 1 0
    outer loop
      vertex 60.9203 34.0599 1.17556
      vertex 66.8228 34.0599 0
      vertex 60.6217 34.0599 1.07854
    endloop
  endfacet
  facet normal 0 1 0
    outer loop
      vertex 61.2044 34.0599 1.30923
      vertex 66.8228 34.0599 0
      vertex 60.9203 34.0599 1.17556
    endloop
  endfacet
  facet normal 0 1 0
    outer loop
      vertex 61.4695 34.0599 1.47746
      vertex 66.8228 34.0599 0
      vertex 61.2044 34.0599 1.30923
    endloop
  endfacet
  facet normal 0 1 0
    outer loop
      vertex 61.7114 34.0599 1.67758
      vertex 66.8228 34.0599 0
      vertex 61.4695 34.0599 1.47746
    endloop
  endfacet
  facet normal 0 1 0
    outer loop
      vertex 61.9263 34.0599 1.90644
      vertex 66.8228 34.0599 0
      vertex 61.7114 34.0599 1.67758
    endloop
  endfacet
  facet normal 0 1 0
    outer loop
      vertex 62.1108 34.0599 2.16043
      vertex 66.8228 34.0599 0
      vertex 61.9263 34.0599 1.90644
    endloop
  endfacet
  facet normal 0 1 0
    outer loop
      vertex 62.2621 34.0599 2.43555
      vertex 66.8228 34.0599 0
      vertex 62.1108 34.0599 2.16043
    endloop
  endfacet
  facet normal 0 1 0
    outer loop
      vertex 62.3776 34.0599 2.72746
      vertex 66.8228 34.0599 0
      vertex 62.2621 34.0599 2.43555
    endloop
  endfacet
  facet normal 0 1 -0
    outer loop
      vertex 53 34.0599 6
      vertex 47.4017 34.0599 13
      vertex 60 34.0599 6
    endloop
  endfacet
  facet normal 0 1 -0
    outer loop
      vertex 52.6867 34.0599 5.98029
      vertex 47.4017 34.0599 13
      vertex 53 34.0599 6
    endloop
  endfacet
  facet normal 0 1 -0
    outer loop
      vertex 52.3783 34.0599 5.92146
      vertex 47.4017 34.0599 13
      vertex 52.6867 34.0599 5.98029
    endloop
  endfacet
  facet normal 0 1 -0
    outer loop
      vertex 52.0797 34.0599 5.82444
      vertex 47.4017 34.0599 13
      vertex 52.3783 34.0599 5.92146
    endloop
  endfacet
  facet normal 0 1 -0
    outer loop
      vertex 51.7956 34.0599 5.69077
      vertex 47.4017 34.0599 13
      vertex 52.0797 34.0599 5.82444
    endloop
  endfacet
  facet normal 0 1 -0
    outer loop
      vertex 51.5305 34.0599 5.52254
      vertex 47.4017 34.0599 13
      vertex 51.7956 34.0599 5.69077
    endloop
  endfacet
  facet normal 0 1 -0
    outer loop
      vertex 51.2886 34.0599 5.32242
      vertex 47.4017 34.0599 13
      vertex 51.5305 34.0599 5.52254
    endloop
  endfacet
  facet normal 0 1 -0
    outer loop
      vertex 51.0737 34.0599 5.09356
      vertex 47.4017 34.0599 13
      vertex 51.2886 34.0599 5.32242
    endloop
  endfacet
  facet normal 0 1 -0
    outer loop
      vertex 50.8892 34.0599 4.83957
      vertex 47.4017 34.0599 13
      vertex 51.0737 34.0599 5.09356
    endloop
  endfacet
  facet normal 0 1 -0
    outer loop
      vertex 50.7379 34.0599 4.56445
      vertex 47.4017 34.0599 13
      vertex 50.8892 34.0599 4.83957
    endloop
  endfacet
  facet normal 0 1 -0
    outer loop
      vertex 50.6224 34.0599 4.27254
      vertex 47.4017 34.0599 13
      vertex 50.7379 34.0599 4.56445
    endloop
  endfacet
  facet normal 0 1 0
    outer loop
      vertex 47.4017 34.0599 0
      vertex 50.6224 34.0599 4.27254
      vertex 50.5443 34.0599 3.96845
    endloop
  endfacet
  facet normal 0 1 0
    outer loop
      vertex 47.4017 34.0599 0
      vertex 50.5443 34.0599 3.96845
      vertex 50.5049 34.0599 3.65698
    endloop
  endfacet
  facet normal 0 1 0
    outer loop
      vertex 47.4017 34.0599 0
      vertex 50.5049 34.0599 3.65698
      vertex 50.5049 34.0599 3.34302
    endloop
  endfacet
  facet normal 0 1 0
    outer loop
      vertex 47.4017 34.0599 0
      vertex 50.5049 34.0599 3.34302
      vertex 50.5443 34.0599 3.03155
    endloop
  endfacet
  facet normal 0 1 0
    outer loop
      vertex 47.4017 34.0599 0
      vertex 50.5443 34.0599 3.03155
      vertex 50.6224 34.0599 2.72746
    endloop
  endfacet
  facet normal 0 1 0
    outer loop
      vertex 60 34.0599 1
      vertex 47.4017 34.0599 0
      vertex 53 34.0599 1
    endloop
  endfacet
  facet normal 0 1 0
    outer loop
      vertex 50.6224 34.0599 4.27254
      vertex 47.4017 34.0599 0
      vertex 47.4017 34.0599 13
    endloop
  endfacet
  facet normal 0 1 0
    outer loop
      vertex 50.7379 34.0599 2.43555
      vertex 47.4017 34.0599 0
      vertex 50.6224 34.0599 2.72746
    endloop
  endfacet
  facet normal 0 1 0
    outer loop
      vertex 50.8892 34.0599 2.16043
      vertex 47.4017 34.0599 0
      vertex 50.7379 34.0599 2.43555
    endloop
  endfacet
  facet normal 0 1 0
    outer loop
      vertex 51.0737 34.0599 1.90644
      vertex 47.4017 34.0599 0
      vertex 50.8892 34.0599 2.16043
    endloop
  endfacet
  facet normal 0 1 0
    outer loop
      vertex 51.2886 34.0599 1.67758
      vertex 47.4017 34.0599 0
      vertex 51.0737 34.0599 1.90644
    endloop
  endfacet
  facet normal 0 1 0
    outer loop
      vertex 51.5305 34.0599 1.47746
      vertex 47.4017 34.0599 0
      vertex 51.2886 34.0599 1.67758
    endloop
  endfacet
  facet normal 0 1 0
    outer loop
      vertex 51.7956 34.0599 1.30923
      vertex 47.4017 34.0599 0
      vertex 51.5305 34.0599 1.47746
    endloop
  endfacet
  facet normal 0 1 0
    outer loop
      vertex 52.0797 34.0599 1.17556
      vertex 47.4017 34.0599 0
      vertex 51.7956 34.0599 1.30923
    endloop
  endfacet
  facet normal 0 1 0
    outer loop
      vertex 52.3783 34.0599 1.07854
      vertex 47.4017 34.0599 0
      vertex 52.0797 34.0599 1.17556
    endloop
  endfacet
  facet normal 0 1 0
    outer loop
      vertex 52.6867 34.0599 1.01971
      vertex 47.4017 34.0599 0
      vertex 52.3783 34.0599 1.07854
    endloop
  endfacet
  facet normal 0 1 0
    outer loop
      vertex 53 34.0599 1
      vertex 47.4017 34.0599 0
      vertex 52.6867 34.0599 1.01971
    endloop
  endfacet
  facet normal 0.999999 0.001638 0
    outer loop
      vertex 47.4017 34.0599 13
      vertex 47.4007 34.6704 0
      vertex 47.4007 34.6704 13
    endloop
  endfacet
  facet normal 0.999999 0.001638 0
    outer loop
      vertex 47.4007 34.6704 0
      vertex 47.4017 34.0599 13
      vertex 47.4017 34.0599 0
    endloop
  endfacet
  facet normal 0.999493 0.0318466 0
    outer loop
      vertex 47.4007 34.6704 13
      vertex 47.3994 34.7112 0
      vertex 47.3994 34.7112 13
    endloop
  endfacet
  facet normal 0.999493 0.0318466 0
    outer loop
      vertex 47.3994 34.7112 0
      vertex 47.4007 34.6704 13
      vertex 47.4007 34.6704 0
    endloop
  endfacet
  facet normal 0.993099 0.117276 0
    outer loop
      vertex 47.3994 34.7112 13
      vertex 47.3947 34.751 0
      vertex 47.3947 34.751 13
    endloop
  endfacet
  facet normal 0.993099 0.117276 0
    outer loop
      vertex 47.3947 34.751 0
      vertex 47.3994 34.7112 13
      vertex 47.3994 34.7112 0
    endloop
  endfacet
  facet normal 0.980967 0.194176 0
    outer loop
      vertex 47.3947 34.751 13
      vertex 47.387 34.7899 0
      vertex 47.387 34.7899 13
    endloop
  endfacet
  facet normal 0.980967 0.194176 0
    outer loop
      vertex 47.387 34.7899 0
      vertex 47.3947 34.751 13
      vertex 47.3947 34.751 0
    endloop
  endfacet
  facet normal 0.962004 0.273036 0
    outer loop
      vertex 47.387 34.7899 13
      vertex 47.3763 34.8276 0
      vertex 47.3763 34.8276 13
    endloop
  endfacet
  facet normal 0.962004 0.273036 0
    outer loop
      vertex 47.3763 34.8276 0
      vertex 47.387 34.7899 13
      vertex 47.387 34.7899 0
    endloop
  endfacet
  facet normal 0.936752 0.349995 0
    outer loop
      vertex 47.3763 34.8276 13
      vertex 47.3627 34.864 0
      vertex 47.3627 34.864 13
    endloop
  endfacet
  facet normal 0.936752 0.349995 0
    outer loop
      vertex 47.3627 34.864 0
      vertex 47.3763 34.8276 13
      vertex 47.3763 34.8276 0
    endloop
  endfacet
  facet normal 0.905985 0.423309 0
    outer loop
      vertex 47.3627 34.864 13
      vertex 47.3463 34.8991 0
      vertex 47.3463 34.8991 13
    endloop
  endfacet
  facet normal 0.905985 0.423309 0
    outer loop
      vertex 47.3463 34.8991 0
      vertex 47.3627 34.864 13
      vertex 47.3627 34.864 0
    endloop
  endfacet
  facet normal 0.87095 0.491372 0
    outer loop
      vertex 47.3463 34.8991 13
      vertex 47.3274 34.9326 0
      vertex 47.3274 34.9326 13
    endloop
  endfacet
  facet normal 0.87095 0.491372 0
    outer loop
      vertex 47.3274 34.9326 0
      vertex 47.3463 34.8991 13
      vertex 47.3463 34.8991 0
    endloop
  endfacet
  facet normal 0.830445 0.557101 0
    outer loop
      vertex 47.3274 34.9326 13
      vertex 47.306 34.9645 0
      vertex 47.306 34.9645 13
    endloop
  endfacet
  facet normal 0.830445 0.557101 0
    outer loop
      vertex 47.306 34.9645 0
      vertex 47.3274 34.9326 13
      vertex 47.3274 34.9326 0
    endloop
  endfacet
  facet normal 0.80901 0.587795 0
    outer loop
      vertex 47.306 34.9645 13
      vertex 46.6 35.9362 0
      vertex 46.6 35.9362 13
    endloop
  endfacet
  facet normal 0.80901 0.587795 0
    outer loop
      vertex 46.6 35.9362 0
      vertex 47.306 34.9645 13
      vertex 47.306 34.9645 0
    endloop
  endfacet
  facet normal 0.866238 -0.499631 0
    outer loop
      vertex 67.9263 -27.9304 0
      vertex 67.9263 -27.9304 2.48302
      vertex 67.5939 -28.5067 0
    endloop
  endfacet
  facet normal 0.874465 -0.485089 0
    outer loop
      vertex 67.9263 -27.9304 2.48302
      vertex 67.9486 -27.8902 0
      vertex 67.9486 -27.8902 2.65469
    endloop
  endfacet
  facet normal 0.874465 -0.485089 0
    outer loop
      vertex 67.9486 -27.8902 0
      vertex 67.9263 -27.9304 2.48302
      vertex 67.9263 -27.9304 0
    endloop
  endfacet
  facet normal 0.888248 -0.459364 0
    outer loop
      vertex 67.9486 -27.8902 2.65469
      vertex 67.9697 -27.8494 0
      vertex 67.9697 -27.8494 2.82599
    endloop
  endfacet
  facet normal 0.888248 -0.459364 0
    outer loop
      vertex 67.9697 -27.8494 0
      vertex 67.9486 -27.8902 2.65469
      vertex 67.9486 -27.8902 0
    endloop
  endfacet
  facet normal 0.898747 -0.438467 0
    outer loop
      vertex 67.9697 -27.8494 2.82599
      vertex 67.9898 -27.8082 0
      vertex 67.9898 -27.8082 2.99665
    endloop
  endfacet
  facet normal 0.898747 -0.438467 0
    outer loop
      vertex 67.9898 -27.8082 0
      vertex 67.9697 -27.8494 2.82599
      vertex 67.9697 -27.8494 0
    endloop
  endfacet
  facet normal 0.911186 -0.411996 0
    outer loop
      vertex 67.9898 -27.8082 2.99665
      vertex 68.0087 -27.7664 0
      vertex 68.0087 -27.7664 3.16677
    endloop
  endfacet
  facet normal 0.911186 -0.411996 0
    outer loop
      vertex 68.0087 -27.7664 0
      vertex 67.9898 -27.8082 2.99665
      vertex 67.9898 -27.8082 0
    endloop
  endfacet
  facet normal 0.921058 -0.389426 0
    outer loop
      vertex 68.0087 -27.7664 3.16677
      vertex 68.0265 -27.7243 0
      vertex 68.0265 -27.7243 3.33614
    endloop
  endfacet
  facet normal 0.921058 -0.389426 0
    outer loop
      vertex 68.0265 -27.7243 0
      vertex 68.0087 -27.7664 3.16677
      vertex 68.0087 -27.7664 0
    endloop
  endfacet
  facet normal 0.930725 -0.36572 0
    outer loop
      vertex 68.0265 -27.7243 3.33614
      vertex 68.0432 -27.6818 0
      vertex 68.0432 -27.6818 3.50478
    endloop
  endfacet
  facet normal 0.930725 -0.36572 0
    outer loop
      vertex 68.0432 -27.6818 0
      vertex 68.0265 -27.7243 3.33614
      vertex 68.0265 -27.7243 0
    endloop
  endfacet
  facet normal 0.940748 -0.339107 0
    outer loop
      vertex 68.0432 -27.6818 3.50478
      vertex 68.0587 -27.6388 0
      vertex 68.0587 -27.6388 3.67256
    endloop
  endfacet
  facet normal 0.940748 -0.339107 0
    outer loop
      vertex 68.0587 -27.6388 0
      vertex 68.0432 -27.6818 3.50478
      vertex 68.0432 -27.6818 0
    endloop
  endfacet
  facet normal 0.948902 -0.31557 0
    outer loop
      vertex 68.0587 -27.6388 3.67256
      vertex 68.0731 -27.5955 0
      vertex 68.0731 -27.5955 3.83932
    endloop
  endfacet
  facet normal 0.948902 -0.31557 0
    outer loop
      vertex 68.0731 -27.5955 0
      vertex 68.0587 -27.6388 3.67256
      vertex 68.0587 -27.6388 0
    endloop
  endfacet
  facet normal 0.957282 -0.289156 0
    outer loop
      vertex 68.0731 -27.5955 3.83932
      vertex 68.0863 -27.5518 0
      vertex 68.0863 -27.5518 4.00514
    endloop
  endfacet
  facet normal 0.957282 -0.289156 0
    outer loop
      vertex 68.0863 -27.5518 0
      vertex 68.0731 -27.5955 3.83932
      vertex 68.0731 -27.5955 0
    endloop
  endfacet
  facet normal 0.964764 -0.263117 0
    outer loop
      vertex 68.0863 -27.5518 4.00514
      vertex 68.0983 -27.5078 0
      vertex 68.0983 -27.5078 4.16981
    endloop
  endfacet
  facet normal 0.964764 -0.263117 0
    outer loop
      vertex 68.0983 -27.5078 0
      vertex 68.0863 -27.5518 4.00514
      vertex 68.0863 -27.5518 0
    endloop
  endfacet
  facet normal 0.971545 -0.236855 0
    outer loop
      vertex 68.0983 -27.5078 4.16981
      vertex 68.1091 -27.4635 0
      vertex 68.1091 -27.4635 4.33327
    endloop
  endfacet
  facet normal 0.971545 -0.236855 0
    outer loop
      vertex 68.1091 -27.4635 0
      vertex 68.0983 -27.5078 4.16981
      vertex 68.0983 -27.5078 0
    endloop
  endfacet
  facet normal 0.977157 -0.212521 0
    outer loop
      vertex 68.1091 -27.4635 4.33327
      vertex 68.1188 -27.4189 0
      vertex 68.1188 -27.4189 4.49545
    endloop
  endfacet
  facet normal 0.977157 -0.212521 0
    outer loop
      vertex 68.1188 -27.4189 0
      vertex 68.1091 -27.4635 4.33327
      vertex 68.1091 -27.4635 0
    endloop
  endfacet
  facet normal 0.982549 -0.186006 0
    outer loop
      vertex 68.1188 -27.4189 4.49545
      vertex 68.1273 -27.374 0
      vertex 68.1273 -27.374 4.65629
    endloop
  endfacet
  facet normal 0.982549 -0.186006 0
    outer loop
      vertex 68.1273 -27.374 0
      vertex 68.1188 -27.4189 4.49545
      vertex 68.1188 -27.4189 0
    endloop
  endfacet
  facet normal 0.987495 -0.157649 0
    outer loop
      vertex 68.1273 -27.374 4.65629
      vertex 68.1345 -27.3289 0
      vertex 68.1345 -27.3289 4.81568
    endloop
  endfacet
  facet normal 0.987495 -0.157649 0
    outer loop
      vertex 68.1345 -27.3289 0
      vertex 68.1273 -27.374 4.65629
      vertex 68.1273 -27.374 0
    endloop
  endfacet
  facet normal 0.991055 -0.133453 0
    outer loop
      vertex 68.1345 -27.3289 4.81568
      vertex 68.1406 -27.2836 0
      vertex 68.1406 -27.2836 4.97352
    endloop
  endfacet
  facet normal 0.991055 -0.133453 0
    outer loop
      vertex 68.1406 -27.2836 0
      vertex 68.1345 -27.3289 4.81568
      vertex 68.1345 -27.3289 0
    endloop
  endfacet
  facet normal 0.994505 -0.104685 0
    outer loop
      vertex 68.1406 -27.2836 4.97352
      vertex 68.1454 -27.238 0
      vertex 68.1454 -27.238 5.12981
    endloop
  endfacet
  facet normal 0.994505 -0.104685 0
    outer loop
      vertex 68.1454 -27.238 0
      vertex 68.1406 -27.2836 4.97352
      vertex 68.1406 -27.2836 0
    endloop
  endfacet
  facet normal 0.996925 -0.0783609 0
    outer loop
      vertex 68.1454 -27.238 5.12981
      vertex 68.149 -27.1922 0
      vertex 68.149 -27.1922 5.28438
    endloop
  endfacet
  facet normal 0.996925 -0.0783609 0
    outer loop
      vertex 68.149 -27.1922 0
      vertex 68.1454 -27.238 5.12981
      vertex 68.1454 -27.238 0
    endloop
  endfacet
  facet normal 0.998636 -0.0522163 0
    outer loop
      vertex 68.149 -27.1922 5.28438
      vertex 68.1514 -27.1463 0
      vertex 68.1514 -27.1463 5.43722
    endloop
  endfacet
  facet normal 0.998636 -0.0522163 0
    outer loop
      vertex 68.1514 -27.1463 0
      vertex 68.149 -27.1922 5.28438
      vertex 68.149 -27.1922 0
    endloop
  endfacet
  facet normal 0.999714 -0.0239062 0
    outer loop
      vertex 68.1514 -27.1463 5.43722
      vertex 68.1525 -27.1003 0
      vertex 68.1525 -27.1003 5.58817
    endloop
  endfacet
  facet normal 0.999714 -0.0239062 0
    outer loop
      vertex 68.1525 -27.1003 0
      vertex 68.1514 -27.1463 5.43722
      vertex 68.1514 -27.1463 0
    endloop
  endfacet
  facet normal 0.999998 0.0021645 0
    outer loop
      vertex 68.1525 -27.1003 5.58817
      vertex 68.1524 -27.0541 0
      vertex 68.1524 -27.0541 5.73717
    endloop
  endfacet
  facet normal 0.999998 0.0021645 0
    outer loop
      vertex 68.1524 -27.0541 0
      vertex 68.1525 -27.1003 5.58817
      vertex 68.1525 -27.1003 0
    endloop
  endfacet
  facet normal 1 -0 0
    outer loop
      vertex 68.1524 -24.807 13
      vertex 68.1524 -7.41747 0
      vertex 68.1524 -7.41747 13
    endloop
  endfacet
  facet normal 1 -0 0
    outer loop
      vertex 68.1524 -27.0541 5.73717
      vertex 68.1524 -7.41747 0
      vertex 68.1524 -24.807 13
    endloop
  endfacet
  facet normal 1 0 0
    outer loop
      vertex 68.1524 -7.41747 0
      vertex 68.1524 -27.0541 5.73717
      vertex 68.1524 -27.0541 0
    endloop
  endfacet
  facet normal 0.156437 -0.987688 1.49425e-05
    outer loop
      vertex 68.1524 -7.41747 13
      vertex 72.073 -6.79651 12.1497
      vertex 73.3657 -6.59175 13
    endloop
  endfacet
  facet normal 0.156435 -0.987688 3.45447e-06
    outer loop
      vertex 68.1524 -7.41747 13
      vertex 70.573 -7.03409 11.2974
      vertex 72.073 -6.79651 12.1497
    endloop
  endfacet
  facet normal 0.156405 -0.987693 -3.99116e-05
    outer loop
      vertex 68.1524 -7.41747 13
      vertex 70.4789 -7.04898 11.0229
      vertex 70.573 -7.03409 11.2974
    endloop
  endfacet
  facet normal 0.156437 -0.987688 -1.1374e-06
    outer loop
      vertex 68.1524 -7.41747 13
      vertex 70 -7.12483 9.62483
      vertex 70.4789 -7.04898 11.0229
    endloop
  endfacet
  facet normal 0.156439 -0.987688 0
    outer loop
      vertex 68.1524 -7.41747 13
      vertex 70 -7.12483 4.62483
      vertex 70 -7.12483 9.62483
    endloop
  endfacet
  facet normal 0.156439 -0.987688 0
    outer loop
      vertex 68.1524 -7.41747 0
      vertex 70 -7.12483 4.62483
      vertex 68.1524 -7.41747 13
    endloop
  endfacet
  facet normal 0.156427 -0.98769 5.12014e-06
    outer loop
      vertex 68.1524 -7.41747 0
      vertex 70.573 -7.03409 2.77073
      vertex 70 -7.12483 4.62483
    endloop
  endfacet
  facet normal 0.156435 -0.987688 -2.16431e-06
    outer loop
      vertex 68.1524 -7.41747 0
      vertex 72.073 -6.79651 1.44334
      vertex 70.573 -7.03409 2.77073
    endloop
  endfacet
  facet normal 0.156437 -0.987688 -8.80294e-06
    outer loop
      vertex 73.3657 -6.59175 0
      vertex 72.073 -6.79651 1.44334
      vertex 68.1524 -7.41747 0
    endloop
  endfacet
  facet normal 0.156447 -0.987686 0
    outer loop
      vertex 72.073 -6.79651 1.44334
      vertex 73.3657 -6.59175 0
      vertex 73.3657 -6.59175 1.23858
    endloop
  endfacet
  facet normal 0.156447 -0.987686 0
    outer loop
      vertex 73.3657 -6.59175 13
      vertex 72.073 -6.79651 12.1497
      vertex 73.3657 -6.59175 11.9449
    endloop
  endfacet
  facet normal 0.453995 -0.891004 0
    outer loop
      vertex 73.3657 -6.59175 1.23858
      vertex 73.3657 -6.59175 0
      vertex 73.927 -6.30575 0.952579
    endloop
  endfacet
  facet normal 0.453995 -0.891004 0
    outer loop
      vertex 73.927 -6.30575 11.6589
      vertex 73.3657 -6.59175 13
      vertex 73.3657 -6.59175 11.9449
    endloop
  endfacet
  facet normal 0.453991 -0.891006 -1.86228e-06
    outer loop
      vertex 73.3657 -6.59175 13
      vertex 73.927 -6.30575 11.6589
      vertex 78.7738 -3.83618 13
    endloop
  endfacet
  facet normal 0.453991 -0.891006 -4.6762e-07
    outer loop
      vertex 75.427 -5.54146 9.80482
      vertex 78.7738 -3.83618 13
      vertex 73.927 -6.30575 11.6589
    endloop
  endfacet
  facet normal 0.453978 -0.891013 1.6299e-05
    outer loop
      vertex 75.6494 -5.42816 9.00718
      vertex 78.7738 -3.83618 13
      vertex 75.427 -5.54146 9.80482
    endloop
  endfacet
  facet normal 0.453989 -0.891008 6.12186e-06
    outer loop
      vertex 76 -5.24953 7.74953
      vertex 78.7738 -3.83618 13
      vertex 75.6494 -5.42816 9.00718
    endloop
  endfacet
  facet normal 0.453998 -0.891003 0
    outer loop
      vertex 78.7738 -3.83618 0
      vertex 76 -5.24953 7.74953
      vertex 76 -5.24953 2.74953
    endloop
  endfacet
  facet normal 0.453991 -0.891006 2.87648e-06
    outer loop
      vertex 73.3657 -6.59175 0
      vertex 75.427 -5.54146 1.27811
      vertex 73.927 -6.30575 0.952579
    endloop
  endfacet
  facet normal 0.453998 -0.891003 0
    outer loop
      vertex 76 -5.24953 7.74953
      vertex 78.7738 -3.83618 0
      vertex 78.7738 -3.83618 13
    endloop
  endfacet
  facet normal 0.453986 -0.891009 -1.4824e-05
    outer loop
      vertex 75.427 -5.54146 1.27811
      vertex 78.7738 -3.83618 0
      vertex 76 -5.24953 2.74953
    endloop
  endfacet
  facet normal 0.453991 -0.891006 2.17952e-06
    outer loop
      vertex 78.7738 -3.83618 0
      vertex 75.427 -5.54146 1.27811
      vertex 73.3657 -6.59175 0
    endloop
  endfacet
  facet normal 0.707104 -0.707109 0
    outer loop
      vertex 78.7738 -3.83618 0
      vertex 83.0657 0.455688 13
      vertex 78.7738 -3.83618 13
    endloop
  endfacet
  facet normal 0.707104 -0.707109 0
    outer loop
      vertex 83.0657 0.455688 13
      vertex 78.7738 -3.83618 0
      vertex 83.0657 0.455688 0
    endloop
  endfacet
  facet normal 0.809009 -0.587797 0
    outer loop
      vertex 83.0657 0.455688 13
      vertex 83.8949 1.59695 0
      vertex 83.8949 1.59695 13
    endloop
  endfacet
  facet normal 0.809009 -0.587797 0
    outer loop
      vertex 83.8949 1.59695 0
      vertex 83.0657 0.455688 13
      vertex 83.0657 0.455688 0
    endloop
  endfacet
  facet normal 0.891005 -0.453994 0
    outer loop
      vertex 83.8949 1.59695 13
      vertex 86.6505 7.00507 0
      vertex 86.6505 7.00507 13
    endloop
  endfacet
  facet normal 0.891005 -0.453994 0
    outer loop
      vertex 86.6505 7.00507 0
      vertex 83.8949 1.59695 13
      vertex 83.8949 1.59695 0
    endloop
  endfacet
  facet normal 0.987688 -0.156434 0
    outer loop
      vertex 86.6505 7.00507 13
      vertex 87.6 13 0
      vertex 87.6 13 13
    endloop
  endfacet
  facet normal 0.987688 -0.156434 0
    outer loop
      vertex 87.6 13 0
      vertex 86.6505 7.00507 13
      vertex 86.6505 7.00507 0
    endloop
  endfacet
  facet normal 0.987688 0.156435 0
    outer loop
      vertex 87.6 13 13
      vertex 86.6505 18.9949 0
      vertex 86.6505 18.9949 13
    endloop
  endfacet
  facet normal 0.987688 0.156435 0
    outer loop
      vertex 86.6505 18.9949 0
      vertex 87.6 13 13
      vertex 87.6 13 0
    endloop
  endfacet
  facet normal 0.891004 0.453995 0
    outer loop
      vertex 86.6505 18.9949 13
      vertex 83.8949 24.403 0
      vertex 83.8949 24.403 13
    endloop
  endfacet
  facet normal 0.891004 0.453995 0
    outer loop
      vertex 83.8949 24.403 0
      vertex 86.6505 18.9949 13
      vertex 86.6505 18.9949 0
    endloop
  endfacet
  facet normal 0.809018 0.587784 0
    outer loop
      vertex 83.8949 24.403 13
      vertex 83.0657 25.5443 0
      vertex 83.0657 25.5443 13
    endloop
  endfacet
  facet normal 0.809018 0.587784 0
    outer loop
      vertex 83.0657 25.5443 0
      vertex 83.8949 24.403 13
      vertex 83.8949 24.403 0
    endloop
  endfacet
  facet normal 0.707107 0.707107 0
    outer loop
      vertex 83.0657 25.5443 13
      vertex 78.7738 29.8362 0
      vertex 78.7738 29.8362 13
    endloop
  endfacet
  facet normal 0.707107 0.707107 0
    outer loop
      vertex 78.7738 29.8362 0
      vertex 83.0657 25.5443 13
      vertex 83.0657 25.5443 0
    endloop
  endfacet
  facet normal 0.453995 0.891004 -4.11792e-05
    outer loop
      vertex 73.927 32.3057 10.843
      vertex 73.3657 32.5918 13
      vertex 78.7738 29.8362 13
    endloop
  endfacet
  facet normal 0.454121 0.89094 0
    outer loop
      vertex 73.3657 32.5918 13
      vertex 73.927 32.3057 10.843
      vertex 73.3657 32.5918 11.1004
    endloop
  endfacet
  facet normal 0.453972 0.891016 2.56087e-05
    outer loop
      vertex 78.7738 29.8362 13
      vertex 75.427 31.5415 9.17433
      vertex 73.927 32.3057 10.843
    endloop
  endfacet
  facet normal 0.454007 0.890998 -1.36793e-05
    outer loop
      vertex 78.7738 29.8362 13
      vertex 76 31.2495 7.32458
      vertex 75.427 31.5415 9.17433
    endloop
  endfacet
  facet normal 0.453985 0.891009 -0
    outer loop
      vertex 78.7738 29.8362 0
      vertex 76 31.2495 7.32458
      vertex 78.7738 29.8362 13
    endloop
  endfacet
  facet normal 0.453995 0.891004 1.50706e-06
    outer loop
      vertex 73.3657 32.5918 0
      vertex 75.427 31.5415 1.00029
      vertex 78.7738 29.8362 0
    endloop
  endfacet
  facet normal 0.454 0.891002 2.29101e-05
    outer loop
      vertex 76 31.2495 2.32458
      vertex 78.7738 29.8362 0
      vertex 75.427 31.5415 1.00029
    endloop
  endfacet
  facet normal 0.453985 0.891009 0
    outer loop
      vertex 76 31.2495 7.32458
      vertex 78.7738 29.8362 0
      vertex 76 31.2495 2.32458
    endloop
  endfacet
  facet normal 0.454121 0.89094 0
    outer loop
      vertex 73.927 32.3057 0.707321
      vertex 73.3657 32.5918 0
      vertex 73.3657 32.5918 0.964723
    endloop
  endfacet
  facet normal 0.453917 0.891044 0.000203287
    outer loop
      vertex 75.427 31.5415 1.00029
      vertex 73.3657 32.5918 0
      vertex 73.927 32.3057 0.707321
    endloop
  endfacet
  facet normal 0.156423 0.98769 -1.5854e-05
    outer loop
      vertex 73.3657 32.5918 13
      vertex 72.073 32.7965 11.2847
      vertex 67.4663 33.5261 13
    endloop
  endfacet
  facet normal 0.156402 0.987693 0
    outer loop
      vertex 72.073 32.7965 11.2847
      vertex 73.3657 32.5918 13
      vertex 73.3657 32.5918 11.1004
    endloop
  endfacet
  facet normal 0.156437 0.987688 2.4573e-05
    outer loop
      vertex 70.573 33.0341 10.5177
      vertex 67.4663 33.5261 13
      vertex 72.073 32.7965 11.2847
    endloop
  endfacet
  facet normal 0.156401 0.987694 -2.23983e-05
    outer loop
      vertex 70 33.1248 9.01235
      vertex 67.4663 33.5261 13
      vertex 70.573 33.0341 10.5177
    endloop
  endfacet
  facet normal 0.156435 0.987688 -0
    outer loop
      vertex 70 33.1248 4.01235
      vertex 67.4663 33.5261 13
      vertex 70 33.1248 9.01235
    endloop
  endfacet
  facet normal 0.156402 0.987693 -0
    outer loop
      vertex 73.3657 32.5918 0
      vertex 72.073 32.7965 1.14901
      vertex 73.3657 32.5918 0.964723
    endloop
  endfacet
  facet normal 0.156423 0.98769 2.36677e-05
    outer loop
      vertex 67.4663 33.5261 0
      vertex 72.073 32.7965 1.14901
      vertex 73.3657 32.5918 0
    endloop
  endfacet
  facet normal 0.156435 0.987688 0
    outer loop
      vertex 70 33.1248 4.01235
      vertex 67.4663 33.5261 0
      vertex 67.4663 33.5261 13
    endloop
  endfacet
  facet normal 0.156403 0.987693 2.09295e-05
    outer loop
      vertex 70.573 33.0341 2.34366
      vertex 67.4663 33.5261 0
      vertex 70 33.1248 4.01235
    endloop
  endfacet
  facet normal 0.156433 0.987689 -2.07626e-05
    outer loop
      vertex 72.073 32.7965 1.14901
      vertex 67.4663 33.5261 0
      vertex 70.573 33.0341 2.34366
    endloop
  endfacet
  facet normal 0.809161 0.587587 0
    outer loop
      vertex 67.4663 33.5261 13
      vertex 67.2271 33.8555 0
      vertex 67.2271 33.8555 13
    endloop
  endfacet
  facet normal 0.809161 0.587587 0
    outer loop
      vertex 67.2271 33.8555 0
      vertex 67.4663 33.5261 13
      vertex 67.4663 33.5261 0
    endloop
  endfacet
  facet normal -0 0 -1
    outer loop
      vertex 68 -6.54159 11.5
      vertex 67.2524 -6.66 11.5
      vertex 68 -6.29372 11.5
    endloop
  endfacet
  facet normal 0 0 -1
    outer loop
      vertex 85 13 11.5
      vertex 86.4 13 11.5
      vertex 85.9761 8.96651 11.5
    endloop
  endfacet
  facet normal 0 0 -1
    outer loop
      vertex 86.4 13 11.5
      vertex 85 13 11.5
      vertex 85.9761 17.0335 11.5
    endloop
  endfacet
  facet normal 0 0 -1
    outer loop
      vertex 84.6067 9.25759 11.5
      vertex 85.9761 8.96651 11.5
      vertex 84.7228 5.10931 11.5
    endloop
  endfacet
  facet normal 0 0 -1
    outer loop
      vertex 85.9761 8.96651 11.5
      vertex 84.6067 9.25759 11.5
      vertex 85 13 11.5
    endloop
  endfacet
  facet normal 0 0 -1
    outer loop
      vertex 84.7228 5.10931 11.5
      vertex 83.4438 5.67874 11.5
      vertex 84.6067 9.25759 11.5
    endloop
  endfacet
  facet normal 0 0 -1
    outer loop
      vertex 82.6949 1.59697 11.5
      vertex 83.4438 5.67874 11.5
      vertex 84.7228 5.10931 11.5
    endloop
  endfacet
  facet normal 0 0 -1
    outer loop
      vertex 82.6949 1.59697 11.5
      vertex 81.5623 2.41986 11.5
      vertex 83.4438 5.67874 11.5
    endloop
  endfacet
  facet normal 0 0 -1
    outer loop
      vertex 79.9811 -1.41701 11.5
      vertex 81.5623 2.41986 11.5
      vertex 82.6949 1.59697 11.5
    endloop
  endfacet
  facet normal 0 0 -1
    outer loop
      vertex 79.9811 -1.41701 11.5
      vertex 79.0443 -0.376606 11.5
      vertex 81.5623 2.41986 11.5
    endloop
  endfacet
  facet normal 0 0 -1
    outer loop
      vertex 76.7 -3.80089 11.5
      vertex 79.0443 -0.376606 11.5
      vertex 79.9811 -1.41701 11.5
    endloop
  endfacet
  facet normal 0 0 -1
    outer loop
      vertex 76.7 -3.80089 11.5
      vertex 76 -2.58846 11.5
      vertex 79.0443 -0.376606 11.5
    endloop
  endfacet
  facet normal 0 0 -1
    outer loop
      vertex 72.9949 -5.4505 11.5
      vertex 76 -2.58846 11.5
      vertex 76.7 -3.80089 11.5
    endloop
  endfacet
  facet normal 0 0 -1
    outer loop
      vertex 72.9949 -5.4505 11.5
      vertex 72.5623 -4.11902 11.5
      vertex 76 -2.58846 11.5
    endloop
  endfacet
  facet normal 0 0 -1
    outer loop
      vertex 69.0279 -6.29372 11.5
      vertex 72.5623 -4.11902 11.5
      vertex 72.9949 -5.4505 11.5
    endloop
  endfacet
  facet normal 0 0 -1
    outer loop
      vertex 69.0279 -6.29372 11.5
      vertex 68.8815 -4.90139 11.5
      vertex 72.5623 -4.11902 11.5
    endloop
  endfacet
  facet normal 0 0 -1
    outer loop
      vertex 68 -6.29372 11.5
      vertex 68.8815 -4.90139 11.5
      vertex 69.0279 -6.29372 11.5
    endloop
  endfacet
  facet normal 0 0 -1
    outer loop
      vertex 65.1185 -4.90139 11.5
      vertex 68 -6.29372 11.5
      vertex 67.2524 -6.66 11.5
    endloop
  endfacet
  facet normal 0 0 -1
    outer loop
      vertex 68 -6.29372 11.5
      vertex 65.1185 -4.90139 11.5
      vertex 68.8815 -4.90139 11.5
    endloop
  endfacet
  facet normal 0 0 -1
    outer loop
      vertex 84.6067 16.7424 11.5
      vertex 85.9761 17.0335 11.5
      vertex 85 13 11.5
    endloop
  endfacet
  facet normal -0 0 -1
    outer loop
      vertex 85.9761 17.0335 11.5
      vertex 84.6067 16.7424 11.5
      vertex 84.7228 20.8907 11.5
    endloop
  endfacet
  facet normal 0 0 -1
    outer loop
      vertex 83.4438 20.3213 11.5
      vertex 84.7228 20.8907 11.5
      vertex 84.6067 16.7424 11.5
    endloop
  endfacet
  facet normal 0 0 -1
    outer loop
      vertex 83.4438 20.3213 11.5
      vertex 82.6949 24.403 11.5
      vertex 84.7228 20.8907 11.5
    endloop
  endfacet
  facet normal 0 0 -1
    outer loop
      vertex 81.5623 23.5801 11.5
      vertex 82.6949 24.403 11.5
      vertex 83.4438 20.3213 11.5
    endloop
  endfacet
  facet normal 0 0 -1
    outer loop
      vertex 81.5623 23.5801 11.5
      vertex 79.9811 27.417 11.5
      vertex 82.6949 24.403 11.5
    endloop
  endfacet
  facet normal 0 0 -1
    outer loop
      vertex 79.0443 26.3766 11.5
      vertex 79.9811 27.417 11.5
      vertex 81.5623 23.5801 11.5
    endloop
  endfacet
  facet normal 0 0 -1
    outer loop
      vertex 79.0443 26.3766 11.5
      vertex 76.7 29.8009 11.5
      vertex 79.9811 27.417 11.5
    endloop
  endfacet
  facet normal 0 0 -1
    outer loop
      vertex 76 28.5885 11.5
      vertex 76.7 29.8009 11.5
      vertex 79.0443 26.3766 11.5
    endloop
  endfacet
  facet normal 0 0 -1
    outer loop
      vertex 76 28.5885 11.5
      vertex 72.9949 31.4505 11.5
      vertex 76.7 29.8009 11.5
    endloop
  endfacet
  facet normal 0 0 -1
    outer loop
      vertex 72.5623 30.119 11.5
      vertex 72.9949 31.4505 11.5
      vertex 76 28.5885 11.5
    endloop
  endfacet
  facet normal 0 0 -1
    outer loop
      vertex 72.5623 30.119 11.5
      vertex 69.0279 32.2937 11.5
      vertex 72.9949 31.4505 11.5
    endloop
  endfacet
  facet normal 0 0 -1
    outer loop
      vertex 68.8815 30.9014 11.5
      vertex 69.0279 32.2937 11.5
      vertex 72.5623 30.119 11.5
    endloop
  endfacet
  facet normal 0 0 -1
    outer loop
      vertex 68.8815 30.9014 11.5
      vertex 68 32.2937 11.5
      vertex 69.0279 32.2937 11.5
    endloop
  endfacet
  facet normal 0 0 -1
    outer loop
      vertex 68 32.2937 11.5
      vertex 67.1844 32.6708 11.5
      vertex 68 32.5416 11.5
    endloop
  endfacet
  facet normal 0 0 -1
    outer loop
      vertex 65.1185 30.9014 11.5
      vertex 68 32.2937 11.5
      vertex 68.8815 30.9014 11.5
    endloop
  endfacet
  facet normal 0 0 -1
    outer loop
      vertex 67.1844 32.6708 11.5
      vertex 67.1562 32.7142 11.5
      vertex 67.1778 32.6824 11.5
    endloop
  endfacet
  facet normal 0 0 -1
    outer loop
      vertex 66.5447 33.2039 11.5
      vertex 67.1562 32.7142 11.5
      vertex 67.1844 32.6708 11.5
    endloop
  endfacet
  facet normal 0 0 -1
    outer loop
      vertex 67.1562 32.7142 11.5
      vertex 66.5447 33.2039 11.5
      vertex 66.9489 32.9995 11.5
    endloop
  endfacet
  facet normal 0 0 -1
    outer loop
      vertex 66.9489 32.9995 11.5
      vertex 66.5447 33.2039 11.5
      vertex 66.925 33.0295 11.5
    endloop
  endfacet
  facet normal 0 0 -1
    outer loop
      vertex 66.925 33.0295 11.5
      vertex 66.5447 33.2039 11.5
      vertex 66.899 33.0576 11.5
    endloop
  endfacet
  facet normal 0 0 -1
    outer loop
      vertex 66.899 33.0576 11.5
      vertex 66.5447 33.2039 11.5
      vertex 66.8708 33.0836 11.5
    endloop
  endfacet
  facet normal 0 0 -1
    outer loop
      vertex 66.8708 33.0836 11.5
      vertex 66.5447 33.2039 11.5
      vertex 66.8407 33.1075 11.5
    endloop
  endfacet
  facet normal 0 0 -1
    outer loop
      vertex 66.8407 33.1075 11.5
      vertex 66.5447 33.2039 11.5
      vertex 66.8087 33.129 11.5
    endloop
  endfacet
  facet normal 0 0 -1
    outer loop
      vertex 66.8087 33.129 11.5
      vertex 66.5447 33.2039 11.5
      vertex 66.7751 33.1481 11.5
    endloop
  endfacet
  facet normal 0 0 -1
    outer loop
      vertex 66.7751 33.1481 11.5
      vertex 66.5447 33.2039 11.5
      vertex 66.7398 33.1646 11.5
    endloop
  endfacet
  facet normal 0 0 -1
    outer loop
      vertex 66.7398 33.1646 11.5
      vertex 66.5447 33.2039 11.5
      vertex 66.7032 33.1784 11.5
    endloop
  endfacet
  facet normal -0 0 -1
    outer loop
      vertex 68 32.2937 11.5
      vertex 65.1185 30.9014 11.5
      vertex 67.1844 32.6708 11.5
    endloop
  endfacet
  facet normal 0 -0 -1
    outer loop
      vertex 66.5447 33.2039 11.5
      vertex 67.1844 32.6708 11.5
      vertex 65.1185 30.9014 11.5
    endloop
  endfacet
  facet normal 0 0 -1
    outer loop
      vertex 66.7032 33.1784 11.5
      vertex 66.5447 33.2039 11.5
      vertex 66.6652 33.1893 11.5
    endloop
  endfacet
  facet normal 0 0 -1
    outer loop
      vertex 66.6652 33.1893 11.5
      vertex 66.5447 33.2039 11.5
      vertex 66.626 33.1973 11.5
    endloop
  endfacet
  facet normal 0 0 -1
    outer loop
      vertex 66.626 33.1973 11.5
      vertex 66.5447 33.2039 11.5
      vertex 66.5858 33.2022 11.5
    endloop
  endfacet
  facet normal 0 0 -1
    outer loop
      vertex 61.4377 30.119 11.5
      vertex 66.5447 33.2039 11.5
      vertex 65.1185 30.9014 11.5
    endloop
  endfacet
  facet normal 0 0 -1
    outer loop
      vertex 47.6 33.2039 11.5
      vertex 61.4377 30.119 11.5
      vertex 58 28.5885 11.5
    endloop
  endfacet
  facet normal 0 0 -1
    outer loop
      vertex 61.4377 30.119 11.5
      vertex 47.6 33.2039 11.5
      vertex 66.5447 33.2039 11.5
    endloop
  endfacet
  facet normal 0 0 -1
    outer loop
      vertex 54.9557 26.3766 11.5
      vertex 47.6 33.2039 11.5
      vertex 58 28.5885 11.5
    endloop
  endfacet
  facet normal 0 0 -1
    outer loop
      vertex 52.4377 23.5801 11.5
      vertex 47.6 33.2039 11.5
      vertex 54.9557 26.3766 11.5
    endloop
  endfacet
  facet normal 0 0 -1
    outer loop
      vertex 50.5562 20.3213 11.5
      vertex 47.6 33.2039 11.5
      vertex 52.4377 23.5801 11.5
    endloop
  endfacet
  facet normal 0 0 -1
    outer loop
      vertex 49.3933 16.7424 11.5
      vertex 47.6 33.2039 11.5
      vertex 50.5562 20.3213 11.5
    endloop
  endfacet
  facet normal 0 0 -1
    outer loop
      vertex 49 13 11.5
      vertex 47.6 33.2039 11.5
      vertex 49.3933 16.7424 11.5
    endloop
  endfacet
  facet normal 0 0 -1
    outer loop
      vertex 47.6 33.2039 11.5
      vertex 49 13 11.5
      vertex 47.6 -12.4052 11.5
    endloop
  endfacet
  facet normal 0 0 -1
    outer loop
      vertex 53.1747 -12.522 11.5
      vertex 50.5562 5.67874 11.5
      vertex 52.4377 2.41986 11.5
    endloop
  endfacet
  facet normal 0 0 -1
    outer loop
      vertex 47.6 -12.4052 11.5
      vertex 52.95 -13.7 11.5
      vertex 52.9752 -14.1011 11.5
    endloop
  endfacet
  facet normal 0 0 -1
    outer loop
      vertex 52.9752 -13.2989 11.5
      vertex 47.6 -12.4052 11.5
      vertex 50.5562 5.67874 11.5
    endloop
  endfacet
  facet normal -0 0 -1
    outer loop
      vertex 49.3933 9.25759 11.5
      vertex 47.6 -12.4052 11.5
      vertex 49 13 11.5
    endloop
  endfacet
  facet normal -0 0 -1
    outer loop
      vertex 50.5562 5.67874 11.5
      vertex 47.6 -12.4052 11.5
      vertex 49.3933 9.25759 11.5
    endloop
  endfacet
  facet normal 0 0 -1
    outer loop
      vertex 53.0505 -14.4958 11.5
      vertex 47.6 -12.4052 11.5
      vertex 52.9752 -14.1011 11.5
    endloop
  endfacet
  facet normal 0 0 -1
    outer loop
      vertex 53.1747 -14.878 11.5
      vertex 47.6 -12.4052 11.5
      vertex 53.0505 -14.4958 11.5
    endloop
  endfacet
  facet normal 0 0 -1
    outer loop
      vertex 53.3458 -15.2416 11.5
      vertex 47.6 -12.4052 11.5
      vertex 53.1747 -14.878 11.5
    endloop
  endfacet
  facet normal 0 0 -1
    outer loop
      vertex 53.5611 -15.5809 11.5
      vertex 47.6 -12.4052 11.5
      vertex 53.3458 -15.2416 11.5
    endloop
  endfacet
  facet normal 0 0 -1
    outer loop
      vertex 53.8173 -15.8905 11.5
      vertex 47.6 -12.4052 11.5
      vertex 53.5611 -15.5809 11.5
    endloop
  endfacet
  facet normal 0 0 -1
    outer loop
      vertex 47.6 -12.4052 11.5
      vertex 53.8173 -15.8905 11.5
      vertex 54.1053 -16.161 11.5
    endloop
  endfacet
  facet normal 0 0 -1
    outer loop
      vertex 59.3248 -14.1011 11.5
      vertex 67.2524 -6.66 11.5
      vertex 67.2524 -23.7515 11.5
    endloop
  endfacet
  facet normal 0 0 -1
    outer loop
      vertex 59.3248 -13.2989 11.5
      vertex 67.2524 -6.66 11.5
      vertex 59.35 -13.7 11.5
    endloop
  endfacet
  facet normal 0 0 -1
    outer loop
      vertex 59.2495 -12.9042 11.5
      vertex 67.2524 -6.66 11.5
      vertex 59.3248 -13.2989 11.5
    endloop
  endfacet
  facet normal 0 0 -1
    outer loop
      vertex 67.2524 -6.66 11.5
      vertex 59.3248 -14.1011 11.5
      vertex 59.35 -13.7 11.5
    endloop
  endfacet
  facet normal 0 0 -1
    outer loop
      vertex 67.2524 -23.7515 11.5
      vertex 59.2495 -14.4958 11.5
      vertex 59.3248 -14.1011 11.5
    endloop
  endfacet
  facet normal 0 0 -1
    outer loop
      vertex 67.2524 -23.7515 11.5
      vertex 59.1253 -14.878 11.5
      vertex 59.2495 -14.4958 11.5
    endloop
  endfacet
  facet normal 0 0 -1
    outer loop
      vertex 67.2524 -23.7515 11.5
      vertex 58.9542 -15.2416 11.5
      vertex 59.1253 -14.878 11.5
    endloop
  endfacet
  facet normal 0 0 -1
    outer loop
      vertex 67.2524 -23.7515 11.5
      vertex 58.7389 -15.5809 11.5
      vertex 58.9542 -15.2416 11.5
    endloop
  endfacet
  facet normal 0 0 -1
    outer loop
      vertex 67.2524 -23.7515 11.5
      vertex 58.4827 -15.8905 11.5
      vertex 58.7389 -15.5809 11.5
    endloop
  endfacet
  facet normal 0 0 -1
    outer loop
      vertex 67.2524 -23.7515 11.5
      vertex 58.1898 -16.1656 11.5
      vertex 58.4827 -15.8905 11.5
    endloop
  endfacet
  facet normal 0 0 -1
    outer loop
      vertex 67.2524 -23.7515 11.5
      vertex 57.8646 -16.4018 11.5
      vertex 58.1898 -16.1656 11.5
    endloop
  endfacet
  facet normal 0 0 -1
    outer loop
      vertex 67.2524 -23.7515 11.5
      vertex 57.5125 -16.5954 11.5
      vertex 57.8646 -16.4018 11.5
    endloop
  endfacet
  facet normal 0 0 -1
    outer loop
      vertex 67.2524 -23.7515 11.5
      vertex 57.1388 -16.7434 11.5
      vertex 57.5125 -16.5954 11.5
    endloop
  endfacet
  facet normal 0 0 -1
    outer loop
      vertex 67.2524 -23.7515 11.5
      vertex 56.7496 -16.8433 11.5
      vertex 57.1388 -16.7434 11.5
    endloop
  endfacet
  facet normal 0 0 -1
    outer loop
      vertex 67.2524 -23.7515 11.5
      vertex 56.3509 -16.8937 11.5
      vertex 56.7496 -16.8433 11.5
    endloop
  endfacet
  facet normal 0 0 -1
    outer loop
      vertex 67.2524 -23.7515 11.5
      vertex 55.9491 -16.8937 11.5
      vertex 56.3509 -16.8937 11.5
    endloop
  endfacet
  facet normal 0 0 -1
    outer loop
      vertex 67.2524 -23.7515 11.5
      vertex 55.5504 -16.8433 11.5
      vertex 55.9491 -16.8937 11.5
    endloop
  endfacet
  facet normal 0 0 -1
    outer loop
      vertex 67.2524 -23.7515 11.5
      vertex 55.1612 -16.7434 11.5
      vertex 55.5504 -16.8433 11.5
    endloop
  endfacet
  facet normal -0 -0 -1
    outer loop
      vertex 55.1612 -16.7434 11.5
      vertex 67.2524 -23.7515 11.5
      vertex 55.0111 -16.684 11.5
    endloop
  endfacet
  facet normal 0 0 -1
    outer loop
      vertex 59.1253 -12.522 11.5
      vertex 67.2524 -6.66 11.5
      vertex 59.2495 -12.9042 11.5
    endloop
  endfacet
  facet normal 0 0 -1
    outer loop
      vertex 58.9542 -12.1584 11.5
      vertex 67.2524 -6.66 11.5
      vertex 59.1253 -12.522 11.5
    endloop
  endfacet
  facet normal -0 0 -1
    outer loop
      vertex 67.2524 -6.66 11.5
      vertex 58.9542 -12.1584 11.5
      vertex 65.1185 -4.90139 11.5
    endloop
  endfacet
  facet normal 0 0 -1
    outer loop
      vertex 58.7389 -11.8191 11.5
      vertex 65.1185 -4.90139 11.5
      vertex 58.9542 -12.1584 11.5
    endloop
  endfacet
  facet normal -0 0 -1
    outer loop
      vertex 65.1185 -4.90139 11.5
      vertex 58.7389 -11.8191 11.5
      vertex 61.4377 -4.11902 11.5
    endloop
  endfacet
  facet normal 0 0 -1
    outer loop
      vertex 58.4827 -11.5095 11.5
      vertex 61.4377 -4.11902 11.5
      vertex 58.7389 -11.8191 11.5
    endloop
  endfacet
  facet normal 0 0 -1
    outer loop
      vertex 58.1898 -11.2344 11.5
      vertex 61.4377 -4.11902 11.5
      vertex 58.4827 -11.5095 11.5
    endloop
  endfacet
  facet normal 0 0 -1
    outer loop
      vertex 57.8646 -10.9982 11.5
      vertex 61.4377 -4.11902 11.5
      vertex 58.1898 -11.2344 11.5
    endloop
  endfacet
  facet normal 0 0 -1
    outer loop
      vertex 57.5125 -10.8046 11.5
      vertex 61.4377 -4.11902 11.5
      vertex 57.8646 -10.9982 11.5
    endloop
  endfacet
  facet normal 0 0 -1
    outer loop
      vertex 57.1388 -10.6566 11.5
      vertex 61.4377 -4.11902 11.5
      vertex 57.5125 -10.8046 11.5
    endloop
  endfacet
  facet normal -0 0 -1
    outer loop
      vertex 61.4377 -4.11902 11.5
      vertex 57.1388 -10.6566 11.5
      vertex 58 -2.58846 11.5
    endloop
  endfacet
  facet normal 0 0 -1
    outer loop
      vertex 56.7496 -10.5567 11.5
      vertex 58 -2.58846 11.5
      vertex 57.1388 -10.6566 11.5
    endloop
  endfacet
  facet normal 0 0 -1
    outer loop
      vertex 56.3509 -10.5063 11.5
      vertex 58 -2.58846 11.5
      vertex 56.7496 -10.5567 11.5
    endloop
  endfacet
  facet normal 0 0 -1
    outer loop
      vertex 55.9491 -10.5063 11.5
      vertex 58 -2.58846 11.5
      vertex 56.3509 -10.5063 11.5
    endloop
  endfacet
  facet normal 0 0 -1
    outer loop
      vertex 55.5504 -10.5567 11.5
      vertex 58 -2.58846 11.5
      vertex 55.9491 -10.5063 11.5
    endloop
  endfacet
  facet normal 0 0 -1
    outer loop
      vertex 55.1612 -10.6566 11.5
      vertex 58 -2.58846 11.5
      vertex 55.5504 -10.5567 11.5
    endloop
  endfacet
  facet normal 0 0 -1
    outer loop
      vertex 55.1612 -10.6566 11.5
      vertex 54.9557 -0.376606 11.5
      vertex 58 -2.58846 11.5
    endloop
  endfacet
  facet normal 0 0 -1
    outer loop
      vertex 54.7875 -10.8046 11.5
      vertex 54.9557 -0.376606 11.5
      vertex 55.1612 -10.6566 11.5
    endloop
  endfacet
  facet normal 0 0 -1
    outer loop
      vertex 54.4354 -10.9982 11.5
      vertex 54.9557 -0.376606 11.5
      vertex 54.7875 -10.8046 11.5
    endloop
  endfacet
  facet normal 0 0 -1
    outer loop
      vertex 54.1103 -11.2344 11.5
      vertex 54.9557 -0.376606 11.5
      vertex 54.4354 -10.9982 11.5
    endloop
  endfacet
  facet normal 0 0 -1
    outer loop
      vertex 53.8173 -11.5095 11.5
      vertex 54.9557 -0.376606 11.5
      vertex 54.1103 -11.2344 11.5
    endloop
  endfacet
  facet normal 0 0 -1
    outer loop
      vertex 52.4377 2.41986 11.5
      vertex 53.8173 -11.5095 11.5
      vertex 53.5611 -11.8191 11.5
    endloop
  endfacet
  facet normal 0 0 -1
    outer loop
      vertex 52.4377 2.41986 11.5
      vertex 53.5611 -11.8191 11.5
      vertex 53.3458 -12.1584 11.5
    endloop
  endfacet
  facet normal 0 0 -1
    outer loop
      vertex 52.4377 2.41986 11.5
      vertex 53.3458 -12.1584 11.5
      vertex 53.1747 -12.522 11.5
    endloop
  endfacet
  facet normal 0 0 -1
    outer loop
      vertex 50.5562 5.67874 11.5
      vertex 53.1747 -12.522 11.5
      vertex 53.0505 -12.9042 11.5
    endloop
  endfacet
  facet normal 0 0 -1
    outer loop
      vertex 50.5562 5.67874 11.5
      vertex 53.0505 -12.9042 11.5
      vertex 52.9752 -13.2989 11.5
    endloop
  endfacet
  facet normal 0 0 -1
    outer loop
      vertex 53.8173 -11.5095 11.5
      vertex 52.4377 2.41986 11.5
      vertex 54.9557 -0.376606 11.5
    endloop
  endfacet
  facet normal 0 0 -1
    outer loop
      vertex 47.6 -12.4052 11.5
      vertex 52.9752 -13.2989 11.5
      vertex 52.95 -13.7 11.5
    endloop
  endfacet
  facet normal 0 0 1
    outer loop
      vertex 46.6289 33.2327 11.5
      vertex 46.6288 33.2327 11.5
      vertex 46.6375 33.2294 11.5
    endloop
  endfacet
  facet normal 0 0 -1
    outer loop
      vertex 58.0872 -14.1974 11.5
      vertex 58.15 -13.7 11.5
      vertex 58.1342 -13.9507 11.5
    endloop
  endfacet
  facet normal 0 0 -1
    outer loop
      vertex 58.0095 -14.4362 11.5
      vertex 58.15 -13.7 11.5
      vertex 58.0872 -14.1974 11.5
    endloop
  endfacet
  facet normal 0 0 -1
    outer loop
      vertex 57.9026 -14.6635 11.5
      vertex 58.15 -13.7 11.5
      vertex 58.0095 -14.4362 11.5
    endloop
  endfacet
  facet normal 0 0 -1
    outer loop
      vertex 57.768 -14.8756 11.5
      vertex 58.15 -13.7 11.5
      vertex 57.9026 -14.6635 11.5
    endloop
  endfacet
  facet normal 0 0 -1
    outer loop
      vertex 57.6079 -15.0691 11.5
      vertex 58.15 -13.7 11.5
      vertex 57.768 -14.8756 11.5
    endloop
  endfacet
  facet normal 0 0 -1
    outer loop
      vertex 57.3988 -15.26 11.5
      vertex 57.6079 -15.0691 11.5
      vertex 57.4248 -15.241 11.5
    endloop
  endfacet
  facet normal -0 0 -1
    outer loop
      vertex 57.6079 -15.0691 11.5
      vertex 57.3988 -15.26 11.5
      vertex 58.15 -13.7 11.5
    endloop
  endfacet
  facet normal 0 0 -1
    outer loop
      vertex 58.15 -13.7 11.5
      vertex 58.0872 -13.2026 11.5
      vertex 58.1342 -13.4493 11.5
    endloop
  endfacet
  facet normal 0 0 -1
    outer loop
      vertex 58.15 -13.7 11.5
      vertex 58.0095 -12.9638 11.5
      vertex 58.0872 -13.2026 11.5
    endloop
  endfacet
  facet normal 0 0 -1
    outer loop
      vertex 58.15 -13.7 11.5
      vertex 57.9026 -12.7365 11.5
      vertex 58.0095 -12.9638 11.5
    endloop
  endfacet
  facet normal 0 0 -1
    outer loop
      vertex 58.15 -13.7 11.5
      vertex 57.768 -12.5244 11.5
      vertex 57.9026 -12.7365 11.5
    endloop
  endfacet
  facet normal 0 0 -1
    outer loop
      vertex 58.15 -13.7 11.5
      vertex 57.6079 -12.3309 11.5
      vertex 57.768 -12.5244 11.5
    endloop
  endfacet
  facet normal 0 0 -1
    outer loop
      vertex 57.3988 -12.14 11.5
      vertex 57.6079 -12.3309 11.5
      vertex 58.15 -13.7 11.5
    endloop
  endfacet
  facet normal 0 0 -1
    outer loop
      vertex 57.6079 -12.3309 11.5
      vertex 57.3988 -12.14 11.5
      vertex 57.4248 -12.159 11.5
    endloop
  endfacet
  facet normal 0 0 -1
    outer loop
      vertex 54.2128 -14.1974 11.5
      vertex 54.3481 -14.5587 11.5
      vertex 54.2905 -14.4362 11.5
    endloop
  endfacet
  facet normal 0 0 -1
    outer loop
      vertex 54.3481 -14.5587 11.5
      vertex 54.2128 -14.1974 11.5
      vertex 54.3481 -12.8413 11.5
    endloop
  endfacet
  facet normal 0 0 -1
    outer loop
      vertex 54.2128 -13.2026 11.5
      vertex 54.3481 -12.8413 11.5
      vertex 54.2128 -14.1974 11.5
    endloop
  endfacet
  facet normal 0 0 -1
    outer loop
      vertex 54.3481 -12.8413 11.5
      vertex 54.2128 -13.2026 11.5
      vertex 54.2905 -12.9638 11.5
    endloop
  endfacet
  facet normal 0 0 -1
    outer loop
      vertex 54.1658 -13.9507 11.5
      vertex 54.2128 -13.2026 11.5
      vertex 54.2128 -14.1974 11.5
    endloop
  endfacet
  facet normal 0 0 -1
    outer loop
      vertex 54.1658 -13.9507 11.5
      vertex 54.1658 -13.4493 11.5
      vertex 54.2128 -13.2026 11.5
    endloop
  endfacet
  facet normal 0 -0 -1
    outer loop
      vertex 54.1658 -13.4493 11.5
      vertex 54.1658 -13.9507 11.5
      vertex 54.15 -13.7 11.5
    endloop
  endfacet
  facet normal 0 0 -1
    outer loop
      vertex 55.2985 -15.5096 11.5
      vertex 55.6988 -15.6449 11.5
      vertex 55.532 -15.6021 11.5
    endloop
  endfacet
  facet normal 0 0 -1
    outer loop
      vertex 55.0784 -15.3886 11.5
      vertex 55.6988 -15.6449 11.5
      vertex 55.2985 -15.5096 11.5
    endloop
  endfacet
  facet normal 0 0 -1
    outer loop
      vertex 54.8752 -15.241 11.5
      vertex 55.6988 -15.6449 11.5
      vertex 55.0784 -15.3886 11.5
    endloop
  endfacet
  facet normal 0 0 -1
    outer loop
      vertex 54.6921 -15.0691 11.5
      vertex 55.6988 -15.6449 11.5
      vertex 54.8752 -15.241 11.5
    endloop
  endfacet
  facet normal 0 0 -1
    outer loop
      vertex 54.532 -14.8756 11.5
      vertex 55.6988 -15.6449 11.5
      vertex 54.6921 -15.0691 11.5
    endloop
  endfacet
  facet normal 0 0 -1
    outer loop
      vertex 54.3549 -14.5732 11.5
      vertex 54.532 -14.8756 11.5
      vertex 54.3974 -14.6635 11.5
    endloop
  endfacet
  facet normal 0 0 -1
    outer loop
      vertex 54.532 -14.8756 11.5
      vertex 54.3549 -14.5732 11.5
      vertex 55.6988 -15.6449 11.5
    endloop
  endfacet
  facet normal 0 0 -1
    outer loop
      vertex 55.6988 -11.7551 11.5
      vertex 55.2985 -11.8904 11.5
      vertex 55.532 -11.7979 11.5
    endloop
  endfacet
  facet normal 0 0 -1
    outer loop
      vertex 55.6988 -11.7551 11.5
      vertex 55.0784 -12.0114 11.5
      vertex 55.2985 -11.8904 11.5
    endloop
  endfacet
  facet normal 0 0 -1
    outer loop
      vertex 55.6988 -11.7551 11.5
      vertex 54.8752 -12.159 11.5
      vertex 55.0784 -12.0114 11.5
    endloop
  endfacet
  facet normal 0 0 -1
    outer loop
      vertex 55.6988 -11.7551 11.5
      vertex 54.6921 -12.3309 11.5
      vertex 54.8752 -12.159 11.5
    endloop
  endfacet
  facet normal 0 0 -1
    outer loop
      vertex 55.6988 -11.7551 11.5
      vertex 54.532 -12.5244 11.5
      vertex 54.6921 -12.3309 11.5
    endloop
  endfacet
  facet normal 0 0 -1
    outer loop
      vertex 54.3549 -12.8268 11.5
      vertex 54.532 -12.5244 11.5
      vertex 55.6988 -11.7551 11.5
    endloop
  endfacet
  facet normal 0 0 -1
    outer loop
      vertex 54.532 -12.5244 11.5
      vertex 54.3549 -12.8268 11.5
      vertex 54.3974 -12.7365 11.5
    endloop
  endfacet
  facet normal 0 0 -1
    outer loop
      vertex 57.0015 -15.5096 11.5
      vertex 57.3922 -15.2648 11.5
      vertex 57.2216 -15.3886 11.5
    endloop
  endfacet
  facet normal 0 0 -1
    outer loop
      vertex 56.768 -15.6021 11.5
      vertex 57.3922 -15.2648 11.5
      vertex 57.0015 -15.5096 11.5
    endloop
  endfacet
  facet normal 0 0 -1
    outer loop
      vertex 56.5248 -15.6646 11.5
      vertex 57.3922 -15.2648 11.5
      vertex 56.768 -15.6021 11.5
    endloop
  endfacet
  facet normal 0 0 -1
    outer loop
      vertex 56.2756 -15.696 11.5
      vertex 57.3922 -15.2648 11.5
      vertex 56.5248 -15.6646 11.5
    endloop
  endfacet
  facet normal 0 0 -1
    outer loop
      vertex 56.0244 -15.696 11.5
      vertex 57.3922 -15.2648 11.5
      vertex 56.2756 -15.696 11.5
    endloop
  endfacet
  facet normal 0 0 -1
    outer loop
      vertex 55.7118 -15.6483 11.5
      vertex 56.0244 -15.696 11.5
      vertex 55.7752 -15.6646 11.5
    endloop
  endfacet
  facet normal 0 0 -1
    outer loop
      vertex 56.0244 -15.696 11.5
      vertex 55.7118 -15.6483 11.5
      vertex 57.3922 -15.2648 11.5
    endloop
  endfacet
  facet normal 0 0 -1
    outer loop
      vertex 57.3922 -12.1352 11.5
      vertex 57.0015 -11.8904 11.5
      vertex 57.2216 -12.0114 11.5
    endloop
  endfacet
  facet normal 0 0 -1
    outer loop
      vertex 57.3922 -12.1352 11.5
      vertex 56.768 -11.7979 11.5
      vertex 57.0015 -11.8904 11.5
    endloop
  endfacet
  facet normal 0 0 -1
    outer loop
      vertex 57.3922 -12.1352 11.5
      vertex 56.5248 -11.7354 11.5
      vertex 56.768 -11.7979 11.5
    endloop
  endfacet
  facet normal 0 0 -1
    outer loop
      vertex 57.3922 -12.1352 11.5
      vertex 56.2756 -11.704 11.5
      vertex 56.5248 -11.7354 11.5
    endloop
  endfacet
  facet normal 0 0 -1
    outer loop
      vertex 57.3922 -12.1352 11.5
      vertex 56.0244 -11.704 11.5
      vertex 56.2756 -11.704 11.5
    endloop
  endfacet
  facet normal 0 0 -1
    outer loop
      vertex 55.7118 -11.7517 11.5
      vertex 56.0244 -11.704 11.5
      vertex 57.3922 -12.1352 11.5
    endloop
  endfacet
  facet normal 0 0 -1
    outer loop
      vertex 56.0244 -11.704 11.5
      vertex 55.7118 -11.7517 11.5
      vertex 55.7752 -11.7354 11.5
    endloop
  endfacet
  facet normal -0.869164 -0.494524 0
    outer loop
      vertex 67.1844 32.6708 0
      vertex 67.1778 32.6824 11.5
      vertex 67.1778 32.6824 0
    endloop
  endfacet
  facet normal -0.869164 -0.494524 0
    outer loop
      vertex 67.1778 32.6824 11.5
      vertex 67.1844 32.6708 0
      vertex 67.1844 32.6708 11.5
    endloop
  endfacet
  facet normal -0.827217 -0.561883 0
    outer loop
      vertex 67.1778 32.6824 0
      vertex 67.1562 32.7142 11.5
      vertex 67.1562 32.7142 0
    endloop
  endfacet
  facet normal -0.827217 -0.561883 0
    outer loop
      vertex 67.1562 32.7142 11.5
      vertex 67.1778 32.6824 0
      vertex 67.1778 32.6824 11.5
    endloop
  endfacet
  facet normal -0.808994 -0.587818 0
    outer loop
      vertex 67.1562 32.7142 0
      vertex 66.9489 32.9995 11.5
      vertex 66.9489 32.9995 0
    endloop
  endfacet
  facet normal -0.808994 -0.587818 0
    outer loop
      vertex 66.9489 32.9995 11.5
      vertex 67.1562 32.7142 0
      vertex 67.1562 32.7142 11.5
    endloop
  endfacet
  facet normal -0.782139 -0.623104 0
    outer loop
      vertex 66.9489 32.9995 0
      vertex 66.925 33.0295 11.5
      vertex 66.925 33.0295 0
    endloop
  endfacet
  facet normal -0.782139 -0.623104 0
    outer loop
      vertex 66.925 33.0295 11.5
      vertex 66.9489 32.9995 0
      vertex 66.9489 32.9995 11.5
    endloop
  endfacet
  facet normal -0.734002 -0.679148 0
    outer loop
      vertex 66.925 33.0295 0
      vertex 66.899 33.0576 11.5
      vertex 66.899 33.0576 0
    endloop
  endfacet
  facet normal -0.734002 -0.679148 0
    outer loop
      vertex 66.899 33.0576 11.5
      vertex 66.925 33.0295 0
      vertex 66.925 33.0295 11.5
    endloop
  endfacet
  facet normal -0.677847 -0.735203 0
    outer loop
      vertex 66.8708 33.0836 0
      vertex 66.899 33.0576 11.5
      vertex 66.8708 33.0836 11.5
    endloop
  endfacet
  facet normal -0.677847 -0.735203 -0
    outer loop
      vertex 66.899 33.0576 11.5
      vertex 66.8708 33.0836 0
      vertex 66.899 33.0576 0
    endloop
  endfacet
  facet normal -0.621835 -0.783148 0
    outer loop
      vertex 66.8407 33.1075 0
      vertex 66.8708 33.0836 11.5
      vertex 66.8407 33.1075 11.5
    endloop
  endfacet
  facet normal -0.621835 -0.783148 -0
    outer loop
      vertex 66.8708 33.0836 11.5
      vertex 66.8407 33.1075 0
      vertex 66.8708 33.0836 0
    endloop
  endfacet
  facet normal -0.55769 -0.83005 0
    outer loop
      vertex 66.8087 33.129 0
      vertex 66.8407 33.1075 11.5
      vertex 66.8087 33.129 11.5
    endloop
  endfacet
  facet normal -0.55769 -0.83005 -0
    outer loop
      vertex 66.8407 33.1075 11.5
      vertex 66.8087 33.129 0
      vertex 66.8407 33.1075 0
    endloop
  endfacet
  facet normal -0.494187 -0.869356 0
    outer loop
      vertex 66.7751 33.1481 0
      vertex 66.8087 33.129 11.5
      vertex 66.7751 33.1481 11.5
    endloop
  endfacet
  facet normal -0.494187 -0.869356 -0
    outer loop
      vertex 66.8087 33.129 11.5
      vertex 66.7751 33.1481 0
      vertex 66.8087 33.129 0
    endloop
  endfacet
  facet normal -0.423447 -0.905921 0
    outer loop
      vertex 66.7398 33.1646 0
      vertex 66.7751 33.1481 11.5
      vertex 66.7398 33.1646 11.5
    endloop
  endfacet
  facet normal -0.423447 -0.905921 -0
    outer loop
      vertex 66.7751 33.1481 11.5
      vertex 66.7398 33.1646 0
      vertex 66.7751 33.1481 0
    endloop
  endfacet
  facet normal -0.352804 -0.935697 0
    outer loop
      vertex 66.7032 33.1784 0
      vertex 66.7398 33.1646 11.5
      vertex 66.7032 33.1784 11.5
    endloop
  endfacet
  facet normal -0.352804 -0.935697 -0
    outer loop
      vertex 66.7398 33.1646 11.5
      vertex 66.7032 33.1784 0
      vertex 66.7398 33.1646 0
    endloop
  endfacet
  facet normal -0.275723 -0.961237 0
    outer loop
      vertex 66.6652 33.1893 0
      vertex 66.7032 33.1784 11.5
      vertex 66.6652 33.1893 11.5
    endloop
  endfacet
  facet normal -0.275723 -0.961237 -0
    outer loop
      vertex 66.7032 33.1784 11.5
      vertex 66.6652 33.1893 0
      vertex 66.7032 33.1784 0
    endloop
  endfacet
  facet normal -0.19996 -0.979804 0
    outer loop
      vertex 66.626 33.1973 0
      vertex 66.6652 33.1893 11.5
      vertex 66.626 33.1973 11.5
    endloop
  endfacet
  facet normal -0.19996 -0.979804 -0
    outer loop
      vertex 66.6652 33.1893 11.5
      vertex 66.626 33.1973 0
      vertex 66.6652 33.1893 0
    endloop
  endfacet
  facet normal -0.120995 -0.992653 0
    outer loop
      vertex 66.5858 33.2022 0
      vertex 66.626 33.1973 11.5
      vertex 66.5858 33.2022 11.5
    endloop
  endfacet
  facet normal -0.120995 -0.992653 -0
    outer loop
      vertex 66.626 33.1973 11.5
      vertex 66.5858 33.2022 0
      vertex 66.626 33.1973 0
    endloop
  endfacet
  facet normal -0.0413272 -0.999146 0
    outer loop
      vertex 66.5447 33.2039 0
      vertex 66.5858 33.2022 11.5
      vertex 66.5447 33.2039 11.5
    endloop
  endfacet
  facet normal -0.0413272 -0.999146 -0
    outer loop
      vertex 66.5858 33.2022 11.5
      vertex 66.5447 33.2039 0
      vertex 66.5858 33.2022 0
    endloop
  endfacet
  facet normal 0 -1 0
    outer loop
      vertex 60 33.2039 6
      vertex 47.6 33.2039 11.5
      vertex 53 33.2039 6
    endloop
  endfacet
  facet normal 0 -1 0
    outer loop
      vertex 47.6 33.2039 11.5
      vertex 52.6867 33.2039 5.98029
      vertex 53 33.2039 6
    endloop
  endfacet
  facet normal 0 -1 0
    outer loop
      vertex 47.6 33.2039 11.5
      vertex 52.3783 33.2039 5.92146
      vertex 52.6867 33.2039 5.98029
    endloop
  endfacet
  facet normal 0 -1 0
    outer loop
      vertex 47.6 33.2039 11.5
      vertex 52.0797 33.2039 5.82444
      vertex 52.3783 33.2039 5.92146
    endloop
  endfacet
  facet normal 0 -1 0
    outer loop
      vertex 47.6 33.2039 11.5
      vertex 51.7956 33.2039 5.69077
      vertex 52.0797 33.2039 5.82444
    endloop
  endfacet
  facet normal 0 -1 0
    outer loop
      vertex 47.6 33.2039 11.5
      vertex 51.5305 33.2039 5.52254
      vertex 51.7956 33.2039 5.69077
    endloop
  endfacet
  facet normal 0 -1 0
    outer loop
      vertex 47.6 33.2039 11.5
      vertex 51.2886 33.2039 5.32242
      vertex 51.5305 33.2039 5.52254
    endloop
  endfacet
  facet normal 0 -1 0
    outer loop
      vertex 47.6 33.2039 11.5
      vertex 51.0737 33.2039 5.09356
      vertex 51.2886 33.2039 5.32242
    endloop
  endfacet
  facet normal 0 -1 0
    outer loop
      vertex 47.6 33.2039 11.5
      vertex 50.8892 33.2039 4.83957
      vertex 51.0737 33.2039 5.09356
    endloop
  endfacet
  facet normal 0 -1 0
    outer loop
      vertex 47.6 33.2039 11.5
      vertex 50.7379 33.2039 4.56445
      vertex 50.8892 33.2039 4.83957
    endloop
  endfacet
  facet normal 0 -1 0
    outer loop
      vertex 47.6 33.2039 11.5
      vertex 50.6224 33.2039 4.27254
      vertex 50.7379 33.2039 4.56445
    endloop
  endfacet
  facet normal 0 -1 0
    outer loop
      vertex 47.6 33.2039 11.5
      vertex 50.5443 33.2039 3.96845
      vertex 50.6224 33.2039 4.27254
    endloop
  endfacet
  facet normal 0 -1 0
    outer loop
      vertex 47.6 33.2039 0
      vertex 50.5443 33.2039 3.96845
      vertex 47.6 33.2039 11.5
    endloop
  endfacet
  facet normal 0 -1 0
    outer loop
      vertex 50.5443 33.2039 3.96845
      vertex 47.6 33.2039 0
      vertex 50.5049 33.2039 3.65698
    endloop
  endfacet
  facet normal 0 -1 -0
    outer loop
      vertex 50.5049 33.2039 3.65698
      vertex 47.6 33.2039 0
      vertex 50.5049 33.2039 3.34302
    endloop
  endfacet
  facet normal 0 -1 -0
    outer loop
      vertex 50.5049 33.2039 3.34302
      vertex 47.6 33.2039 0
      vertex 50.5443 33.2039 3.03155
    endloop
  endfacet
  facet normal 0 -1 -0
    outer loop
      vertex 53 33.2039 1
      vertex 47.6 33.2039 0
      vertex 60 33.2039 1
    endloop
  endfacet
  facet normal 0 -1 -0
    outer loop
      vertex 52.6867 33.2039 1.01971
      vertex 47.6 33.2039 0
      vertex 53 33.2039 1
    endloop
  endfacet
  facet normal 0 -1 -0
    outer loop
      vertex 52.3783 33.2039 1.07854
      vertex 47.6 33.2039 0
      vertex 52.6867 33.2039 1.01971
    endloop
  endfacet
  facet normal 0 -1 -0
    outer loop
      vertex 52.0797 33.2039 1.17556
      vertex 47.6 33.2039 0
      vertex 52.3783 33.2039 1.07854
    endloop
  endfacet
  facet normal 0 -1 -0
    outer loop
      vertex 51.7956 33.2039 1.30923
      vertex 47.6 33.2039 0
      vertex 52.0797 33.2039 1.17556
    endloop
  endfacet
  facet normal 0 -1 -0
    outer loop
      vertex 51.5305 33.2039 1.47746
      vertex 47.6 33.2039 0
      vertex 51.7956 33.2039 1.30923
    endloop
  endfacet
  facet normal 0 -1 -0
    outer loop
      vertex 51.2886 33.2039 1.67758
      vertex 47.6 33.2039 0
      vertex 51.5305 33.2039 1.47746
    endloop
  endfacet
  facet normal 0 -1 -0
    outer loop
      vertex 51.0737 33.2039 1.90644
      vertex 47.6 33.2039 0
      vertex 51.2886 33.2039 1.67758
    endloop
  endfacet
  facet normal 0 -1 -0
    outer loop
      vertex 50.8892 33.2039 2.16043
      vertex 47.6 33.2039 0
      vertex 51.0737 33.2039 1.90644
    endloop
  endfacet
  facet normal 0 -1 -0
    outer loop
      vertex 50.7379 33.2039 2.43555
      vertex 47.6 33.2039 0
      vertex 50.8892 33.2039 2.16043
    endloop
  endfacet
  facet normal 0 -1 -0
    outer loop
      vertex 50.6224 33.2039 2.72746
      vertex 47.6 33.2039 0
      vertex 50.7379 33.2039 2.43555
    endloop
  endfacet
  facet normal 0 -1 -0
    outer loop
      vertex 50.5443 33.2039 3.03155
      vertex 47.6 33.2039 0
      vertex 50.6224 33.2039 2.72746
    endloop
  endfacet
  facet normal 0 -1 0
    outer loop
      vertex 47.6 33.2039 11.5
      vertex 60 33.2039 6
      vertex 66.5447 33.2039 11.5
    endloop
  endfacet
  facet normal 0 -1 0
    outer loop
      vertex 60.3133 33.2039 5.98029
      vertex 66.5447 33.2039 11.5
      vertex 60 33.2039 6
    endloop
  endfacet
  facet normal 0 -1 0
    outer loop
      vertex 60.6217 33.2039 5.92146
      vertex 66.5447 33.2039 11.5
      vertex 60.3133 33.2039 5.98029
    endloop
  endfacet
  facet normal 0 -1 0
    outer loop
      vertex 60.9203 33.2039 5.82444
      vertex 66.5447 33.2039 11.5
      vertex 60.6217 33.2039 5.92146
    endloop
  endfacet
  facet normal 0 -1 0
    outer loop
      vertex 61.2044 33.2039 5.69077
      vertex 66.5447 33.2039 11.5
      vertex 60.9203 33.2039 5.82444
    endloop
  endfacet
  facet normal 0 -1 0
    outer loop
      vertex 61.4695 33.2039 5.52254
      vertex 66.5447 33.2039 11.5
      vertex 61.2044 33.2039 5.69077
    endloop
  endfacet
  facet normal 0 -1 0
    outer loop
      vertex 61.7114 33.2039 5.32242
      vertex 66.5447 33.2039 11.5
      vertex 61.4695 33.2039 5.52254
    endloop
  endfacet
  facet normal 0 -1 0
    outer loop
      vertex 61.9263 33.2039 5.09356
      vertex 66.5447 33.2039 11.5
      vertex 61.7114 33.2039 5.32242
    endloop
  endfacet
  facet normal 0 -1 0
    outer loop
      vertex 62.1108 33.2039 4.83957
      vertex 66.5447 33.2039 11.5
      vertex 61.9263 33.2039 5.09356
    endloop
  endfacet
  facet normal 0 -1 0
    outer loop
      vertex 62.2621 33.2039 4.56445
      vertex 66.5447 33.2039 11.5
      vertex 62.1108 33.2039 4.83957
    endloop
  endfacet
  facet normal 0 -1 0
    outer loop
      vertex 62.3776 33.2039 4.27254
      vertex 66.5447 33.2039 11.5
      vertex 62.2621 33.2039 4.56445
    endloop
  endfacet
  facet normal 0 -1 0
    outer loop
      vertex 66.5447 33.2039 0
      vertex 62.3776 33.2039 4.27254
      vertex 62.4557 33.2039 3.96845
    endloop
  endfacet
  facet normal 0 -1 0
    outer loop
      vertex 66.5447 33.2039 0
      vertex 62.4557 33.2039 3.96845
      vertex 62.4951 33.2039 3.65698
    endloop
  endfacet
  facet normal 0 -1 0
    outer loop
      vertex 66.5447 33.2039 0
      vertex 62.4951 33.2039 3.65698
      vertex 62.4951 33.2039 3.34302
    endloop
  endfacet
  facet normal 0 -1 0
    outer loop
      vertex 66.5447 33.2039 0
      vertex 62.4951 33.2039 3.34302
      vertex 62.4557 33.2039 3.03155
    endloop
  endfacet
  facet normal 0 -1 0
    outer loop
      vertex 66.5447 33.2039 0
      vertex 62.4557 33.2039 3.03155
      vertex 62.3776 33.2039 2.72746
    endloop
  endfacet
  facet normal 0 -1 0
    outer loop
      vertex 66.5447 33.2039 0
      vertex 62.3776 33.2039 2.72746
      vertex 62.2621 33.2039 2.43555
    endloop
  endfacet
  facet normal 0 -1 0
    outer loop
      vertex 66.5447 33.2039 0
      vertex 60 33.2039 1
      vertex 47.6 33.2039 0
    endloop
  endfacet
  facet normal 0 -1 0
    outer loop
      vertex 62.3776 33.2039 4.27254
      vertex 66.5447 33.2039 0
      vertex 66.5447 33.2039 11.5
    endloop
  endfacet
  facet normal 0 -1 0
    outer loop
      vertex 62.1108 33.2039 2.16043
      vertex 66.5447 33.2039 0
      vertex 62.2621 33.2039 2.43555
    endloop
  endfacet
  facet normal 0 -1 0
    outer loop
      vertex 61.9263 33.2039 1.90644
      vertex 66.5447 33.2039 0
      vertex 62.1108 33.2039 2.16043
    endloop
  endfacet
  facet normal 0 -1 0
    outer loop
      vertex 61.7114 33.2039 1.67758
      vertex 66.5447 33.2039 0
      vertex 61.9263 33.2039 1.90644
    endloop
  endfacet
  facet normal 0 -1 0
    outer loop
      vertex 61.4695 33.2039 1.47746
      vertex 66.5447 33.2039 0
      vertex 61.7114 33.2039 1.67758
    endloop
  endfacet
  facet normal 0 -1 0
    outer loop
      vertex 61.2044 33.2039 1.30923
      vertex 66.5447 33.2039 0
      vertex 61.4695 33.2039 1.47746
    endloop
  endfacet
  facet normal 0 -1 0
    outer loop
      vertex 60.9203 33.2039 1.17556
      vertex 66.5447 33.2039 0
      vertex 61.2044 33.2039 1.30923
    endloop
  endfacet
  facet normal 0 -1 0
    outer loop
      vertex 60.6217 33.2039 1.07854
      vertex 66.5447 33.2039 0
      vertex 60.9203 33.2039 1.17556
    endloop
  endfacet
  facet normal 0 -1 0
    outer loop
      vertex 60.3133 33.2039 1.01971
      vertex 66.5447 33.2039 0
      vertex 60.6217 33.2039 1.07854
    endloop
  endfacet
  facet normal 0 -1 0
    outer loop
      vertex 60 33.2039 1
      vertex 66.5447 33.2039 0
      vertex 60.3133 33.2039 1.01971
    endloop
  endfacet
  facet normal -0.354654 -0.934998 0
    outer loop
      vertex 46.6288 33.2327 0
      vertex 46.6375 33.2294 11.5
      vertex 46.6288 33.2327 11.5
    endloop
  endfacet
  facet normal -0.354654 -0.934998 -0
    outer loop
      vertex 46.6375 33.2294 11.5
      vertex 46.6288 33.2327 0
      vertex 46.6375 33.2294 0
    endloop
  endfacet
  facet normal -0.991032 0.133622 0
    outer loop
      vertex 67.2406 -27.2836 0
      vertex 67.2382 -27.3014 0
      vertex 67.2406 -27.2836 0.0620333
    endloop
  endfacet
  facet normal -0.994505 0.104685 0
    outer loop
      vertex 67.2406 -27.2836 0.0620333
      vertex 67.2454 -27.238 0
      vertex 67.2406 -27.2836 0
    endloop
  endfacet
  facet normal -0.994505 0.104685 0
    outer loop
      vertex 67.2454 -27.238 0
      vertex 67.2406 -27.2836 0.0620333
      vertex 67.2454 -27.238 0.21832
    endloop
  endfacet
  facet normal -0.996925 0.0783609 0
    outer loop
      vertex 67.2454 -27.238 0.21832
      vertex 67.249 -27.1922 0
      vertex 67.2454 -27.238 0
    endloop
  endfacet
  facet normal -0.996925 0.0783609 0
    outer loop
      vertex 67.249 -27.1922 0
      vertex 67.2454 -27.238 0.21832
      vertex 67.249 -27.1922 0.372893
    endloop
  endfacet
  facet normal -0.998636 0.0522163 0
    outer loop
      vertex 67.249 -27.1922 0.372893
      vertex 67.2514 -27.1463 0
      vertex 67.249 -27.1922 0
    endloop
  endfacet
  facet normal -0.998636 0.0522163 0
    outer loop
      vertex 67.2514 -27.1463 0
      vertex 67.249 -27.1922 0.372893
      vertex 67.2514 -27.1463 0.52573
    endloop
  endfacet
  facet normal -0.999714 0.0239062 0
    outer loop
      vertex 67.2514 -27.1463 0.52573
      vertex 67.2525 -27.1003 0
      vertex 67.2514 -27.1463 0
    endloop
  endfacet
  facet normal -0.999714 0.0239062 0
    outer loop
      vertex 67.2525 -27.1003 0
      vertex 67.2514 -27.1463 0.52573
      vertex 67.2525 -27.1003 0.676677
    endloop
  endfacet
  facet normal -0.999998 -0.0021645 -0
    outer loop
      vertex 67.2525 -27.1003 0.676677
      vertex 67.2524 -27.0541 0
      vertex 67.2525 -27.1003 0
    endloop
  endfacet
  facet normal -0.999998 -0.0021645 0
    outer loop
      vertex 67.2524 -27.0541 0
      vertex 67.2525 -27.1003 0.676677
      vertex 67.2524 -27.0541 0.825683
    endloop
  endfacet
  facet normal -1 0 0
    outer loop
      vertex 67.2524 -6.66 0
      vertex 67.2524 -23.7515 11.5
      vertex 67.2524 -6.66 11.5
    endloop
  endfacet
  facet normal -1 0 0
    outer loop
      vertex 67.2524 -27.0541 0.825683
      vertex 67.2524 -6.66 0
      vertex 67.2524 -27.0541 0
    endloop
  endfacet
  facet normal -1 0 0
    outer loop
      vertex 67.2524 -6.66 0
      vertex 67.2524 -27.0541 0.825683
      vertex 67.2524 -23.7515 11.5
    endloop
  endfacet
  facet normal -0.156437 0.987688 0
    outer loop
      vertex 68 -6.54159 0
      vertex 67.2524 -6.66 11.5
      vertex 68 -6.54159 11.5
    endloop
  endfacet
  facet normal -0.156437 0.987688 0
    outer loop
      vertex 67.2524 -6.66 11.5
      vertex 68 -6.54159 0
      vertex 67.2524 -6.66 0
    endloop
  endfacet
  facet normal -0.15646 -0.987684 0
    outer loop
      vertex 67.1844 32.6708 0
      vertex 68 32.5416 11.5
      vertex 67.1844 32.6708 11.5
    endloop
  endfacet
  facet normal -0.15646 -0.987684 -0
    outer loop
      vertex 68 32.5416 11.5
      vertex 67.1844 32.6708 0
      vertex 68 32.5416 0
    endloop
  endfacet
  facet normal -1 0 0
    outer loop
      vertex 46.6 33.247 -1
      vertex 46.6 32.6122 -1
      vertex 46.6 33.247 0
    endloop
  endfacet
  facet normal -1 0 0
    outer loop
      vertex 46.6 33.247 0
      vertex 46.6 35.9362 13
      vertex 46.6 35.9362 0
    endloop
  endfacet
  facet normal -1 0 0
    outer loop
      vertex 46.6 31.9269 -0.629093
      vertex 46.6 33.247 0
      vertex 46.6 32.6122 -1
    endloop
  endfacet
  facet normal -1 0 0
    outer loop
      vertex 46.6 31.3936 -0.4
      vertex 46.6 33.247 0
      vertex 46.6 31.9269 -0.629093
    endloop
  endfacet
  facet normal -1 -0 0
    outer loop
      vertex 46.6 33.247 0
      vertex 46.6 31.3936 -0.4
      vertex 46.6 35.9362 13
    endloop
  endfacet
  facet normal -1 0 0
    outer loop
      vertex 46.6 28.6064 -0.4
      vertex 46.6 35.9362 13
      vertex 46.6 31.3936 -0.4
    endloop
  endfacet
  facet normal -1 0 0
    outer loop
      vertex 46.6 28.0731 -0.629093
      vertex 46.6 35.9362 13
      vertex 46.6 28.6064 -0.4
    endloop
  endfacet
  facet normal -1 0 0
    outer loop
      vertex 46.6 27.3878 -1
      vertex 46.6 35.9362 13
      vertex 46.6 28.0731 -0.629093
    endloop
  endfacet
  facet normal -1 0 0
    outer loop
      vertex 46.6 -12.3637 13
      vertex 46.6 27.3878 -1
      vertex 46.6 -7.38781 -1
    endloop
  endfacet
  facet normal -1 0 0
    outer loop
      vertex 46.6 -12.8278 11.5
      vertex 46.6 -7.38781 -1
      vertex 46.6 -8.07306 -0.629093
    endloop
  endfacet
  facet normal -1 0 0
    outer loop
      vertex 46.6 -12.8278 11.5
      vertex 46.6 -8.07306 -0.629093
      vertex 46.6 -8.60639 -0.4
    endloop
  endfacet
  facet normal -1 0 0
    outer loop
      vertex 46.6 -12.8278 11.5
      vertex 46.6 -8.60639 -0.4
      vertex 46.6 -11.3936 -0.4
    endloop
  endfacet
  facet normal -1 0 0
    outer loop
      vertex 46.6 27.3878 -1
      vertex 46.6 -12.3637 13
      vertex 46.6 35.9362 13
    endloop
  endfacet
  facet normal -1 0 0
    outer loop
      vertex 46.6 -12.8278 11.5
      vertex 46.6 -11.3936 -0.4
      vertex 46.6 -11.9269 -0.629093
    endloop
  endfacet
  facet normal -1 0 0
    outer loop
      vertex 46.6 -16.6953 -1
      vertex 46.6 -11.9269 -0.629093
      vertex 46.6 -12.6122 -1
    endloop
  endfacet
  facet normal -1 0 0
    outer loop
      vertex 46.6 -7.38781 -1
      vertex 46.6 -12.8278 11.5
      vertex 46.6 -12.3637 13
    endloop
  endfacet
  facet normal -1 -0 0
    outer loop
      vertex 46.6 -11.9269 -0.629093
      vertex 46.6 -16.6953 -1
      vertex 46.6 -12.8278 11.5
    endloop
  endfacet
  facet normal -0.482958 -0.836517 0.258825
    outer loop
      vertex 46.6 -12.8278 11.5
      vertex 51.6205 -19.4098 -0.404832
      vertex 62.0699 -25.4412 -0.4
    endloop
  endfacet
  facet normal -0.483005 -0.836566 0.258579
    outer loop
      vertex 61.0016 -25.0101 -1
      vertex 51.6205 -19.4098 -0.404832
      vertex 52.0484 -19.7503 -0.707148
    endloop
  endfacet
  facet normal -0.482959 -0.836519 0.258816
    outer loop
      vertex 51.6205 -19.4098 -0.404832
      vertex 61.0592 -25.0333 -0.967626
      vertex 62.0699 -25.4412 -0.4
    endloop
  endfacet
  facet normal -0.482952 -0.836493 0.258915
    outer loop
      vertex 61.0016 -25.0101 -1
      vertex 52.0484 -19.7503 -0.707148
      vertex 52.4628 -20.0802 -1
    endloop
  endfacet
  facet normal -0.482805 -0.836346 0.259664
    outer loop
      vertex 51.6205 -19.4098 -0.404832
      vertex 61.0016 -25.0101 -1
      vertex 61.0592 -25.0333 -0.967626
    endloop
  endfacet
  facet normal -0.482964 -0.836516 0.258818
    outer loop
      vertex 46.6 -12.8278 11.5
      vertex 68.1524 -24.807 13
      vertex 46.6 -12.3637 13
    endloop
  endfacet
  facet normal -0.482964 -0.836517 0.258817
    outer loop
      vertex 62.0699 -25.4412 -0.4
      vertex 68.1524 -24.807 13
      vertex 46.6 -12.8278 11.5
    endloop
  endfacet
  facet normal -0.482962 -0.836517 0.258816
    outer loop
      vertex 68.1524 -24.807 13
      vertex 62.0699 -25.4412 -0.4
      vertex 68.1524 -27.0541 5.73717
    endloop
  endfacet
  facet normal -0.483115 -0.83637 0.259007
    outer loop
      vertex 68.1524 -27.0541 5.73717
      vertex 62.0699 -25.4412 -0.4
      vertex 68.1525 -27.1003 5.58817
    endloop
  endfacet
  facet normal -0.482726 -0.83675 0.258506
    outer loop
      vertex 68.1525 -27.1003 5.58817
      vertex 62.0699 -25.4412 -0.4
      vertex 68.1514 -27.1463 5.43722
    endloop
  endfacet
  facet normal -0.482951 -0.836528 0.258805
    outer loop
      vertex 68.1514 -27.1463 5.43722
      vertex 62.0699 -25.4412 -0.4
      vertex 68.149 -27.1922 5.28438
    endloop
  endfacet
  facet normal -0.483139 -0.836339 0.259065
    outer loop
      vertex 68.149 -27.1922 5.28438
      vertex 62.0699 -25.4412 -0.4
      vertex 68.1454 -27.238 5.12981
    endloop
  endfacet
  facet normal -0.483014 -0.836466 0.258886
    outer loop
      vertex 68.1454 -27.238 5.12981
      vertex 62.0699 -25.4412 -0.4
      vertex 68.1406 -27.2836 4.97352
    endloop
  endfacet
  facet normal -0.482926 -0.836557 0.258755
    outer loop
      vertex 68.1406 -27.2836 4.97352
      vertex 62.0699 -25.4412 -0.4
      vertex 68.1345 -27.3289 4.81568
    endloop
  endfacet
  facet normal -0.482796 -0.836694 0.258555
    outer loop
      vertex 68.1345 -27.3289 4.81568
      vertex 62.0699 -25.4412 -0.4
      vertex 68.1273 -27.374 4.65629
    endloop
  endfacet
  facet normal -0.483082 -0.836387 0.259015
    outer loop
      vertex 68.1273 -27.374 4.65629
      vertex 62.0699 -25.4412 -0.4
      vertex 68.1188 -27.4189 4.49545
    endloop
  endfacet
  facet normal -0.483024 -0.836451 0.258916
    outer loop
      vertex 68.1188 -27.4189 4.49545
      vertex 62.0699 -25.4412 -0.4
      vertex 68.1091 -27.4635 4.33327
    endloop
  endfacet
  facet normal -0.482867 -0.836627 0.258641
    outer loop
      vertex 68.1091 -27.4635 4.33327
      vertex 62.0699 -25.4412 -0.4
      vertex 68.0983 -27.5078 4.16981
    endloop
  endfacet
  facet normal -0.482912 -0.836575 0.258725
    outer loop
      vertex 68.0983 -27.5078 4.16981
      vertex 62.0699 -25.4412 -0.4
      vertex 68.0863 -27.5518 4.00514
    endloop
  endfacet
  facet normal -0.482999 -0.836473 0.258892
    outer loop
      vertex 68.0863 -27.5518 4.00514
      vertex 62.0699 -25.4412 -0.4
      vertex 68.0731 -27.5955 3.83932
    endloop
  endfacet
  facet normal -0.483003 -0.836468 0.258901
    outer loop
      vertex 68.0731 -27.5955 3.83932
      vertex 62.0699 -25.4412 -0.4
      vertex 68.0587 -27.6388 3.67256
    endloop
  endfacet
  facet normal -0.482959 -0.836522 0.258807
    outer loop
      vertex 64.6041 -26.9043 -0.4
      vertex 68.0587 -27.6388 3.67256
      vertex 62.0699 -25.4412 -0.4
    endloop
  endfacet
  facet normal -0.483135 -0.836366 0.258984
    outer loop
      vertex 68.0587 -27.6388 3.67256
      vertex 64.6041 -26.9043 -0.4
      vertex 68.0432 -27.6818 3.50478
    endloop
  endfacet
  facet normal -0.48283 -0.836642 0.258661
    outer loop
      vertex 68.0432 -27.6818 3.50478
      vertex 64.6041 -26.9043 -0.4
      vertex 68.0265 -27.7243 3.33614
    endloop
  endfacet
  facet normal -0.482867 -0.836608 0.258701
    outer loop
      vertex 68.0265 -27.7243 3.33614
      vertex 64.6041 -26.9043 -0.4
      vertex 68.0087 -27.7664 3.16677
    endloop
  endfacet
  facet normal -0.483255 -0.836242 0.259161
    outer loop
      vertex 68.0087 -27.7664 3.16677
      vertex 64.6041 -26.9043 -0.4
      vertex 67.9898 -27.8082 2.99665
    endloop
  endfacet
  facet normal -0.482991 -0.836497 0.258829
    outer loop
      vertex 67.9898 -27.8082 2.99665
      vertex 64.6041 -26.9043 -0.4
      vertex 67.9697 -27.8494 2.82599
    endloop
  endfacet
  facet normal -0.482921 -0.836566 0.258736
    outer loop
      vertex 67.9697 -27.8494 2.82599
      vertex 64.6041 -26.9043 -0.4
      vertex 67.9486 -27.8902 2.65469
    endloop
  endfacet
  facet normal -0.482955 -0.83652 0.258823
    outer loop
      vertex 51.6116 -19.4031 -0.4
      vertex 46.6 -12.8278 11.5
      vertex 49.0689 -17.9351 -0.4
    endloop
  endfacet
  facet normal -0.482968 -0.836514 0.258817
    outer loop
      vertex 46.6 -16.6953 -1
      vertex 49.0689 -17.9351 -0.4
      vertex 46.6 -12.8278 11.5
    endloop
  endfacet
  facet normal -0.482967 -0.836521 0.258798
    outer loop
      vertex 49.0689 -17.9351 -0.4
      vertex 46.6 -16.6953 -1
      vertex 48.0233 -17.5131 -0.987248
    endloop
  endfacet
  facet normal -0.482485 -0.835624 0.262566
    outer loop
      vertex 48.0233 -17.5131 -0.987248
      vertex 46.6 -16.6953 -1
      vertex 48.0006 -17.504 -1
    endloop
  endfacet
  facet normal -0.482874 -0.836572 0.258807
    outer loop
      vertex 67.9263 -27.9304 2.48302
      vertex 66.9534 -28.137 0
      vertex 67.5939 -28.5067 0
    endloop
  endfacet
  facet normal -0.489573 -0.833959 0.254621
    outer loop
      vertex 51.6205 -19.4098 -0.404832
      vertex 46.6 -12.8278 11.5
      vertex 51.6116 -19.4031 -0.4
    endloop
  endfacet
  facet normal -0.482852 -0.836636 0.258638
    outer loop
      vertex 67.9486 -27.8902 2.65469
      vertex 64.6041 -26.9043 -0.4
      vertex 67.9263 -27.9304 2.48302
    endloop
  endfacet
  facet normal -0.482988 -0.836494 0.258846
    outer loop
      vertex 67.9263 -27.9304 2.48302
      vertex 64.6041 -26.9043 -0.4
      vertex 66.9534 -28.137 0
    endloop
  endfacet
  facet normal -0.483014 -0.834672 0.264614
    outer loop
      vertex 64.6234 -26.9188 -0.410508
      vertex 66.9534 -28.137 0
      vertex 64.6041 -26.9043 -0.4
    endloop
  endfacet
  facet normal -0.482958 -0.836533 0.258772
    outer loop
      vertex 65.0472 -27.2561 -0.709941
      vertex 66.9534 -28.137 0
      vertex 64.6234 -26.9188 -0.410508
    endloop
  endfacet
  facet normal -0.482952 -0.836548 0.258736
    outer loop
      vertex 65.4577 -27.5828 -1
      vertex 66.9534 -28.137 0
      vertex 65.0472 -27.2561 -0.709941
    endloop
  endfacet
  facet normal -0.482992 -0.836498 0.258824
    outer loop
      vertex 66.9534 -28.137 0
      vertex 65.4577 -27.5828 -1
      vertex 66.8195 -28.3691 -1
    endloop
  endfacet
  facet normal -0.951057 -0.309015 0
    outer loop
      vertex 86.6608 17.179 12
      vertex 85.3623 21.1754 13
      vertex 85.3623 21.1754 12
    endloop
  endfacet
  facet normal -0.951057 -0.309015 0
    outer loop
      vertex 85.3623 21.1754 13
      vertex 86.6608 17.179 12
      vertex 86.6608 17.179 13
    endloop
  endfacet
  facet normal 0.406728 -0.913549 0
    outer loop
      vertex 56.95 30.4071 12
      vertex 60.7888 32.1162 13
      vertex 56.95 30.4071 13
    endloop
  endfacet
  facet normal 0.406728 -0.913549 0
    outer loop
      vertex 60.7888 32.1162 13
      vertex 56.95 30.4071 12
      vertex 60.7888 32.1162 12
    endloop
  endfacet
  facet normal -0.994523 -0.104521 0
    outer loop
      vertex 87.1 13 12
      vertex 86.6608 17.179 13
      vertex 86.6608 17.179 12
    endloop
  endfacet
  facet normal -0.994523 -0.104521 0
    outer loop
      vertex 86.6608 17.179 13
      vertex 87.1 13 12
      vertex 87.1 13 13
    endloop
  endfacet
  facet normal 0.587788 0.809015 -0
    outer loop
      vertex 56.95 -4.40711 12
      vertex 53.5505 -1.93721 13
      vertex 56.95 -4.40711 13
    endloop
  endfacet
  facet normal 0.587788 0.809015 0
    outer loop
      vertex 53.5505 -1.93721 13
      vertex 56.95 -4.40711 12
      vertex 53.5505 -1.93721 12
    endloop
  endfacet
  facet normal -0.743147 0.669128 0
    outer loop
      vertex 80.4495 -1.93721 12
      vertex 83.2612 1.18552 13
      vertex 83.2612 1.18552 12
    endloop
  endfacet
  facet normal -0.743147 0.669128 0
    outer loop
      vertex 83.2612 1.18552 13
      vertex 80.4495 -1.93721 12
      vertex 80.4495 -1.93721 13
    endloop
  endfacet
  facet normal -0.994523 0.104521 0
    outer loop
      vertex 86.6608 8.82097 12
      vertex 87.1 13 13
      vertex 87.1 13 12
    endloop
  endfacet
  facet normal -0.994523 0.104521 0
    outer loop
      vertex 87.1 13 13
      vertex 86.6608 8.82097 12
      vertex 86.6608 8.82097 13
    endloop
  endfacet
  facet normal 0.994523 -0.104521 0
    outer loop
      vertex 46.9 13 13
      vertex 47.3392 17.179 12
      vertex 47.3392 17.179 13
    endloop
  endfacet
  facet normal 0.994523 -0.104521 0
    outer loop
      vertex 47.3392 17.179 12
      vertex 46.9 13 13
      vertex 46.9 13 12
    endloop
  endfacet
  facet normal -0.951057 0.309016 0
    outer loop
      vertex 85.3623 4.82459 12
      vertex 86.6608 8.82097 13
      vertex 86.6608 8.82097 12
    endloop
  endfacet
  facet normal -0.951057 0.309016 0
    outer loop
      vertex 86.6608 8.82097 13
      vertex 85.3623 4.82459 12
      vertex 85.3623 4.82459 13
    endloop
  endfacet
  facet normal -0.406734 0.913547 0
    outer loop
      vertex 77.05 -4.40711 12
      vertex 73.2112 -6.11624 13
      vertex 77.05 -4.40711 13
    endloop
  endfacet
  facet normal -0.406734 0.913547 0
    outer loop
      vertex 73.2112 -6.11624 13
      vertex 77.05 -4.40711 12
      vertex 73.2112 -6.11624 12
    endloop
  endfacet
  facet normal 0.866017 0.500015 0
    outer loop
      vertex 50.7388 1.18552 13
      vertex 48.6377 4.82459 12
      vertex 48.6377 4.82459 13
    endloop
  endfacet
  facet normal 0.866017 0.500015 0
    outer loop
      vertex 48.6377 4.82459 12
      vertex 50.7388 1.18552 13
      vertex 50.7388 1.18552 12
    endloop
  endfacet
  facet normal 0.951044 0.309055 0
    outer loop
      vertex 47.3392 8.82097 13
      vertex 47.6 8.01842 12
      vertex 47.3392 8.82097 12
    endloop
  endfacet
  facet normal 0.951057 0.309016 3.44425e-05
    outer loop
      vertex 48.6377 4.82459 13
      vertex 47.6 8.01842 12
      vertex 47.3392 8.82097 13
    endloop
  endfacet
  facet normal 0.95106 0.309007 0
    outer loop
      vertex 47.6 8.01842 12
      vertex 48.6377 4.82459 13
      vertex 48.6377 4.82459 12
    endloop
  endfacet
  facet normal 0.994523 0.104521 0
    outer loop
      vertex 47.3392 8.82097 13
      vertex 46.9 13 12
      vertex 46.9 13 13
    endloop
  endfacet
  facet normal 0.994523 0.104521 0
    outer loop
      vertex 46.9 13 12
      vertex 47.3392 8.82097 13
      vertex 47.3392 8.82097 12
    endloop
  endfacet
  facet normal -0.743144 -0.669132 0
    outer loop
      vertex 83.2612 24.8145 12
      vertex 80.4495 27.9372 13
      vertex 80.4495 27.9372 12
    endloop
  endfacet
  facet normal -0.743144 -0.669132 0
    outer loop
      vertex 80.4495 27.9372 13
      vertex 83.2612 24.8145 12
      vertex 83.2612 24.8145 13
    endloop
  endfacet
  facet normal -0.866017 0.500015 0
    outer loop
      vertex 83.2612 1.18552 12
      vertex 85.3623 4.82459 13
      vertex 85.3623 4.82459 12
    endloop
  endfacet
  facet normal -0.866017 0.500015 0
    outer loop
      vertex 85.3623 4.82459 13
      vertex 83.2612 1.18552 12
      vertex 83.2612 1.18552 13
    endloop
  endfacet
  facet normal 0.951059 -0.309009 0
    outer loop
      vertex 48.6377 21.1754 13
      vertex 47.6 17.9816 12
      vertex 48.6377 21.1754 12
    endloop
  endfacet
  facet normal 0.951057 -0.309015 2.02329e-05
    outer loop
      vertex 47.3392 17.179 13
      vertex 47.6 17.9816 12
      vertex 48.6377 21.1754 13
    endloop
  endfacet
  facet normal 0.95105 -0.309038 0
    outer loop
      vertex 47.6 17.9816 12
      vertex 47.3392 17.179 13
      vertex 47.3392 17.179 12
    endloop
  endfacet
  facet normal 0 1 -0
    outer loop
      vertex 69.101 -6.98989 12
      vertex 64.899 -6.98989 13
      vertex 69.101 -6.98989 13
    endloop
  endfacet
  facet normal 0 1 0
    outer loop
      vertex 64.899 -6.98989 13
      vertex 69.101 -6.98989 12
      vertex 64.899 -6.98989 12
    endloop
  endfacet
  facet normal 0.406734 0.913547 -0
    outer loop
      vertex 60.7888 -6.11624 12
      vertex 56.95 -4.40711 13
      vertex 60.7888 -6.11624 13
    endloop
  endfacet
  facet normal 0.406734 0.913547 0
    outer loop
      vertex 56.95 -4.40711 13
      vertex 60.7888 -6.11624 12
      vertex 56.95 -4.40711 12
    endloop
  endfacet
  facet normal 0 -1 0
    outer loop
      vertex 64.899 32.9899 12
      vertex 69.101 32.9899 13
      vertex 64.899 32.9899 13
    endloop
  endfacet
  facet normal 0 -1 -0
    outer loop
      vertex 69.101 32.9899 13
      vertex 64.899 32.9899 12
      vertex 69.101 32.9899 12
    endloop
  endfacet
  facet normal 0.743147 0.669128 0
    outer loop
      vertex 53.5505 -1.93721 13
      vertex 50.7388 1.18552 12
      vertex 50.7388 1.18552 13
    endloop
  endfacet
  facet normal 0.743147 0.669128 0
    outer loop
      vertex 50.7388 1.18552 12
      vertex 53.5505 -1.93721 13
      vertex 53.5505 -1.93721 12
    endloop
  endfacet
  facet normal -0.207923 -0.978145 0
    outer loop
      vertex 69.101 32.9899 12
      vertex 73.2112 32.1162 13
      vertex 69.101 32.9899 13
    endloop
  endfacet
  facet normal -0.207923 -0.978145 -0
    outer loop
      vertex 73.2112 32.1162 13
      vertex 69.101 32.9899 12
      vertex 73.2112 32.1162 12
    endloop
  endfacet
  facet normal -0.207912 0.978148 0
    outer loop
      vertex 73.2112 -6.11624 12
      vertex 69.101 -6.98989 13
      vertex 73.2112 -6.11624 13
    endloop
  endfacet
  facet normal -0.207912 0.978148 0
    outer loop
      vertex 69.101 -6.98989 13
      vertex 73.2112 -6.11624 12
      vertex 69.101 -6.98989 12
    endloop
  endfacet
  facet normal 0.866019 -0.500012 0
    outer loop
      vertex 48.6377 21.1754 13
      vertex 50.7388 24.8145 12
      vertex 50.7388 24.8145 13
    endloop
  endfacet
  facet normal 0.866019 -0.500012 0
    outer loop
      vertex 50.7388 24.8145 12
      vertex 48.6377 21.1754 13
      vertex 48.6377 21.1754 12
    endloop
  endfacet
  facet normal 0.207923 -0.978145 0
    outer loop
      vertex 60.7888 32.1162 12
      vertex 64.899 32.9899 13
      vertex 60.7888 32.1162 13
    endloop
  endfacet
  facet normal 0.207923 -0.978145 0
    outer loop
      vertex 64.899 32.9899 13
      vertex 60.7888 32.1162 12
      vertex 64.899 32.9899 12
    endloop
  endfacet
  facet normal -0.587788 0.809015 0
    outer loop
      vertex 80.4495 -1.93721 12
      vertex 77.05 -4.40711 13
      vertex 80.4495 -1.93721 13
    endloop
  endfacet
  facet normal -0.587788 0.809015 0
    outer loop
      vertex 77.05 -4.40711 13
      vertex 80.4495 -1.93721 12
      vertex 77.05 -4.40711 12
    endloop
  endfacet
  facet normal 0.587788 -0.809015 0
    outer loop
      vertex 53.5505 27.9372 12
      vertex 56.95 30.4071 13
      vertex 53.5505 27.9372 13
    endloop
  endfacet
  facet normal 0.587788 -0.809015 0
    outer loop
      vertex 56.95 30.4071 13
      vertex 53.5505 27.9372 12
      vertex 56.95 30.4071 12
    endloop
  endfacet
  facet normal 0.743144 -0.669132 0
    outer loop
      vertex 50.7388 24.8145 13
      vertex 53.5505 27.9372 12
      vertex 53.5505 27.9372 13
    endloop
  endfacet
  facet normal 0.743144 -0.669132 0
    outer loop
      vertex 53.5505 27.9372 12
      vertex 50.7388 24.8145 13
      vertex 50.7388 24.8145 12
    endloop
  endfacet
  facet normal 0 0 1
    outer loop
      vertex 86.6608 17.179 12
      vertex 87 13 12
      vertex 87.1 13 12
    endloop
  endfacet
  facet normal 0 0 1
    outer loop
      vertex 86.6608 17.179 12
      vertex 86.563 17.1582 12
      vertex 87 13 12
    endloop
  endfacet
  facet normal 0 0 1
    outer loop
      vertex 85.3623 21.1754 12
      vertex 86.563 17.1582 12
      vertex 86.6608 17.179 12
    endloop
  endfacet
  facet normal 0 0 1
    outer loop
      vertex 85.3623 21.1754 12
      vertex 85.2709 21.1347 12
      vertex 86.563 17.1582 12
    endloop
  endfacet
  facet normal 0 0 1
    outer loop
      vertex 83.2612 24.8145 12
      vertex 85.2709 21.1347 12
      vertex 85.3623 21.1754 12
    endloop
  endfacet
  facet normal 0 0 1
    outer loop
      vertex 83.2612 24.8145 12
      vertex 83.1803 24.7557 12
      vertex 85.2709 21.1347 12
    endloop
  endfacet
  facet normal 0 0 1
    outer loop
      vertex 80.4495 27.9372 12
      vertex 83.1803 24.7557 12
      vertex 83.2612 24.8145 12
    endloop
  endfacet
  facet normal 0 0 1
    outer loop
      vertex 80.4495 27.9372 12
      vertex 80.3826 27.8629 12
      vertex 83.1803 24.7557 12
    endloop
  endfacet
  facet normal 0 0 1
    outer loop
      vertex 77.05 30.4071 12
      vertex 80.3826 27.8629 12
      vertex 80.4495 27.9372 12
    endloop
  endfacet
  facet normal 0 0 1
    outer loop
      vertex 77.05 30.4071 12
      vertex 77 30.3205 12
      vertex 80.3826 27.8629 12
    endloop
  endfacet
  facet normal 0 0 1
    outer loop
      vertex 73.2112 32.1162 12
      vertex 77 30.3205 12
      vertex 77.05 30.4071 12
    endloop
  endfacet
  facet normal 0 0 1
    outer loop
      vertex 73.2112 32.1162 12
      vertex 73.1803 32.0211 12
      vertex 77 30.3205 12
    endloop
  endfacet
  facet normal 0 0 1
    outer loop
      vertex 69.101 32.9899 12
      vertex 73.1803 32.0211 12
      vertex 73.2112 32.1162 12
    endloop
  endfacet
  facet normal 0 0 1
    outer loop
      vertex 69.101 32.9899 12
      vertex 69.0906 32.8904 12
      vertex 73.1803 32.0211 12
    endloop
  endfacet
  facet normal 0 0 1
    outer loop
      vertex 69.101 32.9899 12
      vertex 68 32.8904 12
      vertex 69.0906 32.8904 12
    endloop
  endfacet
  facet normal 0 0 1
    outer loop
      vertex 64.899 32.9899 12
      vertex 68 32.2937 12
      vertex 68 32.8904 12
    endloop
  endfacet
  facet normal -0 0 1
    outer loop
      vertex 64.899 32.9899 12
      vertex 68 32.8904 12
      vertex 69.101 32.9899 12
    endloop
  endfacet
  facet normal 0 0 1
    outer loop
      vertex 68 32.2937 12
      vertex 64.899 32.9899 12
      vertex 65.1185 30.9014 12
    endloop
  endfacet
  facet normal 0 0 1
    outer loop
      vertex 64.899 32.9899 12
      vertex 61.4377 30.119 12
      vertex 65.1185 30.9014 12
    endloop
  endfacet
  facet normal -0 0 1
    outer loop
      vertex 60.7888 32.1162 12
      vertex 61.4377 30.119 12
      vertex 64.899 32.9899 12
    endloop
  endfacet
  facet normal 0 0 1
    outer loop
      vertex 60.7888 32.1162 12
      vertex 58 28.5885 12
      vertex 61.4377 30.119 12
    endloop
  endfacet
  facet normal -0 0 1
    outer loop
      vertex 56.95 30.4071 12
      vertex 58 28.5885 12
      vertex 60.7888 32.1162 12
    endloop
  endfacet
  facet normal 0 0 1
    outer loop
      vertex 56.95 30.4071 12
      vertex 54.9557 26.3766 12
      vertex 58 28.5885 12
    endloop
  endfacet
  facet normal -0 0 1
    outer loop
      vertex 53.5505 27.9372 12
      vertex 54.9557 26.3766 12
      vertex 56.95 30.4071 12
    endloop
  endfacet
  facet normal 0 0 1
    outer loop
      vertex 53.5505 27.9372 12
      vertex 52.4377 23.5801 12
      vertex 54.9557 26.3766 12
    endloop
  endfacet
  facet normal -0 0 1
    outer loop
      vertex 50.7388 24.8145 12
      vertex 52.4377 23.5801 12
      vertex 53.5505 27.9372 12
    endloop
  endfacet
  facet normal 0 0 1
    outer loop
      vertex 50.7388 24.8145 12
      vertex 50.5562 20.3213 12
      vertex 52.4377 23.5801 12
    endloop
  endfacet
  facet normal -0 0 1
    outer loop
      vertex 48.6377 21.1754 12
      vertex 50.5562 20.3213 12
      vertex 50.7388 24.8145 12
    endloop
  endfacet
  facet normal 0 0 1
    outer loop
      vertex 50.5562 20.3213 12
      vertex 47.6 17.9816 12
      vertex 49.3933 16.7424 12
    endloop
  endfacet
  facet normal 0 0 1
    outer loop
      vertex 47.6 17.9816 12
      vertex 50.5562 20.3213 12
      vertex 48.6377 21.1754 12
    endloop
  endfacet
  facet normal -0 0 1
    outer loop
      vertex 87 13 12
      vertex 86.6608 8.82097 12
      vertex 87.1 13 12
    endloop
  endfacet
  facet normal -0 0 1
    outer loop
      vertex 86.563 8.84177 12
      vertex 86.6608 8.82097 12
      vertex 87 13 12
    endloop
  endfacet
  facet normal 0 0 1
    outer loop
      vertex 86.563 8.84177 12
      vertex 85.3623 4.82459 12
      vertex 86.6608 8.82097 12
    endloop
  endfacet
  facet normal -0 0 1
    outer loop
      vertex 85.2709 4.86527 12
      vertex 85.3623 4.82459 12
      vertex 86.563 8.84177 12
    endloop
  endfacet
  facet normal 0 0 1
    outer loop
      vertex 85.2709 4.86527 12
      vertex 83.2612 1.18552 12
      vertex 85.3623 4.82459 12
    endloop
  endfacet
  facet normal -0 0 1
    outer loop
      vertex 83.1803 1.2443 12
      vertex 83.2612 1.18552 12
      vertex 85.2709 4.86527 12
    endloop
  endfacet
  facet normal 0 0 1
    outer loop
      vertex 83.1803 1.2443 12
      vertex 80.4495 -1.93721 12
      vertex 83.2612 1.18552 12
    endloop
  endfacet
  facet normal -0 0 1
    outer loop
      vertex 80.3826 -1.8629 12
      vertex 80.4495 -1.93721 12
      vertex 83.1803 1.2443 12
    endloop
  endfacet
  facet normal 0 0 1
    outer loop
      vertex 80.3826 -1.8629 12
      vertex 77.05 -4.40711 12
      vertex 80.4495 -1.93721 12
    endloop
  endfacet
  facet normal -0 0 1
    outer loop
      vertex 77 -4.32051 12
      vertex 77.05 -4.40711 12
      vertex 80.3826 -1.8629 12
    endloop
  endfacet
  facet normal 0 0 1
    outer loop
      vertex 77 -4.32051 12
      vertex 73.2112 -6.11624 12
      vertex 77.05 -4.40711 12
    endloop
  endfacet
  facet normal -0 0 1
    outer loop
      vertex 73.1803 -6.02113 12
      vertex 73.2112 -6.11624 12
      vertex 77 -4.32051 12
    endloop
  endfacet
  facet normal 0 0 1
    outer loop
      vertex 73.1803 -6.02113 12
      vertex 69.101 -6.98989 12
      vertex 73.2112 -6.11624 12
    endloop
  endfacet
  facet normal -0 0 1
    outer loop
      vertex 69.0906 -6.89044 12
      vertex 69.101 -6.98989 12
      vertex 73.1803 -6.02113 12
    endloop
  endfacet
  facet normal -0 0 1
    outer loop
      vertex 68 -6.89044 12
      vertex 69.101 -6.98989 12
      vertex 69.0906 -6.89044 12
    endloop
  endfacet
  facet normal 0 0 1
    outer loop
      vertex 68 -6.89044 12
      vertex 64.899 -6.98989 12
      vertex 69.101 -6.98989 12
    endloop
  endfacet
  facet normal 0 0 1
    outer loop
      vertex 68 -6.29372 12
      vertex 64.899 -6.98989 12
      vertex 68 -6.89044 12
    endloop
  endfacet
  facet normal 0 0 1
    outer loop
      vertex 61.4377 -4.11902 12
      vertex 64.899 -6.98989 12
      vertex 65.1185 -4.90139 12
    endloop
  endfacet
  facet normal 0 0 1
    outer loop
      vertex 61.4377 -4.11902 12
      vertex 60.7888 -6.11624 12
      vertex 64.899 -6.98989 12
    endloop
  endfacet
  facet normal 0 0 1
    outer loop
      vertex 58 -2.58846 12
      vertex 60.7888 -6.11624 12
      vertex 61.4377 -4.11902 12
    endloop
  endfacet
  facet normal 0 0 1
    outer loop
      vertex 58 -2.58846 12
      vertex 56.95 -4.40711 12
      vertex 60.7888 -6.11624 12
    endloop
  endfacet
  facet normal 0 0 1
    outer loop
      vertex 54.9557 -0.376606 12
      vertex 56.95 -4.40711 12
      vertex 58 -2.58846 12
    endloop
  endfacet
  facet normal 0 0 1
    outer loop
      vertex 54.9557 -0.376606 12
      vertex 53.5505 -1.93721 12
      vertex 56.95 -4.40711 12
    endloop
  endfacet
  facet normal 0 0 1
    outer loop
      vertex 52.4377 2.41986 12
      vertex 53.5505 -1.93721 12
      vertex 54.9557 -0.376606 12
    endloop
  endfacet
  facet normal 0 0 1
    outer loop
      vertex 52.4377 2.41986 12
      vertex 50.7388 1.18552 12
      vertex 53.5505 -1.93721 12
    endloop
  endfacet
  facet normal 0 0 1
    outer loop
      vertex 50.5562 5.67874 12
      vertex 50.7388 1.18552 12
      vertex 52.4377 2.41986 12
    endloop
  endfacet
  facet normal -0 0 1
    outer loop
      vertex 47.6 8.01842 12
      vertex 50.5562 5.67874 12
      vertex 49.3933 9.25759 12
    endloop
  endfacet
  facet normal 0 0 1
    outer loop
      vertex 50.5562 5.67874 12
      vertex 48.6377 4.82459 12
      vertex 50.7388 1.18552 12
    endloop
  endfacet
  facet normal 0 0 1
    outer loop
      vertex 47.6 8.01842 12
      vertex 49.3933 9.25759 12
      vertex 49 13 12
    endloop
  endfacet
  facet normal 0 0 1
    outer loop
      vertex 49.3933 16.7424 12
      vertex 47.6 17.9816 12
      vertex 49 13 12
    endloop
  endfacet
  facet normal 0 0 1
    outer loop
      vertex 47.6 8.01842 12
      vertex 49 13 12
      vertex 47.6 17.9816 12
    endloop
  endfacet
  facet normal 0 0 1
    outer loop
      vertex 50.5562 5.67874 12
      vertex 47.6 8.01842 12
      vertex 48.6377 4.82459 12
    endloop
  endfacet
  facet normal 0 0 1
    outer loop
      vertex 85 13 12
      vertex 86.4 13 12
      vertex 85.9761 17.0335 12
    endloop
  endfacet
  facet normal 0 0 1
    outer loop
      vertex 86.4 13 12
      vertex 85 13 12
      vertex 85.9761 8.96651 12
    endloop
  endfacet
  facet normal 0 0 1
    outer loop
      vertex 84.6067 16.7424 12
      vertex 85.9761 17.0335 12
      vertex 84.7228 20.8907 12
    endloop
  endfacet
  facet normal 0 0 1
    outer loop
      vertex 85.9761 17.0335 12
      vertex 84.6067 16.7424 12
      vertex 85 13 12
    endloop
  endfacet
  facet normal 0 0 1
    outer loop
      vertex 84.7228 20.8907 12
      vertex 83.4438 20.3213 12
      vertex 84.6067 16.7424 12
    endloop
  endfacet
  facet normal 0 0 1
    outer loop
      vertex 82.6949 24.403 12
      vertex 83.4438 20.3213 12
      vertex 84.7228 20.8907 12
    endloop
  endfacet
  facet normal 0 0 1
    outer loop
      vertex 82.6949 24.403 12
      vertex 81.5623 23.5801 12
      vertex 83.4438 20.3213 12
    endloop
  endfacet
  facet normal 0 0 1
    outer loop
      vertex 79.9811 27.417 12
      vertex 81.5623 23.5801 12
      vertex 82.6949 24.403 12
    endloop
  endfacet
  facet normal 0 0 1
    outer loop
      vertex 79.9811 27.417 12
      vertex 79.0443 26.3766 12
      vertex 81.5623 23.5801 12
    endloop
  endfacet
  facet normal 0 0 1
    outer loop
      vertex 76.7 29.8009 12
      vertex 79.0443 26.3766 12
      vertex 79.9811 27.417 12
    endloop
  endfacet
  facet normal 0 0 1
    outer loop
      vertex 76.7 29.8009 12
      vertex 76 28.5885 12
      vertex 79.0443 26.3766 12
    endloop
  endfacet
  facet normal 0 0 1
    outer loop
      vertex 72.9949 31.4505 12
      vertex 76 28.5885 12
      vertex 76.7 29.8009 12
    endloop
  endfacet
  facet normal 0 0 1
    outer loop
      vertex 72.9949 31.4505 12
      vertex 72.5623 30.119 12
      vertex 76 28.5885 12
    endloop
  endfacet
  facet normal 0 0 1
    outer loop
      vertex 69.0279 32.2937 12
      vertex 72.5623 30.119 12
      vertex 72.9949 31.4505 12
    endloop
  endfacet
  facet normal 0 0 1
    outer loop
      vertex 69.0279 32.2937 12
      vertex 68.8815 30.9014 12
      vertex 72.5623 30.119 12
    endloop
  endfacet
  facet normal -0 0 1
    outer loop
      vertex 68 32.2937 12
      vertex 68.8815 30.9014 12
      vertex 69.0279 32.2937 12
    endloop
  endfacet
  facet normal 0 0 1
    outer loop
      vertex 68.8815 30.9014 12
      vertex 68 32.2937 12
      vertex 65.1185 30.9014 12
    endloop
  endfacet
  facet normal -0 0 1
    outer loop
      vertex 84.6067 9.25759 12
      vertex 85.9761 8.96651 12
      vertex 85 13 12
    endloop
  endfacet
  facet normal 0 0 1
    outer loop
      vertex 85.9761 8.96651 12
      vertex 84.6067 9.25759 12
      vertex 84.7228 5.10931 12
    endloop
  endfacet
  facet normal -0 0 1
    outer loop
      vertex 83.4438 5.67874 12
      vertex 84.7228 5.10931 12
      vertex 84.6067 9.25759 12
    endloop
  endfacet
  facet normal 0 0 1
    outer loop
      vertex 83.4438 5.67874 12
      vertex 82.6949 1.59697 12
      vertex 84.7228 5.10931 12
    endloop
  endfacet
  facet normal -0 0 1
    outer loop
      vertex 81.5623 2.41986 12
      vertex 82.6949 1.59697 12
      vertex 83.4438 5.67874 12
    endloop
  endfacet
  facet normal 0 0 1
    outer loop
      vertex 81.5623 2.41986 12
      vertex 79.9811 -1.41701 12
      vertex 82.6949 1.59697 12
    endloop
  endfacet
  facet normal -0 0 1
    outer loop
      vertex 79.0443 -0.376606 12
      vertex 79.9811 -1.41701 12
      vertex 81.5623 2.41986 12
    endloop
  endfacet
  facet normal 0 0 1
    outer loop
      vertex 79.0443 -0.376606 12
      vertex 76.7 -3.80089 12
      vertex 79.9811 -1.41701 12
    endloop
  endfacet
  facet normal -0 0 1
    outer loop
      vertex 76 -2.58846 12
      vertex 76.7 -3.80089 12
      vertex 79.0443 -0.376606 12
    endloop
  endfacet
  facet normal 0 0 1
    outer loop
      vertex 76 -2.58846 12
      vertex 72.9949 -5.4505 12
      vertex 76.7 -3.80089 12
    endloop
  endfacet
  facet normal -0 0 1
    outer loop
      vertex 72.5623 -4.11902 12
      vertex 72.9949 -5.4505 12
      vertex 76 -2.58846 12
    endloop
  endfacet
  facet normal 0 0 1
    outer loop
      vertex 72.5623 -4.11902 12
      vertex 69.0279 -6.29372 12
      vertex 72.9949 -5.4505 12
    endloop
  endfacet
  facet normal -0 0 1
    outer loop
      vertex 68.8815 -4.90139 12
      vertex 69.0279 -6.29372 12
      vertex 72.5623 -4.11902 12
    endloop
  endfacet
  facet normal 0 0 1
    outer loop
      vertex 68.8815 -4.90139 12
      vertex 68 -6.29372 12
      vertex 69.0279 -6.29372 12
    endloop
  endfacet
  facet normal 0 0 1
    outer loop
      vertex 64.899 -6.98989 12
      vertex 68 -6.29372 12
      vertex 65.1185 -4.90139 12
    endloop
  endfacet
  facet normal -0 0 1
    outer loop
      vertex 65.1185 -4.90139 12
      vertex 68 -6.29372 12
      vertex 68.8815 -4.90139 12
    endloop
  endfacet
  facet normal 0 0 1
    outer loop
      vertex 46.9 13 12
      vertex 47.6 17.9816 12
      vertex 47.3392 17.179 12
    endloop
  endfacet
  facet normal 0 0 1
    outer loop
      vertex 47.6 17.9816 12
      vertex 46.9 13 12
      vertex 47.6 8.01842 12
    endloop
  endfacet
  facet normal 0 0 1
    outer loop
      vertex 47.6 8.01842 12
      vertex 46.9 13 12
      vertex 47.3392 8.82097 12
    endloop
  endfacet
  facet normal 0 0 1
    outer loop
      vertex 86.4 13 12
      vertex 87 13 12
      vertex 86.563 17.1582 12
    endloop
  endfacet
  facet normal 0 0 1
    outer loop
      vertex 87 13 12
      vertex 86.4 13 12
      vertex 86.563 8.84177 12
    endloop
  endfacet
  facet normal 0 0 1
    outer loop
      vertex 86.563 17.1582 12
      vertex 85.9761 17.0335 12
      vertex 86.4 13 12
    endloop
  endfacet
  facet normal 0 0 1
    outer loop
      vertex 85.2709 21.1347 12
      vertex 85.9761 17.0335 12
      vertex 86.563 17.1582 12
    endloop
  endfacet
  facet normal 0 0 1
    outer loop
      vertex 85.2709 21.1347 12
      vertex 84.7228 20.8907 12
      vertex 85.9761 17.0335 12
    endloop
  endfacet
  facet normal 0 0 1
    outer loop
      vertex 83.1803 24.7557 12
      vertex 84.7228 20.8907 12
      vertex 85.2709 21.1347 12
    endloop
  endfacet
  facet normal 0 0 1
    outer loop
      vertex 83.1803 24.7557 12
      vertex 82.6949 24.403 12
      vertex 84.7228 20.8907 12
    endloop
  endfacet
  facet normal 0 0 1
    outer loop
      vertex 80.3826 27.8629 12
      vertex 82.6949 24.403 12
      vertex 83.1803 24.7557 12
    endloop
  endfacet
  facet normal 0 0 1
    outer loop
      vertex 80.3826 27.8629 12
      vertex 79.9811 27.417 12
      vertex 82.6949 24.403 12
    endloop
  endfacet
  facet normal 0 0 1
    outer loop
      vertex 77 30.3205 12
      vertex 79.9811 27.417 12
      vertex 80.3826 27.8629 12
    endloop
  endfacet
  facet normal 0 0 1
    outer loop
      vertex 77 30.3205 12
      vertex 76.7 29.8009 12
      vertex 79.9811 27.417 12
    endloop
  endfacet
  facet normal 0 0 1
    outer loop
      vertex 73.1803 32.0211 12
      vertex 76.7 29.8009 12
      vertex 77 30.3205 12
    endloop
  endfacet
  facet normal 0 0 1
    outer loop
      vertex 73.1803 32.0211 12
      vertex 72.9949 31.4505 12
      vertex 76.7 29.8009 12
    endloop
  endfacet
  facet normal 0 0 1
    outer loop
      vertex 69.0906 32.8904 12
      vertex 72.9949 31.4505 12
      vertex 73.1803 32.0211 12
    endloop
  endfacet
  facet normal 0 0 1
    outer loop
      vertex 69.0906 32.8904 12
      vertex 69.0279 32.2937 12
      vertex 72.9949 31.4505 12
    endloop
  endfacet
  facet normal -0 0 1
    outer loop
      vertex 68 32.8904 12
      vertex 69.0279 32.2937 12
      vertex 69.0906 32.8904 12
    endloop
  endfacet
  facet normal 0 0 1
    outer loop
      vertex 69.0279 32.2937 12
      vertex 68 32.8904 12
      vertex 68 32.2937 12
    endloop
  endfacet
  facet normal -0 0 1
    outer loop
      vertex 85.9761 8.96651 12
      vertex 86.563 8.84177 12
      vertex 86.4 13 12
    endloop
  endfacet
  facet normal 0 0 1
    outer loop
      vertex 85.9761 8.96651 12
      vertex 85.2709 4.86527 12
      vertex 86.563 8.84177 12
    endloop
  endfacet
  facet normal -0 0 1
    outer loop
      vertex 84.7228 5.10931 12
      vertex 85.2709 4.86527 12
      vertex 85.9761 8.96651 12
    endloop
  endfacet
  facet normal 0 0 1
    outer loop
      vertex 84.7228 5.10931 12
      vertex 83.1803 1.2443 12
      vertex 85.2709 4.86527 12
    endloop
  endfacet
  facet normal -0 0 1
    outer loop
      vertex 82.6949 1.59697 12
      vertex 83.1803 1.2443 12
      vertex 84.7228 5.10931 12
    endloop
  endfacet
  facet normal 0 0 1
    outer loop
      vertex 82.6949 1.59697 12
      vertex 80.3826 -1.8629 12
      vertex 83.1803 1.2443 12
    endloop
  endfacet
  facet normal -0 0 1
    outer loop
      vertex 79.9811 -1.41701 12
      vertex 80.3826 -1.8629 12
      vertex 82.6949 1.59697 12
    endloop
  endfacet
  facet normal 0 0 1
    outer loop
      vertex 79.9811 -1.41701 12
      vertex 77 -4.32051 12
      vertex 80.3826 -1.8629 12
    endloop
  endfacet
  facet normal -0 0 1
    outer loop
      vertex 76.7 -3.80089 12
      vertex 77 -4.32051 12
      vertex 79.9811 -1.41701 12
    endloop
  endfacet
  facet normal 0 0 1
    outer loop
      vertex 76.7 -3.80089 12
      vertex 73.1803 -6.02113 12
      vertex 77 -4.32051 12
    endloop
  endfacet
  facet normal -0 0 1
    outer loop
      vertex 72.9949 -5.4505 12
      vertex 73.1803 -6.02113 12
      vertex 76.7 -3.80089 12
    endloop
  endfacet
  facet normal 0 0 1
    outer loop
      vertex 72.9949 -5.4505 12
      vertex 69.0906 -6.89044 12
      vertex 73.1803 -6.02113 12
    endloop
  endfacet
  facet normal -0 0 1
    outer loop
      vertex 69.0279 -6.29372 12
      vertex 69.0906 -6.89044 12
      vertex 72.9949 -5.4505 12
    endloop
  endfacet
  facet normal 0 0 1
    outer loop
      vertex 68 -6.89044 12
      vertex 69.0279 -6.29372 12
      vertex 68 -6.29372 12
    endloop
  endfacet
  facet normal 0 0 1
    outer loop
      vertex 69.0279 -6.29372 12
      vertex 68 -6.89044 12
      vertex 69.0906 -6.89044 12
    endloop
  endfacet
  facet normal 0.207912 0.978148 -0
    outer loop
      vertex 64.899 -6.98989 12
      vertex 60.7888 -6.11624 13
      vertex 64.899 -6.98989 13
    endloop
  endfacet
  facet normal 0.207912 0.978148 0
    outer loop
      vertex 60.7888 -6.11624 13
      vertex 64.899 -6.98989 12
      vertex 60.7888 -6.11624 12
    endloop
  endfacet
  facet normal -0.866019 -0.500012 0
    outer loop
      vertex 85.3623 21.1754 12
      vertex 83.2612 24.8145 13
      vertex 83.2612 24.8145 12
    endloop
  endfacet
  facet normal -0.866019 -0.500012 0
    outer loop
      vertex 83.2612 24.8145 13
      vertex 85.3623 21.1754 12
      vertex 85.3623 21.1754 13
    endloop
  endfacet
  facet normal -0.587788 -0.809015 0
    outer loop
      vertex 77.05 30.4071 12
      vertex 80.4495 27.9372 13
      vertex 77.05 30.4071 13
    endloop
  endfacet
  facet normal -0.587788 -0.809015 -0
    outer loop
      vertex 80.4495 27.9372 13
      vertex 77.05 30.4071 12
      vertex 80.4495 27.9372 12
    endloop
  endfacet
  facet normal -0.406728 -0.913549 0
    outer loop
      vertex 73.2112 32.1162 12
      vertex 77.05 30.4071 13
      vertex 73.2112 32.1162 13
    endloop
  endfacet
  facet normal -0.406728 -0.913549 -0
    outer loop
      vertex 77.05 30.4071 13
      vertex 73.2112 32.1162 12
      vertex 77.05 30.4071 12
    endloop
  endfacet
  facet normal -0.951053 -0.309028 0
    outer loop
      vertex 84.6067 16.7424 11.5
      vertex 83.4438 20.3213 12
      vertex 83.4438 20.3213 11.5
    endloop
  endfacet
  facet normal -0.951053 -0.309028 0
    outer loop
      vertex 83.4438 20.3213 12
      vertex 84.6067 16.7424 11.5
      vertex 84.6067 16.7424 12
    endloop
  endfacet
  facet normal 0.994523 -0.104517 0
    outer loop
      vertex 49 13 12
      vertex 49.3933 16.7424 11.5
      vertex 49.3933 16.7424 12
    endloop
  endfacet
  facet normal 0.994523 -0.104517 0
    outer loop
      vertex 49.3933 16.7424 11.5
      vertex 49 13 12
      vertex 49 13 11.5
    endloop
  endfacet
  facet normal 0.743142 -0.669134 0
    outer loop
      vertex 52.4377 23.5801 12
      vertex 54.9557 26.3766 11.5
      vertex 54.9557 26.3766 12
    endloop
  endfacet
  facet normal 0.743142 -0.669134 0
    outer loop
      vertex 54.9557 26.3766 11.5
      vertex 52.4377 23.5801 12
      vertex 52.4377 23.5801 11.5
    endloop
  endfacet
  facet normal -0.994523 -0.104517 0
    outer loop
      vertex 85 13 11.5
      vertex 84.6067 16.7424 12
      vertex 84.6067 16.7424 11.5
    endloop
  endfacet
  facet normal -0.994523 -0.104517 0
    outer loop
      vertex 84.6067 16.7424 12
      vertex 85 13 11.5
      vertex 85 13 12
    endloop
  endfacet
  facet normal 0.406736 0.913546 -0
    outer loop
      vertex 61.4377 -4.11902 11.5
      vertex 58 -2.58846 12
      vertex 61.4377 -4.11902 12
    endloop
  endfacet
  facet normal 0.406736 0.913546 0
    outer loop
      vertex 58 -2.58846 12
      vertex 61.4377 -4.11902 11.5
      vertex 58 -2.58846 11.5
    endloop
  endfacet
  facet normal -0.866027 0.499997 0
    outer loop
      vertex 81.5623 2.41986 11.5
      vertex 83.4438 5.67874 12
      vertex 83.4438 5.67874 11.5
    endloop
  endfacet
  facet normal -0.866027 0.499997 0
    outer loop
      vertex 83.4438 5.67874 12
      vertex 81.5623 2.41986 11.5
      vertex 81.5623 2.41986 12
    endloop
  endfacet
  facet normal 0.994523 0.104517 0
    outer loop
      vertex 49.3933 9.25759 12
      vertex 49 13 11.5
      vertex 49 13 12
    endloop
  endfacet
  facet normal 0.994523 0.104517 0
    outer loop
      vertex 49 13 11.5
      vertex 49.3933 9.25759 12
      vertex 49.3933 9.25759 11.5
    endloop
  endfacet
  facet normal 0.20791 0.978148 -0
    outer loop
      vertex 65.1185 -4.90139 11.5
      vertex 61.4377 -4.11902 12
      vertex 65.1185 -4.90139 12
    endloop
  endfacet
  facet normal 0.20791 0.978148 0
    outer loop
      vertex 61.4377 -4.11902 12
      vertex 65.1185 -4.90139 11.5
      vertex 61.4377 -4.11902 11.5
    endloop
  endfacet
  facet normal -0.951052 0.309032 0
    outer loop
      vertex 83.4438 5.67874 11.5
      vertex 84.6067 9.25759 12
      vertex 84.6067 9.25759 11.5
    endloop
  endfacet
  facet normal -0.951052 0.309032 0
    outer loop
      vertex 84.6067 9.25759 12
      vertex 83.4438 5.67874 11.5
      vertex 83.4438 5.67874 12
    endloop
  endfacet
  facet normal -0.866022 -0.500006 0
    outer loop
      vertex 83.4438 20.3213 11.5
      vertex 81.5623 23.5801 12
      vertex 81.5623 23.5801 11.5
    endloop
  endfacet
  facet normal -0.866022 -0.500006 0
    outer loop
      vertex 81.5623 23.5801 12
      vertex 83.4438 20.3213 11.5
      vertex 83.4438 20.3213 12
    endloop
  endfacet
  facet normal 0 -1 0
    outer loop
      vertex 65.1185 30.9014 11.5
      vertex 68.8815 30.9014 12
      vertex 65.1185 30.9014 12
    endloop
  endfacet
  facet normal 0 -1 -0
    outer loop
      vertex 68.8815 30.9014 12
      vertex 65.1185 30.9014 11.5
      vertex 68.8815 30.9014 11.5
    endloop
  endfacet
  facet normal -0.406736 0.913546 0
    outer loop
      vertex 76 -2.58846 11.5
      vertex 72.5623 -4.11902 12
      vertex 76 -2.58846 12
    endloop
  endfacet
  facet normal -0.406736 0.913546 0
    outer loop
      vertex 72.5623 -4.11902 12
      vertex 76 -2.58846 11.5
      vertex 72.5623 -4.11902 11.5
    endloop
  endfacet
  facet normal -0.5878 -0.809006 0
    outer loop
      vertex 76 28.5885 11.5
      vertex 79.0443 26.3766 12
      vertex 76 28.5885 12
    endloop
  endfacet
  facet normal -0.5878 -0.809006 -0
    outer loop
      vertex 79.0443 26.3766 12
      vertex 76 28.5885 11.5
      vertex 79.0443 26.3766 11.5
    endloop
  endfacet
  facet normal 0.587792 0.809012 -0
    outer loop
      vertex 58 -2.58846 11.5
      vertex 54.9557 -0.376606 12
      vertex 58 -2.58846 12
    endloop
  endfacet
  facet normal 0.587792 0.809012 0
    outer loop
      vertex 54.9557 -0.376606 12
      vertex 58 -2.58846 11.5
      vertex 54.9557 -0.376606 11.5
    endloop
  endfacet
  facet normal 0.866027 0.499997 0
    outer loop
      vertex 52.4377 2.41986 12
      vertex 50.5562 5.67874 11.5
      vertex 50.5562 5.67874 12
    endloop
  endfacet
  facet normal 0.866027 0.499997 0
    outer loop
      vertex 50.5562 5.67874 11.5
      vertex 52.4377 2.41986 12
      vertex 52.4377 2.41986 11.5
    endloop
  endfacet
  facet normal 0.951052 0.309032 0
    outer loop
      vertex 50.5562 5.67874 12
      vertex 49.3933 9.25759 11.5
      vertex 49.3933 9.25759 12
    endloop
  endfacet
  facet normal 0.951052 0.309032 0
    outer loop
      vertex 49.3933 9.25759 11.5
      vertex 50.5562 5.67874 12
      vertex 50.5562 5.67874 11.5
    endloop
  endfacet
  facet normal -0.743138 0.669138 0
    outer loop
      vertex 79.0443 -0.376606 11.5
      vertex 81.5623 2.41986 12
      vertex 81.5623 2.41986 11.5
    endloop
  endfacet
  facet normal -0.743138 0.669138 0
    outer loop
      vertex 81.5623 2.41986 12
      vertex 79.0443 -0.376606 11.5
      vertex 79.0443 -0.376606 12
    endloop
  endfacet
  facet normal 0 1 -0
    outer loop
      vertex 68.8815 -4.90139 11.5
      vertex 65.1185 -4.90139 12
      vertex 68.8815 -4.90139 12
    endloop
  endfacet
  facet normal 0 1 0
    outer loop
      vertex 65.1185 -4.90139 12
      vertex 68.8815 -4.90139 11.5
      vertex 65.1185 -4.90139 11.5
    endloop
  endfacet
  facet normal -0.743142 -0.669134 0
    outer loop
      vertex 81.5623 23.5801 11.5
      vertex 79.0443 26.3766 12
      vertex 79.0443 26.3766 11.5
    endloop
  endfacet
  facet normal -0.743142 -0.669134 0
    outer loop
      vertex 79.0443 26.3766 12
      vertex 81.5623 23.5801 11.5
      vertex 81.5623 23.5801 12
    endloop
  endfacet
  facet normal 0.866022 -0.500006 0
    outer loop
      vertex 50.5562 20.3213 12
      vertex 52.4377 23.5801 11.5
      vertex 52.4377 23.5801 12
    endloop
  endfacet
  facet normal 0.866022 -0.500006 0
    outer loop
      vertex 52.4377 23.5801 11.5
      vertex 50.5562 20.3213 12
      vertex 50.5562 20.3213 11.5
    endloop
  endfacet
  facet normal 0.406723 -0.913552 0
    outer loop
      vertex 58 28.5885 11.5
      vertex 61.4377 30.119 12
      vertex 58 28.5885 12
    endloop
  endfacet
  facet normal 0.406723 -0.913552 0
    outer loop
      vertex 61.4377 30.119 12
      vertex 58 28.5885 11.5
      vertex 61.4377 30.119 11.5
    endloop
  endfacet
  facet normal -0.20791 0.978148 0
    outer loop
      vertex 72.5623 -4.11902 11.5
      vertex 68.8815 -4.90139 12
      vertex 72.5623 -4.11902 12
    endloop
  endfacet
  facet normal -0.20791 0.978148 0
    outer loop
      vertex 68.8815 -4.90139 12
      vertex 72.5623 -4.11902 11.5
      vertex 68.8815 -4.90139 11.5
    endloop
  endfacet
  facet normal -0.587792 0.809012 0
    outer loop
      vertex 79.0443 -0.376606 11.5
      vertex 76 -2.58846 12
      vertex 79.0443 -0.376606 12
    endloop
  endfacet
  facet normal -0.587792 0.809012 0
    outer loop
      vertex 76 -2.58846 12
      vertex 79.0443 -0.376606 11.5
      vertex 76 -2.58846 11.5
    endloop
  endfacet
  facet normal 0.207917 -0.978146 0
    outer loop
      vertex 61.4377 30.119 11.5
      vertex 65.1185 30.9014 12
      vertex 61.4377 30.119 12
    endloop
  endfacet
  facet normal 0.207917 -0.978146 0
    outer loop
      vertex 65.1185 30.9014 12
      vertex 61.4377 30.119 11.5
      vertex 65.1185 30.9014 11.5
    endloop
  endfacet
  facet normal -0.994523 0.104517 0
    outer loop
      vertex 84.6067 9.25759 11.5
      vertex 85 13 12
      vertex 85 13 11.5
    endloop
  endfacet
  facet normal -0.994523 0.104517 0
    outer loop
      vertex 85 13 12
      vertex 84.6067 9.25759 11.5
      vertex 84.6067 9.25759 12
    endloop
  endfacet
  facet normal 0.951053 -0.309028 0
    outer loop
      vertex 49.3933 16.7424 12
      vertex 50.5562 20.3213 11.5
      vertex 50.5562 20.3213 12
    endloop
  endfacet
  facet normal 0.951053 -0.309028 0
    outer loop
      vertex 50.5562 20.3213 11.5
      vertex 49.3933 16.7424 12
      vertex 49.3933 16.7424 11.5
    endloop
  endfacet
  facet normal 0.743138 0.669138 0
    outer loop
      vertex 54.9557 -0.376606 12
      vertex 52.4377 2.41986 11.5
      vertex 52.4377 2.41986 12
    endloop
  endfacet
  facet normal 0.743138 0.669138 0
    outer loop
      vertex 52.4377 2.41986 11.5
      vertex 54.9557 -0.376606 12
      vertex 54.9557 -0.376606 11.5
    endloop
  endfacet
  facet normal -0.207917 -0.978146 0
    outer loop
      vertex 68.8815 30.9014 11.5
      vertex 72.5623 30.119 12
      vertex 68.8815 30.9014 12
    endloop
  endfacet
  facet normal -0.207917 -0.978146 -0
    outer loop
      vertex 72.5623 30.119 12
      vertex 68.8815 30.9014 11.5
      vertex 72.5623 30.119 11.5
    endloop
  endfacet
  facet normal 0.5878 -0.809006 0
    outer loop
      vertex 54.9557 26.3766 11.5
      vertex 58 28.5885 12
      vertex 54.9557 26.3766 12
    endloop
  endfacet
  facet normal 0.5878 -0.809006 0
    outer loop
      vertex 58 28.5885 12
      vertex 54.9557 26.3766 11.5
      vertex 58 28.5885 11.5
    endloop
  endfacet
  facet normal -0.406723 -0.913552 0
    outer loop
      vertex 72.5623 30.119 11.5
      vertex 76 28.5885 12
      vertex 72.5623 30.119 12
    endloop
  endfacet
  facet normal -0.406723 -0.913552 -0
    outer loop
      vertex 76 28.5885 12
      vertex 72.5623 30.119 11.5
      vertex 76 28.5885 11.5
    endloop
  endfacet
  facet normal 0.623481 -0.781838 0
    outer loop
      vertex 54.3549 -12.8268 11.5
      vertex 55.6988 -11.7551 13
      vertex 54.3549 -12.8268 13
    endloop
  endfacet
  facet normal 0.623481 -0.781838 0
    outer loop
      vertex 55.6988 -11.7551 13
      vertex 54.3549 -12.8268 11.5
      vertex 55.6988 -11.7551 11.5
    endloop
  endfacet
  facet normal -0.900982 0.433857 0
    outer loop
      vertex 57.3988 -15.26 11.5
      vertex 58.15 -13.7 13
      vertex 58.15 -13.7 11.5
    endloop
  endfacet
  facet normal -0.900982 0.433857 0
    outer loop
      vertex 58.15 -13.7 13
      vertex 57.3988 -15.26 11.5
      vertex 57.3988 -15.26 13
    endloop
  endfacet
  facet normal 1 -0 0
    outer loop
      vertex 54.3481 -14.5587 13
      vertex 54.3481 -12.8413 11.5
      vertex 54.3481 -12.8413 13
    endloop
  endfacet
  facet normal 1 0 0
    outer loop
      vertex 54.3481 -12.8413 11.5
      vertex 54.3481 -14.5587 13
      vertex 54.3481 -14.5587 11.5
    endloop
  endfacet
  facet normal -0.900982 -0.433857 0
    outer loop
      vertex 58.15 -13.7 11.5
      vertex 57.3988 -12.14 13
      vertex 57.3988 -12.14 11.5
    endloop
  endfacet
  facet normal -0.900982 -0.433857 0
    outer loop
      vertex 57.3988 -12.14 13
      vertex 58.15 -13.7 11.5
      vertex 58.15 -13.7 13
    endloop
  endfacet
  facet normal 0.623481 0.781838 -0
    outer loop
      vertex 55.6988 -15.6449 11.5
      vertex 54.3549 -14.5732 13
      vertex 55.6988 -15.6449 13
    endloop
  endfacet
  facet normal 0.623481 0.781838 0
    outer loop
      vertex 54.3549 -14.5732 13
      vertex 55.6988 -15.6449 11.5
      vertex 54.3549 -14.5732 11.5
    endloop
  endfacet
  facet normal -0.222499 0.974933 0
    outer loop
      vertex 57.3922 -15.2648 11.5
      vertex 55.7118 -15.6483 13
      vertex 57.3922 -15.2648 13
    endloop
  endfacet
  facet normal -0.222499 0.974933 0
    outer loop
      vertex 55.7118 -15.6483 13
      vertex 57.3922 -15.2648 11.5
      vertex 55.7118 -15.6483 11.5
    endloop
  endfacet
  facet normal -0.222499 -0.974933 0
    outer loop
      vertex 55.7118 -11.7517 11.5
      vertex 57.3922 -12.1352 13
      vertex 55.7118 -11.7517 13
    endloop
  endfacet
  facet normal -0.222499 -0.974933 -0
    outer loop
      vertex 57.3922 -12.1352 13
      vertex 55.7118 -11.7517 11.5
      vertex 57.3922 -12.1352 11.5
    endloop
  endfacet
  facet normal -1 0 0
    outer loop
      vertex 62.4951 33.2039 3.34302
      vertex 62.4951 34.0599 3.65698
      vertex 62.4951 34.0599 3.34302
    endloop
  endfacet
  facet normal -1 -0 0
    outer loop
      vertex 62.4951 34.0599 3.65698
      vertex 62.4951 33.2039 3.34302
      vertex 62.4951 33.2039 3.65698
    endloop
  endfacet
  facet normal 0.0627868 0 -0.998027
    outer loop
      vertex 52.6867 33.2039 5.98029
      vertex 53 34.0599 6
      vertex 53 33.2039 6
    endloop
  endfacet
  facet normal 0.0627868 0 -0.998027
    outer loop
      vertex 53 34.0599 6
      vertex 52.6867 33.2039 5.98029
      vertex 52.6867 34.0599 5.98029
    endloop
  endfacet
  facet normal -0.309014 0 -0.951057
    outer loop
      vertex 60.6217 33.2039 5.92146
      vertex 60.9203 34.0599 5.82444
      vertex 60.9203 33.2039 5.82444
    endloop
  endfacet
  facet normal -0.309014 0 -0.951057
    outer loop
      vertex 60.9203 34.0599 5.82444
      vertex 60.6217 33.2039 5.92146
      vertex 60.6217 34.0599 5.92146
    endloop
  endfacet
  facet normal 0.53581 0 -0.844339
    outer loop
      vertex 51.5305 33.2039 5.52254
      vertex 51.7956 34.0599 5.69077
      vertex 51.7956 33.2039 5.69077
    endloop
  endfacet
  facet normal 0.53581 0 -0.844339
    outer loop
      vertex 51.7956 34.0599 5.69077
      vertex 51.5305 33.2039 5.52254
      vertex 51.5305 34.0599 5.52254
    endloop
  endfacet
  facet normal -0.18738 0 -0.982288
    outer loop
      vertex 60.3133 33.2039 5.98029
      vertex 60.6217 34.0599 5.92146
      vertex 60.6217 33.2039 5.92146
    endloop
  endfacet
  facet normal -0.18738 0 -0.982288
    outer loop
      vertex 60.6217 34.0599 5.92146
      vertex 60.3133 33.2039 5.98029
      vertex 60.3133 34.0599 5.98029
    endloop
  endfacet
  facet normal -0.929859 0 0.367917
    outer loop
      vertex 62.2621 33.2039 2.43555
      vertex 62.3776 34.0599 2.72746
      vertex 62.2621 34.0599 2.43555
    endloop
  endfacet
  facet normal -0.929859 0 0.367917
    outer loop
      vertex 62.3776 34.0599 2.72746
      vertex 62.2621 33.2039 2.43555
      vertex 62.3776 33.2039 2.72746
    endloop
  endfacet
  facet normal -0.809069 0 -0.587713
    outer loop
      vertex 62.1108 33.2039 4.83957
      vertex 61.9263 34.0599 5.09356
      vertex 62.1108 34.0599 4.83957
    endloop
  endfacet
  facet normal -0.809069 -0 -0.587713
    outer loop
      vertex 61.9263 34.0599 5.09356
      vertex 62.1108 33.2039 4.83957
      vertex 61.9263 33.2039 5.09356
    endloop
  endfacet
  facet normal -0.876237 0 0.48188
    outer loop
      vertex 62.1108 33.2039 2.16043
      vertex 62.2621 34.0599 2.43555
      vertex 62.1108 34.0599 2.16043
    endloop
  endfacet
  facet normal -0.876237 0 0.48188
    outer loop
      vertex 62.2621 34.0599 2.43555
      vertex 62.1108 33.2039 2.16043
      vertex 62.2621 33.2039 2.43555
    endloop
  endfacet
  facet normal 0.63743 0 0.770509
    outer loop
      vertex 51.2886 34.0599 1.67758
      vertex 51.5305 33.2039 1.47746
      vertex 51.5305 34.0599 1.47746
    endloop
  endfacet
  facet normal 0.63743 0 0.770509
    outer loop
      vertex 51.5305 33.2039 1.47746
      vertex 51.2886 34.0599 1.67758
      vertex 51.2886 33.2039 1.67758
    endloop
  endfacet
  facet normal 0.728991 0 -0.684524
    outer loop
      vertex 51.2886 33.2039 5.32242
      vertex 51.0737 34.0599 5.09356
      vertex 51.2886 34.0599 5.32242
    endloop
  endfacet
  facet normal 0.728991 0 -0.684524
    outer loop
      vertex 51.0737 34.0599 5.09356
      vertex 51.2886 33.2039 5.32242
      vertex 51.0737 33.2039 5.09356
    endloop
  endfacet
  facet normal 0.929859 -0 0.367917
    outer loop
      vertex 50.6224 33.2039 2.72746
      vertex 50.7379 34.0599 2.43555
      vertex 50.6224 34.0599 2.72746
    endloop
  endfacet
  facet normal 0.929859 0 0.367917
    outer loop
      vertex 50.7379 34.0599 2.43555
      vertex 50.6224 33.2039 2.72746
      vertex 50.7379 33.2039 2.43555
    endloop
  endfacet
  facet normal 1 -0 0
    outer loop
      vertex 50.5049 33.2039 3.65698
      vertex 50.5049 34.0599 3.34302
      vertex 50.5049 34.0599 3.65698
    endloop
  endfacet
  facet normal 1 0 0
    outer loop
      vertex 50.5049 34.0599 3.34302
      vertex 50.5049 33.2039 3.65698
      vertex 50.5049 33.2039 3.34302
    endloop
  endfacet
  facet normal -0.53581 0 0.844339
    outer loop
      vertex 61.2044 34.0599 1.30923
      vertex 61.4695 33.2039 1.47746
      vertex 61.4695 34.0599 1.47746
    endloop
  endfacet
  facet normal -0.53581 0 0.844339
    outer loop
      vertex 61.4695 33.2039 1.47746
      vertex 61.2044 34.0599 1.30923
      vertex 61.2044 33.2039 1.30923
    endloop
  endfacet
  facet normal 0.63743 0 -0.770509
    outer loop
      vertex 51.2886 33.2039 5.32242
      vertex 51.5305 34.0599 5.52254
      vertex 51.5305 33.2039 5.52254
    endloop
  endfacet
  facet normal 0.63743 0 -0.770509
    outer loop
      vertex 51.5305 34.0599 5.52254
      vertex 51.2886 33.2039 5.32242
      vertex 51.2886 34.0599 5.32242
    endloop
  endfacet
  facet normal 0.18738 0 -0.982288
    outer loop
      vertex 52.3783 33.2039 5.92146
      vertex 52.6867 34.0599 5.98029
      vertex 52.6867 33.2039 5.98029
    endloop
  endfacet
  facet normal 0.18738 0 -0.982288
    outer loop
      vertex 52.6867 34.0599 5.98029
      vertex 52.3783 33.2039 5.92146
      vertex 52.3783 34.0599 5.92146
    endloop
  endfacet
  facet normal 0.809069 -0 0.587713
    outer loop
      vertex 50.8892 33.2039 2.16043
      vertex 51.0737 34.0599 1.90644
      vertex 50.8892 34.0599 2.16043
    endloop
  endfacet
  facet normal 0.809069 0 0.587713
    outer loop
      vertex 51.0737 34.0599 1.90644
      vertex 50.8892 33.2039 2.16043
      vertex 51.0737 33.2039 1.90644
    endloop
  endfacet
  facet normal 0.992094 0 -0.125497
    outer loop
      vertex 50.5443 33.2039 3.96845
      vertex 50.5049 34.0599 3.65698
      vertex 50.5443 34.0599 3.96845
    endloop
  endfacet
  facet normal 0.992094 0 -0.125497
    outer loop
      vertex 50.5049 34.0599 3.65698
      vertex 50.5443 33.2039 3.96845
      vertex 50.5049 33.2039 3.65698
    endloop
  endfacet
  facet normal 0.876237 -0 0.48188
    outer loop
      vertex 50.7379 33.2039 2.43555
      vertex 50.8892 34.0599 2.16043
      vertex 50.7379 34.0599 2.43555
    endloop
  endfacet
  facet normal 0.876237 0 0.48188
    outer loop
      vertex 50.8892 34.0599 2.16043
      vertex 50.7379 33.2039 2.43555
      vertex 50.8892 33.2039 2.16043
    endloop
  endfacet
  facet normal -0.18738 0 0.982288
    outer loop
      vertex 60.3133 34.0599 1.01971
      vertex 60.6217 33.2039 1.07854
      vertex 60.6217 34.0599 1.07854
    endloop
  endfacet
  facet normal -0.18738 0 0.982288
    outer loop
      vertex 60.6217 33.2039 1.07854
      vertex 60.3133 34.0599 1.01971
      vertex 60.3133 33.2039 1.01971
    endloop
  endfacet
  facet normal 0 0 -1
    outer loop
      vertex 53 33.2039 6
      vertex 60 34.0599 6
      vertex 60 33.2039 6
    endloop
  endfacet
  facet normal -0 0 -1
    outer loop
      vertex 60 34.0599 6
      vertex 53 33.2039 6
      vertex 53 34.0599 6
    endloop
  endfacet
  facet normal -0.0627868 0 0.998027
    outer loop
      vertex 60 34.0599 1
      vertex 60.3133 33.2039 1.01971
      vertex 60.3133 34.0599 1.01971
    endloop
  endfacet
  facet normal -0.0627868 0 0.998027
    outer loop
      vertex 60.3133 33.2039 1.01971
      vertex 60 34.0599 1
      vertex 60 33.2039 1
    endloop
  endfacet
  facet normal -0.53581 0 -0.844339
    outer loop
      vertex 61.2044 33.2039 5.69077
      vertex 61.4695 34.0599 5.52254
      vertex 61.4695 33.2039 5.52254
    endloop
  endfacet
  facet normal -0.53581 0 -0.844339
    outer loop
      vertex 61.4695 34.0599 5.52254
      vertex 61.2044 33.2039 5.69077
      vertex 61.2044 34.0599 5.69077
    endloop
  endfacet
  facet normal -0.63743 0 0.770509
    outer loop
      vertex 61.4695 34.0599 1.47746
      vertex 61.7114 33.2039 1.67758
      vertex 61.7114 34.0599 1.67758
    endloop
  endfacet
  facet normal -0.63743 0 0.770509
    outer loop
      vertex 61.7114 33.2039 1.67758
      vertex 61.4695 34.0599 1.47746
      vertex 61.4695 33.2039 1.47746
    endloop
  endfacet
  facet normal 0.0627868 0 0.998027
    outer loop
      vertex 52.6867 34.0599 1.01971
      vertex 53 33.2039 1
      vertex 53 34.0599 1
    endloop
  endfacet
  facet normal 0.0627868 0 0.998027
    outer loop
      vertex 53 33.2039 1
      vertex 52.6867 34.0599 1.01971
      vertex 52.6867 33.2039 1.01971
    endloop
  endfacet
  facet normal 0.309014 0 -0.951057
    outer loop
      vertex 52.0797 33.2039 5.82444
      vertex 52.3783 34.0599 5.92146
      vertex 52.3783 33.2039 5.92146
    endloop
  endfacet
  facet normal 0.309014 0 -0.951057
    outer loop
      vertex 52.3783 34.0599 5.92146
      vertex 52.0797 33.2039 5.82444
      vertex 52.0797 34.0599 5.82444
    endloop
  endfacet
  facet normal 0.929859 0 -0.367917
    outer loop
      vertex 50.7379 33.2039 4.56445
      vertex 50.6224 34.0599 4.27254
      vertex 50.7379 34.0599 4.56445
    endloop
  endfacet
  facet normal 0.929859 0 -0.367917
    outer loop
      vertex 50.6224 34.0599 4.27254
      vertex 50.7379 33.2039 4.56445
      vertex 50.6224 33.2039 4.27254
    endloop
  endfacet
  facet normal -0.425734 0 -0.904848
    outer loop
      vertex 60.9203 33.2039 5.82444
      vertex 61.2044 34.0599 5.69077
      vertex 61.2044 33.2039 5.69077
    endloop
  endfacet
  facet normal -0.425734 0 -0.904848
    outer loop
      vertex 61.2044 34.0599 5.69077
      vertex 60.9203 33.2039 5.82444
      vertex 60.9203 34.0599 5.82444
    endloop
  endfacet
  facet normal -0 0 1
    outer loop
      vertex 53 34.0599 1
      vertex 60 33.2039 1
      vertex 60 34.0599 1
    endloop
  endfacet
  facet normal 0 0 1
    outer loop
      vertex 60 33.2039 1
      vertex 53 34.0599 1
      vertex 53 33.2039 1
    endloop
  endfacet
  facet normal 0.876237 0 -0.48188
    outer loop
      vertex 50.8892 33.2039 4.83957
      vertex 50.7379 34.0599 4.56445
      vertex 50.8892 34.0599 4.83957
    endloop
  endfacet
  facet normal 0.876237 0 -0.48188
    outer loop
      vertex 50.7379 34.0599 4.56445
      vertex 50.8892 33.2039 4.83957
      vertex 50.7379 33.2039 4.56445
    endloop
  endfacet
  facet normal 0.968566 0 -0.248758
    outer loop
      vertex 50.6224 33.2039 4.27254
      vertex 50.5443 34.0599 3.96845
      vertex 50.6224 34.0599 4.27254
    endloop
  endfacet
  facet normal 0.968566 0 -0.248758
    outer loop
      vertex 50.5443 34.0599 3.96845
      vertex 50.6224 33.2039 4.27254
      vertex 50.5443 33.2039 3.96845
    endloop
  endfacet
  facet normal 0.425734 0 -0.904848
    outer loop
      vertex 51.7956 33.2039 5.69077
      vertex 52.0797 34.0599 5.82444
      vertex 52.0797 33.2039 5.82444
    endloop
  endfacet
  facet normal 0.425734 0 -0.904848
    outer loop
      vertex 52.0797 34.0599 5.82444
      vertex 51.7956 33.2039 5.69077
      vertex 51.7956 34.0599 5.69077
    endloop
  endfacet
  facet normal -0.0627868 0 -0.998027
    outer loop
      vertex 60 33.2039 6
      vertex 60.3133 34.0599 5.98029
      vertex 60.3133 33.2039 5.98029
    endloop
  endfacet
  facet normal -0.0627868 0 -0.998027
    outer loop
      vertex 60.3133 34.0599 5.98029
      vertex 60 33.2039 6
      vertex 60 34.0599 6
    endloop
  endfacet
  facet normal 0.728991 -0 0.684524
    outer loop
      vertex 51.0737 33.2039 1.90644
      vertex 51.2886 34.0599 1.67758
      vertex 51.0737 34.0599 1.90644
    endloop
  endfacet
  facet normal 0.728991 0 0.684524
    outer loop
      vertex 51.2886 34.0599 1.67758
      vertex 51.0737 33.2039 1.90644
      vertex 51.2886 33.2039 1.67758
    endloop
  endfacet
  facet normal -0.992094 0 -0.125497
    outer loop
      vertex 62.4951 33.2039 3.65698
      vertex 62.4557 34.0599 3.96845
      vertex 62.4951 34.0599 3.65698
    endloop
  endfacet
  facet normal -0.992094 -0 -0.125497
    outer loop
      vertex 62.4557 34.0599 3.96845
      vertex 62.4951 33.2039 3.65698
      vertex 62.4557 33.2039 3.96845
    endloop
  endfacet
  facet normal -0.968566 0 0.248758
    outer loop
      vertex 62.3776 33.2039 2.72746
      vertex 62.4557 34.0599 3.03155
      vertex 62.3776 34.0599 2.72746
    endloop
  endfacet
  facet normal -0.968566 0 0.248758
    outer loop
      vertex 62.4557 34.0599 3.03155
      vertex 62.3776 33.2039 2.72746
      vertex 62.4557 33.2039 3.03155
    endloop
  endfacet
  facet normal -0.63743 0 -0.770509
    outer loop
      vertex 61.4695 33.2039 5.52254
      vertex 61.7114 34.0599 5.32242
      vertex 61.7114 33.2039 5.32242
    endloop
  endfacet
  facet normal -0.63743 0 -0.770509
    outer loop
      vertex 61.7114 34.0599 5.32242
      vertex 61.4695 33.2039 5.52254
      vertex 61.4695 34.0599 5.52254
    endloop
  endfacet
  facet normal -0.929859 0 -0.367917
    outer loop
      vertex 62.3776 33.2039 4.27254
      vertex 62.2621 34.0599 4.56445
      vertex 62.3776 34.0599 4.27254
    endloop
  endfacet
  facet normal -0.929859 -0 -0.367917
    outer loop
      vertex 62.2621 34.0599 4.56445
      vertex 62.3776 33.2039 4.27254
      vertex 62.2621 33.2039 4.56445
    endloop
  endfacet
  facet normal -0.728991 0 -0.684524
    outer loop
      vertex 61.9263 33.2039 5.09356
      vertex 61.7114 34.0599 5.32242
      vertex 61.9263 34.0599 5.09356
    endloop
  endfacet
  facet normal -0.728991 -0 -0.684524
    outer loop
      vertex 61.7114 34.0599 5.32242
      vertex 61.9263 33.2039 5.09356
      vertex 61.7114 33.2039 5.32242
    endloop
  endfacet
  facet normal 0.18738 0 0.982288
    outer loop
      vertex 52.3783 34.0599 1.07854
      vertex 52.6867 33.2039 1.01971
      vertex 52.6867 34.0599 1.01971
    endloop
  endfacet
  facet normal 0.18738 0 0.982288
    outer loop
      vertex 52.6867 33.2039 1.01971
      vertex 52.3783 34.0599 1.07854
      vertex 52.3783 33.2039 1.07854
    endloop
  endfacet
  facet normal 0.425734 0 0.904848
    outer loop
      vertex 51.7956 34.0599 1.30923
      vertex 52.0797 33.2039 1.17556
      vertex 52.0797 34.0599 1.17556
    endloop
  endfacet
  facet normal 0.425734 0 0.904848
    outer loop
      vertex 52.0797 33.2039 1.17556
      vertex 51.7956 34.0599 1.30923
      vertex 51.7956 33.2039 1.30923
    endloop
  endfacet
  facet normal 0.53581 0 0.844339
    outer loop
      vertex 51.5305 34.0599 1.47746
      vertex 51.7956 33.2039 1.30923
      vertex 51.7956 34.0599 1.30923
    endloop
  endfacet
  facet normal 0.53581 0 0.844339
    outer loop
      vertex 51.7956 33.2039 1.30923
      vertex 51.5305 34.0599 1.47746
      vertex 51.5305 33.2039 1.47746
    endloop
  endfacet
  facet normal -0.309014 0 0.951057
    outer loop
      vertex 60.6217 34.0599 1.07854
      vertex 60.9203 33.2039 1.17556
      vertex 60.9203 34.0599 1.17556
    endloop
  endfacet
  facet normal -0.309014 0 0.951057
    outer loop
      vertex 60.9203 33.2039 1.17556
      vertex 60.6217 34.0599 1.07854
      vertex 60.6217 33.2039 1.07854
    endloop
  endfacet
  facet normal 0.809069 0 -0.587713
    outer loop
      vertex 51.0737 33.2039 5.09356
      vertex 50.8892 34.0599 4.83957
      vertex 51.0737 34.0599 5.09356
    endloop
  endfacet
  facet normal 0.809069 0 -0.587713
    outer loop
      vertex 50.8892 34.0599 4.83957
      vertex 51.0737 33.2039 5.09356
      vertex 50.8892 33.2039 4.83957
    endloop
  endfacet
  facet normal -0.728991 0 0.684524
    outer loop
      vertex 61.7114 33.2039 1.67758
      vertex 61.9263 34.0599 1.90644
      vertex 61.7114 34.0599 1.67758
    endloop
  endfacet
  facet normal -0.728991 0 0.684524
    outer loop
      vertex 61.9263 34.0599 1.90644
      vertex 61.7114 33.2039 1.67758
      vertex 61.9263 33.2039 1.90644
    endloop
  endfacet
  facet normal 0.968566 -0 0.248758
    outer loop
      vertex 50.5443 33.2039 3.03155
      vertex 50.6224 34.0599 2.72746
      vertex 50.5443 34.0599 3.03155
    endloop
  endfacet
  facet normal 0.968566 0 0.248758
    outer loop
      vertex 50.6224 34.0599 2.72746
      vertex 50.5443 33.2039 3.03155
      vertex 50.6224 33.2039 2.72746
    endloop
  endfacet
  facet normal 0.992094 -0 0.125497
    outer loop
      vertex 50.5049 33.2039 3.34302
      vertex 50.5443 34.0599 3.03155
      vertex 50.5049 34.0599 3.34302
    endloop
  endfacet
  facet normal 0.992094 0 0.125497
    outer loop
      vertex 50.5443 34.0599 3.03155
      vertex 50.5049 33.2039 3.34302
      vertex 50.5443 33.2039 3.03155
    endloop
  endfacet
  facet normal 0.309014 0 0.951057
    outer loop
      vertex 52.0797 34.0599 1.17556
      vertex 52.3783 33.2039 1.07854
      vertex 52.3783 34.0599 1.07854
    endloop
  endfacet
  facet normal 0.309014 0 0.951057
    outer loop
      vertex 52.3783 33.2039 1.07854
      vertex 52.0797 34.0599 1.17556
      vertex 52.0797 33.2039 1.17556
    endloop
  endfacet
  facet normal -0.425734 0 0.904848
    outer loop
      vertex 60.9203 34.0599 1.17556
      vertex 61.2044 33.2039 1.30923
      vertex 61.2044 34.0599 1.30923
    endloop
  endfacet
  facet normal -0.425734 0 0.904848
    outer loop
      vertex 61.2044 33.2039 1.30923
      vertex 60.9203 34.0599 1.17556
      vertex 60.9203 33.2039 1.17556
    endloop
  endfacet
  facet normal -0.876237 0 -0.48188
    outer loop
      vertex 62.2621 33.2039 4.56445
      vertex 62.1108 34.0599 4.83957
      vertex 62.2621 34.0599 4.56445
    endloop
  endfacet
  facet normal -0.876237 -0 -0.48188
    outer loop
      vertex 62.1108 34.0599 4.83957
      vertex 62.2621 33.2039 4.56445
      vertex 62.1108 33.2039 4.83957
    endloop
  endfacet
  facet normal -0.992094 0 0.125497
    outer loop
      vertex 62.4557 33.2039 3.03155
      vertex 62.4951 34.0599 3.34302
      vertex 62.4557 34.0599 3.03155
    endloop
  endfacet
  facet normal -0.992094 0 0.125497
    outer loop
      vertex 62.4951 34.0599 3.34302
      vertex 62.4557 33.2039 3.03155
      vertex 62.4951 33.2039 3.34302
    endloop
  endfacet
  facet normal -0.809069 0 0.587713
    outer loop
      vertex 61.9263 33.2039 1.90644
      vertex 62.1108 34.0599 2.16043
      vertex 61.9263 34.0599 1.90644
    endloop
  endfacet
  facet normal -0.809069 0 0.587713
    outer loop
      vertex 62.1108 34.0599 2.16043
      vertex 61.9263 33.2039 1.90644
      vertex 62.1108 33.2039 2.16043
    endloop
  endfacet
  facet normal -0.968566 0 -0.248758
    outer loop
      vertex 62.4557 33.2039 3.96845
      vertex 62.3776 34.0599 4.27254
      vertex 62.4557 34.0599 3.96845
    endloop
  endfacet
  facet normal -0.968566 -0 -0.248758
    outer loop
      vertex 62.3776 34.0599 4.27254
      vertex 62.4557 33.2039 3.96845
      vertex 62.3776 33.2039 4.27254
    endloop
  endfacet
  facet normal 0 0 -1
    outer loop
      vertex 45.5729 28.2366 -1
      vertex 46.6 27.3878 -1
      vertex 46.2366 27.5729 -1
    endloop
  endfacet
  facet normal 0 0 -1
    outer loop
      vertex 45.1468 29.0729 -1
      vertex 46.6 27.3878 -1
      vertex 45.5729 28.2366 -1
    endloop
  endfacet
  facet normal 0 0 -1
    outer loop
      vertex 46.6 27.3878 -1
      vertex 45.1468 29.0729 -1
      vertex 46.6 32.6122 -1
    endloop
  endfacet
  facet normal 0 0 -1
    outer loop
      vertex 46.6 32.6122 -1
      vertex 45.5729 31.7634 -1
      vertex 46.2366 32.4271 -1
    endloop
  endfacet
  facet normal 0 0 -1
    outer loop
      vertex 45.1468 30.9271 -1
      vertex 46.6 32.6122 -1
      vertex 45.1468 29.0729 -1
    endloop
  endfacet
  facet normal 0 0 -1
    outer loop
      vertex 46.6 32.6122 -1
      vertex 45.1468 30.9271 -1
      vertex 45.5729 31.7634 -1
    endloop
  endfacet
  facet normal 0 -0 -1
    outer loop
      vertex 45.1468 30.9271 -1
      vertex 45.1468 29.0729 -1
      vertex 45 30 -1
    endloop
  endfacet
  facet normal 0 0 -1
    outer loop
      vertex 45.5729 -11.7634 -1
      vertex 46.6 -12.6122 -1
      vertex 46.2366 -12.4271 -1
    endloop
  endfacet
  facet normal 0 0 -1
    outer loop
      vertex 45.1468 -10.9271 -1
      vertex 46.6 -12.6122 -1
      vertex 45.5729 -11.7634 -1
    endloop
  endfacet
  facet normal 0 0 -1
    outer loop
      vertex 46.6 -12.6122 -1
      vertex 45.1468 -10.9271 -1
      vertex 46.6 -7.38781 -1
    endloop
  endfacet
  facet normal 0 0 -1
    outer loop
      vertex 46.6 -7.38781 -1
      vertex 45.5729 -8.23664 -1
      vertex 46.2366 -7.57295 -1
    endloop
  endfacet
  facet normal 0 0 -1
    outer loop
      vertex 45.1468 -9.07295 -1
      vertex 46.6 -7.38781 -1
      vertex 45.1468 -10.9271 -1
    endloop
  endfacet
  facet normal 0 0 -1
    outer loop
      vertex 46.6 -7.38781 -1
      vertex 45.1468 -9.07295 -1
      vertex 45.5729 -8.23664 -1
    endloop
  endfacet
  facet normal 0 -0 -1
    outer loop
      vertex 45.1468 -9.07295 -1
      vertex 45.1468 -10.9271 -1
      vertex 45 -10 -1
    endloop
  endfacet
  facet normal 0 0 -1
    outer loop
      vertex 67.1768 -27.6264 -1
      vertex 67.1889 -27.5823 -1
      vertex 67.1889 -27.5824 -1
    endloop
  endfacet
  facet normal 0 0 -1
    outer loop
      vertex 65.4577 -27.5828 -1
      vertex 67.1768 -27.6264 -1
      vertex 67.1636 -27.6701 -1
    endloop
  endfacet
  facet normal 0 0 -1
    outer loop
      vertex 65.4577 -27.5828 -1
      vertex 67.1636 -27.6701 -1
      vertex 67.152 -27.7059 -1
    endloop
  endfacet
  facet normal 0 0 -1
    outer loop
      vertex 65.4577 -27.5828 -1
      vertex 67.152 -27.7059 -1
      vertex 67.1376 -27.7492 -1
    endloop
  endfacet
  facet normal 0 0 -1
    outer loop
      vertex 65.4577 -27.5828 -1
      vertex 67.1376 -27.7492 -1
      vertex 67.1221 -27.7922 -1
    endloop
  endfacet
  facet normal 0 0 -1
    outer loop
      vertex 65.4577 -27.5828 -1
      vertex 67.1221 -27.7922 -1
      vertex 67.1055 -27.8347 -1
    endloop
  endfacet
  facet normal 0 0 -1
    outer loop
      vertex 65.4577 -27.5828 -1
      vertex 67.1055 -27.8347 -1
      vertex 67.0877 -27.8769 -1
    endloop
  endfacet
  facet normal 0 0 -1
    outer loop
      vertex 65.4577 -27.5828 -1
      vertex 67.0877 -27.8769 -1
      vertex 67.0687 -27.9186 -1
    endloop
  endfacet
  facet normal 0 0 -1
    outer loop
      vertex 65.4577 -27.5828 -1
      vertex 67.0687 -27.9186 -1
      vertex 67.0527 -27.9527 -1
    endloop
  endfacet
  facet normal 0 0 -1
    outer loop
      vertex 65.4577 -27.5828 -1
      vertex 67.0527 -27.9527 -1
      vertex 67.0326 -27.9939 -1
    endloop
  endfacet
  facet normal 0 0 -1
    outer loop
      vertex 65.4577 -27.5828 -1
      vertex 67.0326 -27.9939 -1
      vertex 67.0114 -28.0347 -1
    endloop
  endfacet
  facet normal 0 0 -1
    outer loop
      vertex 65.4577 -27.5828 -1
      vertex 67.0114 -28.0347 -1
      vertex 66.9892 -28.0749 -1
    endloop
  endfacet
  facet normal 0 0 -1
    outer loop
      vertex 65.4577 -27.5828 -1
      vertex 66.9892 -28.0749 -1
      vertex 66.8195 -28.3691 -1
    endloop
  endfacet
  facet normal 0 0 -1
    outer loop
      vertex 67.1768 -27.6264 -1
      vertex 65.4577 -27.5828 -1
      vertex 67.1889 -27.5823 -1
    endloop
  endfacet
  facet normal 0 0 -1
    outer loop
      vertex 64 -28 -1
      vertex 65.4577 -27.5828 -1
      vertex 64.927 -27.8532 -1
    endloop
  endfacet
  facet normal 0 0 -1
    outer loop
      vertex 63.0729 -27.8532 -1
      vertex 65.4577 -27.5828 -1
      vertex 64 -28 -1
    endloop
  endfacet
  facet normal 0 0 -1
    outer loop
      vertex 62.2366 -27.4271 -1
      vertex 65.4577 -27.5828 -1
      vertex 63.0729 -27.8532 -1
    endloop
  endfacet
  facet normal 0 0 -1
    outer loop
      vertex 61.0016 -25.0101 -1
      vertex 65.4577 -27.5828 -1
      vertex 62.2366 -27.4271 -1
    endloop
  endfacet
  facet normal 0 0 -1
    outer loop
      vertex 61.0016 -25.0101 -1
      vertex 62.2366 -27.4271 -1
      vertex 61.5729 -26.7634 -1
    endloop
  endfacet
  facet normal 0 0 -1
    outer loop
      vertex 61.0016 -25.0101 -1
      vertex 61.5729 -26.7634 -1
      vertex 61.1468 -25.9271 -1
    endloop
  endfacet
  facet normal 0 0 -1
    outer loop
      vertex 65.4577 -27.5828 -1
      vertex 61.0016 -25.0101 -1
      vertex 67.1889 -27.5823 -1
    endloop
  endfacet
  facet normal 0 0 -1
    outer loop
      vertex 47.6 -16.2727 -1
      vertex 61.0016 -25.0101 -1
      vertex 52.4628 -20.0802 -1
    endloop
  endfacet
  facet normal 0 0 -1
    outer loop
      vertex 51 -20.5 -1
      vertex 52.4628 -20.0802 -1
      vertex 51.9271 -20.3532 -1
    endloop
  endfacet
  facet normal 0 0 -1
    outer loop
      vertex 50.0729 -20.3532 -1
      vertex 52.4628 -20.0802 -1
      vertex 51 -20.5 -1
    endloop
  endfacet
  facet normal 0 0 -1
    outer loop
      vertex 49.2366 -19.9271 -1
      vertex 52.4628 -20.0802 -1
      vertex 50.0729 -20.3532 -1
    endloop
  endfacet
  facet normal 0 0 -1
    outer loop
      vertex 48.5729 -19.2634 -1
      vertex 52.4628 -20.0802 -1
      vertex 49.2366 -19.9271 -1
    endloop
  endfacet
  facet normal 0 0 -1
    outer loop
      vertex 48.1468 -18.4271 -1
      vertex 52.4628 -20.0802 -1
      vertex 48.5729 -19.2634 -1
    endloop
  endfacet
  facet normal 0 0 -1
    outer loop
      vertex 48.0006 -17.504 -1
      vertex 52.4628 -20.0802 -1
      vertex 48.1468 -18.4271 -1
    endloop
  endfacet
  facet normal 0 0 -1
    outer loop
      vertex 47.6 -16.2727 -1
      vertex 52.4628 -20.0802 -1
      vertex 48.0006 -17.504 -1
    endloop
  endfacet
  facet normal 0 0 -1
    outer loop
      vertex 61.0016 -25.0101 -1
      vertex 47.6 -16.2727 -1
      vertex 67.1889 -27.5823 -1
    endloop
  endfacet
  facet normal 0 0 -1
    outer loop
      vertex 46.6 -7.38781 -1
      vertex 47.6 33.218 -1
      vertex 47.6 -16.2727 -1
    endloop
  endfacet
  facet normal 0 0 -1
    outer loop
      vertex 46.6 32.6122 -1
      vertex 47.6 33.218 -1
      vertex 46.6 27.3878 -1
    endloop
  endfacet
  facet normal -0 0 -1
    outer loop
      vertex 47.6 33.218 -1
      vertex 46.6 32.6122 -1
      vertex 46.7218 33.218 -1
    endloop
  endfacet
  facet normal -0 0 -1
    outer loop
      vertex 46.7218 33.218 -1
      vertex 46.6 32.6122 -1
      vertex 46.6808 33.2197 -1
    endloop
  endfacet
  facet normal -0 0 -1
    outer loop
      vertex 46.6808 33.2197 -1
      vertex 46.6 32.6122 -1
      vertex 46.6762 33.2202 -1
    endloop
  endfacet
  facet normal -0 0 -1
    outer loop
      vertex 46.6762 33.2202 -1
      vertex 46.6 32.6122 -1
      vertex 46.653 33.225 -1
    endloop
  endfacet
  facet normal -0 0 -1
    outer loop
      vertex 46.653 33.225 -1
      vertex 46.6 32.6122 -1
      vertex 46.6375 33.2294 -1
    endloop
  endfacet
  facet normal -0 0 -1
    outer loop
      vertex 46.6375 33.2294 -1
      vertex 46.6 32.6122 -1
      vertex 46.6289 33.2327 -1
    endloop
  endfacet
  facet normal 0 0 -1
    outer loop
      vertex 46.6 -16.6953 -1
      vertex 47.6 -16.2727 -1
      vertex 48.0006 -17.504 -1
    endloop
  endfacet
  facet normal 0 0 -1
    outer loop
      vertex 46.6 -12.6122 -1
      vertex 47.6 -16.2727 -1
      vertex 46.6 -16.6953 -1
    endloop
  endfacet
  facet normal 0 0 -1
    outer loop
      vertex 46.6 -7.38781 -1
      vertex 47.6 -16.2727 -1
      vertex 46.6 -12.6122 -1
    endloop
  endfacet
  facet normal 0 0 -1
    outer loop
      vertex 47.6 33.218 -1
      vertex 46.6 -7.38781 -1
      vertex 46.6 27.3878 -1
    endloop
  endfacet
  facet normal -0 0 -1
    outer loop
      vertex 46.6289 33.2327 -1
      vertex 46.6 32.6122 -1
      vertex 46.6071 33.2429 -1
    endloop
  endfacet
  facet normal -0 0 -1
    outer loop
      vertex 46.6071 33.2429 -1
      vertex 46.6 32.6122 -1
      vertex 46.6002 33.2469 -1
    endloop
  endfacet
  facet normal -0 0 -1
    outer loop
      vertex 46.6002 33.2469 -1
      vertex 46.6 32.6122 -1
      vertex 46.6 33.247 -1
    endloop
  endfacet
  facet normal 1 0 0
    outer loop
      vertex 47.6 33.2039 11.5
      vertex 47.6 -12.4052 11.5
      vertex 47.6 33.2039 0
    endloop
  endfacet
  facet normal 1 -0 0
    outer loop
      vertex 47.6 33.2039 0
      vertex 47.6 33.218 -1
      vertex 47.6 33.218 0
    endloop
  endfacet
  facet normal 1 0 0
    outer loop
      vertex 47.6 -12.4052 11.5
      vertex 47.6 33.218 -1
      vertex 47.6 33.2039 0
    endloop
  endfacet
  facet normal 1 0 0
    outer loop
      vertex 47.6 33.218 -1
      vertex 47.6 -12.4052 11.5
      vertex 47.6 -16.2727 -1
    endloop
  endfacet
  facet normal 0.465081 0.845601 -0.262027
    outer loop
      vertex 67.2402 -27.3025 0
      vertex 67.2382 -27.3212 -0.0638976
      vertex 67.2382 -27.3014 0
    endloop
  endfacet
  facet normal 0.482962 0.836518 -0.258816
    outer loop
      vertex 67.2524 -27.0541 0.825683
      vertex 55.0111 -16.684 11.5
      vertex 67.2524 -23.7515 11.5
    endloop
  endfacet
  facet normal 0.483098 0.836494 -0.258638
    outer loop
      vertex 55.0111 -16.684 11.5
      vertex 67.2524 -27.0541 0.825683
      vertex 54.7875 -16.5954 11.3689
    endloop
  endfacet
  facet normal 0.482961 0.836517 -0.258822
    outer loop
      vertex 47.6 -16.2727 -1
      vertex 54.7875 -16.5954 11.3689
      vertex 67.2524 -27.0541 0.825683
    endloop
  endfacet
  facet normal 0.484397 0.839009 -0.247837
    outer loop
      vertex 54.1103 -16.1656 11.4942
      vertex 47.6 -12.4052 11.5
      vertex 54.1053 -16.161 11.5
    endloop
  endfacet
  facet normal 0.482945 0.836528 -0.258817
    outer loop
      vertex 47.6 -16.2727 -1
      vertex 54.1103 -16.1656 11.4942
      vertex 54.4354 -16.4018 11.3374
    endloop
  endfacet
  facet normal 0.483069 0.836434 -0.258886
    outer loop
      vertex 54.7875 -16.5954 11.3689
      vertex 47.6 -16.2727 -1
      vertex 54.4354 -16.4018 11.3374
    endloop
  endfacet
  facet normal 0.482949 0.836461 -0.259024
    outer loop
      vertex 47.6 -16.2727 -1
      vertex 67.2524 -27.0541 0.825683
      vertex 67.2525 -27.1003 0.676677
    endloop
  endfacet
  facet normal 0.482985 0.836611 -0.258471
    outer loop
      vertex 47.6 -16.2727 -1
      vertex 67.2525 -27.1003 0.676677
      vertex 67.2514 -27.1463 0.52573
    endloop
  endfacet
  facet normal 0.482961 0.836521 -0.258808
    outer loop
      vertex 47.6 -16.2727 -1
      vertex 67.2514 -27.1463 0.52573
      vertex 67.249 -27.1922 0.372893
    endloop
  endfacet
  facet normal 0.48294 0.836447 -0.259087
    outer loop
      vertex 47.6 -16.2727 -1
      vertex 67.249 -27.1922 0.372893
      vertex 67.2454 -27.238 0.21832
    endloop
  endfacet
  facet normal 0.482955 0.836496 -0.258899
    outer loop
      vertex 47.6 -16.2727 -1
      vertex 67.2454 -27.238 0.21832
      vertex 67.2406 -27.2836 0.0620333
    endloop
  endfacet
  facet normal 0.482971 0.836541 -0.258725
    outer loop
      vertex 47.6 -16.2727 -1
      vertex 67.2406 -27.2836 0.0620333
      vertex 67.2382 -27.3014 0
    endloop
  endfacet
  facet normal 0.492308 0.831419 -0.257633
    outer loop
      vertex 67.2321 -27.3665 -0.221744
      vertex 67.2382 -27.3014 0
      vertex 67.2382 -27.3212 -0.0638976
    endloop
  endfacet
  facet normal 0.482958 0.836504 -0.258868
    outer loop
      vertex 67.2382 -27.3014 0
      vertex 67.2321 -27.3665 -0.221744
      vertex 47.6 -16.2727 -1
    endloop
  endfacet
  facet normal 0.482991 0.836586 -0.258543
    outer loop
      vertex 47.6 -16.2727 -1
      vertex 67.2321 -27.3665 -0.221744
      vertex 67.2249 -27.4116 -0.381128
    endloop
  endfacet
  facet normal 0.482939 0.836467 -0.259023
    outer loop
      vertex 47.6 -16.2727 -1
      vertex 67.2249 -27.4116 -0.381128
      vertex 67.2164 -27.4565 -0.541972
    endloop
  endfacet
  facet normal 0.482983 0.836561 -0.258636
    outer loop
      vertex 47.6 -16.2727 -1
      vertex 67.2164 -27.4565 -0.541972
      vertex 67.2094 -27.4935 -0.674721
    endloop
  endfacet
  facet normal 0.482948 0.836492 -0.258926
    outer loop
      vertex 47.6 -16.2727 -1
      vertex 67.2094 -27.4935 -0.674721
      vertex 67.1997 -27.5381 -0.836899
    endloop
  endfacet
  facet normal 0.482979 0.836549 -0.258684
    outer loop
      vertex 47.6 -16.2727 -1
      vertex 67.1997 -27.5381 -0.836899
      vertex 67.1889 -27.5823 -1
    endloop
  endfacet
  facet normal 0.482951 0.836523 -0.25882
    outer loop
      vertex 54.1103 -16.1656 11.4942
      vertex 47.6 -16.2727 -1
      vertex 47.6 -12.4052 11.5
    endloop
  endfacet
  facet normal 0.866348 -0.499441 0
    outer loop
      vertex 66.9534 -28.137 0
      vertex 66.9892 -28.0749 -1
      vertex 66.9892 -28.0749 0
    endloop
  endfacet
  facet normal 0.866225 -0.499654 -1.76955e-05
    outer loop
      vertex 66.9892 -28.0749 -1
      vertex 66.9534 -28.137 0
      vertex 66.8195 -28.3691 -1
    endloop
  endfacet
  facet normal 0.875387 -0.483423 0
    outer loop
      vertex 66.9892 -28.0749 0
      vertex 67.0114 -28.0347 -1
      vertex 67.0114 -28.0347 0
    endloop
  endfacet
  facet normal 0.875387 -0.483423 0
    outer loop
      vertex 67.0114 -28.0347 -1
      vertex 66.9892 -28.0749 0
      vertex 66.9892 -28.0749 -1
    endloop
  endfacet
  facet normal 0.887359 -0.461079 0
    outer loop
      vertex 67.0114 -28.0347 0
      vertex 67.0326 -27.9939 -1
      vertex 67.0326 -27.9939 0
    endloop
  endfacet
  facet normal 0.887359 -0.461079 0
    outer loop
      vertex 67.0326 -27.9939 -1
      vertex 67.0114 -28.0347 0
      vertex 67.0114 -28.0347 -1
    endloop
  endfacet
  facet normal 0.898747 -0.438467 0
    outer loop
      vertex 67.0326 -27.9939 0
      vertex 67.0527 -27.9527 -1
      vertex 67.0527 -27.9527 0
    endloop
  endfacet
  facet normal 0.898747 -0.438467 0
    outer loop
      vertex 67.0527 -27.9527 -1
      vertex 67.0326 -27.9939 0
      vertex 67.0326 -27.9939 -1
    endloop
  endfacet
  facet normal 0.905299 -0.424774 0
    outer loop
      vertex 67.0527 -27.9527 0
      vertex 67.0687 -27.9186 -1
      vertex 67.0687 -27.9186 0
    endloop
  endfacet
  facet normal 0.905299 -0.424774 0
    outer loop
      vertex 67.0687 -27.9186 -1
      vertex 67.0527 -27.9527 0
      vertex 67.0527 -27.9527 -1
    endloop
  endfacet
  facet normal 0.909992 -0.414625 0
    outer loop
      vertex 67.0687 -27.9186 0
      vertex 67.0877 -27.8769 -1
      vertex 67.0877 -27.8769 0
    endloop
  endfacet
  facet normal 0.909992 -0.414625 0
    outer loop
      vertex 67.0877 -27.8769 -1
      vertex 67.0687 -27.9186 0
      vertex 67.0687 -27.9186 -1
    endloop
  endfacet
  facet normal 0.921389 -0.388643 0
    outer loop
      vertex 67.0877 -27.8769 0
      vertex 67.1055 -27.8347 -1
      vertex 67.1055 -27.8347 0
    endloop
  endfacet
  facet normal 0.921389 -0.388643 0
    outer loop
      vertex 67.1055 -27.8347 -1
      vertex 67.0877 -27.8769 0
      vertex 67.0877 -27.8769 -1
    endloop
  endfacet
  facet normal 0.931469 -0.363821 0
    outer loop
      vertex 67.1055 -27.8347 0
      vertex 67.1221 -27.7922 -1
      vertex 67.1221 -27.7922 0
    endloop
  endfacet
  facet normal 0.931469 -0.363821 0
    outer loop
      vertex 67.1221 -27.7922 -1
      vertex 67.1055 -27.8347 0
      vertex 67.1055 -27.8347 -1
    endloop
  endfacet
  facet normal 0.940748 -0.339107 0
    outer loop
      vertex 67.1221 -27.7922 0
      vertex 67.1376 -27.7492 -1
      vertex 67.1376 -27.7492 0
    endloop
  endfacet
  facet normal 0.940748 -0.339107 0
    outer loop
      vertex 67.1376 -27.7492 -1
      vertex 67.1221 -27.7922 0
      vertex 67.1221 -27.7922 -1
    endloop
  endfacet
  facet normal 0.948902 -0.31557 0
    outer loop
      vertex 67.1376 -27.7492 0
      vertex 67.152 -27.7059 -1
      vertex 67.152 -27.7059 0
    endloop
  endfacet
  facet normal 0.948902 -0.31557 0
    outer loop
      vertex 67.152 -27.7059 -1
      vertex 67.1376 -27.7492 0
      vertex 67.1376 -27.7492 -1
    endloop
  endfacet
  facet normal 0.951307 -0.308245 0
    outer loop
      vertex 67.152 -27.7059 0
      vertex 67.1636 -27.6701 -1
      vertex 67.1636 -27.6701 0
    endloop
  endfacet
  facet normal 0.951307 -0.308245 0
    outer loop
      vertex 67.1636 -27.6701 -1
      vertex 67.152 -27.7059 0
      vertex 67.152 -27.7059 -1
    endloop
  endfacet
  facet normal 0.957282 -0.289156 0
    outer loop
      vertex 67.1636 -27.6701 0
      vertex 67.1768 -27.6264 -1
      vertex 67.1768 -27.6264 0
    endloop
  endfacet
  facet normal 0.957282 -0.289156 0
    outer loop
      vertex 67.1768 -27.6264 -1
      vertex 67.1636 -27.6701 0
      vertex 67.1636 -27.6701 -1
    endloop
  endfacet
  facet normal 0.964205 -0.265156 0
    outer loop
      vertex 67.1768 -27.6264 0
      vertex 67.1889 -27.5824 -1
      vertex 67.1889 -27.5824 0
    endloop
  endfacet
  facet normal 0.964205 -0.265156 0
    outer loop
      vertex 67.1889 -27.5824 -1
      vertex 67.1768 -27.6264 0
      vertex 67.1768 -27.6264 -1
    endloop
  endfacet
  facet normal 0.971545 -0.236855 0
    outer loop
      vertex 67.1889 -27.5824 0
      vertex 67.1997 -27.5381 -0.836899
      vertex 67.1997 -27.5381 0
    endloop
  endfacet
  facet normal 0.971545 -0.236855 0
    outer loop
      vertex 67.1889 -27.5824 -1
      vertex 67.1997 -27.5381 -0.836899
      vertex 67.1889 -27.5824 0
    endloop
  endfacet
  facet normal 0.997815 0 -0.0660719
    outer loop
      vertex 67.1997 -27.5381 -0.836899
      vertex 67.1889 -27.5824 -1
      vertex 67.1889 -27.5823 -1
    endloop
  endfacet
  facet normal 0.977157 -0.212521 0
    outer loop
      vertex 67.1997 -27.5381 0
      vertex 67.2094 -27.4935 -0.674721
      vertex 67.2094 -27.4935 0
    endloop
  endfacet
  facet normal 0.977157 -0.212521 0
    outer loop
      vertex 67.2094 -27.4935 -0.674721
      vertex 67.1997 -27.5381 0
      vertex 67.1997 -27.5381 -0.836899
    endloop
  endfacet
  facet normal 0.98257 -0.185892 0
    outer loop
      vertex 67.2094 -27.4935 0
      vertex 67.2164 -27.4565 -0.541972
      vertex 67.2164 -27.4565 0
    endloop
  endfacet
  facet normal 0.98257 -0.185892 0
    outer loop
      vertex 67.2164 -27.4565 -0.541972
      vertex 67.2094 -27.4935 0
      vertex 67.2094 -27.4935 -0.674721
    endloop
  endfacet
  facet normal 0.982549 -0.186006 0
    outer loop
      vertex 67.2164 -27.4565 0
      vertex 67.2249 -27.4116 -0.381128
      vertex 67.2249 -27.4116 0
    endloop
  endfacet
  facet normal 0.982549 -0.186006 0
    outer loop
      vertex 67.2249 -27.4116 -0.381128
      vertex 67.2164 -27.4565 0
      vertex 67.2164 -27.4565 -0.541972
    endloop
  endfacet
  facet normal 0.987495 -0.157649 0
    outer loop
      vertex 67.2249 -27.4116 0
      vertex 67.2321 -27.3665 -0.221744
      vertex 67.2321 -27.3665 0
    endloop
  endfacet
  facet normal 0.987495 -0.157649 0
    outer loop
      vertex 67.2321 -27.3665 -0.221744
      vertex 67.2249 -27.4116 0
      vertex 67.2249 -27.4116 -0.381128
    endloop
  endfacet
  facet normal 0.991055 -0.133453 0
    outer loop
      vertex 67.2321 -27.3665 0
      vertex 67.2382 -27.3212 -0.0638976
      vertex 67.2382 -27.3212 0
    endloop
  endfacet
  facet normal 0.991055 -0.133453 0
    outer loop
      vertex 67.2382 -27.3212 -0.0638976
      vertex 67.2321 -27.3665 0
      vertex 67.2321 -27.3665 -0.221744
    endloop
  endfacet
  facet normal 0.994329 -0.106345 0
    outer loop
      vertex 67.2402 -27.3025 0
      vertex 67.2382 -27.3212 0
      vertex 67.2382 -27.3212 -0.0638976
    endloop
  endfacet
  facet normal 0 1 -0
    outer loop
      vertex 47.6 33.218 -1
      vertex 46.7218 33.218 0
      vertex 47.6 33.218 0
    endloop
  endfacet
  facet normal 0 1 0
    outer loop
      vertex 46.7218 33.218 0
      vertex 47.6 33.218 -1
      vertex 46.7218 33.218 -1
    endloop
  endfacet
  facet normal 0.0414278 0.999141 -0
    outer loop
      vertex 46.7218 33.218 -1
      vertex 46.6808 33.2197 0
      vertex 46.7218 33.218 0
    endloop
  endfacet
  facet normal 0.0414278 0.999141 0
    outer loop
      vertex 46.6808 33.2197 0
      vertex 46.7218 33.218 -1
      vertex 46.6808 33.2197 -1
    endloop
  endfacet
  facet normal 0.108059 0.994144 -0
    outer loop
      vertex 46.6808 33.2197 -1
      vertex 46.6762 33.2202 0
      vertex 46.6808 33.2197 0
    endloop
  endfacet
  facet normal 0.108059 0.994144 0
    outer loop
      vertex 46.6762 33.2202 0
      vertex 46.6808 33.2197 -1
      vertex 46.6762 33.2202 -1
    endloop
  endfacet
  facet normal 0.202606 0.97926 -0
    outer loop
      vertex 46.6762 33.2202 -1
      vertex 46.653 33.225 0
      vertex 46.6762 33.2202 0
    endloop
  endfacet
  facet normal 0.202606 0.97926 0
    outer loop
      vertex 46.653 33.225 0
      vertex 46.6762 33.2202 -1
      vertex 46.653 33.225 -1
    endloop
  endfacet
  facet normal 0.273081 0.961991 -0
    outer loop
      vertex 46.653 33.225 -1
      vertex 46.6375 33.2294 0
      vertex 46.653 33.225 0
    endloop
  endfacet
  facet normal 0.273081 0.961991 0
    outer loop
      vertex 46.6375 33.2294 0
      vertex 46.653 33.225 -1
      vertex 46.6375 33.2294 -1
    endloop
  endfacet
  facet normal 0.358251 0.933625 -0
    outer loop
      vertex 46.6375 33.2294 0
      vertex 46.6289 33.2327 11.5
      vertex 46.6375 33.2294 11.5
    endloop
  endfacet
  facet normal 0.358251 0.933625 0
    outer loop
      vertex 46.6289 33.2327 -1
      vertex 46.6375 33.2294 0
      vertex 46.6375 33.2294 -1
    endloop
  endfacet
  facet normal 0.358251 0.933625 0
    outer loop
      vertex 46.6375 33.2294 0
      vertex 46.6289 33.2327 -1
      vertex 46.6289 33.2327 11.5
    endloop
  endfacet
  facet normal 0 1 0
    outer loop
      vertex 46.6289 33.2327 11.5
      vertex 46.6288 33.2327 0
      vertex 46.6288 33.2327 11.5
    endloop
  endfacet
  facet normal 0 1 -0
    outer loop
      vertex 46.6289 33.2327 -1
      vertex 46.6288 33.2327 0
      vertex 46.6289 33.2327 11.5
    endloop
  endfacet
  facet normal 0.425395 0.905008 4.25395e-05
    outer loop
      vertex 46.6289 33.2327 -1
      vertex 46.6071 33.2429 0
      vertex 46.6288 33.2327 0
    endloop
  endfacet
  facet normal 0.423795 0.905758 0
    outer loop
      vertex 46.6071 33.2429 0
      vertex 46.6289 33.2327 -1
      vertex 46.6071 33.2429 -1
    endloop
  endfacet
  facet normal 0.50153 0.86514 -0
    outer loop
      vertex 46.6071 33.2429 -1
      vertex 46.6002 33.2469 0
      vertex 46.6071 33.2429 0
    endloop
  endfacet
  facet normal 0.50153 0.86514 0
    outer loop
      vertex 46.6002 33.2469 0
      vertex 46.6071 33.2429 -1
      vertex 46.6002 33.2469 -1
    endloop
  endfacet
  facet normal 0.447214 0.894427 -0
    outer loop
      vertex 46.6002 33.2469 -1
      vertex 46.6 33.247 0
      vertex 46.6002 33.2469 0
    endloop
  endfacet
  facet normal 0.447214 0.894427 0
    outer loop
      vertex 46.6 33.247 0
      vertex 46.6002 33.2469 -1
      vertex 46.6 33.247 -1
    endloop
  endfacet
  facet normal 0.951053 0.309029 0
    outer loop
      vertex 86.563 17.1582 0
      vertex 85.2709 21.1347 -1
      vertex 85.2709 21.1347 0
    endloop
  endfacet
  facet normal 0.951053 0.309029 0
    outer loop
      vertex 85.2709 21.1347 -1
      vertex 86.563 17.1582 0
      vertex 86.563 17.1582 -1
    endloop
  endfacet
  facet normal 0.994523 0.104518 0
    outer loop
      vertex 87 13 0
      vertex 86.563 17.1582 -1
      vertex 86.563 17.1582 0
    endloop
  endfacet
  facet normal 0.994523 0.104518 0
    outer loop
      vertex 86.563 17.1582 -1
      vertex 87 13 0
      vertex 87 13 -1
    endloop
  endfacet
  facet normal 0 1 -0
    outer loop
      vertex 69.0906 32.8904 -1
      vertex 68 32.8904 0
      vertex 69.0906 32.8904 0
    endloop
  endfacet
  facet normal 0 1 0
    outer loop
      vertex 68 32.8904 0
      vertex 69.0906 32.8904 -1
      vertex 68 32.8904 -1
    endloop
  endfacet
  facet normal 0.866022 -0.500006 0
    outer loop
      vertex 83.1803 1.2443 0
      vertex 85.2709 4.86527 -1
      vertex 85.2709 4.86527 0
    endloop
  endfacet
  facet normal 0.866022 -0.500006 0
    outer loop
      vertex 85.2709 4.86527 -1
      vertex 83.1803 1.2443 0
      vertex 83.1803 1.2443 -1
    endloop
  endfacet
  facet normal 0 -1 0
    outer loop
      vertex 68 -6.89044 -1
      vertex 69.0906 -6.89044 0
      vertex 68 -6.89044 0
    endloop
  endfacet
  facet normal 0 -1 -0
    outer loop
      vertex 69.0906 -6.89044 0
      vertex 68 -6.89044 -1
      vertex 69.0906 -6.89044 -1
    endloop
  endfacet
  facet normal 0.406733 -0.913547 0
    outer loop
      vertex 73.1803 -6.02113 -1
      vertex 77 -4.32051 0
      vertex 73.1803 -6.02113 0
    endloop
  endfacet
  facet normal 0.406733 -0.913547 0
    outer loop
      vertex 77 -4.32051 0
      vertex 73.1803 -6.02113 -1
      vertex 77 -4.32051 -1
    endloop
  endfacet
  facet normal 0.743149 0.669126 0
    outer loop
      vertex 83.1803 24.7557 0
      vertex 80.3826 27.8629 -1
      vertex 80.3826 27.8629 0
    endloop
  endfacet
  facet normal 0.743149 0.669126 0
    outer loop
      vertex 80.3826 27.8629 -1
      vertex 83.1803 24.7557 0
      vertex 83.1803 24.7557 -1
    endloop
  endfacet
  facet normal 0.951053 -0.309029 0
    outer loop
      vertex 85.2709 4.86527 0
      vertex 86.563 8.84177 -1
      vertex 86.563 8.84177 0
    endloop
  endfacet
  facet normal 0.951053 -0.309029 0
    outer loop
      vertex 86.563 8.84177 -1
      vertex 85.2709 4.86527 0
      vertex 85.2709 4.86527 -1
    endloop
  endfacet
  facet normal 0.743149 -0.669126 0
    outer loop
      vertex 80.3826 -1.8629 0
      vertex 83.1803 1.2443 -1
      vertex 83.1803 1.2443 0
    endloop
  endfacet
  facet normal 0.743149 -0.669126 0
    outer loop
      vertex 83.1803 1.2443 -1
      vertex 80.3826 -1.8629 0
      vertex 80.3826 -1.8629 -1
    endloop
  endfacet
  facet normal 0.587785 0.809017 -0
    outer loop
      vertex 80.3826 27.8629 -1
      vertex 77 30.3205 0
      vertex 80.3826 27.8629 0
    endloop
  endfacet
  facet normal 0.587785 0.809017 0
    outer loop
      vertex 77 30.3205 0
      vertex 80.3826 27.8629 -1
      vertex 77 30.3205 -1
    endloop
  endfacet
  facet normal 0.207913 0.978147 -0
    outer loop
      vertex 73.1803 32.0211 -1
      vertex 69.0906 32.8904 0
      vertex 73.1803 32.0211 0
    endloop
  endfacet
  facet normal 0.207913 0.978147 0
    outer loop
      vertex 69.0906 32.8904 0
      vertex 73.1803 32.0211 -1
      vertex 69.0906 32.8904 -1
    endloop
  endfacet
  facet normal 0.406729 0.913549 -0
    outer loop
      vertex 77 30.3205 -1
      vertex 73.1803 32.0211 0
      vertex 77 30.3205 0
    endloop
  endfacet
  facet normal 0.406729 0.913549 0
    outer loop
      vertex 73.1803 32.0211 0
      vertex 77 30.3205 -1
      vertex 73.1803 32.0211 -1
    endloop
  endfacet
  facet normal 0.207916 -0.978147 0
    outer loop
      vertex 69.0906 -6.89044 -1
      vertex 73.1803 -6.02113 0
      vertex 69.0906 -6.89044 0
    endloop
  endfacet
  facet normal 0.207916 -0.978147 0
    outer loop
      vertex 73.1803 -6.02113 0
      vertex 69.0906 -6.89044 -1
      vertex 73.1803 -6.02113 -1
    endloop
  endfacet
  facet normal 0.587786 -0.809016 0
    outer loop
      vertex 77 -4.32051 -1
      vertex 80.3826 -1.8629 0
      vertex 77 -4.32051 0
    endloop
  endfacet
  facet normal 0.587786 -0.809016 0
    outer loop
      vertex 80.3826 -1.8629 0
      vertex 77 -4.32051 -1
      vertex 80.3826 -1.8629 -1
    endloop
  endfacet
  facet normal 0.994523 -0.104517 0
    outer loop
      vertex 86.563 8.84177 0
      vertex 87 13 -1
      vertex 87 13 0
    endloop
  endfacet
  facet normal 0.994523 -0.104517 0
    outer loop
      vertex 87 13 -1
      vertex 86.563 8.84177 0
      vertex 86.563 8.84177 -1
    endloop
  endfacet
  facet normal 0 0 -1
    outer loop
      vertex 86.4 13 -1
      vertex 87 13 -1
      vertex 86.563 8.84177 -1
    endloop
  endfacet
  facet normal 0 0 -1
    outer loop
      vertex 87 13 -1
      vertex 86.4 13 -1
      vertex 86.563 17.1582 -1
    endloop
  endfacet
  facet normal 0 0 -1
    outer loop
      vertex 86.563 8.84177 -1
      vertex 85.9761 8.96651 -1
      vertex 86.4 13 -1
    endloop
  endfacet
  facet normal 0 0 -1
    outer loop
      vertex 85.2709 4.86527 -1
      vertex 85.9761 8.96651 -1
      vertex 86.563 8.84177 -1
    endloop
  endfacet
  facet normal 0 0 -1
    outer loop
      vertex 85.2709 4.86527 -1
      vertex 84.7228 5.10931 -1
      vertex 85.9761 8.96651 -1
    endloop
  endfacet
  facet normal 0 0 -1
    outer loop
      vertex 83.1803 1.2443 -1
      vertex 84.7228 5.10931 -1
      vertex 85.2709 4.86527 -1
    endloop
  endfacet
  facet normal 0 0 -1
    outer loop
      vertex 83.1803 1.2443 -1
      vertex 82.6949 1.59697 -1
      vertex 84.7228 5.10931 -1
    endloop
  endfacet
  facet normal 0 0 -1
    outer loop
      vertex 80.3826 -1.8629 -1
      vertex 82.6949 1.59697 -1
      vertex 83.1803 1.2443 -1
    endloop
  endfacet
  facet normal 0 0 -1
    outer loop
      vertex 80.3826 -1.8629 -1
      vertex 79.9811 -1.41701 -1
      vertex 82.6949 1.59697 -1
    endloop
  endfacet
  facet normal 0 0 -1
    outer loop
      vertex 77 -4.32051 -1
      vertex 79.9811 -1.41701 -1
      vertex 80.3826 -1.8629 -1
    endloop
  endfacet
  facet normal 0 0 -1
    outer loop
      vertex 77 -4.32051 -1
      vertex 76.7 -3.80089 -1
      vertex 79.9811 -1.41701 -1
    endloop
  endfacet
  facet normal 0 0 -1
    outer loop
      vertex 73.1803 -6.02113 -1
      vertex 76.7 -3.80089 -1
      vertex 77 -4.32051 -1
    endloop
  endfacet
  facet normal 0 0 -1
    outer loop
      vertex 73.1803 -6.02113 -1
      vertex 72.9949 -5.4505 -1
      vertex 76.7 -3.80089 -1
    endloop
  endfacet
  facet normal 0 0 -1
    outer loop
      vertex 69.0906 -6.89044 -1
      vertex 72.9949 -5.4505 -1
      vertex 73.1803 -6.02113 -1
    endloop
  endfacet
  facet normal 0 0 -1
    outer loop
      vertex 69.0906 -6.89044 -1
      vertex 69.0279 -6.29372 -1
      vertex 72.9949 -5.4505 -1
    endloop
  endfacet
  facet normal 0 0 -1
    outer loop
      vertex 68 -6.89044 -1
      vertex 69.0279 -6.29372 -1
      vertex 69.0906 -6.89044 -1
    endloop
  endfacet
  facet normal -0 0 -1
    outer loop
      vertex 69.0279 -6.29372 -1
      vertex 68 -6.89044 -1
      vertex 68 -6.29372 -1
    endloop
  endfacet
  facet normal 0 0 -1
    outer loop
      vertex 85.9761 17.0335 -1
      vertex 86.563 17.1582 -1
      vertex 86.4 13 -1
    endloop
  endfacet
  facet normal 0 0 -1
    outer loop
      vertex 85.9761 17.0335 -1
      vertex 85.2709 21.1347 -1
      vertex 86.563 17.1582 -1
    endloop
  endfacet
  facet normal 0 0 -1
    outer loop
      vertex 84.7228 20.8907 -1
      vertex 85.2709 21.1347 -1
      vertex 85.9761 17.0335 -1
    endloop
  endfacet
  facet normal 0 0 -1
    outer loop
      vertex 84.7228 20.8907 -1
      vertex 83.1803 24.7557 -1
      vertex 85.2709 21.1347 -1
    endloop
  endfacet
  facet normal 0 0 -1
    outer loop
      vertex 82.6949 24.403 -1
      vertex 83.1803 24.7557 -1
      vertex 84.7228 20.8907 -1
    endloop
  endfacet
  facet normal 0 0 -1
    outer loop
      vertex 82.6949 24.403 -1
      vertex 80.3826 27.8629 -1
      vertex 83.1803 24.7557 -1
    endloop
  endfacet
  facet normal 0 0 -1
    outer loop
      vertex 79.9811 27.417 -1
      vertex 80.3826 27.8629 -1
      vertex 82.6949 24.403 -1
    endloop
  endfacet
  facet normal 0 0 -1
    outer loop
      vertex 79.9811 27.417 -1
      vertex 77 30.3205 -1
      vertex 80.3826 27.8629 -1
    endloop
  endfacet
  facet normal 0 0 -1
    outer loop
      vertex 76.7 29.8009 -1
      vertex 77 30.3205 -1
      vertex 79.9811 27.417 -1
    endloop
  endfacet
  facet normal 0 0 -1
    outer loop
      vertex 76.7 29.8009 -1
      vertex 73.1803 32.0211 -1
      vertex 77 30.3205 -1
    endloop
  endfacet
  facet normal 0 0 -1
    outer loop
      vertex 72.9949 31.4505 -1
      vertex 73.1803 32.0211 -1
      vertex 76.7 29.8009 -1
    endloop
  endfacet
  facet normal 0 0 -1
    outer loop
      vertex 72.9949 31.4505 -1
      vertex 69.0906 32.8904 -1
      vertex 73.1803 32.0211 -1
    endloop
  endfacet
  facet normal 0 0 -1
    outer loop
      vertex 69.0279 32.2937 -1
      vertex 69.0906 32.8904 -1
      vertex 72.9949 31.4505 -1
    endloop
  endfacet
  facet normal 0 0 -1
    outer loop
      vertex 68 32.8904 -1
      vertex 69.0279 32.2937 -1
      vertex 68 32.2937 -1
    endloop
  endfacet
  facet normal 0 0 -1
    outer loop
      vertex 69.0279 32.2937 -1
      vertex 68 32.8904 -1
      vertex 69.0906 32.8904 -1
    endloop
  endfacet
  facet normal 0.866024 0.500003 0
    outer loop
      vertex 85.2709 21.1347 0
      vertex 83.1803 24.7557 -1
      vertex 83.1803 24.7557 0
    endloop
  endfacet
  facet normal 0.866024 0.500003 0
    outer loop
      vertex 83.1803 24.7557 -1
      vertex 85.2709 21.1347 0
      vertex 85.2709 21.1347 -1
    endloop
  endfacet
  facet normal -0.994523 0.104519 0
    outer loop
      vertex 85.9761 8.96651 -1
      vertex 86.4 13 11.5
      vertex 86.4 13 -1
    endloop
  endfacet
  facet normal -0.994523 0.104519 0
    outer loop
      vertex 86.4 13 11.5
      vertex 85.9761 8.96651 -1
      vertex 85.9761 8.96651 11.5
    endloop
  endfacet
  facet normal -0.207909 -0.978148 -3.66652e-05
    outer loop
      vertex 69.0279 32.2937 11.5
      vertex 72.073 31.6465 10.2497
      vertex 72.9949 31.4505 11.5
    endloop
  endfacet
  facet normal -0.207892 -0.978152 5.42481e-06
    outer loop
      vertex 69.0279 32.2937 11.5
      vertex 70.573 31.9653 9.55579
      vertex 72.073 31.6465 10.2497
    endloop
  endfacet
  facet normal -0.207906 -0.978149 -5.75351e-06
    outer loop
      vertex 69.0279 32.2937 11.5
      vertex 70 32.0871 8.07838
      vertex 70.573 31.9653 9.55579
    endloop
  endfacet
  facet normal -0.207886 -0.978153 0
    outer loop
      vertex 69.0279 32.2937 11.5
      vertex 70 32.0871 3.07838
      vertex 70 32.0871 8.07838
    endloop
  endfacet
  facet normal -0.207886 -0.978153 0
    outer loop
      vertex 69.0279 32.2937 -1
      vertex 70 32.0871 3.07838
      vertex 69.0279 32.2937 11.5
    endloop
  endfacet
  facet normal -0.207906 -0.978149 4.90276e-06
    outer loop
      vertex 69.0279 32.2937 -1
      vertex 70.573 31.9653 1.38175
      vertex 70 32.0871 3.07838
    endloop
  endfacet
  facet normal -0.207893 -0.978152 -3.91156e-06
    outer loop
      vertex 69.0279 32.2937 -1
      vertex 72.073 31.6465 0.113969
      vertex 70.573 31.9653 1.38175
    endloop
  endfacet
  facet normal -0.207909 -0.978148 4.11524e-05
    outer loop
      vertex 72.9949 31.4505 -1
      vertex 72.073 31.6465 0.113969
      vertex 69.0279 32.2937 -1
    endloop
  endfacet
  facet normal -0.207956 -0.978138 0
    outer loop
      vertex 72.073 31.6465 0.113969
      vertex 72.9949 31.4505 -1
      vertex 72.9949 31.4505 -0.0624063
    endloop
  endfacet
  facet normal -0.207956 -0.978138 -0
    outer loop
      vertex 72.9949 31.4505 11.5
      vertex 72.073 31.6465 10.2497
      vertex 72.9949 31.4505 10.0733
    endloop
  endfacet
  facet normal -0.743145 0.669131 0
    outer loop
      vertex 79.9811 -1.41701 -1
      vertex 82.6949 1.59697 11.5
      vertex 82.6949 1.59697 -1
    endloop
  endfacet
  facet normal -0.743145 0.669131 0
    outer loop
      vertex 82.6949 1.59697 11.5
      vertex 79.9811 -1.41701 -1
      vertex 79.9811 -1.41701 11.5
    endloop
  endfacet
  facet normal -0.587792 -0.809012 0
    outer loop
      vertex 76.7 29.8009 -1
      vertex 79.9811 27.417 11.5
      vertex 76.7 29.8009 11.5
    endloop
  endfacet
  facet normal -0.587792 -0.809012 -0
    outer loop
      vertex 79.9811 27.417 11.5
      vertex 76.7 29.8009 -1
      vertex 79.9811 27.417 -1
    endloop
  endfacet
  facet normal -0.587789 0.809014 0
    outer loop
      vertex 79.9811 -1.41701 -1
      vertex 76.7 -3.80089 11.5
      vertex 79.9811 -1.41701 11.5
    endloop
  endfacet
  facet normal -0.587789 0.809014 0
    outer loop
      vertex 76.7 -3.80089 11.5
      vertex 79.9811 -1.41701 -1
      vertex 76.7 -3.80089 -1
    endloop
  endfacet
  facet normal 0 -1 0
    outer loop
      vertex 68 32.2937 -1
      vertex 69.0279 32.2937 11.5
      vertex 68 32.2937 11.5
    endloop
  endfacet
  facet normal 0 -1 -0
    outer loop
      vertex 69.0279 32.2937 11.5
      vertex 68 32.2937 -1
      vertex 69.0279 32.2937 -1
    endloop
  endfacet
  facet normal -0.406739 -0.913545 -0
    outer loop
      vertex 72.9949 31.4505 -0.0624063
      vertex 72.9949 31.4505 -1
      vertex 73.927 31.0355 -0.435913
    endloop
  endfacet
  facet normal -0.406739 -0.913545 0
    outer loop
      vertex 73.927 31.0355 9.69979
      vertex 72.9949 31.4505 11.5
      vertex 72.9949 31.4505 10.0733
    endloop
  endfacet
  facet normal -0.406733 -0.913547 3.33371e-06
    outer loop
      vertex 72.9949 31.4505 11.5
      vertex 73.927 31.0355 9.69979
      vertex 76.7 29.8009 11.5
    endloop
  endfacet
  facet normal -0.406744 -0.913542 2.40667e-05
    outer loop
      vertex 75.427 30.3676 8.1179
      vertex 76.7 29.8009 11.5
      vertex 73.927 31.0355 9.69979
    endloop
  endfacet
  facet normal -0.406641 -0.913588 -2.2375e-05
    outer loop
      vertex 76 30.1126 6.3013
      vertex 76.7 29.8009 11.5
      vertex 75.427 30.3676 8.1179
    endloop
  endfacet
  facet normal -0.40678 -0.913526 0
    outer loop
      vertex 76.7 29.8009 -1
      vertex 76 30.1126 6.3013
      vertex 76 30.1126 1.3013
    endloop
  endfacet
  facet normal -0.406733 -0.913547 -1.06391e-05
    outer loop
      vertex 76.7 29.8009 -1
      vertex 73.927 31.0355 -0.435913
      vertex 72.9949 31.4505 -1
    endloop
  endfacet
  facet normal -0.40678 -0.913526 0
    outer loop
      vertex 76 30.1126 6.3013
      vertex 76.7 29.8009 -1
      vertex 76.7 29.8009 11.5
    endloop
  endfacet
  facet normal -0.406665 -0.913577 4.1917e-05
    outer loop
      vertex 75.427 30.3676 -0.0561383
      vertex 76.7 29.8009 -1
      vertex 76 30.1126 1.3013
    endloop
  endfacet
  facet normal -0.406747 -0.913541 -8.98031e-05
    outer loop
      vertex 73.927 31.0355 -0.435913
      vertex 76.7 29.8009 -1
      vertex 75.427 30.3676 -0.0561383
    endloop
  endfacet
  facet normal -0.207914 0.978147 -2.38845e-05
    outer loop
      vertex 72.9949 -5.4505 11.5
      vertex 72.073 -5.64647 10.9996
      vertex 69.0279 -6.29372 11.5
    endloop
  endfacet
  facet normal -0.207926 0.978145 0
    outer loop
      vertex 72.073 -5.64647 10.9996
      vertex 72.9949 -5.4505 11.5
      vertex 72.9949 -5.4505 10.8037
    endloop
  endfacet
  facet normal -0.20791 0.978148 1.82081e-06
    outer loop
      vertex 70.573 -5.9653 10.2287
      vertex 69.0279 -6.29372 11.5
      vertex 72.073 -5.64647 10.9996
    endloop
  endfacet
  facet normal -0.207898 0.978151 1.66821e-05
    outer loop
      vertex 70.3961 -6.00289 9.72195
      vertex 69.0279 -6.29372 11.5
      vertex 70.573 -5.9653 10.2287
    endloop
  endfacet
  facet normal -0.207921 0.978146 -2.02693e-06
    outer loop
      vertex 70 -6.08709 8.58709
      vertex 69.0279 -6.29372 11.5
      vertex 70.3961 -6.00289 9.72195
    endloop
  endfacet
  facet normal -0.207915 0.978147 0
    outer loop
      vertex 70 -6.08709 3.58709
      vertex 69.0279 -6.29372 11.5
      vertex 70 -6.08709 8.58709
    endloop
  endfacet
  facet normal -0.207926 0.978145 0
    outer loop
      vertex 72.9949 -5.4505 -1
      vertex 72.073 -5.64647 0.293299
      vertex 72.9949 -5.4505 0.0973263
    endloop
  endfacet
  facet normal -0.207914 0.978147 9.24132e-06
    outer loop
      vertex 69.0279 -6.29372 -1
      vertex 72.073 -5.64647 0.293299
      vertex 72.9949 -5.4505 -1
    endloop
  endfacet
  facet normal -0.207915 0.978147 0
    outer loop
      vertex 70 -6.08709 3.58709
      vertex 69.0279 -6.29372 -1
      vertex 69.0279 -6.29372 11.5
    endloop
  endfacet
  facet normal -0.207908 0.978148 -1.51975e-06
    outer loop
      vertex 70.573 -5.9653 1.70195
      vertex 69.0279 -6.29372 -1
      vertex 70 -6.08709 3.58709
    endloop
  endfacet
  facet normal -0.207909 0.978148 -9.05537e-07
    outer loop
      vertex 72.073 -5.64647 0.293299
      vertex 69.0279 -6.29372 -1
      vertex 70.573 -5.9653 1.70195
    endloop
  endfacet
  facet normal -0.86602 0.500009 0
    outer loop
      vertex 82.6949 1.59697 -1
      vertex 84.7228 5.10931 11.5
      vertex 84.7228 5.10931 -1
    endloop
  endfacet
  facet normal -0.86602 0.500009 0
    outer loop
      vertex 84.7228 5.10931 11.5
      vertex 82.6949 1.59697 -1
      vertex 82.6949 1.59697 11.5
    endloop
  endfacet
  facet normal -0.406735 0.913546 1.15528e-05
    outer loop
      vertex 73.927 -5.03549 10.3887
      vertex 72.9949 -5.4505 11.5
      vertex 76.7 -3.80089 11.5
    endloop
  endfacet
  facet normal -0.406747 0.913541 0
    outer loop
      vertex 72.9949 -5.4505 11.5
      vertex 73.927 -5.03549 10.3887
      vertex 72.9949 -5.4505 10.8037
    endloop
  endfacet
  facet normal -0.406732 0.913547 2.83797e-06
    outer loop
      vertex 76.7 -3.80089 11.5
      vertex 75.427 -4.36765 8.631
      vertex 73.927 -5.03549 10.3887
    endloop
  endfacet
  facet normal -0.406698 0.913563 -1.52445e-05
    outer loop
      vertex 76.7 -3.80089 11.5
      vertex 75.7446 -4.22628 7.51243
      vertex 75.427 -4.36765 8.631
    endloop
  endfacet
  facet normal -0.406774 0.913529 6.34062e-06
    outer loop
      vertex 76.7 -3.80089 11.5
      vertex 76 -4.11255 6.61255
      vertex 75.7446 -4.22628 7.51243
    endloop
  endfacet
  facet normal -0.406737 0.913545 0
    outer loop
      vertex 76.7 -3.80089 -1
      vertex 76 -4.11255 6.61255
      vertex 76.7 -3.80089 11.5
    endloop
  endfacet
  facet normal -0.406733 0.913547 -8.46244e-06
    outer loop
      vertex 75.427 -4.36765 0.104291
      vertex 76.7 -3.80089 -1
      vertex 73.927 -5.03549 -0.317681
    endloop
  endfacet
  facet normal -0.406724 0.913551 4.00094e-06
    outer loop
      vertex 76 -4.11255 1.61255
      vertex 76.7 -3.80089 -1
      vertex 75.427 -4.36765 0.104291
    endloop
  endfacet
  facet normal -0.406737 0.913545 0
    outer loop
      vertex 76 -4.11255 6.61255
      vertex 76.7 -3.80089 -1
      vertex 76 -4.11255 1.61255
    endloop
  endfacet
  facet normal -0.406747 0.913541 0
    outer loop
      vertex 73.927 -5.03549 -0.317681
      vertex 72.9949 -5.4505 -1
      vertex 72.9949 -5.4505 0.0973263
    endloop
  endfacet
  facet normal -0.406735 0.913546 -1.88161e-05
    outer loop
      vertex 72.9949 -5.4505 -1
      vertex 73.927 -5.03549 -0.317681
      vertex 76.7 -3.80089 -1
    endloop
  endfacet
  facet normal 0 1 -0
    outer loop
      vertex 69.0279 -6.29372 -1
      vertex 68 -6.29372 11.5
      vertex 69.0279 -6.29372 11.5
    endloop
  endfacet
  facet normal 0 1 0
    outer loop
      vertex 68 -6.29372 11.5
      vertex 69.0279 -6.29372 -1
      vertex 68 -6.29372 -1
    endloop
  endfacet
  facet normal -0.951055 0.309021 0
    outer loop
      vertex 84.7228 5.10931 -1
      vertex 85.9761 8.96651 11.5
      vertex 85.9761 8.96651 -1
    endloop
  endfacet
  facet normal -0.951055 0.309021 0
    outer loop
      vertex 85.9761 8.96651 11.5
      vertex 84.7228 5.10931 -1
      vertex 84.7228 5.10931 11.5
    endloop
  endfacet
  facet normal -0.743147 -0.669128 0
    outer loop
      vertex 82.6949 24.403 -1
      vertex 79.9811 27.417 11.5
      vertex 79.9811 27.417 -1
    endloop
  endfacet
  facet normal -0.743147 -0.669128 0
    outer loop
      vertex 79.9811 27.417 11.5
      vertex 82.6949 24.403 -1
      vertex 82.6949 24.403 11.5
    endloop
  endfacet
  facet normal -0.866018 -0.500013 0
    outer loop
      vertex 84.7228 20.8907 -1
      vertex 82.6949 24.403 11.5
      vertex 82.6949 24.403 -1
    endloop
  endfacet
  facet normal -0.866018 -0.500013 0
    outer loop
      vertex 82.6949 24.403 11.5
      vertex 84.7228 20.8907 -1
      vertex 84.7228 20.8907 11.5
    endloop
  endfacet
  facet normal -0.951055 -0.309021 0
    outer loop
      vertex 85.9761 17.0335 -1
      vertex 84.7228 20.8907 11.5
      vertex 84.7228 20.8907 -1
    endloop
  endfacet
  facet normal -0.951055 -0.309021 0
    outer loop
      vertex 84.7228 20.8907 11.5
      vertex 85.9761 17.0335 -1
      vertex 85.9761 17.0335 11.5
    endloop
  endfacet
  facet normal -0.994523 -0.104519 0
    outer loop
      vertex 86.4 13 -1
      vertex 85.9761 17.0335 11.5
      vertex 85.9761 17.0335 -1
    endloop
  endfacet
  facet normal -0.994523 -0.104519 0
    outer loop
      vertex 85.9761 17.0335 11.5
      vertex 86.4 13 -1
      vertex 86.4 13 11.5
    endloop
  endfacet
  facet normal -1 0 0
    outer loop
      vertex 68 -6.29372 -1
      vertex 68 -6.54159 0
      vertex 68 -6.29372 11.5
    endloop
  endfacet
  facet normal -1 0 0
    outer loop
      vertex 68 -6.89044 -1
      vertex 68 -6.54159 0
      vertex 68 -6.29372 -1
    endloop
  endfacet
  facet normal -1 -0 0
    outer loop
      vertex 68 -6.54159 0
      vertex 68 -6.89044 -1
      vertex 68 -6.89044 0
    endloop
  endfacet
  facet normal -1 -0 0
    outer loop
      vertex 68 -6.29372 11.5
      vertex 68 -6.54159 0
      vertex 68 -6.54159 11.5
    endloop
  endfacet
  facet normal -1 0 0
    outer loop
      vertex 68 32.8904 -1
      vertex 68 32.5416 0
      vertex 68 32.8904 0
    endloop
  endfacet
  facet normal -1 0 0
    outer loop
      vertex 68 32.2937 -1
      vertex 68 32.5416 0
      vertex 68 32.8904 -1
    endloop
  endfacet
  facet normal -1 0 0
    outer loop
      vertex 68 32.2937 11.5
      vertex 68 32.5416 0
      vertex 68 32.2937 -1
    endloop
  endfacet
  facet normal -1 0 0
    outer loop
      vertex 68 32.5416 0
      vertex 68 32.2937 11.5
      vertex 68 32.5416 11.5
    endloop
  endfacet
  facet normal -0.462577 0.235686 0.854678
    outer loop
      vertex 45.5729 31.7634 -1
      vertex 45.1468 30.9271 -1
      vertex 46.382 31.1756 -0.4
    endloop
  endfacet
  facet normal -0.462577 0.235685 0.854678
    outer loop
      vertex 46.382 31.1756 -0.4
      vertex 45.1468 30.9271 -1
      vertex 46.0979 30.618 -0.4
    endloop
  endfacet
  facet normal -0.51278 -0.0811953 0.854672
    outer loop
      vertex 46.0979 29.382 -0.4
      vertex 45 30 -1
      vertex 45.1468 29.0729 -1
    endloop
  endfacet
  facet normal -0.51278 0.0811953 0.854672
    outer loop
      vertex 45.1468 30.9271 -1
      vertex 45 30 -1
      vertex 46.0979 30.618 -0.4
    endloop
  endfacet
  facet normal -0.235621 0.462587 0.854691
    outer loop
      vertex 46.6 32.6122 -1
      vertex 46.2366 32.4271 -1
      vertex 46.6 31.9269 -0.629093
    endloop
  endfacet
  facet normal -0.512795 0.0812341 0.854659
    outer loop
      vertex 46.0979 30.618 -0.4
      vertex 45 30 -1
      vertex 46 30 -0.4
    endloop
  endfacet
  facet normal -0.512795 -0.0812341 0.854659
    outer loop
      vertex 46 30 -0.4
      vertex 45 30 -1
      vertex 46.0979 29.382 -0.4
    endloop
  endfacet
  facet normal 0 0 1
    outer loop
      vertex 46.0979 30.618 -0.4
      vertex 46.6 31.3936 -0.4
      vertex 46.382 31.1756 -0.4
    endloop
  endfacet
  facet normal 0 0 1
    outer loop
      vertex 46 30 -0.4
      vertex 46.6 31.3936 -0.4
      vertex 46.0979 30.618 -0.4
    endloop
  endfacet
  facet normal 0 0 1
    outer loop
      vertex 46.6 31.3936 -0.4
      vertex 46 30 -0.4
      vertex 46.6 28.6064 -0.4
    endloop
  endfacet
  facet normal 0 0 1
    outer loop
      vertex 46.6 28.6064 -0.4
      vertex 46.0979 29.382 -0.4
      vertex 46.382 28.8244 -0.4
    endloop
  endfacet
  facet normal 0 0 1
    outer loop
      vertex 46.6 28.6064 -0.4
      vertex 46 30 -0.4
      vertex 46.0979 29.382 -0.4
    endloop
  endfacet
  facet normal -0.235621 -0.462587 0.854691
    outer loop
      vertex 46.6 28.0731 -0.629093
      vertex 46.2366 27.5729 -1
      vertex 46.6 27.3878 -1
    endloop
  endfacet
  facet normal -0.367136 0.367136 0.854647
    outer loop
      vertex 46.6 31.9269 -0.629093
      vertex 46.382 31.1756 -0.4
      vertex 46.6 31.3936 -0.4
    endloop
  endfacet
  facet normal -0.367082 0.367082 0.854694
    outer loop
      vertex 45.5729 31.7634 -1
      vertex 46.6 31.9269 -0.629093
      vertex 46.2366 32.4271 -1
    endloop
  endfacet
  facet normal -0.367082 0.367129 0.854674
    outer loop
      vertex 46.6 31.9269 -0.629093
      vertex 45.5729 31.7634 -1
      vertex 46.382 31.1756 -0.4
    endloop
  endfacet
  facet normal -0.367136 -0.367136 0.854647
    outer loop
      vertex 46.382 28.8244 -0.4
      vertex 46.6 28.0731 -0.629093
      vertex 46.6 28.6064 -0.4
    endloop
  endfacet
  facet normal -0.367082 -0.367129 0.854674
    outer loop
      vertex 45.5729 28.2366 -1
      vertex 46.6 28.0731 -0.629093
      vertex 46.382 28.8244 -0.4
    endloop
  endfacet
  facet normal -0.367082 -0.367082 0.854694
    outer loop
      vertex 46.6 28.0731 -0.629093
      vertex 45.5729 28.2366 -1
      vertex 46.2366 27.5729 -1
    endloop
  endfacet
  facet normal -0.462577 -0.235686 0.854678
    outer loop
      vertex 46.382 28.8244 -0.4
      vertex 45.1468 29.0729 -1
      vertex 45.5729 28.2366 -1
    endloop
  endfacet
  facet normal -0.462577 -0.235685 0.854678
    outer loop
      vertex 46.0979 29.382 -0.4
      vertex 45.1468 29.0729 -1
      vertex 46.382 28.8244 -0.4
    endloop
  endfacet
  facet normal -0.462577 -0.235685 0.854678
    outer loop
      vertex 46.0979 -10.618 -0.4
      vertex 45.1468 -10.9271 -1
      vertex 46.382 -11.1756 -0.4
    endloop
  endfacet
  facet normal -0.235621 -0.462587 0.854691
    outer loop
      vertex 46.6 -11.9269 -0.629093
      vertex 46.2366 -12.4271 -1
      vertex 46.6 -12.6122 -1
    endloop
  endfacet
  facet normal -0.51278 -0.0811953 0.854672
    outer loop
      vertex 46.0979 -10.618 -0.4
      vertex 45 -10 -1
      vertex 45.1468 -10.9271 -1
    endloop
  endfacet
  facet normal -0.46258 0.235684 0.854677
    outer loop
      vertex 45.5729 -8.23664 -1
      vertex 45.1468 -9.07295 -1
      vertex 46.382 -8.82443 -0.4
    endloop
  endfacet
  facet normal -0.512784 0.0812003 0.854669
    outer loop
      vertex 45.1468 -9.07295 -1
      vertex 45 -10 -1
      vertex 46.0979 -9.38197 -0.4
    endloop
  endfacet
  facet normal -0.462577 -0.235686 0.854678
    outer loop
      vertex 46.382 -11.1756 -0.4
      vertex 45.1468 -10.9271 -1
      vertex 45.5729 -11.7634 -1
    endloop
  endfacet
  facet normal -0.235682 0.462606 0.854664
    outer loop
      vertex 46.6 -7.38781 -1
      vertex 46.2366 -7.57295 -1
      vertex 46.6 -8.07306 -0.629093
    endloop
  endfacet
  facet normal -0.367136 -0.367136 0.854647
    outer loop
      vertex 46.382 -11.1756 -0.4
      vertex 46.6 -11.9269 -0.629093
      vertex 46.6 -11.3936 -0.4
    endloop
  endfacet
  facet normal -0.367082 -0.367129 0.854674
    outer loop
      vertex 45.5729 -11.7634 -1
      vertex 46.6 -11.9269 -0.629093
      vertex 46.382 -11.1756 -0.4
    endloop
  endfacet
  facet normal -0.367082 -0.367082 0.854694
    outer loop
      vertex 46.6 -11.9269 -0.629093
      vertex 45.5729 -11.7634 -1
      vertex 46.2366 -12.4271 -1
    endloop
  endfacet
  facet normal -0.512796 0.0812302 0.854659
    outer loop
      vertex 46.0979 -9.38197 -0.4
      vertex 45 -10 -1
      vertex 46 -10 -0.4
    endloop
  endfacet
  facet normal -0.512795 -0.0812341 0.854659
    outer loop
      vertex 46 -10 -0.4
      vertex 45 -10 -1
      vertex 46.0979 -10.618 -0.4
    endloop
  endfacet
  facet normal -0.462581 0.235713 0.854668
    outer loop
      vertex 46.382 -8.82443 -0.4
      vertex 45.1468 -9.07295 -1
      vertex 46.0979 -9.38197 -0.4
    endloop
  endfacet
  facet normal -0.367179 0.367112 0.854639
    outer loop
      vertex 46.6 -8.07306 -0.629093
      vertex 46.382 -8.82443 -0.4
      vertex 46.6 -8.60639 -0.4
    endloop
  endfacet
  facet normal -0.367107 0.367112 0.85467
    outer loop
      vertex 45.5729 -8.23664 -1
      vertex 46.6 -8.07306 -0.629093
      vertex 46.2366 -7.57295 -1
    endloop
  endfacet
  facet normal -0.367107 0.367102 0.854675
    outer loop
      vertex 46.6 -8.07306 -0.629093
      vertex 45.5729 -8.23664 -1
      vertex 46.382 -8.82443 -0.4
    endloop
  endfacet
  facet normal 0 0 1
    outer loop
      vertex 46.0979 -9.38197 -0.4
      vertex 46.6 -8.60639 -0.4
      vertex 46.382 -8.82443 -0.4
    endloop
  endfacet
  facet normal 0 0 1
    outer loop
      vertex 46 -10 -0.4
      vertex 46.6 -8.60639 -0.4
      vertex 46.0979 -9.38197 -0.4
    endloop
  endfacet
  facet normal 0 0 1
    outer loop
      vertex 46.6 -8.60639 -0.4
      vertex 46 -10 -0.4
      vertex 46.6 -11.3936 -0.4
    endloop
  endfacet
  facet normal 0 0 1
    outer loop
      vertex 46.6 -11.3936 -0.4
      vertex 46.0979 -10.618 -0.4
      vertex 46.382 -11.1756 -0.4
    endloop
  endfacet
  facet normal 0 0 1
    outer loop
      vertex 46.6 -11.3936 -0.4
      vertex 46 -10 -0.4
      vertex 46.0979 -10.618 -0.4
    endloop
  endfacet
  facet normal 0.235739 -0.462574 0.854665
    outer loop
      vertex 52.0484 -19.7503 -0.707148
      vertex 51.6205 -19.4098 -0.404832
      vertex 51.9271 -20.3532 -1
    endloop
  endfacet
  facet normal -0.462577 -0.235685 0.854678
    outer loop
      vertex 49.0979 -18.118 -0.4
      vertex 48.1468 -18.4271 -1
      vertex 49.382 -18.6756 -0.4
    endloop
  endfacet
  facet normal -0.235686 -0.462577 0.854678
    outer loop
      vertex 49.8244 -19.118 -0.4
      vertex 49.2366 -19.9271 -1
      vertex 50.0729 -20.3532 -1
    endloop
  endfacet
  facet normal -0.512776 -0.0812108 0.854673
    outer loop
      vertex 48.0233 -17.5131 -0.987248
      vertex 48.1468 -18.4271 -1
      vertex 49.0979 -18.118 -0.4
    endloop
  endfacet
  facet normal -0.512701 -0.0812012 0.854719
    outer loop
      vertex 48.1468 -18.4271 -1
      vertex 48.0233 -17.5131 -0.987248
      vertex 48.0006 -17.504 -1
    endloop
  endfacet
  facet normal 0.235734 -0.462573 0.854667
    outer loop
      vertex 52.0484 -19.7503 -0.707148
      vertex 51.9271 -20.3532 -1
      vertex 52.4628 -20.0802 -1
    endloop
  endfacet
  facet normal -0.462577 -0.235686 0.854678
    outer loop
      vertex 49.382 -18.6756 -0.4
      vertex 48.1468 -18.4271 -1
      vertex 48.5729 -19.2634 -1
    endloop
  endfacet
  facet normal -0.367103 -0.367103 0.854676
    outer loop
      vertex 49.382 -18.6756 -0.4
      vertex 49.2366 -19.9271 -1
      vertex 49.8244 -19.118 -0.4
    endloop
  endfacet
  facet normal -0.367103 -0.367103 0.854676
    outer loop
      vertex 49.2366 -19.9271 -1
      vertex 49.382 -18.6756 -0.4
      vertex 48.5729 -19.2634 -1
    endloop
  endfacet
  facet normal -0.0812341 -0.512795 0.854659
    outer loop
      vertex 50.382 -19.4021 -0.4
      vertex 51 -20.5 -1
      vertex 51 -19.5 -0.4
    endloop
  endfacet
  facet normal -0.0811953 -0.51278 0.854672
    outer loop
      vertex 51 -20.5 -1
      vertex 50.382 -19.4021 -0.4
      vertex 50.0729 -20.3532 -1
    endloop
  endfacet
  facet normal -0.512814 -0.0813101 0.85464
    outer loop
      vertex 49.0689 -17.9351 -0.4
      vertex 48.0233 -17.5131 -0.987248
      vertex 49.0979 -18.118 -0.4
    endloop
  endfacet
  facet normal 0.0811979 -0.512797 0.854661
    outer loop
      vertex 51 -19.5 -0.4
      vertex 51 -20.5 -1
      vertex 51.9271 -20.3532 -1
    endloop
  endfacet
  facet normal -0.235685 -0.462577 0.854678
    outer loop
      vertex 50.382 -19.4021 -0.4
      vertex 49.8244 -19.118 -0.4
      vertex 50.0729 -20.3532 -1
    endloop
  endfacet
  facet normal 0.0808291 -0.510166 0.856269
    outer loop
      vertex 51 -19.5 -0.4
      vertex 51.6205 -19.4098 -0.404832
      vertex 51.6116 -19.4031 -0.4
    endloop
  endfacet
  facet normal 0.0811989 -0.512796 0.854662
    outer loop
      vertex 51.6205 -19.4098 -0.404832
      vertex 51 -19.5 -0.4
      vertex 51.9271 -20.3532 -1
    endloop
  endfacet
  facet normal 0 0 1
    outer loop
      vertex 51.6116 -19.4031 -0.4
      vertex 50.382 -19.4021 -0.4
      vertex 51 -19.5 -0.4
    endloop
  endfacet
  facet normal 0 0 1
    outer loop
      vertex 51.6116 -19.4031 -0.4
      vertex 49.8244 -19.118 -0.4
      vertex 50.382 -19.4021 -0.4
    endloop
  endfacet
  facet normal 0 0 1
    outer loop
      vertex 49.0689 -17.9351 -0.4
      vertex 49.8244 -19.118 -0.4
      vertex 51.6116 -19.4031 -0.4
    endloop
  endfacet
  facet normal 0 0 1
    outer loop
      vertex 49.8244 -19.118 -0.4
      vertex 49.0689 -17.9351 -0.4
      vertex 49.382 -18.6756 -0.4
    endloop
  endfacet
  facet normal 0 0 1
    outer loop
      vertex 49.382 -18.6756 -0.4
      vertex 49.0689 -17.9351 -0.4
      vertex 49.0979 -18.118 -0.4
    endloop
  endfacet
  facet normal 0.235661 -0.462618 0.854663
    outer loop
      vertex 65.0472 -27.2561 -0.709941
      vertex 64.6234 -26.9188 -0.410508
      vertex 64.927 -27.8532 -1
    endloop
  endfacet
  facet normal -0.462577 -0.235685 0.854678
    outer loop
      vertex 62.0979 -25.618 -0.4
      vertex 61.1468 -25.9271 -1
      vertex 62.382 -26.1756 -0.4
    endloop
  endfacet
  facet normal -0.235686 -0.462577 0.854678
    outer loop
      vertex 62.8244 -26.618 -0.4
      vertex 62.2366 -27.4271 -1
      vertex 63.0729 -27.8532 -1
    endloop
  endfacet
  facet normal -0.512775 -0.0812131 0.854673
    outer loop
      vertex 61.0592 -25.0333 -0.967626
      vertex 61.1468 -25.9271 -1
      vertex 62.0979 -25.618 -0.4
    endloop
  endfacet
  facet normal -0.513007 -0.0812307 0.854532
    outer loop
      vertex 61.1468 -25.9271 -1
      vertex 61.0592 -25.0333 -0.967626
      vertex 61.0016 -25.0101 -1
    endloop
  endfacet
  facet normal 0.235712 -0.462621 0.854647
    outer loop
      vertex 65.0472 -27.2561 -0.709941
      vertex 64.927 -27.8532 -1
      vertex 65.4577 -27.5828 -1
    endloop
  endfacet
  facet normal -0.462577 -0.235686 0.854678
    outer loop
      vertex 62.382 -26.1756 -0.4
      vertex 61.1468 -25.9271 -1
      vertex 61.5729 -26.7634 -1
    endloop
  endfacet
  facet normal -0.367103 -0.367103 0.854676
    outer loop
      vertex 62.382 -26.1756 -0.4
      vertex 62.2366 -27.4271 -1
      vertex 62.8244 -26.618 -0.4
    endloop
  endfacet
  facet normal -0.367103 -0.367103 0.854676
    outer loop
      vertex 62.2366 -27.4271 -1
      vertex 62.382 -26.1756 -0.4
      vertex 61.5729 -26.7634 -1
    endloop
  endfacet
  facet normal -0.512774 -0.0812085 0.854674
    outer loop
      vertex 62.0699 -25.4412 -0.4
      vertex 61.0592 -25.0333 -0.967626
      vertex 62.0979 -25.618 -0.4
    endloop
  endfacet
  facet normal 0.0812066 -0.512797 0.854661
    outer loop
      vertex 64 -27 -0.4
      vertex 64 -28 -1
      vertex 64.927 -27.8532 -1
    endloop
  endfacet
  facet normal -0.235685 -0.462577 0.854678
    outer loop
      vertex 63.382 -26.9021 -0.4
      vertex 62.8244 -26.618 -0.4
      vertex 63.0729 -27.8532 -1
    endloop
  endfacet
  facet normal -0.0812341 -0.512795 0.854659
    outer loop
      vertex 63.382 -26.9021 -0.4
      vertex 64 -28 -1
      vertex 64 -27 -0.4
    endloop
  endfacet
  facet normal -0.0811953 -0.51278 0.854672
    outer loop
      vertex 64 -28 -1
      vertex 63.382 -26.9021 -0.4
      vertex 63.0729 -27.8532 -1
    endloop
  endfacet
  facet normal 0.0810865 -0.511853 0.855238
    outer loop
      vertex 64 -27 -0.4
      vertex 64.6234 -26.9188 -0.410508
      vertex 64.6041 -26.9043 -0.4
    endloop
  endfacet
  facet normal 0.0812003 -0.512802 0.854658
    outer loop
      vertex 64.6234 -26.9188 -0.410508
      vertex 64 -27 -0.4
      vertex 64.927 -27.8532 -1
    endloop
  endfacet
  facet normal 0 0 1
    outer loop
      vertex 64.6041 -26.9043 -0.4
      vertex 63.382 -26.9021 -0.4
      vertex 64 -27 -0.4
    endloop
  endfacet
  facet normal 0 0 1
    outer loop
      vertex 64.6041 -26.9043 -0.4
      vertex 62.8244 -26.618 -0.4
      vertex 63.382 -26.9021 -0.4
    endloop
  endfacet
  facet normal 0 0 1
    outer loop
      vertex 62.0699 -25.4412 -0.4
      vertex 62.8244 -26.618 -0.4
      vertex 64.6041 -26.9043 -0.4
    endloop
  endfacet
  facet normal 0 0 1
    outer loop
      vertex 62.8244 -26.618 -0.4
      vertex 62.0699 -25.4412 -0.4
      vertex 62.382 -26.1756 -0.4
    endloop
  endfacet
  facet normal 0 0 1
    outer loop
      vertex 62.382 -26.1756 -0.4
      vertex 62.0699 -25.4412 -0.4
      vertex 62.0979 -25.618 -0.4
    endloop
  endfacet
  facet normal -0.951048 0.309042 0
    outer loop
      vertex 70 -1 -1.5
      vertex 70.573 0.763355 -2.5
      vertex 70 -1 -2.5
    endloop
  endfacet
  facet normal -0.951048 0.309042 0
    outer loop
      vertex 70.573 0.763355 -2.5
      vertex 70 -1 -1.5
      vertex 70.573 0.763355 3.5
    endloop
  endfacet
  facet normal -0.951048 0.309042 0
    outer loop
      vertex 70.573 0.763355 3.5
      vertex 70 -1 -1.5
      vertex 70 -1 3.5
    endloop
  endfacet
  facet normal -0.587784 -0.809018 0
    outer loop
      vertex 70.573 -2.76336 -2.5
      vertex 72.073 -3.85317 -1.5
      vertex 70.573 -2.76336 -1.5
    endloop
  endfacet
  facet normal -0.587784 -0.809018 -0
    outer loop
      vertex 72.073 -3.85317 -1.5
      vertex 70.573 -2.76336 -2.5
      vertex 72.073 -3.85317 -2.5
    endloop
  endfacet
  facet normal 0.587786 0.809017 -0
    outer loop
      vertex 75.427 0.763355 -2.5
      vertex 73.927 1.85317 3.5
      vertex 75.427 0.763355 3.5
    endloop
  endfacet
  facet normal 0.587786 0.809017 0
    outer loop
      vertex 73.927 1.85317 3.5
      vertex 75.427 0.763355 -2.5
      vertex 73.927 1.85317 -2.5
    endloop
  endfacet
  facet normal 0.951048 0.309042 -0
    outer loop
      vertex 76 -1 -1.5
      vertex 75.427 0.763355 3.5
      vertex 76 -1 3.5
    endloop
  endfacet
  facet normal 0.951048 0.309042 0
    outer loop
      vertex 75.427 0.763355 3.5
      vertex 76 -1 -1.5
      vertex 75.427 0.763355 -2.5
    endloop
  endfacet
  facet normal 0.951048 0.309042 0
    outer loop
      vertex 75.427 0.763355 -2.5
      vertex 76 -1 -1.5
      vertex 76 -1 -2.5
    endloop
  endfacet
  facet normal 0 1 -0
    outer loop
      vertex 73.927 1.85317 -2.5
      vertex 72.073 1.85317 3.5
      vertex 73.927 1.85317 3.5
    endloop
  endfacet
  facet normal 0 1 0
    outer loop
      vertex 72.073 1.85317 3.5
      vertex 73.927 1.85317 -2.5
      vertex 72.073 1.85317 -2.5
    endloop
  endfacet
  facet normal 0.587784 -0.809018 0
    outer loop
      vertex 73.927 -3.85317 -2.5
      vertex 75.427 -2.76336 -1.5
      vertex 73.927 -3.85317 -1.5
    endloop
  endfacet
  facet normal 0.587784 -0.809018 0
    outer loop
      vertex 75.427 -2.76336 -1.5
      vertex 73.927 -3.85317 -2.5
      vertex 75.427 -2.76336 -2.5
    endloop
  endfacet
  facet normal 0 -1 0
    outer loop
      vertex 72.073 -3.85317 -2.5
      vertex 73.927 -3.85317 -1.5
      vertex 72.073 -3.85317 -1.5
    endloop
  endfacet
  facet normal 0 -1 -0
    outer loop
      vertex 73.927 -3.85317 -1.5
      vertex 72.073 -3.85317 -2.5
      vertex 73.927 -3.85317 -2.5
    endloop
  endfacet
  facet normal -0.587786 0.809017 0
    outer loop
      vertex 72.073 1.85317 -2.5
      vertex 70.573 0.763355 3.5
      vertex 72.073 1.85317 3.5
    endloop
  endfacet
  facet normal -0.587786 0.809017 0
    outer loop
      vertex 70.573 0.763355 3.5
      vertex 72.073 1.85317 -2.5
      vertex 70.573 0.763355 -2.5
    endloop
  endfacet
  facet normal 0.951049 -0.309041 0
    outer loop
      vertex 75.427 -2.76336 -1.5
      vertex 76 -1 -2.5
      vertex 76 -1 -1.5
    endloop
  endfacet
  facet normal 0.951049 -0.309041 0
    outer loop
      vertex 76 -1 -2.5
      vertex 75.427 -2.76336 -1.5
      vertex 75.427 -2.76336 -2.5
    endloop
  endfacet
  facet normal 0 0 -1
    outer loop
      vertex 73.5 -1 -2.5
      vertex 76 -1 -2.5
      vertex 75.427 -2.76336 -2.5
    endloop
  endfacet
  facet normal 0 0 -1
    outer loop
      vertex 73.1545 -1.47553 -2.5
      vertex 75.427 -2.76336 -2.5
      vertex 73.927 -3.85317 -2.5
    endloop
  endfacet
  facet normal 0 0 -1
    outer loop
      vertex 76 -1 -2.5
      vertex 73.5 -1 -2.5
      vertex 75.427 0.763355 -2.5
    endloop
  endfacet
  facet normal 0 0 -1
    outer loop
      vertex 73.1545 -0.524471 -2.5
      vertex 75.427 0.763355 -2.5
      vertex 73.5 -1 -2.5
    endloop
  endfacet
  facet normal 0 0 -1
    outer loop
      vertex 75.427 -2.76336 -2.5
      vertex 73.1545 -1.47553 -2.5
      vertex 73.5 -1 -2.5
    endloop
  endfacet
  facet normal 0 0 -1
    outer loop
      vertex 72.073 -3.85317 -2.5
      vertex 73.1545 -1.47553 -2.5
      vertex 73.927 -3.85317 -2.5
    endloop
  endfacet
  facet normal 0 0 -1
    outer loop
      vertex 70.573 -2.76336 -2.5
      vertex 72.5955 -1.29389 -2.5
      vertex 72.073 -3.85317 -2.5
    endloop
  endfacet
  facet normal -0 0 -1
    outer loop
      vertex 73.1545 -1.47553 -2.5
      vertex 72.073 -3.85317 -2.5
      vertex 72.5955 -1.29389 -2.5
    endloop
  endfacet
  facet normal -0 0 -1
    outer loop
      vertex 75.427 0.763355 -2.5
      vertex 73.1545 -0.524471 -2.5
      vertex 73.927 1.85317 -2.5
    endloop
  endfacet
  facet normal 0 0 -1
    outer loop
      vertex 72.073 1.85317 -2.5
      vertex 73.1545 -0.524471 -2.5
      vertex 72.5955 -0.706107 -2.5
    endloop
  endfacet
  facet normal 0 0 -1
    outer loop
      vertex 73.1545 -0.524471 -2.5
      vertex 72.073 1.85317 -2.5
      vertex 73.927 1.85317 -2.5
    endloop
  endfacet
  facet normal 0 0 -1
    outer loop
      vertex 70 -1 -2.5
      vertex 72.5955 -1.29389 -2.5
      vertex 70.573 -2.76336 -2.5
    endloop
  endfacet
  facet normal 0 0 -1
    outer loop
      vertex 72.5955 -1.29389 -2.5
      vertex 70 -1 -2.5
      vertex 72.5955 -0.706107 -2.5
    endloop
  endfacet
  facet normal 0 0 -1
    outer loop
      vertex 72.5955 -0.706107 -2.5
      vertex 70.573 0.763355 -2.5
      vertex 72.073 1.85317 -2.5
    endloop
  endfacet
  facet normal -0 0 -1
    outer loop
      vertex 72.5955 -0.706107 -2.5
      vertex 70 -1 -2.5
      vertex 70.573 0.763355 -2.5
    endloop
  endfacet
  facet normal -0.951049 -0.309041 0
    outer loop
      vertex 70.573 -2.76336 -2.5
      vertex 70 -1 -1.5
      vertex 70 -1 -2.5
    endloop
  endfacet
  facet normal -0.951049 -0.309041 0
    outer loop
      vertex 70 -1 -1.5
      vertex 70.573 -2.76336 -2.5
      vertex 70.573 -2.76336 -1.5
    endloop
  endfacet
  facet normal -1 0 0
    outer loop
      vertex 70 -6.08709 3.58709
      vertex 70 -1 3.5
      vertex 70 -1 -1.5
    endloop
  endfacet
  facet normal -1 0 0
    outer loop
      vertex 70 -1 3.5
      vertex 70 -6.08709 3.58709
      vertex 70 -6.08709 8.58709
    endloop
  endfacet
  facet normal -1 0 0
    outer loop
      vertex 70 -7.30718 4.80718
      vertex 70 -7.12483 9.62483
      vertex 70 -7.12483 4.62483
    endloop
  endfacet
  facet normal -1 -0 0
    outer loop
      vertex 70 -7.12483 9.62483
      vertex 70 -7.30718 4.80718
      vertex 70 -7.30718 9.80718
    endloop
  endfacet
  facet normal -0.456969 -0.628959 -0.628959
    outer loop
      vertex 70.573 -5.9653 1.70195
      vertex 72.073 -3.85317 -1.5
      vertex 72.073 -5.64647 0.293299
    endloop
  endfacet
  facet normal -0.456966 -0.628961 -0.628959
    outer loop
      vertex 72.073 -3.85317 -1.5
      vertex 70.573 -5.9653 1.70195
      vertex 70.573 -2.76336 -1.5
    endloop
  endfacet
  facet normal -0.456949 -0.628987 -0.628946
    outer loop
      vertex 70.573 -7.03409 2.77073
      vertex 72.073 -6.86656 1.51339
      vertex 70.573 -7.18539 2.92204
    endloop
  endfacet
  facet normal -0.456965 -0.628961 -0.628961
    outer loop
      vertex 72.073 -6.86656 1.51339
      vertex 70.573 -7.03409 2.77073
      vertex 72.073 -6.79651 1.44334
    endloop
  endfacet
  facet normal 0.456967 0.62896 0.62896
    outer loop
      vertex 73.927 1.85317 3.5
      vertex 75.427 -4.36765 8.631
      vertex 75.427 0.763355 3.5
    endloop
  endfacet
  facet normal 0.456979 0.628957 0.628954
    outer loop
      vertex 75.427 -4.36765 8.631
      vertex 73.927 1.85317 3.5
      vertex 73.927 -5.03549 10.3887
    endloop
  endfacet
  facet normal 0.457067 0.628837 0.629011
    outer loop
      vertex 75.427 -5.67401 9.93737
      vertex 73.927 -6.30575 11.6589
      vertex 73.927 -6.34186 11.695
    endloop
  endfacet
  facet normal 0.456958 0.628963 0.628963
    outer loop
      vertex 73.927 -6.30575 11.6589
      vertex 75.427 -5.67401 9.93737
      vertex 75.427 -5.54146 9.80482
    endloop
  endfacet
  facet normal -2.15475e-06 -0.707107 -0.707107
    outer loop
      vertex 72.073 -3.85317 -1.5
      vertex 72.9949 -5.4505 0.0973263
      vertex 72.073 -5.64647 0.293299
    endloop
  endfacet
  facet normal -0 -0.707106 -0.707108
    outer loop
      vertex 73.927 -3.85317 -1.5
      vertex 72.9949 -5.4505 0.0973263
      vertex 72.073 -3.85317 -1.5
    endloop
  endfacet
  facet normal 1.78198e-06 -0.707106 -0.707107
    outer loop
      vertex 72.9949 -5.4505 0.0973263
      vertex 73.927 -3.85317 -1.5
      vertex 73.927 -5.03549 -0.317681
    endloop
  endfacet
  facet normal -2.12201e-05 -0.707087 -0.707126
    outer loop
      vertex 73.3658 -6.59176 1.23859
      vertex 73.927 -6.30575 0.952579
      vertex 73.927 -6.34186 0.988687
    endloop
  endfacet
  facet normal -2.06675e-07 -0.707108 -0.707106
    outer loop
      vertex 73.3658 -6.59176 1.23859
      vertex 73.3657 -6.59175 1.23858
      vertex 73.927 -6.30575 0.952579
    endloop
  endfacet
  facet normal 1.9428e-12 -0.707107 -0.707107
    outer loop
      vertex 72.073 -6.86656 1.51339
      vertex 73.3657 -6.59175 1.23858
      vertex 73.3658 -6.59176 1.23859
    endloop
  endfacet
  facet normal -7.04389e-16 -0.707107 -0.707107
    outer loop
      vertex 73.3657 -6.59175 1.23858
      vertex 72.073 -6.86656 1.51339
      vertex 72.073 -6.79651 1.44334
    endloop
  endfacet
  facet normal 0.456966 -0.62896 -0.628961
    outer loop
      vertex 73.927 -3.85317 -1.5
      vertex 75.427 -4.36765 0.104291
      vertex 73.927 -5.03549 -0.317681
    endloop
  endfacet
  facet normal 0.456965 -0.628961 -0.62896
    outer loop
      vertex 75.427 -4.36765 0.104291
      vertex 73.927 -3.85317 -1.5
      vertex 75.427 -2.76336 -1.5
    endloop
  endfacet
  facet normal 0.456969 -0.628959 -0.628959
    outer loop
      vertex 73.927 -6.34186 0.988687
      vertex 75.427 -5.54146 1.27811
      vertex 75.427 -5.67401 1.41066
    endloop
  endfacet
  facet normal 0.456965 -0.628943 -0.628978
    outer loop
      vertex 75.427 -5.54146 1.27811
      vertex 73.927 -6.34186 0.988687
      vertex 73.927 -6.30575 0.952579
    endloop
  endfacet
  facet normal 0.908683 0.295208 0.295208
    outer loop
      vertex 76 -1 3.5
      vertex 75.7446 -4.22628 7.51243
      vertex 76 -4.11255 6.61255
    endloop
  endfacet
  facet normal 0.908659 0.295245 0.295245
    outer loop
      vertex 75.6494 -5.42816 9.00718
      vertex 76 -5.41892 7.91892
      vertex 76 -5.24953 7.74953
    endloop
  endfacet
  facet normal 0.90858 0.295511 0.295222
    outer loop
      vertex 76 -5.41892 7.91892
      vertex 75.6494 -5.42816 9.00718
      vertex 75.6374 -5.58038 9.19648
    endloop
  endfacet
  facet normal -0.908659 0.295244 0.295244
    outer loop
      vertex 70 -1 3.5
      vertex 70 -6.08709 8.58709
      vertex 70.3961 -6.00289 9.72195
    endloop
  endfacet
  facet normal -0.908663 0.295239 0.295239
    outer loop
      vertex 70 -7.30718 9.80718
      vertex 70.4789 -7.04898 11.0229
      vertex 70 -7.12483 9.62483
    endloop
  endfacet
  facet normal -0.908681 0.295157 0.295264
    outer loop
      vertex 70.4789 -7.04898 11.0229
      vertex 70 -7.30718 9.80718
      vertex 70.4911 -7.20279 11.2142
    endloop
  endfacet
  facet normal -0.908648 0.295264 0.295259
    outer loop
      vertex 70.3961 -6.00289 9.72195
      vertex 70.573 0.763355 3.5
      vertex 70 -1 3.5
    endloop
  endfacet
  facet normal -0.908631 0.295289 0.295287
    outer loop
      vertex 70.573 0.763355 3.5
      vertex 70.3961 -6.00289 9.72195
      vertex 70.573 -5.9653 10.2287
    endloop
  endfacet
  facet normal -0.908554 0.295379 0.295434
    outer loop
      vertex 70.4911 -7.20279 11.2142
      vertex 70.573 -7.03409 11.2974
      vertex 70.4789 -7.04898 11.0229
    endloop
  endfacet
  facet normal -0.908559 0.295399 0.295399
    outer loop
      vertex 70.573 -7.03409 11.2974
      vertex 70.4911 -7.20279 11.2142
      vertex 70.573 -7.18539 11.4487
    endloop
  endfacet
  facet normal -0.908647 -0.295263 -0.295262
    outer loop
      vertex 70.573 -5.9653 1.70195
      vertex 70 -1 -1.5
      vertex 70.573 -2.76336 -1.5
    endloop
  endfacet
  facet normal -0.908646 -0.295264 -0.295264
    outer loop
      vertex 70 -1 -1.5
      vertex 70.573 -5.9653 1.70195
      vertex 70 -6.08709 3.58709
    endloop
  endfacet
  facet normal -0.908641 -0.295282 -0.295262
    outer loop
      vertex 70.573 -7.18539 2.92204
      vertex 70 -7.12483 4.62483
      vertex 70.573 -7.03409 2.77073
    endloop
  endfacet
  facet normal -0.908646 -0.295264 -0.295264
    outer loop
      vertex 70 -7.12483 4.62483
      vertex 70.573 -7.18539 2.92204
      vertex 70 -7.30718 4.80718
    endloop
  endfacet
  facet normal 0.908647 -0.295263 -0.295263
    outer loop
      vertex 76 -4.11255 1.61255
      vertex 75.427 -2.76336 -1.5
      vertex 76 -1 -1.5
    endloop
  endfacet
  facet normal 0.908647 -0.295263 -0.295263
    outer loop
      vertex 75.427 -2.76336 -1.5
      vertex 76 -4.11255 1.61255
      vertex 75.427 -4.36765 0.104291
    endloop
  endfacet
  facet normal 0.908646 -0.295264 -0.295264
    outer loop
      vertex 75.427 -5.67401 1.41066
      vertex 76 -5.24953 2.74953
      vertex 76 -5.41892 2.91892
    endloop
  endfacet
  facet normal 0.908646 -0.295264 -0.295264
    outer loop
      vertex 76 -5.24953 2.74953
      vertex 75.427 -5.67401 1.41066
      vertex 75.427 -5.54146 1.27811
    endloop
  endfacet
  facet normal 1 0 0
    outer loop
      vertex 76 -4.11255 1.61255
      vertex 76 -1 3.5
      vertex 76 -4.11255 6.61255
    endloop
  endfacet
  facet normal 1 0 0
    outer loop
      vertex 76 -1 3.5
      vertex 76 -4.11255 1.61255
      vertex 76 -1 -1.5
    endloop
  endfacet
  facet normal 1 0 0
    outer loop
      vertex 76 -5.41892 2.91892
      vertex 76 -5.24953 7.74953
      vertex 76 -5.41892 7.91892
    endloop
  endfacet
  facet normal 1 0 0
    outer loop
      vertex 76 -5.24953 7.74953
      vertex 76 -5.41892 2.91892
      vertex 76 -5.24953 2.74953
    endloop
  endfacet
  facet normal 0.90865 0.295265 0.295252
    outer loop
      vertex 75.427 0.763355 3.5
      vertex 75.7446 -4.22628 7.51243
      vertex 76 -1 3.5
    endloop
  endfacet
  facet normal 0.908617 0.295309 0.29531
    outer loop
      vertex 75.7446 -4.22628 7.51243
      vertex 75.427 0.763355 3.5
      vertex 75.427 -4.36765 8.631
    endloop
  endfacet
  facet normal 0.908517 0.29562 0.295306
    outer loop
      vertex 75.427 -5.54146 9.80482
      vertex 75.6374 -5.58038 9.19648
      vertex 75.6494 -5.42816 9.00718
    endloop
  endfacet
  facet normal 0.908591 0.295349 0.295349
    outer loop
      vertex 75.6374 -5.58038 9.19648
      vertex 75.427 -5.54146 9.80482
      vertex 75.427 -5.67401 9.93737
    endloop
  endfacet
  facet normal -0.456939 0.628968 0.628972
    outer loop
      vertex 72.073 1.85317 3.5
      vertex 70.573 -5.9653 10.2287
      vertex 72.073 -5.64647 10.9996
    endloop
  endfacet
  facet normal -0.456968 0.628962 0.628957
    outer loop
      vertex 70.573 -5.9653 10.2287
      vertex 72.073 1.85317 3.5
      vertex 70.573 0.763355 3.5
    endloop
  endfacet
  facet normal -0.457061 0.628701 0.62915
    outer loop
      vertex 70.573 -7.03409 11.2974
      vertex 72.073 -6.86656 12.2197
      vertex 72.073 -6.79651 12.1497
    endloop
  endfacet
  facet normal -0.456972 0.628958 0.628958
    outer loop
      vertex 72.073 -6.86656 12.2197
      vertex 70.573 -7.03409 11.2974
      vertex 70.573 -7.18539 11.4487
    endloop
  endfacet
  facet normal -8.42037e-06 0.70711 0.707104
    outer loop
      vertex 73.927 -5.03549 10.3887
      vertex 73.5 -1 6.35317
      vertex 73.1545 -1.47553 6.8287
    endloop
  endfacet
  facet normal -1.69706e-06 0.707107 0.707107
    outer loop
      vertex 73.5 -1 6.35317
      vertex 73.927 1.85317 3.5
      vertex 73.1545 -0.524471 5.87764
    endloop
  endfacet
  facet normal -2.74352e-05 0.707109 0.707105
    outer loop
      vertex 73.927 1.85317 3.5
      vertex 73.5 -1 6.35317
      vertex 73.927 -5.03549 10.3887
    endloop
  endfacet
  facet normal -1.01436e-05 0.70711 0.707104
    outer loop
      vertex 73.1545 -1.47553 6.8287
      vertex 72.9949 -5.4505 10.8037
      vertex 73.927 -5.03549 10.3887
    endloop
  endfacet
  facet normal 1.71175e-06 0.707109 0.707104
    outer loop
      vertex 72.5955 -1.29389 6.64706
      vertex 72.9949 -5.4505 10.8037
      vertex 73.1545 -1.47553 6.8287
    endloop
  endfacet
  facet normal -5.36792e-05 0.707107 0.707107
    outer loop
      vertex 72.9949 -5.4505 10.8037
      vertex 72.5955 -1.29389 6.64706
      vertex 72.073 -5.64647 10.9996
    endloop
  endfacet
  facet normal -2.17375e-05 0.707105 0.707109
    outer loop
      vertex 72.073 1.85317 3.5
      vertex 72.5955 -1.29389 6.64706
      vertex 72.5955 -0.706107 6.05928
    endloop
  endfacet
  facet normal -0 0.707107 0.707107
    outer loop
      vertex 72.073 1.85317 3.5
      vertex 73.1545 -0.524471 5.87764
      vertex 73.927 1.85317 3.5
    endloop
  endfacet
  facet normal -2.27156e-05 0.707105 0.707109
    outer loop
      vertex 72.5955 -1.29389 6.64706
      vertex 72.073 1.85317 3.5
      vertex 72.073 -5.64647 10.9996
    endloop
  endfacet
  facet normal 4.49245e-06 0.707108 0.707106
    outer loop
      vertex 73.1545 -0.524471 5.87764
      vertex 72.073 1.85317 3.5
      vertex 72.5955 -0.706107 6.05928
    endloop
  endfacet
  facet normal 8.721e-05 0.707009 0.707205
    outer loop
      vertex 73.927 -6.30575 11.6589
      vertex 73.3658 -6.59176 11.9449
      vertex 73.927 -6.34186 11.695
    endloop
  endfacet
  facet normal 0.0640049 0.640049 0.765664
    outer loop
      vertex 73.3657 -6.59175 11.9449
      vertex 73.3658 -6.59176 11.9449
      vertex 73.927 -6.30575 11.6589
    endloop
  endfacet
  facet normal 0.000101862 0.706854 0.707359
    outer loop
      vertex 72.073 -6.86656 12.2197
      vertex 73.3657 -6.59175 11.9449
      vertex 72.073 -6.79651 12.1497
    endloop
  endfacet
  facet normal 0.0561459 0.561459 0.825598
    outer loop
      vertex 73.3657 -6.59175 11.9449
      vertex 72.073 -6.86656 12.2197
      vertex 73.3658 -6.59176 11.9449
    endloop
  endfacet
  facet normal -0.951051 0.309035 0
    outer loop
      vertex 70 27 -2.5
      vertex 70.573 28.7634 -1.5
      vertex 70.573 28.7634 -2.5
    endloop
  endfacet
  facet normal -0.951051 0.309035 0
    outer loop
      vertex 70.573 28.7634 -1.5
      vertex 70 27 -2.5
      vertex 70 27 -1.5
    endloop
  endfacet
  facet normal -0.58778 -0.809021 0
    outer loop
      vertex 70.573 25.2366 -2.5
      vertex 72.073 24.1468 3.5
      vertex 70.573 25.2366 3.5
    endloop
  endfacet
  facet normal -0.58778 -0.809021 -0
    outer loop
      vertex 72.073 24.1468 3.5
      vertex 70.573 25.2366 -2.5
      vertex 72.073 24.1468 -2.5
    endloop
  endfacet
  facet normal 0.58778 0.809021 -0
    outer loop
      vertex 75.427 28.7634 -2.5
      vertex 73.927 29.8532 -1.5
      vertex 75.427 28.7634 -1.5
    endloop
  endfacet
  facet normal 0.58778 0.809021 0
    outer loop
      vertex 73.927 29.8532 -1.5
      vertex 75.427 28.7634 -2.5
      vertex 73.927 29.8532 -2.5
    endloop
  endfacet
  facet normal 0.951051 0.309035 0
    outer loop
      vertex 76 27 -1.5
      vertex 75.427 28.7634 -2.5
      vertex 75.427 28.7634 -1.5
    endloop
  endfacet
  facet normal 0.951051 0.309035 0
    outer loop
      vertex 75.427 28.7634 -2.5
      vertex 76 27 -1.5
      vertex 76 27 -2.5
    endloop
  endfacet
  facet normal 0 1 -0
    outer loop
      vertex 73.927 29.8532 -2.5
      vertex 72.073 29.8532 -1.5
      vertex 73.927 29.8532 -1.5
    endloop
  endfacet
  facet normal 0 1 0
    outer loop
      vertex 72.073 29.8532 -1.5
      vertex 73.927 29.8532 -2.5
      vertex 72.073 29.8532 -2.5
    endloop
  endfacet
  facet normal 0.58778 -0.809021 0
    outer loop
      vertex 73.927 24.1468 -2.5
      vertex 75.427 25.2366 3.5
      vertex 73.927 24.1468 3.5
    endloop
  endfacet
  facet normal 0.58778 -0.809021 0
    outer loop
      vertex 75.427 25.2366 3.5
      vertex 73.927 24.1468 -2.5
      vertex 75.427 25.2366 -2.5
    endloop
  endfacet
  facet normal 0 -1 0
    outer loop
      vertex 72.073 24.1468 -2.5
      vertex 73.927 24.1468 3.5
      vertex 72.073 24.1468 3.5
    endloop
  endfacet
  facet normal 0 -1 -0
    outer loop
      vertex 73.927 24.1468 3.5
      vertex 72.073 24.1468 -2.5
      vertex 73.927 24.1468 -2.5
    endloop
  endfacet
  facet normal -0.58778 0.809021 0
    outer loop
      vertex 72.073 29.8532 -2.5
      vertex 70.573 28.7634 -1.5
      vertex 72.073 29.8532 -1.5
    endloop
  endfacet
  facet normal -0.58778 0.809021 0
    outer loop
      vertex 70.573 28.7634 -1.5
      vertex 72.073 29.8532 -2.5
      vertex 70.573 28.7634 -2.5
    endloop
  endfacet
  facet normal 0.951051 -0.309035 0
    outer loop
      vertex 75.427 25.2366 3.5
      vertex 76 27 -1.5
      vertex 76 27 3.5
    endloop
  endfacet
  facet normal 0.951051 -0.309035 0
    outer loop
      vertex 75.427 25.2366 -2.5
      vertex 76 27 -1.5
      vertex 75.427 25.2366 3.5
    endloop
  endfacet
  facet normal 0.951051 -0.309035 0
    outer loop
      vertex 76 27 -1.5
      vertex 75.427 25.2366 -2.5
      vertex 76 27 -2.5
    endloop
  endfacet
  facet normal -0.951051 -0.309035 0
    outer loop
      vertex 70.573 25.2366 -2.5
      vertex 70 27 -1.5
      vertex 70 27 -2.5
    endloop
  endfacet
  facet normal -0.951051 -0.309035 -0
    outer loop
      vertex 70.573 25.2366 3.5
      vertex 70 27 -1.5
      vertex 70.573 25.2366 -2.5
    endloop
  endfacet
  facet normal -0.951051 -0.309035 0
    outer loop
      vertex 70 27 -1.5
      vertex 70.573 25.2366 3.5
      vertex 70 27 3.5
    endloop
  endfacet
  facet normal 0 0 -1
    outer loop
      vertex 73.5 27 -2.5
      vertex 76 27 -2.5
      vertex 75.427 25.2366 -2.5
    endloop
  endfacet
  facet normal 0 0 -1
    outer loop
      vertex 73.1545 26.5245 -2.5
      vertex 75.427 25.2366 -2.5
      vertex 73.927 24.1468 -2.5
    endloop
  endfacet
  facet normal 0 0 -1
    outer loop
      vertex 76 27 -2.5
      vertex 73.5 27 -2.5
      vertex 75.427 28.7634 -2.5
    endloop
  endfacet
  facet normal 0 0 -1
    outer loop
      vertex 73.1545 27.4755 -2.5
      vertex 75.427 28.7634 -2.5
      vertex 73.5 27 -2.5
    endloop
  endfacet
  facet normal 0 0 -1
    outer loop
      vertex 75.427 25.2366 -2.5
      vertex 73.1545 26.5245 -2.5
      vertex 73.5 27 -2.5
    endloop
  endfacet
  facet normal 0 0 -1
    outer loop
      vertex 72.073 24.1468 -2.5
      vertex 73.1545 26.5245 -2.5
      vertex 73.927 24.1468 -2.5
    endloop
  endfacet
  facet normal 0 0 -1
    outer loop
      vertex 70.573 25.2366 -2.5
      vertex 72.5955 26.7061 -2.5
      vertex 72.073 24.1468 -2.5
    endloop
  endfacet
  facet normal -0 0 -1
    outer loop
      vertex 73.1545 26.5245 -2.5
      vertex 72.073 24.1468 -2.5
      vertex 72.5955 26.7061 -2.5
    endloop
  endfacet
  facet normal -0 0 -1
    outer loop
      vertex 75.427 28.7634 -2.5
      vertex 73.1545 27.4755 -2.5
      vertex 73.927 29.8532 -2.5
    endloop
  endfacet
  facet normal 0 0 -1
    outer loop
      vertex 72.073 29.8532 -2.5
      vertex 73.1545 27.4755 -2.5
      vertex 72.5955 27.2939 -2.5
    endloop
  endfacet
  facet normal 0 0 -1
    outer loop
      vertex 73.1545 27.4755 -2.5
      vertex 72.073 29.8532 -2.5
      vertex 73.927 29.8532 -2.5
    endloop
  endfacet
  facet normal 0 0 -1
    outer loop
      vertex 70 27 -2.5
      vertex 72.5955 26.7061 -2.5
      vertex 70.573 25.2366 -2.5
    endloop
  endfacet
  facet normal 0 0 -1
    outer loop
      vertex 72.5955 26.7061 -2.5
      vertex 70 27 -2.5
      vertex 72.5955 27.2939 -2.5
    endloop
  endfacet
  facet normal 0 0 -1
    outer loop
      vertex 72.5955 27.2939 -2.5
      vertex 70.573 28.7634 -2.5
      vertex 72.073 29.8532 -2.5
    endloop
  endfacet
  facet normal -0 0 -1
    outer loop
      vertex 72.5955 27.2939 -2.5
      vertex 70 27 -2.5
      vertex 70.573 28.7634 -2.5
    endloop
  endfacet
  facet normal -1 0 0
    outer loop
      vertex 70 27 3.5
      vertex 70 32.0871 3.07838
      vertex 70 27 -1.5
    endloop
  endfacet
  facet normal -1 0 0
    outer loop
      vertex 70 32.0871 3.07838
      vertex 70 27 3.5
      vertex 70 32.0871 8.07838
    endloop
  endfacet
  facet normal -1 0 0
    outer loop
      vertex 70 33.1248 9.01235
      vertex 70 33.3072 4.17646
      vertex 70 33.1248 4.01235
    endloop
  endfacet
  facet normal -1 0 0
    outer loop
      vertex 70 33.3072 4.17646
      vertex 70 33.1248 9.01235
      vertex 70 33.3072 9.17646
    endloop
  endfacet
  facet normal -0.899497 -0.292288 0.324765
    outer loop
      vertex 70 27 3.5
      vertex 70.573 31.9653 9.55579
      vertex 70 32.0871 8.07838
    endloop
  endfacet
  facet normal -0.8995 -0.292284 0.324762
    outer loop
      vertex 70.573 31.9653 9.55579
      vertex 70 27 3.5
      vertex 70.573 25.2366 3.5
    endloop
  endfacet
  facet normal -0.899512 -0.292218 0.324786
    outer loop
      vertex 70.573 33.0341 10.5177
      vertex 70 33.3072 9.17646
      vertex 70 33.1248 9.01235
    endloop
  endfacet
  facet normal -0.899486 -0.292339 0.32475
    outer loop
      vertex 70 33.3072 9.17646
      vertex 70.573 33.0341 10.5177
      vertex 70.573 33.1854 10.6539
    endloop
  endfacet
  facet normal -0.899494 0.292295 -0.324768
    outer loop
      vertex 70.573 28.7634 -1.5
      vertex 70 32.0871 3.07838
      vertex 70.573 31.9653 1.38175
    endloop
  endfacet
  facet normal -0.8995 0.292284 -0.324761
    outer loop
      vertex 70 32.0871 3.07838
      vertex 70.573 28.7634 -1.5
      vertex 70 27 -1.5
    endloop
  endfacet
  facet normal -0.899522 0.292205 -0.324771
    outer loop
      vertex 70.573 33.1854 2.47983
      vertex 70 33.1248 4.01235
      vertex 70 33.3072 4.17646
    endloop
  endfacet
  facet normal -0.8995 0.292284 -0.32476
    outer loop
      vertex 70 33.1248 4.01235
      vertex 70.573 33.1854 2.47983
      vertex 70.573 33.0341 2.34366
    endloop
  endfacet
  facet normal 1 -0 0
    outer loop
      vertex 76 27 3.5
      vertex 76 30.1126 1.3013
      vertex 76 30.1126 6.3013
    endloop
  endfacet
  facet normal 1 0 0
    outer loop
      vertex 76 30.1126 1.3013
      vertex 76 27 3.5
      vertex 76 27 -1.5
    endloop
  endfacet
  facet normal 1 -0 0
    outer loop
      vertex 76 31.2495 7.32458
      vertex 76 31.4189 2.47703
      vertex 76 31.4189 7.47703
    endloop
  endfacet
  facet normal 1 0 0
    outer loop
      vertex 76 31.4189 2.47703
      vertex 76 31.2495 7.32458
      vertex 76 31.2495 2.32458
    endloop
  endfacet
  facet normal 0.437141 0.601681 -0.668497
    outer loop
      vertex 73.927 29.8532 -1.5
      vertex 75.427 30.3676 -0.0561383
      vertex 75.427 28.7634 -1.5
    endloop
  endfacet
  facet normal 0.437154 0.601663 -0.668504
    outer loop
      vertex 75.427 30.3676 -0.0561383
      vertex 73.927 29.8532 -1.5
      vertex 73.927 31.0355 -0.435913
    endloop
  endfacet
  facet normal 0.437142 0.601801 -0.668388
    outer loop
      vertex 73.927 32.3057 0.707321
      vertex 75.427 31.674 1.11959
      vertex 75.427 31.5415 1.00029
    endloop
  endfacet
  facet normal 0.437003 0.600859 -0.669326
    outer loop
      vertex 75.427 31.674 1.11959
      vertex 73.927 32.3057 0.707321
      vertex 73.927 32.3419 0.739818
    endloop
  endfacet
  facet normal -2.33826e-05 -0.668962 0.743296
    outer loop
      vertex 73.927 31.0355 9.69979
      vertex 73.5 27 6.06785
      vertex 73.927 24.1468 3.5
    endloop
  endfacet
  facet normal 5.85493e-05 -0.668967 0.743292
    outer loop
      vertex 73.927 31.0355 9.69979
      vertex 73.1545 27.4755 6.49583
      vertex 73.5 27 6.06785
    endloop
  endfacet
  facet normal 1.06627e-05 -0.668961 0.743297
    outer loop
      vertex 72.9949 31.4505 10.0733
      vertex 73.1545 27.4755 6.49583
      vertex 73.927 31.0355 9.69979
    endloop
  endfacet
  facet normal -4.1176e-05 -0.668963 0.743296
    outer loop
      vertex 72.9949 31.4505 10.0733
      vertex 72.5955 27.2939 6.33236
      vertex 73.1545 27.4755 6.49583
    endloop
  endfacet
  facet normal 2.47686e-05 -0.668963 0.743296
    outer loop
      vertex 72.073 24.1468 3.5
      vertex 72.5955 27.2939 6.33236
      vertex 72.073 31.6465 10.2497
    endloop
  endfacet
  facet normal 2.32145e-15 -0.668965 0.743294
    outer loop
      vertex 72.073 31.6465 10.2497
      vertex 72.5955 27.2939 6.33236
      vertex 72.9949 31.4505 10.0733
    endloop
  endfacet
  facet normal -4.45976e-05 -0.668964 0.743295
    outer loop
      vertex 73.1545 26.5245 5.63988
      vertex 73.927 24.1468 3.5
      vertex 73.5 27 6.06785
    endloop
  endfacet
  facet normal 3.9179e-05 -0.668966 0.743293
    outer loop
      vertex 72.073 24.1468 3.5
      vertex 73.1545 26.5245 5.63988
      vertex 72.5955 26.7061 5.80335
    endloop
  endfacet
  facet normal 0 -0.668956 0.743302
    outer loop
      vertex 73.1545 26.5245 5.63988
      vertex 72.073 24.1468 3.5
      vertex 73.927 24.1468 3.5
    endloop
  endfacet
  facet normal -3.34881e-05 -0.668958 0.7433
    outer loop
      vertex 72.5955 27.2939 6.33236
      vertex 72.073 24.1468 3.5
      vertex 72.5955 26.7061 5.80335
    endloop
  endfacet
  facet normal 0.000719005 -0.668056 0.744111
    outer loop
      vertex 73.3658 32.5918 11.1004
      vertex 73.927 32.3057 10.843
      vertex 73.927 32.3419 10.8755
    endloop
  endfacet
  facet normal 0 -0.668836 0.74341
    outer loop
      vertex 73.3658 32.5918 11.1004
      vertex 73.3657 32.5918 11.1004
      vertex 73.927 32.3057 10.843
    endloop
  endfacet
  facet normal 0 -0.669084 0.743187
    outer loop
      vertex 72.073 32.8666 11.3478
      vertex 73.3657 32.5918 11.1004
      vertex 73.3658 32.5918 11.1004
    endloop
  endfacet
  facet normal 2.34574e-05 -0.669023 0.743241
    outer loop
      vertex 73.3657 32.5918 11.1004
      vertex 72.073 32.8666 11.3478
      vertex 72.073 32.7965 11.2847
    endloop
  endfacet
  facet normal 0.437116 -0.60167 0.668523
    outer loop
      vertex 73.927 31.0355 9.69979
      vertex 75.427 25.2366 3.5
      vertex 75.427 30.3676 8.1179
    endloop
  endfacet
  facet normal 0.437129 -0.601664 0.66852
    outer loop
      vertex 75.427 25.2366 3.5
      vertex 73.927 31.0355 9.69979
      vertex 73.927 24.1468 3.5
    endloop
  endfacet
  facet normal 0.438029 -0.600556 0.668927
    outer loop
      vertex 73.927 32.3057 10.843
      vertex 75.427 31.674 9.29363
      vertex 73.927 32.3419 10.8755
    endloop
  endfacet
  facet normal 0.436985 -0.601852 0.668444
    outer loop
      vertex 75.427 31.674 9.29363
      vertex 73.927 32.3057 10.843
      vertex 75.427 31.5415 9.17433
    endloop
  endfacet
  facet normal -5.84374e-07 0.668971 -0.743289
    outer loop
      vertex 73.927 29.8532 -1.5
      vertex 72.9949 31.4505 -0.0624063
      vertex 73.927 31.0355 -0.435913
    endloop
  endfacet
  facet normal 0 0.668971 -0.743289
    outer loop
      vertex 72.073 29.8532 -1.5
      vertex 72.9949 31.4505 -0.0624063
      vertex 73.927 29.8532 -1.5
    endloop
  endfacet
  facet normal 1.98266e-05 0.668965 -0.743294
    outer loop
      vertex 72.9949 31.4505 -0.0624063
      vertex 72.073 29.8532 -1.5
      vertex 72.073 31.6465 0.113969
    endloop
  endfacet
  facet normal -0.000769037 0.668021 -0.744142
    outer loop
      vertex 73.927 32.3057 0.707321
      vertex 73.3658 32.5918 0.964735
      vertex 73.927 32.3419 0.739818
    endloop
  endfacet
  facet normal 0.0790758 0.748005 -0.658965
    outer loop
      vertex 73.3657 32.5918 0.964723
      vertex 73.3658 32.5918 0.964735
      vertex 73.927 32.3057 0.707321
    endloop
  endfacet
  facet normal -0.000116768 0.668672 -0.743558
    outer loop
      vertex 72.073 32.8666 1.21205
      vertex 73.3657 32.5918 0.964723
      vertex 72.073 32.7965 1.14901
    endloop
  endfacet
  facet normal 0.0675135 0.823959 -0.562613
    outer loop
      vertex 73.3657 32.5918 0.964723
      vertex 72.073 32.8666 1.21205
      vertex 73.3658 32.5918 0.964735
    endloop
  endfacet
  facet normal 0.899484 0.292315 -0.324776
    outer loop
      vertex 76 30.1126 1.3013
      vertex 75.427 28.7634 -1.5
      vertex 75.427 30.3676 -0.0561383
    endloop
  endfacet
  facet normal 0.899499 0.292284 -0.324764
    outer loop
      vertex 75.427 28.7634 -1.5
      vertex 76 30.1126 1.3013
      vertex 76 27 -1.5
    endloop
  endfacet
  facet normal 0.899501 0.292273 -0.324769
    outer loop
      vertex 76 31.2495 2.32458
      vertex 75.427 31.674 1.11959
      vertex 76 31.4189 2.47703
    endloop
  endfacet
  facet normal 0.899483 0.292375 -0.324725
    outer loop
      vertex 75.427 31.674 1.11959
      vertex 76 31.2495 2.32458
      vertex 75.427 31.5415 1.00029
    endloop
  endfacet
  facet normal -0.437133 0.601669 -0.668512
    outer loop
      vertex 70.573 31.9653 1.38175
      vertex 72.073 29.8532 -1.5
      vertex 70.573 28.7634 -1.5
    endloop
  endfacet
  facet normal -0.437145 0.601661 -0.668512
    outer loop
      vertex 72.073 29.8532 -1.5
      vertex 70.573 31.9653 1.38175
      vertex 72.073 31.6465 0.113969
    endloop
  endfacet
  facet normal -0.437313 0.601343 -0.668688
    outer loop
      vertex 70.573 33.0341 2.34366
      vertex 72.073 32.8666 1.21205
      vertex 72.073 32.7965 1.14901
    endloop
  endfacet
  facet normal -0.437145 0.601661 -0.668512
    outer loop
      vertex 72.073 32.8666 1.21205
      vertex 70.573 33.0341 2.34366
      vertex 70.573 33.1854 2.47983
    endloop
  endfacet
  facet normal -0.437134 -0.601662 0.668518
    outer loop
      vertex 70.573 25.2366 3.5
      vertex 72.073 31.6465 10.2497
      vertex 70.573 31.9653 9.55579
    endloop
  endfacet
  facet normal -0.437129 -0.601665 0.668519
    outer loop
      vertex 72.073 31.6465 10.2497
      vertex 70.573 25.2366 3.5
      vertex 72.073 24.1468 3.5
    endloop
  endfacet
  facet normal -0.437118 -0.601743 0.668456
    outer loop
      vertex 70.573 33.0341 10.5177
      vertex 72.073 32.8666 11.3478
      vertex 70.573 33.1854 10.6539
    endloop
  endfacet
  facet normal -0.437125 -0.60172 0.668472
    outer loop
      vertex 72.073 32.8666 11.3478
      vertex 70.573 33.0341 10.5177
      vertex 72.073 32.7965 11.2847
    endloop
  endfacet
  facet normal 0.899505 -0.292278 0.324753
    outer loop
      vertex 75.427 25.2366 3.5
      vertex 76 30.1126 6.3013
      vertex 75.427 30.3676 8.1179
    endloop
  endfacet
  facet normal 0.899499 -0.292284 0.324764
    outer loop
      vertex 76 30.1126 6.3013
      vertex 75.427 25.2366 3.5
      vertex 76 27 3.5
    endloop
  endfacet
  facet normal 0.899452 -0.292418 0.324773
    outer loop
      vertex 75.427 31.5415 9.17433
      vertex 76 31.4189 7.47703
      vertex 75.427 31.674 9.29363
    endloop
  endfacet
  facet normal 0.899495 -0.29228 0.324777
    outer loop
      vertex 76 31.4189 7.47703
      vertex 75.427 31.5415 9.17433
      vertex 76 31.2495 7.32458
    endloop
  endfacet
  facet normal 0.406817 -0.91351 7.85443e-05
    outer loop
      vertex 73.3658 -6.59176 11.9449
      vertex 75.427 -5.67401 9.93737
      vertex 73.927 -6.34186 11.695
    endloop
  endfacet
  facet normal 0.406823 -0.913507 8.63646e-05
    outer loop
      vertex 73.3658 -6.59176 11.9449
      vertex 75.6374 -5.58038 9.19648
      vertex 75.427 -5.67401 9.93737
    endloop
  endfacet
  facet normal 0.406714 -0.913556 -2.21245e-05
    outer loop
      vertex 73.3658 -6.59176 11.9449
      vertex 76 -5.41892 7.91892
      vertex 75.6374 -5.58038 9.19648
    endloop
  endfacet
  facet normal 0.406742 -0.913543 0
    outer loop
      vertex 73.3658 -6.59176 1.23859
      vertex 76 -5.41892 7.91892
      vertex 73.3658 -6.59176 11.9449
    endloop
  endfacet
  facet normal 0.406742 -0.913543 0
    outer loop
      vertex 76 -5.41892 7.91892
      vertex 73.3658 -6.59176 1.23859
      vertex 76 -5.41892 2.91892
    endloop
  endfacet
  facet normal 0.406755 -0.913537 -2.40482e-05
    outer loop
      vertex 76 -5.41892 2.91892
      vertex 73.3658 -6.59176 1.23859
      vertex 75.427 -5.67401 1.41066
    endloop
  endfacet
  facet normal 0.406759 -0.913536 -7.85293e-05
    outer loop
      vertex 75.427 -5.67401 1.41066
      vertex 73.3658 -6.59176 1.23859
      vertex 73.927 -6.34186 0.988687
    endloop
  endfacet
  facet normal 0.207914 0.978147 -1.55327e-05
    outer loop
      vertex 70 33.3072 9.17646
      vertex 72.073 32.8666 11.3478
      vertex 73.3658 32.5918 11.1004
    endloop
  endfacet
  facet normal 0.207883 0.978154 1.48453e-05
    outer loop
      vertex 72.073 32.8666 11.3478
      vertex 70 33.3072 9.17646
      vertex 70.573 33.1854 10.6539
    endloop
  endfacet
  facet normal 0.207905 0.978149 0
    outer loop
      vertex 73.3658 32.5918 11.1004
      vertex 70 33.3072 4.17646
      vertex 70 33.3072 9.17646
    endloop
  endfacet
  facet normal 0.207905 0.978149 -0
    outer loop
      vertex 73.3658 32.5918 0.964735
      vertex 70 33.3072 4.17646
      vertex 73.3658 32.5918 11.1004
    endloop
  endfacet
  facet normal 0.207898 0.97815 -7.64283e-06
    outer loop
      vertex 70 33.3072 4.17646
      vertex 73.3658 32.5918 0.964735
      vertex 70.573 33.1854 2.47983
    endloop
  endfacet
  facet normal 0.207924 0.978145 4.27047e-05
    outer loop
      vertex 70.573 33.1854 2.47983
      vertex 73.3658 32.5918 0.964735
      vertex 72.073 32.8666 1.21205
    endloop
  endfacet
  facet normal 0.406801 0.913517 4.0697e-05
    outer loop
      vertex 75.427 31.674 9.29363
      vertex 73.3658 32.5918 11.1004
      vertex 73.927 32.3419 10.8755
    endloop
  endfacet
  facet normal 0.406793 0.91352 2.94312e-05
    outer loop
      vertex 76 31.4189 7.47703
      vertex 73.3658 32.5918 11.1004
      vertex 75.427 31.674 9.29363
    endloop
  endfacet
  facet normal 0.406759 0.913535 0
    outer loop
      vertex 73.3658 32.5918 0.964735
      vertex 76 31.4189 7.47703
      vertex 76 31.4189 2.47703
    endloop
  endfacet
  facet normal 0.406772 0.91353 -2.84827e-05
    outer loop
      vertex 73.927 32.3419 0.739818
      vertex 76 31.4189 2.47703
      vertex 75.427 31.674 1.11959
    endloop
  endfacet
  facet normal 0.406759 0.913535 0
    outer loop
      vertex 76 31.4189 7.47703
      vertex 73.3658 32.5918 0.964735
      vertex 73.3658 32.5918 11.1004
    endloop
  endfacet
  facet normal 0.406776 0.913528 -3.49266e-05
    outer loop
      vertex 76 31.4189 2.47703
      vertex 73.927 32.3419 0.739818
      vertex 73.3658 32.5918 0.964735
    endloop
  endfacet
  facet normal 0.207929 -0.978144 -4.12704e-05
    outer loop
      vertex 70.4911 -7.20279 11.2142
      vertex 72.073 -6.86656 12.2197
      vertex 70.573 -7.18539 11.4487
    endloop
  endfacet
  facet normal 0.207913 -0.978147 -1.57756e-05
    outer loop
      vertex 72.073 -6.86656 12.2197
      vertex 70.4911 -7.20279 11.2142
      vertex 73.3658 -6.59176 11.9449
    endloop
  endfacet
  facet normal 0.207909 -0.978148 3.47641e-06
    outer loop
      vertex 70 -7.30718 9.80718
      vertex 73.3658 -6.59176 11.9449
      vertex 70.4911 -7.20279 11.2142
    endloop
  endfacet
  facet normal 0.207911 -0.978148 0
    outer loop
      vertex 70 -7.30718 4.80718
      vertex 73.3658 -6.59176 11.9449
      vertex 70 -7.30718 9.80718
    endloop
  endfacet
  facet normal 0.207914 -0.978147 3.38423e-06
    outer loop
      vertex 73.3658 -6.59176 1.23859
      vertex 70 -7.30718 4.80718
      vertex 70.573 -7.18539 2.92204
    endloop
  endfacet
  facet normal 0.207919 -0.978146 1.15081e-05
    outer loop
      vertex 73.3658 -6.59176 1.23859
      vertex 70.573 -7.18539 2.92204
      vertex 72.073 -6.86656 1.51339
    endloop
  endfacet
  facet normal 0.207911 -0.978148 0
    outer loop
      vertex 70 -7.30718 4.80718
      vertex 73.3658 -6.59176 1.23859
      vertex 73.3658 -6.59176 11.9449
    endloop
  endfacet
  facet normal 0.308971 0.951072 0
    outer loop
      vertex 72.5955 26.7061 -2.5
      vertex 73.1545 26.5245 5.63988
      vertex 73.1545 26.5245 -2.5
    endloop
  endfacet
  facet normal 0.308971 0.951072 0
    outer loop
      vertex 73.1545 26.5245 5.63988
      vertex 72.5955 26.7061 -2.5
      vertex 72.5955 26.7061 5.80335
    endloop
  endfacet
  facet normal 0.308971 -0.951072 0
    outer loop
      vertex 73.1545 27.4755 -2.5
      vertex 72.5955 27.2939 6.33236
      vertex 72.5955 27.2939 -2.5
    endloop
  endfacet
  facet normal 0.308971 -0.951072 0
    outer loop
      vertex 72.5955 27.2939 6.33236
      vertex 73.1545 27.4755 -2.5
      vertex 73.1545 27.4755 6.49583
    endloop
  endfacet
  facet normal -0.808994 -0.587818 -0
    outer loop
      vertex 73.5 27 6.06785
      vertex 73.1545 27.4755 -2.5
      vertex 73.5 27 -2.5
    endloop
  endfacet
  facet normal -0.808994 -0.587818 0
    outer loop
      vertex 73.1545 27.4755 -2.5
      vertex 73.5 27 6.06785
      vertex 73.1545 27.4755 6.49583
    endloop
  endfacet
  facet normal 1 -0 0
    outer loop
      vertex 72.5955 26.7061 5.80335
      vertex 72.5955 27.2939 -2.5
      vertex 72.5955 27.2939 6.33236
    endloop
  endfacet
  facet normal 1 0 0
    outer loop
      vertex 72.5955 27.2939 -2.5
      vertex 72.5955 26.7061 5.80335
      vertex 72.5955 26.7061 -2.5
    endloop
  endfacet
  facet normal -0.808994 0.587818 0
    outer loop
      vertex 73.1545 26.5245 5.63988
      vertex 73.5 27 -2.5
      vertex 73.1545 26.5245 -2.5
    endloop
  endfacet
  facet normal -0.808994 0.587818 0
    outer loop
      vertex 73.5 27 -2.5
      vertex 73.1545 26.5245 5.63988
      vertex 73.5 27 6.06785
    endloop
  endfacet
  facet normal 0.309032 0.951052 -0
    outer loop
      vertex 73.1545 -1.47553 -2.5
      vertex 72.5955 -1.29389 6.64706
      vertex 73.1545 -1.47553 6.8287
    endloop
  endfacet
  facet normal 0.309032 0.951052 0
    outer loop
      vertex 72.5955 -1.29389 6.64706
      vertex 73.1545 -1.47553 -2.5
      vertex 72.5955 -1.29389 -2.5
    endloop
  endfacet
  facet normal 0.309026 -0.951054 0
    outer loop
      vertex 72.5955 -0.706107 -2.5
      vertex 73.1545 -0.524471 5.87764
      vertex 72.5955 -0.706107 6.05928
    endloop
  endfacet
  facet normal 0.309026 -0.951054 0
    outer loop
      vertex 73.1545 -0.524471 5.87764
      vertex 72.5955 -0.706107 -2.5
      vertex 73.1545 -0.524471 -2.5
    endloop
  endfacet
  facet normal -0.809011 -0.587794 0
    outer loop
      vertex 73.5 -1 -2.5
      vertex 73.1545 -0.524471 5.87764
      vertex 73.1545 -0.524471 -2.5
    endloop
  endfacet
  facet normal -0.809011 -0.587794 0
    outer loop
      vertex 73.1545 -0.524471 5.87764
      vertex 73.5 -1 -2.5
      vertex 73.5 -1 6.35317
    endloop
  endfacet
  facet normal 1 0 0
    outer loop
      vertex 72.5955 -1.29389 -2.5
      vertex 72.5955 -0.706107 6.05928
      vertex 72.5955 -1.29389 6.64706
    endloop
  endfacet
  facet normal 1 0 0
    outer loop
      vertex 72.5955 -0.706107 6.05928
      vertex 72.5955 -1.29389 -2.5
      vertex 72.5955 -0.706107 -2.5
    endloop
  endfacet
  facet normal -0.809011 0.587793 0
    outer loop
      vertex 73.1545 -1.47553 -2.5
      vertex 73.5 -1 6.35317
      vertex 73.5 -1 -2.5
    endloop
  endfacet
  facet normal -0.809011 0.587793 0
    outer loop
      vertex 73.5 -1 6.35317
      vertex 73.1545 -1.47553 -2.5
      vertex 73.1545 -1.47553 6.8287
    endloop
  endfacet
  facet normal 0 0 -1
    outer loop
      vertex 58.15 -13.7 3
      vertex 59.35 -13.7 3
      vertex 59.3248 -14.1011 3
    endloop
  endfacet
  facet normal 0 0 -1
    outer loop
      vertex 58.1342 -13.9507 3
      vertex 59.3248 -14.1011 3
      vertex 59.2495 -14.4958 3
    endloop
  endfacet
  facet normal 0 0 -1
    outer loop
      vertex 59.35 -13.7 3
      vertex 58.15 -13.7 3
      vertex 59.3248 -13.2989 3
    endloop
  endfacet
  facet normal 0 0 -1
    outer loop
      vertex 58.0872 -14.1974 3
      vertex 59.2495 -14.4958 3
      vertex 59.1253 -14.878 3
    endloop
  endfacet
  facet normal 0 0 -1
    outer loop
      vertex 58.1342 -13.4493 3
      vertex 59.3248 -13.2989 3
      vertex 58.15 -13.7 3
    endloop
  endfacet
  facet normal 0 0 -1
    outer loop
      vertex 58.0095 -14.4362 3
      vertex 59.1253 -14.878 3
      vertex 58.9542 -15.2416 3
    endloop
  endfacet
  facet normal -0 0 -1
    outer loop
      vertex 59.3248 -13.2989 3
      vertex 58.1342 -13.4493 3
      vertex 59.2495 -12.9042 3
    endloop
  endfacet
  facet normal 0 0 -1
    outer loop
      vertex 57.9026 -14.6635 3
      vertex 58.9542 -15.2416 3
      vertex 58.7389 -15.5809 3
    endloop
  endfacet
  facet normal 0 0 -1
    outer loop
      vertex 58.0872 -13.2026 3
      vertex 59.2495 -12.9042 3
      vertex 58.1342 -13.4493 3
    endloop
  endfacet
  facet normal 0 0 -1
    outer loop
      vertex 57.768 -14.8756 3
      vertex 58.7389 -15.5809 3
      vertex 58.4827 -15.8905 3
    endloop
  endfacet
  facet normal -0 0 -1
    outer loop
      vertex 59.2495 -12.9042 3
      vertex 58.0872 -13.2026 3
      vertex 59.1253 -12.522 3
    endloop
  endfacet
  facet normal 0 0 -1
    outer loop
      vertex 57.6079 -15.0691 3
      vertex 58.4827 -15.8905 3
      vertex 58.1898 -16.1656 3
    endloop
  endfacet
  facet normal 0 0 -1
    outer loop
      vertex 58.0095 -12.9638 3
      vertex 59.1253 -12.522 3
      vertex 58.0872 -13.2026 3
    endloop
  endfacet
  facet normal -0 0 -1
    outer loop
      vertex 59.1253 -12.522 3
      vertex 58.0095 -12.9638 3
      vertex 58.9542 -12.1584 3
    endloop
  endfacet
  facet normal 0 0 -1
    outer loop
      vertex 59.3248 -14.1011 3
      vertex 58.1342 -13.9507 3
      vertex 58.15 -13.7 3
    endloop
  endfacet
  facet normal 0 0 -1
    outer loop
      vertex 59.2495 -14.4958 3
      vertex 58.0872 -14.1974 3
      vertex 58.1342 -13.9507 3
    endloop
  endfacet
  facet normal 0 0 -1
    outer loop
      vertex 59.1253 -14.878 3
      vertex 58.0095 -14.4362 3
      vertex 58.0872 -14.1974 3
    endloop
  endfacet
  facet normal 0 0 -1
    outer loop
      vertex 58.9542 -15.2416 3
      vertex 57.9026 -14.6635 3
      vertex 58.0095 -14.4362 3
    endloop
  endfacet
  facet normal 0 0 -1
    outer loop
      vertex 57.4248 -15.241 3
      vertex 58.1898 -16.1656 3
      vertex 57.8646 -16.4018 3
    endloop
  endfacet
  facet normal 0 0 -1
    outer loop
      vertex 58.7389 -15.5809 3
      vertex 57.768 -14.8756 3
      vertex 57.9026 -14.6635 3
    endloop
  endfacet
  facet normal 0 0 -1
    outer loop
      vertex 58.4827 -15.8905 3
      vertex 57.6079 -15.0691 3
      vertex 57.768 -14.8756 3
    endloop
  endfacet
  facet normal 0 0 -1
    outer loop
      vertex 57.2216 -15.3886 3
      vertex 57.8646 -16.4018 3
      vertex 57.5125 -16.5954 3
    endloop
  endfacet
  facet normal 0 0 -1
    outer loop
      vertex 58.1898 -16.1656 3
      vertex 57.4248 -15.241 3
      vertex 57.6079 -15.0691 3
    endloop
  endfacet
  facet normal 0 0 -1
    outer loop
      vertex 57.8646 -16.4018 3
      vertex 57.2216 -15.3886 3
      vertex 57.4248 -15.241 3
    endloop
  endfacet
  facet normal 0 0 -1
    outer loop
      vertex 57.0015 -15.5096 3
      vertex 57.5125 -16.5954 3
      vertex 57.1388 -16.7434 3
    endloop
  endfacet
  facet normal 0 0 -1
    outer loop
      vertex 57.5125 -16.5954 3
      vertex 57.0015 -15.5096 3
      vertex 57.2216 -15.3886 3
    endloop
  endfacet
  facet normal 0 0 -1
    outer loop
      vertex 57.1388 -16.7434 3
      vertex 56.768 -15.6021 3
      vertex 57.0015 -15.5096 3
    endloop
  endfacet
  facet normal 0 0 -1
    outer loop
      vertex 56.7496 -16.8433 3
      vertex 56.768 -15.6021 3
      vertex 57.1388 -16.7434 3
    endloop
  endfacet
  facet normal 0 0 -1
    outer loop
      vertex 56.7496 -16.8433 3
      vertex 56.5248 -15.6646 3
      vertex 56.768 -15.6021 3
    endloop
  endfacet
  facet normal 0 0 -1
    outer loop
      vertex 56.3509 -16.8937 3
      vertex 56.5248 -15.6646 3
      vertex 56.7496 -16.8433 3
    endloop
  endfacet
  facet normal 0 0 -1
    outer loop
      vertex 56.3509 -16.8937 3
      vertex 56.2756 -15.696 3
      vertex 56.5248 -15.6646 3
    endloop
  endfacet
  facet normal 0 0 -1
    outer loop
      vertex 56.3509 -16.8937 3
      vertex 56.0244 -15.696 3
      vertex 56.2756 -15.696 3
    endloop
  endfacet
  facet normal 0 0 -1
    outer loop
      vertex 55.9491 -16.8937 3
      vertex 56.0244 -15.696 3
      vertex 56.3509 -16.8937 3
    endloop
  endfacet
  facet normal 0 0 -1
    outer loop
      vertex 55.9491 -16.8937 3
      vertex 55.7752 -15.6646 3
      vertex 56.0244 -15.696 3
    endloop
  endfacet
  facet normal 0 0 -1
    outer loop
      vertex 55.5504 -16.8433 3
      vertex 55.7752 -15.6646 3
      vertex 55.9491 -16.8937 3
    endloop
  endfacet
  facet normal 0 0 -1
    outer loop
      vertex 55.5504 -16.8433 3
      vertex 55.532 -15.6021 3
      vertex 55.7752 -15.6646 3
    endloop
  endfacet
  facet normal 0 0 -1
    outer loop
      vertex 55.1612 -16.7434 3
      vertex 55.532 -15.6021 3
      vertex 55.5504 -16.8433 3
    endloop
  endfacet
  facet normal -0 0 -1
    outer loop
      vertex 55.532 -15.6021 3
      vertex 55.1612 -16.7434 3
      vertex 55.2985 -15.5096 3
    endloop
  endfacet
  facet normal 0 0 -1
    outer loop
      vertex 54.7875 -16.5954 3
      vertex 55.2985 -15.5096 3
      vertex 55.1612 -16.7434 3
    endloop
  endfacet
  facet normal -0 0 -1
    outer loop
      vertex 55.2985 -15.5096 3
      vertex 54.7875 -16.5954 3
      vertex 55.0784 -15.3886 3
    endloop
  endfacet
  facet normal 0 0 -1
    outer loop
      vertex 54.4354 -16.4018 3
      vertex 55.0784 -15.3886 3
      vertex 54.7875 -16.5954 3
    endloop
  endfacet
  facet normal -0 0 -1
    outer loop
      vertex 55.0784 -15.3886 3
      vertex 54.4354 -16.4018 3
      vertex 54.8752 -15.241 3
    endloop
  endfacet
  facet normal 0 0 -1
    outer loop
      vertex 54.1103 -16.1656 3
      vertex 54.8752 -15.241 3
      vertex 54.4354 -16.4018 3
    endloop
  endfacet
  facet normal -0 0 -1
    outer loop
      vertex 54.8752 -15.241 3
      vertex 54.1103 -16.1656 3
      vertex 54.6921 -15.0691 3
    endloop
  endfacet
  facet normal 0 0 -1
    outer loop
      vertex 53.8173 -15.8905 3
      vertex 54.6921 -15.0691 3
      vertex 54.1103 -16.1656 3
    endloop
  endfacet
  facet normal -0 0 -1
    outer loop
      vertex 54.6921 -15.0691 3
      vertex 53.8173 -15.8905 3
      vertex 54.532 -14.8756 3
    endloop
  endfacet
  facet normal 0 0 -1
    outer loop
      vertex 53.5611 -15.5809 3
      vertex 54.532 -14.8756 3
      vertex 53.8173 -15.8905 3
    endloop
  endfacet
  facet normal -0 0 -1
    outer loop
      vertex 54.532 -14.8756 3
      vertex 53.5611 -15.5809 3
      vertex 54.3974 -14.6635 3
    endloop
  endfacet
  facet normal -0 0 -1
    outer loop
      vertex 54.3974 -14.6635 3
      vertex 53.3458 -15.2416 3
      vertex 54.2905 -14.4362 3
    endloop
  endfacet
  facet normal 0 0 -1
    outer loop
      vertex 53.3458 -15.2416 3
      vertex 54.3974 -14.6635 3
      vertex 53.5611 -15.5809 3
    endloop
  endfacet
  facet normal 0 0 -1
    outer loop
      vertex 57.9026 -12.7365 3
      vertex 58.9542 -12.1584 3
      vertex 58.0095 -12.9638 3
    endloop
  endfacet
  facet normal -0 0 -1
    outer loop
      vertex 58.9542 -12.1584 3
      vertex 57.9026 -12.7365 3
      vertex 58.7389 -11.8191 3
    endloop
  endfacet
  facet normal 0 0 -1
    outer loop
      vertex 57.768 -12.5244 3
      vertex 58.7389 -11.8191 3
      vertex 57.9026 -12.7365 3
    endloop
  endfacet
  facet normal -0 0 -1
    outer loop
      vertex 58.7389 -11.8191 3
      vertex 57.768 -12.5244 3
      vertex 58.4827 -11.5095 3
    endloop
  endfacet
  facet normal 0 0 -1
    outer loop
      vertex 57.6079 -12.3309 3
      vertex 58.4827 -11.5095 3
      vertex 57.768 -12.5244 3
    endloop
  endfacet
  facet normal -0 0 -1
    outer loop
      vertex 58.4827 -11.5095 3
      vertex 57.6079 -12.3309 3
      vertex 58.1898 -11.2344 3
    endloop
  endfacet
  facet normal 0 0 -1
    outer loop
      vertex 57.4248 -12.159 3
      vertex 58.1898 -11.2344 3
      vertex 57.6079 -12.3309 3
    endloop
  endfacet
  facet normal -0 0 -1
    outer loop
      vertex 58.1898 -11.2344 3
      vertex 57.4248 -12.159 3
      vertex 57.8646 -10.9982 3
    endloop
  endfacet
  facet normal 0 0 -1
    outer loop
      vertex 57.2216 -12.0114 3
      vertex 57.8646 -10.9982 3
      vertex 57.4248 -12.159 3
    endloop
  endfacet
  facet normal -0 0 -1
    outer loop
      vertex 57.8646 -10.9982 3
      vertex 57.2216 -12.0114 3
      vertex 57.5125 -10.8046 3
    endloop
  endfacet
  facet normal 0 0 -1
    outer loop
      vertex 57.0015 -11.8904 3
      vertex 57.5125 -10.8046 3
      vertex 57.2216 -12.0114 3
    endloop
  endfacet
  facet normal -0 0 -1
    outer loop
      vertex 57.5125 -10.8046 3
      vertex 57.0015 -11.8904 3
      vertex 57.1388 -10.6566 3
    endloop
  endfacet
  facet normal 0 0 -1
    outer loop
      vertex 56.768 -11.7979 3
      vertex 57.1388 -10.6566 3
      vertex 57.0015 -11.8904 3
    endloop
  endfacet
  facet normal 0 0 -1
    outer loop
      vertex 56.768 -11.7979 3
      vertex 56.7496 -10.5567 3
      vertex 57.1388 -10.6566 3
    endloop
  endfacet
  facet normal 0 0 -1
    outer loop
      vertex 56.5248 -11.7354 3
      vertex 56.7496 -10.5567 3
      vertex 56.768 -11.7979 3
    endloop
  endfacet
  facet normal 0 0 -1
    outer loop
      vertex 56.5248 -11.7354 3
      vertex 56.3509 -10.5063 3
      vertex 56.7496 -10.5567 3
    endloop
  endfacet
  facet normal 0 0 -1
    outer loop
      vertex 56.2756 -11.704 3
      vertex 56.3509 -10.5063 3
      vertex 56.5248 -11.7354 3
    endloop
  endfacet
  facet normal 0 0 -1
    outer loop
      vertex 56.0244 -11.704 3
      vertex 56.3509 -10.5063 3
      vertex 56.2756 -11.704 3
    endloop
  endfacet
  facet normal 0 0 -1
    outer loop
      vertex 56.0244 -11.704 3
      vertex 55.9491 -10.5063 3
      vertex 56.3509 -10.5063 3
    endloop
  endfacet
  facet normal 0 0 -1
    outer loop
      vertex 55.7752 -11.7354 3
      vertex 55.9491 -10.5063 3
      vertex 56.0244 -11.704 3
    endloop
  endfacet
  facet normal 0 0 -1
    outer loop
      vertex 55.7752 -11.7354 3
      vertex 55.5504 -10.5567 3
      vertex 55.9491 -10.5063 3
    endloop
  endfacet
  facet normal 0 0 -1
    outer loop
      vertex 55.532 -11.7979 3
      vertex 55.5504 -10.5567 3
      vertex 55.7752 -11.7354 3
    endloop
  endfacet
  facet normal 0 0 -1
    outer loop
      vertex 55.1612 -10.6566 3
      vertex 55.532 -11.7979 3
      vertex 55.2985 -11.8904 3
    endloop
  endfacet
  facet normal 0 0 -1
    outer loop
      vertex 55.532 -11.7979 3
      vertex 55.1612 -10.6566 3
      vertex 55.5504 -10.5567 3
    endloop
  endfacet
  facet normal 0 0 -1
    outer loop
      vertex 54.7875 -10.8046 3
      vertex 55.2985 -11.8904 3
      vertex 55.0784 -12.0114 3
    endloop
  endfacet
  facet normal 0 0 -1
    outer loop
      vertex 54.4354 -10.9982 3
      vertex 55.0784 -12.0114 3
      vertex 54.8752 -12.159 3
    endloop
  endfacet
  facet normal 0 0 -1
    outer loop
      vertex 55.2985 -11.8904 3
      vertex 54.7875 -10.8046 3
      vertex 55.1612 -10.6566 3
    endloop
  endfacet
  facet normal 0 0 -1
    outer loop
      vertex 54.1103 -11.2344 3
      vertex 54.8752 -12.159 3
      vertex 54.6921 -12.3309 3
    endloop
  endfacet
  facet normal 0 0 -1
    outer loop
      vertex 53.8173 -11.5095 3
      vertex 54.6921 -12.3309 3
      vertex 54.532 -12.5244 3
    endloop
  endfacet
  facet normal 0 0 -1
    outer loop
      vertex 55.0784 -12.0114 3
      vertex 54.4354 -10.9982 3
      vertex 54.7875 -10.8046 3
    endloop
  endfacet
  facet normal 0 0 -1
    outer loop
      vertex 53.5611 -11.8191 3
      vertex 54.532 -12.5244 3
      vertex 54.3974 -12.7365 3
    endloop
  endfacet
  facet normal 0 0 -1
    outer loop
      vertex 53.3458 -12.1584 3
      vertex 54.3974 -12.7365 3
      vertex 54.2905 -12.9638 3
    endloop
  endfacet
  facet normal 0 0 -1
    outer loop
      vertex 53.1747 -12.522 3
      vertex 54.2905 -12.9638 3
      vertex 54.2128 -13.2026 3
    endloop
  endfacet
  facet normal 0 0 -1
    outer loop
      vertex 53.0505 -12.9042 3
      vertex 54.2128 -13.2026 3
      vertex 54.1658 -13.4493 3
    endloop
  endfacet
  facet normal 0 0 -1
    outer loop
      vertex 54.8752 -12.159 3
      vertex 54.1103 -11.2344 3
      vertex 54.4354 -10.9982 3
    endloop
  endfacet
  facet normal 0 0 -1
    outer loop
      vertex 52.9752 -13.2989 3
      vertex 54.1658 -13.4493 3
      vertex 54.15 -13.7 3
    endloop
  endfacet
  facet normal 0 0 -1
    outer loop
      vertex 53.1747 -14.878 3
      vertex 54.2905 -14.4362 3
      vertex 53.3458 -15.2416 3
    endloop
  endfacet
  facet normal -0 0 -1
    outer loop
      vertex 54.2905 -14.4362 3
      vertex 53.1747 -14.878 3
      vertex 54.2128 -14.1974 3
    endloop
  endfacet
  facet normal 0 0 -1
    outer loop
      vertex 54.6921 -12.3309 3
      vertex 53.8173 -11.5095 3
      vertex 54.1103 -11.2344 3
    endloop
  endfacet
  facet normal 0 0 -1
    outer loop
      vertex 53.0505 -14.4958 3
      vertex 54.2128 -14.1974 3
      vertex 53.1747 -14.878 3
    endloop
  endfacet
  facet normal 0 0 -1
    outer loop
      vertex 54.532 -12.5244 3
      vertex 53.5611 -11.8191 3
      vertex 53.8173 -11.5095 3
    endloop
  endfacet
  facet normal -0 0 -1
    outer loop
      vertex 54.2128 -14.1974 3
      vertex 53.0505 -14.4958 3
      vertex 54.1658 -13.9507 3
    endloop
  endfacet
  facet normal 0 0 -1
    outer loop
      vertex 54.3974 -12.7365 3
      vertex 53.3458 -12.1584 3
      vertex 53.5611 -11.8191 3
    endloop
  endfacet
  facet normal 0 0 -1
    outer loop
      vertex 52.9752 -14.1011 3
      vertex 54.1658 -13.9507 3
      vertex 53.0505 -14.4958 3
    endloop
  endfacet
  facet normal 0 0 -1
    outer loop
      vertex 54.2905 -12.9638 3
      vertex 53.1747 -12.522 3
      vertex 53.3458 -12.1584 3
    endloop
  endfacet
  facet normal -0 0 -1
    outer loop
      vertex 54.1658 -13.9507 3
      vertex 52.9752 -14.1011 3
      vertex 54.15 -13.7 3
    endloop
  endfacet
  facet normal 0 0 -1
    outer loop
      vertex 54.2128 -13.2026 3
      vertex 53.0505 -12.9042 3
      vertex 53.1747 -12.522 3
    endloop
  endfacet
  facet normal 0 0 -1
    outer loop
      vertex 52.95 -13.7 3
      vertex 54.15 -13.7 3
      vertex 52.9752 -14.1011 3
    endloop
  endfacet
  facet normal 0 0 -1
    outer loop
      vertex 54.1658 -13.4493 3
      vertex 52.9752 -13.2989 3
      vertex 53.0505 -12.9042 3
    endloop
  endfacet
  facet normal 0 0 -1
    outer loop
      vertex 54.15 -13.7 3
      vertex 52.95 -13.7 3
      vertex 52.9752 -13.2989 3
    endloop
  endfacet
  facet normal 0.248621 -0.968601 0
    outer loop
      vertex 56.7496 -16.8433 3
      vertex 57.1388 -16.7434 11.5
      vertex 56.7496 -16.8433 11.5
    endloop
  endfacet
  facet normal 0.248621 -0.968601 0
    outer loop
      vertex 57.1388 -16.7434 11.5
      vertex 56.7496 -16.8433 3
      vertex 57.1388 -16.7434 3
    endloop
  endfacet
  facet normal 0.368214 -0.929741 0
    outer loop
      vertex 57.1388 -16.7434 3
      vertex 57.5125 -16.5954 11.5
      vertex 57.1388 -16.7434 11.5
    endloop
  endfacet
  facet normal 0.368214 -0.929741 0
    outer loop
      vertex 57.5125 -16.5954 11.5
      vertex 57.1388 -16.7434 3
      vertex 57.5125 -16.5954 3
    endloop
  endfacet
  facet normal 0.481814 -0.876274 0
    outer loop
      vertex 57.5125 -16.5954 3
      vertex 57.8646 -16.4018 11.5
      vertex 57.5125 -16.5954 11.5
    endloop
  endfacet
  facet normal 0.481814 -0.876274 0
    outer loop
      vertex 57.8646 -16.4018 11.5
      vertex 57.5125 -16.5954 3
      vertex 57.8646 -16.4018 3
    endloop
  endfacet
  facet normal 0.587669 -0.809102 0
    outer loop
      vertex 57.8646 -16.4018 3
      vertex 58.1898 -16.1656 11.5
      vertex 57.8646 -16.4018 11.5
    endloop
  endfacet
  facet normal 0.587669 -0.809102 0
    outer loop
      vertex 58.1898 -16.1656 11.5
      vertex 57.8646 -16.4018 3
      vertex 58.1898 -16.1656 3
    endloop
  endfacet
  facet normal 0.684611 -0.728908 0
    outer loop
      vertex 58.1898 -16.1656 3
      vertex 58.4827 -15.8905 11.5
      vertex 58.1898 -16.1656 11.5
    endloop
  endfacet
  facet normal 0.684611 -0.728908 0
    outer loop
      vertex 58.4827 -15.8905 11.5
      vertex 58.1898 -16.1656 3
      vertex 58.4827 -15.8905 3
    endloop
  endfacet
  facet normal 0.77042 -0.637537 0
    outer loop
      vertex 58.4827 -15.8905 11.5
      vertex 58.7389 -15.5809 3
      vertex 58.7389 -15.5809 11.5
    endloop
  endfacet
  facet normal 0.77042 -0.637537 0
    outer loop
      vertex 58.7389 -15.5809 3
      vertex 58.4827 -15.8905 11.5
      vertex 58.4827 -15.8905 3
    endloop
  endfacet
  facet normal 0.844358 -0.53578 0
    outer loop
      vertex 58.7389 -15.5809 11.5
      vertex 58.9542 -15.2416 3
      vertex 58.9542 -15.2416 11.5
    endloop
  endfacet
  facet normal 0.844358 -0.53578 0
    outer loop
      vertex 58.9542 -15.2416 3
      vertex 58.7389 -15.5809 11.5
      vertex 58.7389 -15.5809 3
    endloop
  endfacet
  facet normal 0.904824 -0.425785 0
    outer loop
      vertex 58.9542 -15.2416 11.5
      vertex 59.1253 -14.878 3
      vertex 59.1253 -14.878 11.5
    endloop
  endfacet
  facet normal 0.904824 -0.425785 0
    outer loop
      vertex 59.1253 -14.878 3
      vertex 58.9542 -15.2416 11.5
      vertex 58.9542 -15.2416 3
    endloop
  endfacet
  facet normal 0.951045 -0.309052 0
    outer loop
      vertex 59.1253 -14.878 11.5
      vertex 59.2495 -14.4958 3
      vertex 59.2495 -14.4958 11.5
    endloop
  endfacet
  facet normal 0.951045 -0.309052 0
    outer loop
      vertex 59.2495 -14.4958 3
      vertex 59.1253 -14.878 11.5
      vertex 59.1253 -14.878 3
    endloop
  endfacet
  facet normal 0.982284 -0.187398 0
    outer loop
      vertex 59.2495 -14.4958 11.5
      vertex 59.3248 -14.1011 3
      vertex 59.3248 -14.1011 11.5
    endloop
  endfacet
  facet normal 0.982284 -0.187398 0
    outer loop
      vertex 59.3248 -14.1011 3
      vertex 59.2495 -14.4958 11.5
      vertex 59.2495 -14.4958 3
    endloop
  endfacet
  facet normal 0.998032 -0.0627036 0
    outer loop
      vertex 59.3248 -14.1011 11.5
      vertex 59.35 -13.7 3
      vertex 59.35 -13.7 11.5
    endloop
  endfacet
  facet normal 0.998032 -0.0627036 0
    outer loop
      vertex 59.35 -13.7 3
      vertex 59.3248 -14.1011 11.5
      vertex 59.3248 -14.1011 3
    endloop
  endfacet
  facet normal 0.998032 0.0627036 0
    outer loop
      vertex 59.35 -13.7 11.5
      vertex 59.3248 -13.2989 3
      vertex 59.3248 -13.2989 11.5
    endloop
  endfacet
  facet normal 0.998032 0.0627036 0
    outer loop
      vertex 59.3248 -13.2989 3
      vertex 59.35 -13.7 11.5
      vertex 59.35 -13.7 3
    endloop
  endfacet
  facet normal 0.982284 0.187398 0
    outer loop
      vertex 59.3248 -13.2989 11.5
      vertex 59.2495 -12.9042 3
      vertex 59.2495 -12.9042 11.5
    endloop
  endfacet
  facet normal 0.982284 0.187398 0
    outer loop
      vertex 59.2495 -12.9042 3
      vertex 59.3248 -13.2989 11.5
      vertex 59.3248 -13.2989 3
    endloop
  endfacet
  facet normal 0.951045 0.309052 0
    outer loop
      vertex 59.2495 -12.9042 11.5
      vertex 59.1253 -12.522 3
      vertex 59.1253 -12.522 11.5
    endloop
  endfacet
  facet normal 0.951045 0.309052 0
    outer loop
      vertex 59.1253 -12.522 3
      vertex 59.2495 -12.9042 11.5
      vertex 59.2495 -12.9042 3
    endloop
  endfacet
  facet normal 0.904824 0.425785 0
    outer loop
      vertex 59.1253 -12.522 11.5
      vertex 58.9542 -12.1584 3
      vertex 58.9542 -12.1584 11.5
    endloop
  endfacet
  facet normal 0.904824 0.425785 0
    outer loop
      vertex 58.9542 -12.1584 3
      vertex 59.1253 -12.522 11.5
      vertex 59.1253 -12.522 3
    endloop
  endfacet
  facet normal 0.844358 0.53578 0
    outer loop
      vertex 58.9542 -12.1584 11.5
      vertex 58.7389 -11.8191 3
      vertex 58.7389 -11.8191 11.5
    endloop
  endfacet
  facet normal 0.844358 0.53578 0
    outer loop
      vertex 58.7389 -11.8191 3
      vertex 58.9542 -12.1584 11.5
      vertex 58.9542 -12.1584 3
    endloop
  endfacet
  facet normal 0.77042 0.637537 0
    outer loop
      vertex 58.7389 -11.8191 11.5
      vertex 58.4827 -11.5095 3
      vertex 58.4827 -11.5095 11.5
    endloop
  endfacet
  facet normal 0.77042 0.637537 0
    outer loop
      vertex 58.4827 -11.5095 3
      vertex 58.7389 -11.8191 11.5
      vertex 58.7389 -11.8191 3
    endloop
  endfacet
  facet normal 0.684611 0.728908 -0
    outer loop
      vertex 58.4827 -11.5095 3
      vertex 58.1898 -11.2344 11.5
      vertex 58.4827 -11.5095 11.5
    endloop
  endfacet
  facet normal 0.684611 0.728908 0
    outer loop
      vertex 58.1898 -11.2344 11.5
      vertex 58.4827 -11.5095 3
      vertex 58.1898 -11.2344 3
    endloop
  endfacet
  facet normal 0.587669 0.809102 -0
    outer loop
      vertex 58.1898 -11.2344 3
      vertex 57.8646 -10.9982 11.5
      vertex 58.1898 -11.2344 11.5
    endloop
  endfacet
  facet normal 0.587669 0.809102 0
    outer loop
      vertex 57.8646 -10.9982 11.5
      vertex 58.1898 -11.2344 3
      vertex 57.8646 -10.9982 3
    endloop
  endfacet
  facet normal 0.481814 0.876274 -0
    outer loop
      vertex 57.8646 -10.9982 3
      vertex 57.5125 -10.8046 11.5
      vertex 57.8646 -10.9982 11.5
    endloop
  endfacet
  facet normal 0.481814 0.876274 0
    outer loop
      vertex 57.5125 -10.8046 11.5
      vertex 57.8646 -10.9982 3
      vertex 57.5125 -10.8046 3
    endloop
  endfacet
  facet normal 0.368214 0.929741 -0
    outer loop
      vertex 57.5125 -10.8046 3
      vertex 57.1388 -10.6566 11.5
      vertex 57.5125 -10.8046 11.5
    endloop
  endfacet
  facet normal 0.368214 0.929741 0
    outer loop
      vertex 57.1388 -10.6566 11.5
      vertex 57.5125 -10.8046 3
      vertex 57.1388 -10.6566 3
    endloop
  endfacet
  facet normal 0.248621 0.968601 -0
    outer loop
      vertex 57.1388 -10.6566 3
      vertex 56.7496 -10.5567 11.5
      vertex 57.1388 -10.6566 11.5
    endloop
  endfacet
  facet normal 0.248621 0.968601 0
    outer loop
      vertex 56.7496 -10.5567 11.5
      vertex 57.1388 -10.6566 3
      vertex 56.7496 -10.5567 3
    endloop
  endfacet
  facet normal 0.125413 0.992105 -0
    outer loop
      vertex 56.7496 -10.5567 3
      vertex 56.3509 -10.5063 11.5
      vertex 56.7496 -10.5567 11.5
    endloop
  endfacet
  facet normal 0.125413 0.992105 0
    outer loop
      vertex 56.3509 -10.5063 11.5
      vertex 56.7496 -10.5567 3
      vertex 56.3509 -10.5063 3
    endloop
  endfacet
  facet normal 0 1 -0
    outer loop
      vertex 56.3509 -10.5063 3
      vertex 55.9491 -10.5063 11.5
      vertex 56.3509 -10.5063 11.5
    endloop
  endfacet
  facet normal 0 1 0
    outer loop
      vertex 55.9491 -10.5063 11.5
      vertex 56.3509 -10.5063 3
      vertex 55.9491 -10.5063 3
    endloop
  endfacet
  facet normal -0.125413 0.992105 0
    outer loop
      vertex 55.9491 -10.5063 3
      vertex 55.5504 -10.5567 11.5
      vertex 55.9491 -10.5063 11.5
    endloop
  endfacet
  facet normal -0.125413 0.992105 0
    outer loop
      vertex 55.5504 -10.5567 11.5
      vertex 55.9491 -10.5063 3
      vertex 55.5504 -10.5567 3
    endloop
  endfacet
  facet normal -0.248621 0.968601 0
    outer loop
      vertex 55.5504 -10.5567 3
      vertex 55.1612 -10.6566 11.5
      vertex 55.5504 -10.5567 11.5
    endloop
  endfacet
  facet normal -0.248621 0.968601 0
    outer loop
      vertex 55.1612 -10.6566 11.5
      vertex 55.5504 -10.5567 3
      vertex 55.1612 -10.6566 3
    endloop
  endfacet
  facet normal -0.368214 0.929741 0
    outer loop
      vertex 55.1612 -10.6566 3
      vertex 54.7875 -10.8046 11.5
      vertex 55.1612 -10.6566 11.5
    endloop
  endfacet
  facet normal -0.368214 0.929741 0
    outer loop
      vertex 54.7875 -10.8046 11.5
      vertex 55.1612 -10.6566 3
      vertex 54.7875 -10.8046 3
    endloop
  endfacet
  facet normal -0.481814 0.876274 0
    outer loop
      vertex 54.7875 -10.8046 3
      vertex 54.4354 -10.9982 11.5
      vertex 54.7875 -10.8046 11.5
    endloop
  endfacet
  facet normal -0.481814 0.876274 0
    outer loop
      vertex 54.4354 -10.9982 11.5
      vertex 54.7875 -10.8046 3
      vertex 54.4354 -10.9982 3
    endloop
  endfacet
  facet normal -0.587787 0.809016 0
    outer loop
      vertex 54.4354 -10.9982 3
      vertex 54.1103 -11.2344 11.5
      vertex 54.4354 -10.9982 11.5
    endloop
  endfacet
  facet normal -0.587787 0.809016 0
    outer loop
      vertex 54.1103 -11.2344 11.5
      vertex 54.4354 -10.9982 3
      vertex 54.1103 -11.2344 3
    endloop
  endfacet
  facet normal -0.684487 0.729025 0
    outer loop
      vertex 54.1103 -11.2344 3
      vertex 53.8173 -11.5095 11.5
      vertex 54.1103 -11.2344 11.5
    endloop
  endfacet
  facet normal -0.684487 0.729025 0
    outer loop
      vertex 53.8173 -11.5095 11.5
      vertex 54.1103 -11.2344 3
      vertex 53.8173 -11.5095 3
    endloop
  endfacet
  facet normal -0.77042 0.637537 0
    outer loop
      vertex 53.5611 -11.8191 3
      vertex 53.8173 -11.5095 11.5
      vertex 53.8173 -11.5095 3
    endloop
  endfacet
  facet normal -0.77042 0.637537 0
    outer loop
      vertex 53.8173 -11.5095 11.5
      vertex 53.5611 -11.8191 3
      vertex 53.5611 -11.8191 11.5
    endloop
  endfacet
  facet normal -0.844358 0.53578 0
    outer loop
      vertex 53.3458 -12.1584 3
      vertex 53.5611 -11.8191 11.5
      vertex 53.5611 -11.8191 3
    endloop
  endfacet
  facet normal -0.844358 0.53578 0
    outer loop
      vertex 53.5611 -11.8191 11.5
      vertex 53.3458 -12.1584 3
      vertex 53.3458 -12.1584 11.5
    endloop
  endfacet
  facet normal -0.904824 0.425785 0
    outer loop
      vertex 53.1747 -12.522 3
      vertex 53.3458 -12.1584 11.5
      vertex 53.3458 -12.1584 3
    endloop
  endfacet
  facet normal -0.904824 0.425785 0
    outer loop
      vertex 53.3458 -12.1584 11.5
      vertex 53.1747 -12.522 3
      vertex 53.1747 -12.522 11.5
    endloop
  endfacet
  facet normal -0.951045 0.309052 0
    outer loop
      vertex 53.0505 -12.9042 3
      vertex 53.1747 -12.522 11.5
      vertex 53.1747 -12.522 3
    endloop
  endfacet
  facet normal -0.951045 0.309052 0
    outer loop
      vertex 53.1747 -12.522 11.5
      vertex 53.0505 -12.9042 3
      vertex 53.0505 -12.9042 11.5
    endloop
  endfacet
  facet normal -0.982284 0.187398 0
    outer loop
      vertex 52.9752 -13.2989 3
      vertex 53.0505 -12.9042 11.5
      vertex 53.0505 -12.9042 3
    endloop
  endfacet
  facet normal -0.982284 0.187398 0
    outer loop
      vertex 53.0505 -12.9042 11.5
      vertex 52.9752 -13.2989 3
      vertex 52.9752 -13.2989 11.5
    endloop
  endfacet
  facet normal -0.998032 0.0627036 0
    outer loop
      vertex 52.95 -13.7 3
      vertex 52.9752 -13.2989 11.5
      vertex 52.9752 -13.2989 3
    endloop
  endfacet
  facet normal -0.998032 0.0627036 0
    outer loop
      vertex 52.9752 -13.2989 11.5
      vertex 52.95 -13.7 3
      vertex 52.95 -13.7 11.5
    endloop
  endfacet
  facet normal -0.998032 -0.0627036 0
    outer loop
      vertex 52.9752 -14.1011 3
      vertex 52.95 -13.7 11.5
      vertex 52.95 -13.7 3
    endloop
  endfacet
  facet normal -0.998032 -0.0627036 0
    outer loop
      vertex 52.95 -13.7 11.5
      vertex 52.9752 -14.1011 3
      vertex 52.9752 -14.1011 11.5
    endloop
  endfacet
  facet normal -0.982284 -0.187398 0
    outer loop
      vertex 53.0505 -14.4958 3
      vertex 52.9752 -14.1011 11.5
      vertex 52.9752 -14.1011 3
    endloop
  endfacet
  facet normal -0.982284 -0.187398 0
    outer loop
      vertex 52.9752 -14.1011 11.5
      vertex 53.0505 -14.4958 3
      vertex 53.0505 -14.4958 11.5
    endloop
  endfacet
  facet normal -0.951045 -0.309052 0
    outer loop
      vertex 53.1747 -14.878 3
      vertex 53.0505 -14.4958 11.5
      vertex 53.0505 -14.4958 3
    endloop
  endfacet
  facet normal -0.951045 -0.309052 0
    outer loop
      vertex 53.0505 -14.4958 11.5
      vertex 53.1747 -14.878 3
      vertex 53.1747 -14.878 11.5
    endloop
  endfacet
  facet normal -0.904824 -0.425785 0
    outer loop
      vertex 53.3458 -15.2416 3
      vertex 53.1747 -14.878 11.5
      vertex 53.1747 -14.878 3
    endloop
  endfacet
  facet normal -0.904824 -0.425785 0
    outer loop
      vertex 53.1747 -14.878 11.5
      vertex 53.3458 -15.2416 3
      vertex 53.3458 -15.2416 11.5
    endloop
  endfacet
  facet normal -0.844358 -0.53578 0
    outer loop
      vertex 53.5611 -15.5809 3
      vertex 53.3458 -15.2416 11.5
      vertex 53.3458 -15.2416 3
    endloop
  endfacet
  facet normal -0.844358 -0.53578 0
    outer loop
      vertex 53.3458 -15.2416 11.5
      vertex 53.5611 -15.5809 3
      vertex 53.5611 -15.5809 11.5
    endloop
  endfacet
  facet normal -0.77042 -0.637537 0
    outer loop
      vertex 53.8173 -15.8905 3
      vertex 53.5611 -15.5809 11.5
      vertex 53.5611 -15.5809 3
    endloop
  endfacet
  facet normal -0.77042 -0.637537 0
    outer loop
      vertex 53.5611 -15.5809 11.5
      vertex 53.8173 -15.8905 3
      vertex 53.8173 -15.8905 11.5
    endloop
  endfacet
  facet normal -0.684564 -0.728852 -0.0120865
    outer loop
      vertex 53.8173 -15.8905 11.5
      vertex 54.1103 -16.1656 11.4942
      vertex 54.1053 -16.161 11.5
    endloop
  endfacet
  facet normal -0.684487 -0.729025 0
    outer loop
      vertex 53.8173 -15.8905 3
      vertex 54.1103 -16.1656 11.4942
      vertex 53.8173 -15.8905 11.5
    endloop
  endfacet
  facet normal -0.684487 -0.729025 -0
    outer loop
      vertex 54.1103 -16.1656 11.4942
      vertex 53.8173 -15.8905 3
      vertex 54.1103 -16.1656 3
    endloop
  endfacet
  facet normal -0.587787 -0.809016 0
    outer loop
      vertex 54.1103 -16.1656 3
      vertex 54.4354 -16.4018 11.3374
      vertex 54.1103 -16.1656 11.4942
    endloop
  endfacet
  facet normal -0.587787 -0.809016 -0
    outer loop
      vertex 54.4354 -16.4018 11.3374
      vertex 54.1103 -16.1656 3
      vertex 54.4354 -16.4018 3
    endloop
  endfacet
  facet normal -0.481814 -0.876274 0
    outer loop
      vertex 54.7875 -16.5954 3
      vertex 54.4354 -16.4018 11.3374
      vertex 54.4354 -16.4018 3
    endloop
  endfacet
  facet normal -0.481814 -0.876274 0
    outer loop
      vertex 54.4354 -16.4018 11.3374
      vertex 54.7875 -16.5954 3
      vertex 54.7875 -16.5954 11.3689
    endloop
  endfacet
  facet normal -0.36797 -0.929837 -0.000804235
    outer loop
      vertex 54.7875 -16.5954 11.3689
      vertex 55.1612 -16.7434 11.5
      vertex 55.0111 -16.684 11.5
    endloop
  endfacet
  facet normal -0.368214 -0.929741 0
    outer loop
      vertex 55.1612 -16.7434 3
      vertex 54.7875 -16.5954 11.3689
      vertex 54.7875 -16.5954 3
    endloop
  endfacet
  facet normal -0.368214 -0.929741 0
    outer loop
      vertex 54.7875 -16.5954 11.3689
      vertex 55.1612 -16.7434 3
      vertex 55.1612 -16.7434 11.5
    endloop
  endfacet
  facet normal -0.248621 -0.968601 0
    outer loop
      vertex 55.1612 -16.7434 3
      vertex 55.5504 -16.8433 11.5
      vertex 55.1612 -16.7434 11.5
    endloop
  endfacet
  facet normal -0.248621 -0.968601 -0
    outer loop
      vertex 55.5504 -16.8433 11.5
      vertex 55.1612 -16.7434 3
      vertex 55.5504 -16.8433 3
    endloop
  endfacet
  facet normal -0.125413 -0.992105 0
    outer loop
      vertex 55.5504 -16.8433 3
      vertex 55.9491 -16.8937 11.5
      vertex 55.5504 -16.8433 11.5
    endloop
  endfacet
  facet normal -0.125413 -0.992105 -0
    outer loop
      vertex 55.9491 -16.8937 11.5
      vertex 55.5504 -16.8433 3
      vertex 55.9491 -16.8937 3
    endloop
  endfacet
  facet normal 0 -1 0
    outer loop
      vertex 55.9491 -16.8937 3
      vertex 56.3509 -16.8937 11.5
      vertex 55.9491 -16.8937 11.5
    endloop
  endfacet
  facet normal 0 -1 -0
    outer loop
      vertex 56.3509 -16.8937 11.5
      vertex 55.9491 -16.8937 3
      vertex 56.3509 -16.8937 3
    endloop
  endfacet
  facet normal 0.125413 -0.992105 0
    outer loop
      vertex 56.3509 -16.8937 3
      vertex 56.7496 -16.8433 11.5
      vertex 56.3509 -16.8937 11.5
    endloop
  endfacet
  facet normal 0.125413 -0.992105 0
    outer loop
      vertex 56.7496 -16.8433 11.5
      vertex 56.3509 -16.8937 3
      vertex 56.7496 -16.8433 3
    endloop
  endfacet
  facet normal 0.125015 0.992155 -0
    outer loop
      vertex 56.0244 -15.696 3
      vertex 55.7752 -15.6646 11.5
      vertex 56.0244 -15.696 11.5
    endloop
  endfacet
  facet normal 0.125015 0.992155 0
    outer loop
      vertex 55.7752 -15.6646 11.5
      vertex 56.0244 -15.696 3
      vertex 55.7752 -15.6646 3
    endloop
  endfacet
  facet normal 0 0 1
    outer loop
      vertex 55.7752 -15.6646 11.5
      vertex 55.6988 -15.6449 11.5
      vertex 55.7118 -15.6483 11.5
    endloop
  endfacet
  facet normal 0.249686 0.968327 -0
    outer loop
      vertex 55.7752 -15.6646 3
      vertex 55.6988 -15.6449 11.5
      vertex 55.7752 -15.6646 11.5
    endloop
  endfacet
  facet normal 0.248543 0.968621 -1.09583e-05
    outer loop
      vertex 55.6988 -15.6449 11.5
      vertex 55.7752 -15.6646 3
      vertex 55.532 -15.6021 11.5
    endloop
  endfacet
  facet normal 0.248902 0.968529 0
    outer loop
      vertex 55.532 -15.6021 11.5
      vertex 55.7752 -15.6646 3
      vertex 55.532 -15.6021 3
    endloop
  endfacet
  facet normal 0.253028 0.967459 -0
    outer loop
      vertex 55.7118 -15.6483 11.5
      vertex 55.6988 -15.6449 13
      vertex 55.7118 -15.6483 13
    endloop
  endfacet
  facet normal 0.253028 0.967459 0
    outer loop
      vertex 55.6988 -15.6449 13
      vertex 55.7118 -15.6483 11.5
      vertex 55.6988 -15.6449 11.5
    endloop
  endfacet
  facet normal 0.368299 0.929707 -0
    outer loop
      vertex 55.532 -15.6021 3
      vertex 55.2985 -15.5096 11.5
      vertex 55.532 -15.6021 11.5
    endloop
  endfacet
  facet normal 0.368299 0.929707 0
    outer loop
      vertex 55.2985 -15.5096 11.5
      vertex 55.532 -15.6021 3
      vertex 55.2985 -15.5096 3
    endloop
  endfacet
  facet normal 0.481751 0.876308 -0
    outer loop
      vertex 55.2985 -15.5096 3
      vertex 55.0784 -15.3886 11.5
      vertex 55.2985 -15.5096 11.5
    endloop
  endfacet
  facet normal 0.481751 0.876308 0
    outer loop
      vertex 55.0784 -15.3886 11.5
      vertex 55.2985 -15.5096 3
      vertex 55.0784 -15.3886 3
    endloop
  endfacet
  facet normal 0.587698 0.80908 -0
    outer loop
      vertex 55.0784 -15.3886 3
      vertex 54.8752 -15.241 11.5
      vertex 55.0784 -15.3886 11.5
    endloop
  endfacet
  facet normal 0.587698 0.80908 0
    outer loop
      vertex 54.8752 -15.241 11.5
      vertex 55.0784 -15.3886 3
      vertex 54.8752 -15.241 3
    endloop
  endfacet
  facet normal 0.684458 0.729053 -0
    outer loop
      vertex 54.8752 -15.241 3
      vertex 54.6921 -15.0691 11.5
      vertex 54.8752 -15.241 11.5
    endloop
  endfacet
  facet normal 0.684458 0.729053 0
    outer loop
      vertex 54.6921 -15.0691 11.5
      vertex 54.8752 -15.241 3
      vertex 54.6921 -15.0691 3
    endloop
  endfacet
  facet normal 0.770468 0.637478 0
    outer loop
      vertex 54.6921 -15.0691 11.5
      vertex 54.532 -14.8756 3
      vertex 54.532 -14.8756 11.5
    endloop
  endfacet
  facet normal 0.770468 0.637478 0
    outer loop
      vertex 54.532 -14.8756 3
      vertex 54.6921 -15.0691 11.5
      vertex 54.6921 -15.0691 3
    endloop
  endfacet
  facet normal 0.844333 0.535819 0
    outer loop
      vertex 54.532 -14.8756 11.5
      vertex 54.3974 -14.6635 3
      vertex 54.3974 -14.6635 11.5
    endloop
  endfacet
  facet normal 0.844333 0.535819 0
    outer loop
      vertex 54.3974 -14.6635 3
      vertex 54.532 -14.8756 11.5
      vertex 54.532 -14.8756 3
    endloop
  endfacet
  facet normal 0.905384 0.424594 0
    outer loop
      vertex 54.3481 -14.5587 13
      vertex 54.3549 -14.5732 13
      vertex 54.3481 -14.5587 11.5
    endloop
  endfacet
  facet normal 0.904953 0.425512 0
    outer loop
      vertex 54.3481 -14.5587 11.5
      vertex 54.2905 -14.4362 3
      vertex 54.2905 -14.4362 11.5
    endloop
  endfacet
  facet normal 0.905384 0.424594 -0
    outer loop
      vertex 54.3549 -14.5732 11.5
      vertex 54.3481 -14.5587 11.5
      vertex 54.3549 -14.5732 13
    endloop
  endfacet
  facet normal 0.905384 0.424594 -1.6161e-05
    outer loop
      vertex 54.3549 -14.5732 11.5
      vertex 54.2905 -14.4362 3
      vertex 54.3481 -14.5587 11.5
    endloop
  endfacet
  facet normal 0.904796 0.425845 -0
    outer loop
      vertex 54.3974 -14.6635 3
      vertex 54.3549 -14.5732 11.5
      vertex 54.3974 -14.6635 11.5
    endloop
  endfacet
  facet normal 0.904918 0.425586 3.36291e-06
    outer loop
      vertex 54.3549 -14.5732 11.5
      vertex 54.3974 -14.6635 3
      vertex 54.2905 -14.4362 3
    endloop
  endfacet
  facet normal 0.950929 0.30941 0
    outer loop
      vertex 54.2905 -14.4362 11.5
      vertex 54.2128 -14.1974 3
      vertex 54.2128 -14.1974 11.5
    endloop
  endfacet
  facet normal 0.950929 0.30941 0
    outer loop
      vertex 54.2128 -14.1974 3
      vertex 54.2905 -14.4362 11.5
      vertex 54.2905 -14.4362 3
    endloop
  endfacet
  facet normal 0.982332 0.187149 0
    outer loop
      vertex 54.2128 -14.1974 11.5
      vertex 54.1658 -13.9507 3
      vertex 54.1658 -13.9507 11.5
    endloop
  endfacet
  facet normal 0.982332 0.187149 0
    outer loop
      vertex 54.1658 -13.9507 3
      vertex 54.2128 -14.1974 11.5
      vertex 54.2128 -14.1974 3
    endloop
  endfacet
  facet normal 0.99802 0.0628987 0
    outer loop
      vertex 54.1658 -13.9507 11.5
      vertex 54.15 -13.7 3
      vertex 54.15 -13.7 11.5
    endloop
  endfacet
  facet normal 0.99802 0.0628987 0
    outer loop
      vertex 54.15 -13.7 3
      vertex 54.1658 -13.9507 11.5
      vertex 54.1658 -13.9507 3
    endloop
  endfacet
  facet normal 0.99802 -0.0628987 0
    outer loop
      vertex 54.15 -13.7 11.5
      vertex 54.1658 -13.4493 3
      vertex 54.1658 -13.4493 11.5
    endloop
  endfacet
  facet normal 0.99802 -0.0628987 0
    outer loop
      vertex 54.1658 -13.4493 3
      vertex 54.15 -13.7 11.5
      vertex 54.15 -13.7 3
    endloop
  endfacet
  facet normal 0.982332 -0.187149 0
    outer loop
      vertex 54.1658 -13.4493 11.5
      vertex 54.2128 -13.2026 3
      vertex 54.2128 -13.2026 11.5
    endloop
  endfacet
  facet normal 0.982332 -0.187149 0
    outer loop
      vertex 54.2128 -13.2026 3
      vertex 54.1658 -13.4493 11.5
      vertex 54.1658 -13.4493 3
    endloop
  endfacet
  facet normal 0.950929 -0.30941 0
    outer loop
      vertex 54.2128 -13.2026 11.5
      vertex 54.2905 -12.9638 3
      vertex 54.2905 -12.9638 11.5
    endloop
  endfacet
  facet normal 0.950929 -0.30941 0
    outer loop
      vertex 54.2905 -12.9638 3
      vertex 54.2128 -13.2026 11.5
      vertex 54.2128 -13.2026 3
    endloop
  endfacet
  facet normal 0.905384 -0.424594 0
    outer loop
      vertex 54.3549 -12.8268 13
      vertex 54.3481 -12.8413 13
      vertex 54.3549 -12.8268 11.5
    endloop
  endfacet
  facet normal 0.904796 -0.425845 0
    outer loop
      vertex 54.3549 -12.8268 11.5
      vertex 54.3974 -12.7365 3
      vertex 54.3974 -12.7365 11.5
    endloop
  endfacet
  facet normal 0.905384 -0.424594 0
    outer loop
      vertex 54.3481 -12.8413 11.5
      vertex 54.3549 -12.8268 11.5
      vertex 54.3481 -12.8413 13
    endloop
  endfacet
  facet normal 0.905384 -0.424594 1.62345e-05
    outer loop
      vertex 54.3481 -12.8413 11.5
      vertex 54.3974 -12.7365 3
      vertex 54.3549 -12.8268 11.5
    endloop
  endfacet
  facet normal 0.904953 -0.425512 0
    outer loop
      vertex 54.2905 -12.9638 3
      vertex 54.3481 -12.8413 11.5
      vertex 54.2905 -12.9638 11.5
    endloop
  endfacet
  facet normal 0.904918 -0.425586 1.29739e-06
    outer loop
      vertex 54.3481 -12.8413 11.5
      vertex 54.2905 -12.9638 3
      vertex 54.3974 -12.7365 3
    endloop
  endfacet
  facet normal 0.844333 -0.535819 0
    outer loop
      vertex 54.3974 -12.7365 11.5
      vertex 54.532 -12.5244 3
      vertex 54.532 -12.5244 11.5
    endloop
  endfacet
  facet normal 0.844333 -0.535819 0
    outer loop
      vertex 54.532 -12.5244 3
      vertex 54.3974 -12.7365 11.5
      vertex 54.3974 -12.7365 3
    endloop
  endfacet
  facet normal 0.770468 -0.637478 0
    outer loop
      vertex 54.532 -12.5244 11.5
      vertex 54.6921 -12.3309 3
      vertex 54.6921 -12.3309 11.5
    endloop
  endfacet
  facet normal 0.770468 -0.637478 0
    outer loop
      vertex 54.6921 -12.3309 3
      vertex 54.532 -12.5244 11.5
      vertex 54.532 -12.5244 3
    endloop
  endfacet
  facet normal 0.684458 -0.729053 0
    outer loop
      vertex 54.6921 -12.3309 3
      vertex 54.8752 -12.159 11.5
      vertex 54.6921 -12.3309 11.5
    endloop
  endfacet
  facet normal 0.684458 -0.729053 0
    outer loop
      vertex 54.8752 -12.159 11.5
      vertex 54.6921 -12.3309 3
      vertex 54.8752 -12.159 3
    endloop
  endfacet
  facet normal 0.587698 -0.80908 0
    outer loop
      vertex 54.8752 -12.159 3
      vertex 55.0784 -12.0114 11.5
      vertex 54.8752 -12.159 11.5
    endloop
  endfacet
  facet normal 0.587698 -0.80908 0
    outer loop
      vertex 55.0784 -12.0114 11.5
      vertex 54.8752 -12.159 3
      vertex 55.0784 -12.0114 3
    endloop
  endfacet
  facet normal 0.481751 -0.876308 0
    outer loop
      vertex 55.0784 -12.0114 3
      vertex 55.2985 -11.8904 11.5
      vertex 55.0784 -12.0114 11.5
    endloop
  endfacet
  facet normal 0.481751 -0.876308 0
    outer loop
      vertex 55.2985 -11.8904 11.5
      vertex 55.0784 -12.0114 3
      vertex 55.2985 -11.8904 3
    endloop
  endfacet
  facet normal 0.368299 -0.929707 0
    outer loop
      vertex 55.2985 -11.8904 3
      vertex 55.532 -11.7979 11.5
      vertex 55.2985 -11.8904 11.5
    endloop
  endfacet
  facet normal 0.368299 -0.929707 0
    outer loop
      vertex 55.532 -11.7979 11.5
      vertex 55.2985 -11.8904 3
      vertex 55.532 -11.7979 3
    endloop
  endfacet
  facet normal 0.248543 -0.968621 0
    outer loop
      vertex 55.532 -11.7979 3
      vertex 55.6988 -11.7551 11.5
      vertex 55.532 -11.7979 11.5
    endloop
  endfacet
  facet normal 0.248902 -0.968529 -7.51509e-06
    outer loop
      vertex 55.7752 -11.7354 3
      vertex 55.6988 -11.7551 11.5
      vertex 55.532 -11.7979 3
    endloop
  endfacet
  facet normal 0.253028 -0.967459 3.20443e-05
    outer loop
      vertex 55.6988 -11.7551 11.5
      vertex 55.7752 -11.7354 3
      vertex 55.7118 -11.7517 11.5
    endloop
  endfacet
  facet normal 0.249 -0.968503 0
    outer loop
      vertex 55.7118 -11.7517 11.5
      vertex 55.7752 -11.7354 3
      vertex 55.7752 -11.7354 11.5
    endloop
  endfacet
  facet normal 0.253028 -0.967459 0
    outer loop
      vertex 55.6988 -11.7551 11.5
      vertex 55.7118 -11.7517 13
      vertex 55.6988 -11.7551 13
    endloop
  endfacet
  facet normal 0.253028 -0.967459 0
    outer loop
      vertex 55.7118 -11.7517 13
      vertex 55.6988 -11.7551 11.5
      vertex 55.7118 -11.7517 11.5
    endloop
  endfacet
  facet normal 0.125015 -0.992155 0
    outer loop
      vertex 55.7752 -11.7354 3
      vertex 56.0244 -11.704 11.5
      vertex 55.7752 -11.7354 11.5
    endloop
  endfacet
  facet normal 0.125015 -0.992155 0
    outer loop
      vertex 56.0244 -11.704 11.5
      vertex 55.7752 -11.7354 3
      vertex 56.0244 -11.704 3
    endloop
  endfacet
  facet normal 0 -1 0
    outer loop
      vertex 56.0244 -11.704 3
      vertex 56.2756 -11.704 11.5
      vertex 56.0244 -11.704 11.5
    endloop
  endfacet
  facet normal 0 -1 -0
    outer loop
      vertex 56.2756 -11.704 11.5
      vertex 56.0244 -11.704 3
      vertex 56.2756 -11.704 3
    endloop
  endfacet
  facet normal -0.125015 -0.992155 0
    outer loop
      vertex 56.2756 -11.704 3
      vertex 56.5248 -11.7354 11.5
      vertex 56.2756 -11.704 11.5
    endloop
  endfacet
  facet normal -0.125015 -0.992155 -0
    outer loop
      vertex 56.5248 -11.7354 11.5
      vertex 56.2756 -11.704 3
      vertex 56.5248 -11.7354 3
    endloop
  endfacet
  facet normal -0.248902 -0.968529 0
    outer loop
      vertex 56.5248 -11.7354 3
      vertex 56.768 -11.7979 11.5
      vertex 56.5248 -11.7354 11.5
    endloop
  endfacet
  facet normal -0.248902 -0.968529 -0
    outer loop
      vertex 56.768 -11.7979 11.5
      vertex 56.5248 -11.7354 3
      vertex 56.768 -11.7979 3
    endloop
  endfacet
  facet normal -0.368299 -0.929707 0
    outer loop
      vertex 56.768 -11.7979 3
      vertex 57.0015 -11.8904 11.5
      vertex 56.768 -11.7979 11.5
    endloop
  endfacet
  facet normal -0.368299 -0.929707 -0
    outer loop
      vertex 57.0015 -11.8904 11.5
      vertex 56.768 -11.7979 3
      vertex 57.0015 -11.8904 3
    endloop
  endfacet
  facet normal -0.481751 -0.876308 0
    outer loop
      vertex 57.0015 -11.8904 3
      vertex 57.2216 -12.0114 11.5
      vertex 57.0015 -11.8904 11.5
    endloop
  endfacet
  facet normal -0.481751 -0.876308 -0
    outer loop
      vertex 57.2216 -12.0114 11.5
      vertex 57.0015 -11.8904 3
      vertex 57.2216 -12.0114 3
    endloop
  endfacet
  facet normal -0.587325 -0.809351 0
    outer loop
      vertex 57.2216 -12.0114 3
      vertex 57.3922 -12.1352 11.5
      vertex 57.2216 -12.0114 11.5
    endloop
  endfacet
  facet normal -0.587698 -0.80908 1.14298e-05
    outer loop
      vertex 57.4248 -12.159 3
      vertex 57.3922 -12.1352 11.5
      vertex 57.2216 -12.0114 3
    endloop
  endfacet
  facet normal -0.588172 -0.808736 8.64958e-06
    outer loop
      vertex 57.3922 -12.1352 11.5
      vertex 57.4248 -12.159 3
      vertex 57.3988 -12.14 11.5
    endloop
  endfacet
  facet normal -0.590017 -0.807391 0
    outer loop
      vertex 57.3988 -12.14 11.5
      vertex 57.4248 -12.159 3
      vertex 57.4248 -12.159 11.5
    endloop
  endfacet
  facet normal -0.588172 -0.808736 0
    outer loop
      vertex 57.3922 -12.1352 11.5
      vertex 57.3988 -12.14 13
      vertex 57.3922 -12.1352 13
    endloop
  endfacet
  facet normal -0.588172 -0.808736 -0
    outer loop
      vertex 57.3988 -12.14 13
      vertex 57.3922 -12.1352 11.5
      vertex 57.3988 -12.14 11.5
    endloop
  endfacet
  facet normal -0.684458 -0.729053 0
    outer loop
      vertex 57.4248 -12.159 3
      vertex 57.6079 -12.3309 11.5
      vertex 57.4248 -12.159 11.5
    endloop
  endfacet
  facet normal -0.684458 -0.729053 -0
    outer loop
      vertex 57.6079 -12.3309 11.5
      vertex 57.4248 -12.159 3
      vertex 57.6079 -12.3309 3
    endloop
  endfacet
  facet normal -0.770468 -0.637478 0
    outer loop
      vertex 57.768 -12.5244 3
      vertex 57.6079 -12.3309 11.5
      vertex 57.6079 -12.3309 3
    endloop
  endfacet
  facet normal -0.770468 -0.637478 0
    outer loop
      vertex 57.6079 -12.3309 11.5
      vertex 57.768 -12.5244 3
      vertex 57.768 -12.5244 11.5
    endloop
  endfacet
  facet normal -0.844333 -0.535819 0
    outer loop
      vertex 57.9026 -12.7365 3
      vertex 57.768 -12.5244 11.5
      vertex 57.768 -12.5244 3
    endloop
  endfacet
  facet normal -0.844333 -0.535819 0
    outer loop
      vertex 57.768 -12.5244 11.5
      vertex 57.9026 -12.7365 3
      vertex 57.9026 -12.7365 11.5
    endloop
  endfacet
  facet normal -0.904918 -0.425586 0
    outer loop
      vertex 58.0095 -12.9638 3
      vertex 57.9026 -12.7365 11.5
      vertex 57.9026 -12.7365 3
    endloop
  endfacet
  facet normal -0.904918 -0.425586 0
    outer loop
      vertex 57.9026 -12.7365 11.5
      vertex 58.0095 -12.9638 3
      vertex 58.0095 -12.9638 11.5
    endloop
  endfacet
  facet normal -0.950929 -0.30941 0
    outer loop
      vertex 58.0872 -13.2026 3
      vertex 58.0095 -12.9638 11.5
      vertex 58.0095 -12.9638 3
    endloop
  endfacet
  facet normal -0.950929 -0.30941 0
    outer loop
      vertex 58.0095 -12.9638 11.5
      vertex 58.0872 -13.2026 3
      vertex 58.0872 -13.2026 11.5
    endloop
  endfacet
  facet normal -0.982332 -0.187149 0
    outer loop
      vertex 58.1342 -13.4493 3
      vertex 58.0872 -13.2026 11.5
      vertex 58.0872 -13.2026 3
    endloop
  endfacet
  facet normal -0.982332 -0.187149 0
    outer loop
      vertex 58.0872 -13.2026 11.5
      vertex 58.1342 -13.4493 3
      vertex 58.1342 -13.4493 11.5
    endloop
  endfacet
  facet normal -0.99802 -0.0628987 0
    outer loop
      vertex 58.15 -13.7 3
      vertex 58.1342 -13.4493 11.5
      vertex 58.1342 -13.4493 3
    endloop
  endfacet
  facet normal -0.99802 -0.0628987 0
    outer loop
      vertex 58.1342 -13.4493 11.5
      vertex 58.15 -13.7 3
      vertex 58.15 -13.7 11.5
    endloop
  endfacet
  facet normal -0.99802 0.0628987 0
    outer loop
      vertex 58.1342 -13.9507 3
      vertex 58.15 -13.7 11.5
      vertex 58.15 -13.7 3
    endloop
  endfacet
  facet normal -0.99802 0.0628987 0
    outer loop
      vertex 58.15 -13.7 11.5
      vertex 58.1342 -13.9507 3
      vertex 58.1342 -13.9507 11.5
    endloop
  endfacet
  facet normal -0.982332 0.187149 0
    outer loop
      vertex 58.0872 -14.1974 3
      vertex 58.1342 -13.9507 11.5
      vertex 58.1342 -13.9507 3
    endloop
  endfacet
  facet normal -0.982332 0.187149 0
    outer loop
      vertex 58.1342 -13.9507 11.5
      vertex 58.0872 -14.1974 3
      vertex 58.0872 -14.1974 11.5
    endloop
  endfacet
  facet normal -0.950929 0.30941 0
    outer loop
      vertex 58.0095 -14.4362 3
      vertex 58.0872 -14.1974 11.5
      vertex 58.0872 -14.1974 3
    endloop
  endfacet
  facet normal -0.950929 0.30941 0
    outer loop
      vertex 58.0872 -14.1974 11.5
      vertex 58.0095 -14.4362 3
      vertex 58.0095 -14.4362 11.5
    endloop
  endfacet
  facet normal -0.904918 0.425586 0
    outer loop
      vertex 57.9026 -14.6635 3
      vertex 58.0095 -14.4362 11.5
      vertex 58.0095 -14.4362 3
    endloop
  endfacet
  facet normal -0.904918 0.425586 0
    outer loop
      vertex 58.0095 -14.4362 11.5
      vertex 57.9026 -14.6635 3
      vertex 57.9026 -14.6635 11.5
    endloop
  endfacet
  facet normal -0.844333 0.535819 0
    outer loop
      vertex 57.768 -14.8756 3
      vertex 57.9026 -14.6635 11.5
      vertex 57.9026 -14.6635 3
    endloop
  endfacet
  facet normal -0.844333 0.535819 0
    outer loop
      vertex 57.9026 -14.6635 11.5
      vertex 57.768 -14.8756 3
      vertex 57.768 -14.8756 11.5
    endloop
  endfacet
  facet normal -0.770468 0.637478 0
    outer loop
      vertex 57.6079 -15.0691 3
      vertex 57.768 -14.8756 11.5
      vertex 57.768 -14.8756 3
    endloop
  endfacet
  facet normal -0.770468 0.637478 0
    outer loop
      vertex 57.768 -14.8756 11.5
      vertex 57.6079 -15.0691 3
      vertex 57.6079 -15.0691 11.5
    endloop
  endfacet
  facet normal -0.684458 0.729053 0
    outer loop
      vertex 57.6079 -15.0691 3
      vertex 57.4248 -15.241 11.5
      vertex 57.6079 -15.0691 11.5
    endloop
  endfacet
  facet normal -0.684458 0.729053 0
    outer loop
      vertex 57.4248 -15.241 11.5
      vertex 57.6079 -15.0691 3
      vertex 57.4248 -15.241 3
    endloop
  endfacet
  facet normal 0 0 1
    outer loop
      vertex 57.4248 -15.241 11.5
      vertex 57.3922 -15.2648 11.5
      vertex 57.3988 -15.26 11.5
    endloop
  endfacet
  facet normal -0.589644 0.807663 0
    outer loop
      vertex 57.4248 -15.241 3
      vertex 57.3922 -15.2648 11.5
      vertex 57.4248 -15.241 11.5
    endloop
  endfacet
  facet normal -0.587325 0.809351 1.36185e-05
    outer loop
      vertex 57.3922 -15.2648 11.5
      vertex 57.4248 -15.241 3
      vertex 57.2216 -15.3886 11.5
    endloop
  endfacet
  facet normal -0.587698 0.80908 0
    outer loop
      vertex 57.2216 -15.3886 11.5
      vertex 57.4248 -15.241 3
      vertex 57.2216 -15.3886 3
    endloop
  endfacet
  facet normal -0.588172 0.808736 0
    outer loop
      vertex 57.3988 -15.26 11.5
      vertex 57.3922 -15.2648 13
      vertex 57.3988 -15.26 13
    endloop
  endfacet
  facet normal -0.588172 0.808736 0
    outer loop
      vertex 57.3922 -15.2648 13
      vertex 57.3988 -15.26 11.5
      vertex 57.3922 -15.2648 11.5
    endloop
  endfacet
  facet normal -0.481751 0.876308 0
    outer loop
      vertex 57.2216 -15.3886 3
      vertex 57.0015 -15.5096 11.5
      vertex 57.2216 -15.3886 11.5
    endloop
  endfacet
  facet normal -0.481751 0.876308 0
    outer loop
      vertex 57.0015 -15.5096 11.5
      vertex 57.2216 -15.3886 3
      vertex 57.0015 -15.5096 3
    endloop
  endfacet
  facet normal -0.368299 0.929707 0
    outer loop
      vertex 57.0015 -15.5096 3
      vertex 56.768 -15.6021 11.5
      vertex 57.0015 -15.5096 11.5
    endloop
  endfacet
  facet normal -0.368299 0.929707 0
    outer loop
      vertex 56.768 -15.6021 11.5
      vertex 57.0015 -15.5096 3
      vertex 56.768 -15.6021 3
    endloop
  endfacet
  facet normal -0.248902 0.968529 0
    outer loop
      vertex 56.768 -15.6021 3
      vertex 56.5248 -15.6646 11.5
      vertex 56.768 -15.6021 11.5
    endloop
  endfacet
  facet normal -0.248902 0.968529 0
    outer loop
      vertex 56.5248 -15.6646 11.5
      vertex 56.768 -15.6021 3
      vertex 56.5248 -15.6646 3
    endloop
  endfacet
  facet normal -0.125015 0.992155 0
    outer loop
      vertex 56.5248 -15.6646 3
      vertex 56.2756 -15.696 11.5
      vertex 56.5248 -15.6646 11.5
    endloop
  endfacet
  facet normal -0.125015 0.992155 0
    outer loop
      vertex 56.2756 -15.696 11.5
      vertex 56.5248 -15.6646 3
      vertex 56.2756 -15.696 3
    endloop
  endfacet
  facet normal 0 1 -0
    outer loop
      vertex 56.2756 -15.696 3
      vertex 56.0244 -15.696 11.5
      vertex 56.2756 -15.696 11.5
    endloop
  endfacet
  facet normal 0 1 0
    outer loop
      vertex 56.0244 -15.696 11.5
      vertex 56.2756 -15.696 3
      vertex 56.0244 -15.696 3
    endloop
  endfacet
endsolid OpenSCAD_Model
