solid OpenSCAD_Model
  facet normal 1 -0 0
    outer loop
      vertex 17.125 -37.125 8
      vertex 17.125 37.125 -14.5
      vertex 17.125 37.125 8
    endloop
  endfacet
  facet normal 1 0 0
    outer loop
      vertex 17.125 37.125 -14.5
      vertex 17.125 -37.125 8
      vertex 17.125 -37.125 -14.5
    endloop
  endfacet
  facet normal 0 0 -1
    outer loop
      vertex 17.125 -37.125 -14.5
      vertex 12.5 5 -14.5
      vertex 17.125 37.125 -14.5
    endloop
  endfacet
  facet normal 0 0 -1
    outer loop
      vertex -6.52366 -20.124 -14.5
      vertex 17.125 -37.125 -14.5
      vertex -6.5 -20.5 -14.5
    endloop
  endfacet
  facet normal 0 0 -1
    outer loop
      vertex 17.125 -37.125 -14.5
      vertex -6.52366 -20.876 -14.5
      vertex -6.5 -20.5 -14.5
    endloop
  endfacet
  facet normal 0 0 -1
    outer loop
      vertex 17.125 -37.125 -14.5
      vertex -6.59425 -21.2461 -14.5
      vertex -6.52366 -20.876 -14.5
    endloop
  endfacet
  facet normal 0 0 -1
    outer loop
      vertex 17.125 -37.125 -14.5
      vertex -6.71067 -21.6044 -14.5
      vertex -6.59425 -21.2461 -14.5
    endloop
  endfacet
  facet normal 0 0 -1
    outer loop
      vertex 17.125 -37.125 -14.5
      vertex -6.87108 -21.9453 -14.5
      vertex -6.71067 -21.6044 -14.5
    endloop
  endfacet
  facet normal 0 0 -1
    outer loop
      vertex 17.125 -37.125 -14.5
      vertex -7.07295 -22.2634 -14.5
      vertex -6.87108 -21.9453 -14.5
    endloop
  endfacet
  facet normal 0 0 -1
    outer loop
      vertex 17.125 -37.125 -14.5
      vertex -7.31309 -22.5536 -14.5
      vertex -7.07295 -22.2634 -14.5
    endloop
  endfacet
  facet normal 0 0 -1
    outer loop
      vertex 17.125 -37.125 -14.5
      vertex -7.58773 -22.8115 -14.5
      vertex -7.31309 -22.5536 -14.5
    endloop
  endfacet
  facet normal 0 0 -1
    outer loop
      vertex 17.125 -37.125 -14.5
      vertex -7.89252 -23.033 -14.5
      vertex -7.58773 -22.8115 -14.5
    endloop
  endfacet
  facet normal 0 0 -1
    outer loop
      vertex 17.125 -37.125 -14.5
      vertex -8.22266 -23.2145 -14.5
      vertex -7.89252 -23.033 -14.5
    endloop
  endfacet
  facet normal 0 0 -1
    outer loop
      vertex -17.125 -37.125 -14.5
      vertex -8.22266 -23.2145 -14.5
      vertex 17.125 -37.125 -14.5
    endloop
  endfacet
  facet normal 0 0 -1
    outer loop
      vertex -8.22266 -23.2145 -14.5
      vertex -17.125 -37.125 -14.5
      vertex -8.57295 -23.3532 -14.5
    endloop
  endfacet
  facet normal 0 0 -1
    outer loop
      vertex -8.57295 -23.3532 -14.5
      vertex -17.125 -37.125 -14.5
      vertex -8.93786 -23.4469 -14.5
    endloop
  endfacet
  facet normal 0 0 -1
    outer loop
      vertex -8.93786 -23.4469 -14.5
      vertex -17.125 -37.125 -14.5
      vertex -9.31163 -23.4941 -14.5
    endloop
  endfacet
  facet normal -0 0 -1
    outer loop
      vertex -9.31163 -23.4941 -14.5
      vertex -17.125 -37.125 -14.5
      vertex -9.68837 -23.4941 -14.5
    endloop
  endfacet
  facet normal -0 0 -1
    outer loop
      vertex -9.68837 -23.4941 -14.5
      vertex -17.125 -37.125 -14.5
      vertex -10.0621 -23.4469 -14.5
    endloop
  endfacet
  facet normal -0 0 -1
    outer loop
      vertex -10.0621 -23.4469 -14.5
      vertex -17.125 -37.125 -14.5
      vertex -10.4271 -23.3532 -14.5
    endloop
  endfacet
  facet normal -0 0 -1
    outer loop
      vertex -12.4763 -20.124 -14.5
      vertex -17.125 -37.125 -14.5
      vertex -12.5 5 -14.5
    endloop
  endfacet
  facet normal 0 0 -1
    outer loop
      vertex -17.125 37.125 -14.5
      vertex -12.5 5 -14.5
      vertex -17.125 -37.125 -14.5
    endloop
  endfacet
  facet normal -0 0 -1
    outer loop
      vertex -12.4763 -20.876 -14.5
      vertex -17.125 -37.125 -14.5
      vertex -12.5 -20.5 -14.5
    endloop
  endfacet
  facet normal -0 0 -1
    outer loop
      vertex -12.4057 -21.2461 -14.5
      vertex -17.125 -37.125 -14.5
      vertex -12.4763 -20.876 -14.5
    endloop
  endfacet
  facet normal -0 0 -1
    outer loop
      vertex -12.2893 -21.6044 -14.5
      vertex -17.125 -37.125 -14.5
      vertex -12.4057 -21.2461 -14.5
    endloop
  endfacet
  facet normal -0 0 -1
    outer loop
      vertex -12.1289 -21.9453 -14.5
      vertex -17.125 -37.125 -14.5
      vertex -12.2893 -21.6044 -14.5
    endloop
  endfacet
  facet normal -0 0 -1
    outer loop
      vertex -11.9271 -22.2634 -14.5
      vertex -17.125 -37.125 -14.5
      vertex -12.1289 -21.9453 -14.5
    endloop
  endfacet
  facet normal -0 0 -1
    outer loop
      vertex -11.6869 -22.5536 -14.5
      vertex -17.125 -37.125 -14.5
      vertex -11.9271 -22.2634 -14.5
    endloop
  endfacet
  facet normal -0 0 -1
    outer loop
      vertex -11.4123 -22.8115 -14.5
      vertex -17.125 -37.125 -14.5
      vertex -11.6869 -22.5536 -14.5
    endloop
  endfacet
  facet normal -0 0 -1
    outer loop
      vertex -11.1075 -23.033 -14.5
      vertex -17.125 -37.125 -14.5
      vertex -11.4123 -22.8115 -14.5
    endloop
  endfacet
  facet normal -0 0 -1
    outer loop
      vertex -10.7773 -23.2145 -14.5
      vertex -17.125 -37.125 -14.5
      vertex -11.1075 -23.033 -14.5
    endloop
  endfacet
  facet normal -0 0 -1
    outer loop
      vertex -10.4271 -23.3532 -14.5
      vertex -17.125 -37.125 -14.5
      vertex -10.7773 -23.2145 -14.5
    endloop
  endfacet
  facet normal 0 0 -1
    outer loop
      vertex 12.5 20 -14.5
      vertex 17.125 37.125 -14.5
      vertex 12.5 5 -14.5
    endloop
  endfacet
  facet normal 0 0 -1
    outer loop
      vertex -12.5 20 -14.5
      vertex 17.125 37.125 -14.5
      vertex 12.5 20 -14.5
    endloop
  endfacet
  facet normal 0 0 -1
    outer loop
      vertex -12.5 20 -14.5
      vertex -17.125 37.125 -14.5
      vertex 17.125 37.125 -14.5
    endloop
  endfacet
  facet normal 0 0 -1
    outer loop
      vertex -12.5 5 -14.5
      vertex -17.125 37.125 -14.5
      vertex -12.5 20 -14.5
    endloop
  endfacet
  facet normal 0 0 -1
    outer loop
      vertex 17.125 -37.125 -14.5
      vertex -6.52366 -20.124 -14.5
      vertex 12.5 5 -14.5
    endloop
  endfacet
  facet normal 0 0 -1
    outer loop
      vertex -6.59425 -19.7539 -14.5
      vertex 12.5 5 -14.5
      vertex -6.52366 -20.124 -14.5
    endloop
  endfacet
  facet normal 0 0 -1
    outer loop
      vertex -6.71067 -19.3956 -14.5
      vertex 12.5 5 -14.5
      vertex -6.59425 -19.7539 -14.5
    endloop
  endfacet
  facet normal 0 0 -1
    outer loop
      vertex -6.87108 -19.0547 -14.5
      vertex 12.5 5 -14.5
      vertex -6.71067 -19.3956 -14.5
    endloop
  endfacet
  facet normal 0 0 -1
    outer loop
      vertex -7.07295 -18.7366 -14.5
      vertex 12.5 5 -14.5
      vertex -6.87108 -19.0547 -14.5
    endloop
  endfacet
  facet normal 0 0 -1
    outer loop
      vertex -7.31309 -18.4464 -14.5
      vertex 12.5 5 -14.5
      vertex -7.07295 -18.7366 -14.5
    endloop
  endfacet
  facet normal 0 0 -1
    outer loop
      vertex -7.58773 -18.1885 -14.5
      vertex 12.5 5 -14.5
      vertex -7.31309 -18.4464 -14.5
    endloop
  endfacet
  facet normal 0 0 -1
    outer loop
      vertex -7.89252 -17.967 -14.5
      vertex 12.5 5 -14.5
      vertex -7.58773 -18.1885 -14.5
    endloop
  endfacet
  facet normal 0 0 -1
    outer loop
      vertex -12.5 5 -14.5
      vertex -7.89252 -17.967 -14.5
      vertex -8.22266 -17.7855 -14.5
    endloop
  endfacet
  facet normal 0 0 -1
    outer loop
      vertex -12.5 5 -14.5
      vertex -8.22266 -17.7855 -14.5
      vertex -8.57295 -17.6468 -14.5
    endloop
  endfacet
  facet normal 0 0 -1
    outer loop
      vertex -12.5 5 -14.5
      vertex -8.57295 -17.6468 -14.5
      vertex -8.93786 -17.5531 -14.5
    endloop
  endfacet
  facet normal 0 0 -1
    outer loop
      vertex -12.5 5 -14.5
      vertex -8.93786 -17.5531 -14.5
      vertex -9.31163 -17.5059 -14.5
    endloop
  endfacet
  facet normal 0 0 -1
    outer loop
      vertex -12.5 5 -14.5
      vertex -9.31163 -17.5059 -14.5
      vertex -9.68837 -17.5059 -14.5
    endloop
  endfacet
  facet normal 0 0 -1
    outer loop
      vertex -12.5 5 -14.5
      vertex -9.68837 -17.5059 -14.5
      vertex -10.0621 -17.5531 -14.5
    endloop
  endfacet
  facet normal 0 0 -1
    outer loop
      vertex -12.5 5 -14.5
      vertex -10.0621 -17.5531 -14.5
      vertex -10.4271 -17.6468 -14.5
    endloop
  endfacet
  facet normal 0 0 -1
    outer loop
      vertex -12.5 5 -14.5
      vertex -10.4271 -17.6468 -14.5
      vertex -10.7773 -17.7855 -14.5
    endloop
  endfacet
  facet normal 0 0 -1
    outer loop
      vertex -12.5 5 -14.5
      vertex -10.7773 -17.7855 -14.5
      vertex -11.1075 -17.967 -14.5
    endloop
  endfacet
  facet normal 0 0 -1
    outer loop
      vertex -12.5 5 -14.5
      vertex -11.1075 -17.967 -14.5
      vertex -11.4123 -18.1885 -14.5
    endloop
  endfacet
  facet normal 0 0 -1
    outer loop
      vertex -12.5 5 -14.5
      vertex -11.4123 -18.1885 -14.5
      vertex -11.6869 -18.4464 -14.5
    endloop
  endfacet
  facet normal 0 0 -1
    outer loop
      vertex -7.89252 -17.967 -14.5
      vertex -12.5 5 -14.5
      vertex 12.5 5 -14.5
    endloop
  endfacet
  facet normal 0 0 -1
    outer loop
      vertex -11.9271 -18.7366 -14.5
      vertex -12.5 5 -14.5
      vertex -11.6869 -18.4464 -14.5
    endloop
  endfacet
  facet normal 0 0 -1
    outer loop
      vertex -12.1289 -19.0547 -14.5
      vertex -12.5 5 -14.5
      vertex -11.9271 -18.7366 -14.5
    endloop
  endfacet
  facet normal 0 0 -1
    outer loop
      vertex -12.2893 -19.3956 -14.5
      vertex -12.5 5 -14.5
      vertex -12.1289 -19.0547 -14.5
    endloop
  endfacet
  facet normal 0 0 -1
    outer loop
      vertex -12.4057 -19.7539 -14.5
      vertex -12.5 5 -14.5
      vertex -12.2893 -19.3956 -14.5
    endloop
  endfacet
  facet normal 0 0 -1
    outer loop
      vertex -12.4763 -20.124 -14.5
      vertex -12.5 5 -14.5
      vertex -12.4057 -19.7539 -14.5
    endloop
  endfacet
  facet normal 0 0 -1
    outer loop
      vertex -17.125 -37.125 -14.5
      vertex -12.4763 -20.124 -14.5
      vertex -12.5 -20.5 -14.5
    endloop
  endfacet
  facet normal -1 0 0
    outer loop
      vertex -17.125 -37.125 -14.5
      vertex -17.125 37.125 8
      vertex -17.125 37.125 -14.5
    endloop
  endfacet
  facet normal -1 -0 0
    outer loop
      vertex -17.125 37.125 8
      vertex -17.125 -37.125 -14.5
      vertex -17.125 -37.125 8
    endloop
  endfacet
  facet normal 0 -1 0
    outer loop
      vertex -17.125 -37.125 8
      vertex -0.188371 -37.125 -5.00592
      vertex 17.125 -37.125 8
    endloop
  endfacet
  facet normal 0 -1 0
    outer loop
      vertex -17.125 -37.125 8
      vertex -0.562143 -37.125 -5.05314
      vertex -0.188371 -37.125 -5.00592
    endloop
  endfacet
  facet normal 0 -1 0
    outer loop
      vertex -17.125 -37.125 8
      vertex -0.927051 -37.125 -5.14683
      vertex -0.562143 -37.125 -5.05314
    endloop
  endfacet
  facet normal 0 -1 0
    outer loop
      vertex -17.125 -37.125 8
      vertex -1.27734 -37.125 -5.28552
      vertex -0.927051 -37.125 -5.14683
    endloop
  endfacet
  facet normal 0 -1 0
    outer loop
      vertex -17.125 -37.125 8
      vertex -1.60748 -37.125 -5.46702
      vertex -1.27734 -37.125 -5.28552
    endloop
  endfacet
  facet normal 0 -1 0
    outer loop
      vertex -17.125 -37.125 8
      vertex -1.91227 -37.125 -5.68846
      vertex -1.60748 -37.125 -5.46702
    endloop
  endfacet
  facet normal 0 -1 0
    outer loop
      vertex -17.125 -37.125 8
      vertex -2.18691 -37.125 -5.94636
      vertex -1.91227 -37.125 -5.68846
    endloop
  endfacet
  facet normal 0 -1 0
    outer loop
      vertex -17.125 -37.125 8
      vertex -2.42705 -37.125 -6.23664
      vertex -2.18691 -37.125 -5.94636
    endloop
  endfacet
  facet normal 0 -1 0
    outer loop
      vertex -17.125 -37.125 8
      vertex -2.62892 -37.125 -6.55474
      vertex -2.42705 -37.125 -6.23664
    endloop
  endfacet
  facet normal 0 -1 0
    outer loop
      vertex -17.125 -37.125 8
      vertex -2.78933 -37.125 -6.89563
      vertex -2.62892 -37.125 -6.55474
    endloop
  endfacet
  facet normal 0 -1 0
    outer loop
      vertex -17.125 -37.125 -14.5
      vertex -2.78933 -37.125 -6.89563
      vertex -17.125 -37.125 8
    endloop
  endfacet
  facet normal 0 -1 0
    outer loop
      vertex -2.78933 -37.125 -6.89563
      vertex -17.125 -37.125 -14.5
      vertex -2.90575 -37.125 -7.25393
    endloop
  endfacet
  facet normal 0 -1 0
    outer loop
      vertex -2.90575 -37.125 -7.25393
      vertex -17.125 -37.125 -14.5
      vertex -2.97634 -37.125 -7.624
    endloop
  endfacet
  facet normal 0 -1 0
    outer loop
      vertex -2.97634 -37.125 -7.624
      vertex -17.125 -37.125 -14.5
      vertex -3 -37.125 -8
    endloop
  endfacet
  facet normal 0 -1 -0
    outer loop
      vertex -3 -37.125 -8
      vertex -17.125 -37.125 -14.5
      vertex -2.97634 -37.125 -8.376
    endloop
  endfacet
  facet normal 0 -1 -0
    outer loop
      vertex -2.97634 -37.125 -8.376
      vertex -17.125 -37.125 -14.5
      vertex -2.90575 -37.125 -8.74607
    endloop
  endfacet
  facet normal 0 -1 -0
    outer loop
      vertex -2.90575 -37.125 -8.74607
      vertex -17.125 -37.125 -14.5
      vertex -2.78933 -37.125 -9.10437
    endloop
  endfacet
  facet normal 0 -1 -0
    outer loop
      vertex -2.78933 -37.125 -9.10437
      vertex -17.125 -37.125 -14.5
      vertex -2.62892 -37.125 -9.44526
    endloop
  endfacet
  facet normal 0 -1 -0
    outer loop
      vertex -2.62892 -37.125 -9.44526
      vertex -17.125 -37.125 -14.5
      vertex -2.42705 -37.125 -9.76336
    endloop
  endfacet
  facet normal 0 -1 0
    outer loop
      vertex 17.125 -37.125 -14.5
      vertex -0.188371 -37.125 -10.9941
      vertex -17.125 -37.125 -14.5
    endloop
  endfacet
  facet normal 0 -1 -0
    outer loop
      vertex -0.562143 -37.125 -10.9469
      vertex -17.125 -37.125 -14.5
      vertex -0.188371 -37.125 -10.9941
    endloop
  endfacet
  facet normal 0 -1 -0
    outer loop
      vertex -0.927051 -37.125 -10.8532
      vertex -17.125 -37.125 -14.5
      vertex -0.562143 -37.125 -10.9469
    endloop
  endfacet
  facet normal 0 -1 -0
    outer loop
      vertex -1.27734 -37.125 -10.7145
      vertex -17.125 -37.125 -14.5
      vertex -0.927051 -37.125 -10.8532
    endloop
  endfacet
  facet normal 0 -1 -0
    outer loop
      vertex -1.60748 -37.125 -10.533
      vertex -17.125 -37.125 -14.5
      vertex -1.27734 -37.125 -10.7145
    endloop
  endfacet
  facet normal 0 -1 -0
    outer loop
      vertex -1.91227 -37.125 -10.3115
      vertex -17.125 -37.125 -14.5
      vertex -1.60748 -37.125 -10.533
    endloop
  endfacet
  facet normal 0 -1 -0
    outer loop
      vertex -2.18691 -37.125 -10.0536
      vertex -17.125 -37.125 -14.5
      vertex -1.91227 -37.125 -10.3115
    endloop
  endfacet
  facet normal 0 -1 -0
    outer loop
      vertex -2.42705 -37.125 -9.76336
      vertex -17.125 -37.125 -14.5
      vertex -2.18691 -37.125 -10.0536
    endloop
  endfacet
  facet normal 0 -1 0
    outer loop
      vertex 6.18837 -37.125 -5.00592
      vertex 17.125 -37.125 8
      vertex -0.188371 -37.125 -5.00592
    endloop
  endfacet
  facet normal 0 -1 0
    outer loop
      vertex 6.56214 -37.125 -5.05314
      vertex 17.125 -37.125 8
      vertex 6.18837 -37.125 -5.00592
    endloop
  endfacet
  facet normal 0 -1 0
    outer loop
      vertex 6.92705 -37.125 -5.14683
      vertex 17.125 -37.125 8
      vertex 6.56214 -37.125 -5.05314
    endloop
  endfacet
  facet normal 0 -1 0
    outer loop
      vertex 7.27734 -37.125 -5.28552
      vertex 17.125 -37.125 8
      vertex 6.92705 -37.125 -5.14683
    endloop
  endfacet
  facet normal 0 -1 0
    outer loop
      vertex 7.60748 -37.125 -5.46702
      vertex 17.125 -37.125 8
      vertex 7.27734 -37.125 -5.28552
    endloop
  endfacet
  facet normal 0 -1 0
    outer loop
      vertex 7.91227 -37.125 -5.68846
      vertex 17.125 -37.125 8
      vertex 7.60748 -37.125 -5.46702
    endloop
  endfacet
  facet normal 0 -1 0
    outer loop
      vertex 8.18691 -37.125 -5.94636
      vertex 17.125 -37.125 8
      vertex 7.91227 -37.125 -5.68846
    endloop
  endfacet
  facet normal 0 -1 0
    outer loop
      vertex 8.42705 -37.125 -6.23664
      vertex 17.125 -37.125 8
      vertex 8.18691 -37.125 -5.94636
    endloop
  endfacet
  facet normal 0 -1 0
    outer loop
      vertex 8.62892 -37.125 -6.55474
      vertex 17.125 -37.125 8
      vertex 8.42705 -37.125 -6.23664
    endloop
  endfacet
  facet normal 0 -1 0
    outer loop
      vertex 8.78933 -37.125 -6.89563
      vertex 17.125 -37.125 8
      vertex 8.62892 -37.125 -6.55474
    endloop
  endfacet
  facet normal 0 -1 0
    outer loop
      vertex 17.125 -37.125 -14.5
      vertex 8.78933 -37.125 -6.89563
      vertex 8.90575 -37.125 -7.25393
    endloop
  endfacet
  facet normal 0 -1 0
    outer loop
      vertex 17.125 -37.125 -14.5
      vertex 8.90575 -37.125 -7.25393
      vertex 8.97634 -37.125 -7.624
    endloop
  endfacet
  facet normal 0 -1 0
    outer loop
      vertex 17.125 -37.125 -14.5
      vertex 8.97634 -37.125 -7.624
      vertex 9 -37.125 -8
    endloop
  endfacet
  facet normal 0 -1 0
    outer loop
      vertex 17.125 -37.125 -14.5
      vertex 9 -37.125 -8
      vertex 8.97634 -37.125 -8.376
    endloop
  endfacet
  facet normal 0 -1 0
    outer loop
      vertex 17.125 -37.125 -14.5
      vertex 8.97634 -37.125 -8.376
      vertex 8.90575 -37.125 -8.74607
    endloop
  endfacet
  facet normal 0 -1 0
    outer loop
      vertex 17.125 -37.125 -14.5
      vertex 8.90575 -37.125 -8.74607
      vertex 8.78933 -37.125 -9.10437
    endloop
  endfacet
  facet normal 0 -1 0
    outer loop
      vertex 17.125 -37.125 -14.5
      vertex 8.78933 -37.125 -9.10437
      vertex 8.62892 -37.125 -9.44526
    endloop
  endfacet
  facet normal 0 -1 0
    outer loop
      vertex -0.188371 -37.125 -10.9941
      vertex 17.125 -37.125 -14.5
      vertex 6.18837 -37.125 -10.9941
    endloop
  endfacet
  facet normal 0 -1 0
    outer loop
      vertex 8.78933 -37.125 -6.89563
      vertex 17.125 -37.125 -14.5
      vertex 17.125 -37.125 8
    endloop
  endfacet
  facet normal 0 -1 0
    outer loop
      vertex 8.42705 -37.125 -9.76336
      vertex 17.125 -37.125 -14.5
      vertex 8.62892 -37.125 -9.44526
    endloop
  endfacet
  facet normal 0 -1 0
    outer loop
      vertex 8.18691 -37.125 -10.0536
      vertex 17.125 -37.125 -14.5
      vertex 8.42705 -37.125 -9.76336
    endloop
  endfacet
  facet normal 0 -1 0
    outer loop
      vertex 7.91227 -37.125 -10.3115
      vertex 17.125 -37.125 -14.5
      vertex 8.18691 -37.125 -10.0536
    endloop
  endfacet
  facet normal 0 -1 0
    outer loop
      vertex 7.60748 -37.125 -10.533
      vertex 17.125 -37.125 -14.5
      vertex 7.91227 -37.125 -10.3115
    endloop
  endfacet
  facet normal 0 -1 0
    outer loop
      vertex 7.27734 -37.125 -10.7145
      vertex 17.125 -37.125 -14.5
      vertex 7.60748 -37.125 -10.533
    endloop
  endfacet
  facet normal 0 -1 0
    outer loop
      vertex 6.92705 -37.125 -10.8532
      vertex 17.125 -37.125 -14.5
      vertex 7.27734 -37.125 -10.7145
    endloop
  endfacet
  facet normal 0 -1 0
    outer loop
      vertex 6.56214 -37.125 -10.9469
      vertex 17.125 -37.125 -14.5
      vertex 6.92705 -37.125 -10.8532
    endloop
  endfacet
  facet normal 0 -1 0
    outer loop
      vertex 6.18837 -37.125 -10.9941
      vertex 17.125 -37.125 -14.5
      vertex 6.56214 -37.125 -10.9469
    endloop
  endfacet
  facet normal 0 1 -0
    outer loop
      vertex 17.125 37.125 -14.5
      vertex -17.125 37.125 8
      vertex 17.125 37.125 8
    endloop
  endfacet
  facet normal 0 1 0
    outer loop
      vertex -17.125 37.125 8
      vertex 17.125 37.125 -14.5
      vertex -17.125 37.125 -14.5
    endloop
  endfacet
  facet normal -1 0 0
    outer loop
      vertex 15.125 35.125 -12.5
      vertex 15.125 34.7257 -9.2275
      vertex 15.125 35.125 -9.79375
    endloop
  endfacet
  facet normal -1 0 0
    outer loop
      vertex 15.125 35.125 -12.5
      vertex 15.125 34.1995 -8.38932
      vertex 15.125 34.7257 -9.2275
    endloop
  endfacet
  facet normal -1 0 0
    outer loop
      vertex 15.125 35.125 -12.5
      vertex 15.125 33.6879 -7.48143
      vertex 15.125 34.1995 -8.38932
    endloop
  endfacet
  facet normal -1 0 0
    outer loop
      vertex 15.125 35.125 -12.5
      vertex 15.125 33.1989 -6.51814
      vertex 15.125 33.6879 -7.48143
    endloop
  endfacet
  facet normal -1 0 0
    outer loop
      vertex 15.125 35.125 -12.5
      vertex 15.125 32.7403 -5.51465
      vertex 15.125 33.1989 -6.51814
    endloop
  endfacet
  facet normal -1 0 0
    outer loop
      vertex 15.125 -32.7403 -5.51465
      vertex 15.125 32.7403 -5.51465
      vertex 15.125 35.125 -12.5
    endloop
  endfacet
  facet normal -1 0 0
    outer loop
      vertex 15.125 32.7403 -5.51465
      vertex 15.125 -32.7403 -5.51465
      vertex 15.125 32.3193 -4.48677
    endloop
  endfacet
  facet normal -1 0 0
    outer loop
      vertex 15.125 30.9797 0.5
      vertex 15.125 -30.9797 0.5
      vertex 15.125 30.9797 3.5
    endloop
  endfacet
  facet normal -1 0 0
    outer loop
      vertex 15.125 30.9845 0.45182
      vertex 15.125 -30.9797 0.5
      vertex 15.125 30.9797 0.5
    endloop
  endfacet
  facet normal -1 0 0
    outer loop
      vertex 15.125 -30.9845 0.45182
      vertex 15.125 30.9845 0.45182
      vertex 15.125 31.1332 -0.456073
    endloop
  endfacet
  facet normal -1 0 0
    outer loop
      vertex 15.125 -31.1332 -0.456073
      vertex 15.125 31.1332 -0.456073
      vertex 15.125 31.3448 -1.41936
    endloop
  endfacet
  facet normal -1 0 0
    outer loop
      vertex 15.125 -31.3448 -1.41936
      vertex 15.125 31.3448 -1.41936
      vertex 15.125 31.616 -2.42286
    endloop
  endfacet
  facet normal -1 0 0
    outer loop
      vertex 15.125 -31.616 -2.42286
      vertex 15.125 31.616 -2.42286
      vertex 15.125 31.9425 -3.45073
    endloop
  endfacet
  facet normal -1 0 -0
    outer loop
      vertex 15.125 -32.3193 -4.48677
      vertex 15.125 32.3193 -4.48677
      vertex 15.125 -32.7403 -5.51465
    endloop
  endfacet
  facet normal -1 0 0
    outer loop
      vertex 15.125 30.9845 0.45182
      vertex 15.125 -30.9845 0.45182
      vertex 15.125 -30.9797 0.5
    endloop
  endfacet
  facet normal -1 0 0
    outer loop
      vertex 15.125 31.1332 -0.456073
      vertex 15.125 -31.1332 -0.456073
      vertex 15.125 -30.9845 0.45182
    endloop
  endfacet
  facet normal -1 0 0
    outer loop
      vertex 15.125 31.3448 -1.41936
      vertex 15.125 -31.3448 -1.41936
      vertex 15.125 -31.1332 -0.456073
    endloop
  endfacet
  facet normal -1 0 0
    outer loop
      vertex 15.125 31.616 -2.42286
      vertex 15.125 -31.616 -2.42286
      vertex 15.125 -31.3448 -1.41936
    endloop
  endfacet
  facet normal -1 0 0
    outer loop
      vertex 15.125 31.9425 -3.45073
      vertex 15.125 -31.9425 -3.45073
      vertex 15.125 -31.616 -2.42286
    endloop
  endfacet
  facet normal -1 -0 0
    outer loop
      vertex 15.125 31.9425 -3.45073
      vertex 15.125 -32.3193 -4.48677
      vertex 15.125 -31.9425 -3.45073
    endloop
  endfacet
  facet normal -1 0 0
    outer loop
      vertex 15.125 32.3193 -4.48677
      vertex 15.125 -32.3193 -4.48677
      vertex 15.125 31.9425 -3.45073
    endloop
  endfacet
  facet normal -1 0 0
    outer loop
      vertex 15.125 -35.125 -12.5
      vertex 15.125 -32.7403 -5.51465
      vertex 15.125 35.125 -12.5
    endloop
  endfacet
  facet normal -1 0 0
    outer loop
      vertex 15.125 -32.7403 -5.51465
      vertex 15.125 -35.125 -12.5
      vertex 15.125 -33.1989 -6.51814
    endloop
  endfacet
  facet normal -1 0 0
    outer loop
      vertex 15.125 -33.1989 -6.51814
      vertex 15.125 -35.125 -12.5
      vertex 15.125 -33.6879 -7.48143
    endloop
  endfacet
  facet normal -1 0 0
    outer loop
      vertex 15.125 -33.6879 -7.48143
      vertex 15.125 -35.125 -12.5
      vertex 15.125 -34.1995 -8.38932
    endloop
  endfacet
  facet normal -1 0 0
    outer loop
      vertex 15.125 -34.1995 -8.38932
      vertex 15.125 -35.125 -12.5
      vertex 15.125 -34.7257 -9.2275
    endloop
  endfacet
  facet normal -1 0 0
    outer loop
      vertex 15.125 -34.7257 -9.2275
      vertex 15.125 -35.125 -12.5
      vertex 15.125 -35.125 -9.79375
    endloop
  endfacet
  facet normal -1 0 0
    outer loop
      vertex 15.125 30.9797 3.5
      vertex 15.125 35.125 5.9
      vertex 15.125 35.125 3.5
    endloop
  endfacet
  facet normal -1 0 0
    outer loop
      vertex 15.125 -30.9797 3.5
      vertex 15.125 30.9797 3.5
      vertex 15.125 -30.9797 0.5
    endloop
  endfacet
  facet normal -1 0 0
    outer loop
      vertex 15.125 30.9797 3.5
      vertex 15.125 -30.9797 3.5
      vertex 15.125 35.125 5.9
    endloop
  endfacet
  facet normal -1 0 0
    outer loop
      vertex 15.125 -35.125 5.9
      vertex 15.125 -30.9797 3.5
      vertex 15.125 -35.125 3.5
    endloop
  endfacet
  facet normal -1 0 0
    outer loop
      vertex 15.125 -30.9797 3.5
      vertex 15.125 -35.125 5.9
      vertex 15.125 35.125 5.9
    endloop
  endfacet
  facet normal 0 0 1
    outer loop
      vertex 15.125 -35.125 -12.5
      vertex -5.53154 -19.9987 -12.5
      vertex -5.5 -20.5 -12.5
    endloop
  endfacet
  facet normal 0 0 1
    outer loop
      vertex 15.125 -35.125 -12.5
      vertex -5.62567 -19.5052 -12.5
      vertex -5.53154 -19.9987 -12.5
    endloop
  endfacet
  facet normal 0 0 1
    outer loop
      vertex 12.5 5 -12.5
      vertex -5.78089 -19.0275 -12.5
      vertex -5.62567 -19.5052 -12.5
    endloop
  endfacet
  facet normal 0 0 1
    outer loop
      vertex 12.5 5 -12.5
      vertex -5.99477 -18.573 -12.5
      vertex -5.78089 -19.0275 -12.5
    endloop
  endfacet
  facet normal 0 0 1
    outer loop
      vertex 12.5 5 -12.5
      vertex -6.26393 -18.1489 -12.5
      vertex -5.99477 -18.573 -12.5
    endloop
  endfacet
  facet normal 0 0 1
    outer loop
      vertex 12.5 5 -12.5
      vertex -6.58413 -17.7618 -12.5
      vertex -6.26393 -18.1489 -12.5
    endloop
  endfacet
  facet normal 0 0 1
    outer loop
      vertex 12.5 5 -12.5
      vertex -6.9503 -17.4179 -12.5
      vertex -6.58413 -17.7618 -12.5
    endloop
  endfacet
  facet normal 0 0 1
    outer loop
      vertex 12.5 5 -12.5
      vertex -7.35669 -17.1227 -12.5
      vertex -6.9503 -17.4179 -12.5
    endloop
  endfacet
  facet normal -0 0 1
    outer loop
      vertex -12.5 5 -12.5
      vertex -7.35669 -17.1227 -12.5
      vertex 12.5 5 -12.5
    endloop
  endfacet
  facet normal 0 0 1
    outer loop
      vertex -7.35669 -17.1227 -12.5
      vertex -12.5 5 -12.5
      vertex -7.79688 -16.8807 -12.5
    endloop
  endfacet
  facet normal 0 0 1
    outer loop
      vertex -7.79688 -16.8807 -12.5
      vertex -12.5 5 -12.5
      vertex -8.26393 -16.6958 -12.5
    endloop
  endfacet
  facet normal 0 0 1
    outer loop
      vertex -8.26393 -16.6958 -12.5
      vertex -12.5 5 -12.5
      vertex -8.75047 -16.5709 -12.5
    endloop
  endfacet
  facet normal 0 0 1
    outer loop
      vertex -8.75047 -16.5709 -12.5
      vertex -12.5 5 -12.5
      vertex -9.24884 -16.5079 -12.5
    endloop
  endfacet
  facet normal 0 0 1
    outer loop
      vertex -9.24884 -16.5079 -12.5
      vertex -12.5 5 -12.5
      vertex -9.75116 -16.5079 -12.5
    endloop
  endfacet
  facet normal 0 0 1
    outer loop
      vertex -9.75116 -16.5079 -12.5
      vertex -12.5 5 -12.5
      vertex -10.2495 -16.5709 -12.5
    endloop
  endfacet
  facet normal 0 0 1
    outer loop
      vertex -10.2495 -16.5709 -12.5
      vertex -12.5 5 -12.5
      vertex -10.7361 -16.6958 -12.5
    endloop
  endfacet
  facet normal 0 0 1
    outer loop
      vertex -10.7361 -16.6958 -12.5
      vertex -12.5 5 -12.5
      vertex -11.2031 -16.8807 -12.5
    endloop
  endfacet
  facet normal 0 0 1
    outer loop
      vertex -11.2031 -16.8807 -12.5
      vertex -12.5 5 -12.5
      vertex -11.6433 -17.1227 -12.5
    endloop
  endfacet
  facet normal 0 0 1
    outer loop
      vertex -11.6433 -17.1227 -12.5
      vertex -12.5 5 -12.5
      vertex -12.0497 -17.4179 -12.5
    endloop
  endfacet
  facet normal 0 0 1
    outer loop
      vertex -12.5 5 -12.5
      vertex -12.4159 -17.7618 -12.5
      vertex -12.0497 -17.4179 -12.5
    endloop
  endfacet
  facet normal 0 0 1
    outer loop
      vertex -12.4159 -17.7618 -12.5
      vertex -12.5 5 -12.5
      vertex -12.7361 -18.1489 -12.5
    endloop
  endfacet
  facet normal 0 0 1
    outer loop
      vertex 12.5 5 -12.5
      vertex 15.125 35.125 -12.5
      vertex 12.5 20 -12.5
    endloop
  endfacet
  facet normal 0 0 1
    outer loop
      vertex 15.125 35.125 -12.5
      vertex -12.5 20 -12.5
      vertex 12.5 20 -12.5
    endloop
  endfacet
  facet normal 0 0 1
    outer loop
      vertex -15.125 35.125 -12.5
      vertex -12.5 5 -12.5
      vertex -12.5 20 -12.5
    endloop
  endfacet
  facet normal 0 0 1
    outer loop
      vertex -12.5 5 -12.5
      vertex -13.0052 -18.573 -12.5
      vertex -12.7361 -18.1489 -12.5
    endloop
  endfacet
  facet normal 0 0 1
    outer loop
      vertex -12.5 5 -12.5
      vertex -13.2191 -19.0275 -12.5
      vertex -13.0052 -18.573 -12.5
    endloop
  endfacet
  facet normal 0 0 1
    outer loop
      vertex -12.5 5 -12.5
      vertex -13.3743 -19.5052 -12.5
      vertex -13.2191 -19.0275 -12.5
    endloop
  endfacet
  facet normal 0 0 1
    outer loop
      vertex -12.5 5 -12.5
      vertex -13.4685 -19.9987 -12.5
      vertex -13.3743 -19.5052 -12.5
    endloop
  endfacet
  facet normal 0 0 1
    outer loop
      vertex -12.5 5 -12.5
      vertex -15.125 35.125 -12.5
      vertex -13.4685 -19.9987 -12.5
    endloop
  endfacet
  facet normal 0 0 1
    outer loop
      vertex -15.125 -35.125 -12.5
      vertex -13.4685 -19.9987 -12.5
      vertex -15.125 35.125 -12.5
    endloop
  endfacet
  facet normal -0 0 1
    outer loop
      vertex -15.125 35.125 -12.5
      vertex -12.5 20 -12.5
      vertex 15.125 35.125 -12.5
    endloop
  endfacet
  facet normal 0 0 1
    outer loop
      vertex 15.125 35.125 -12.5
      vertex 12.5 5 -12.5
      vertex 15.125 -35.125 -12.5
    endloop
  endfacet
  facet normal -0 0 1
    outer loop
      vertex -5.62567 -19.5052 -12.5
      vertex 15.125 -35.125 -12.5
      vertex 12.5 5 -12.5
    endloop
  endfacet
  facet normal -0 0 1
    outer loop
      vertex -5.53154 -21.0013 -12.5
      vertex 15.125 -35.125 -12.5
      vertex -5.5 -20.5 -12.5
    endloop
  endfacet
  facet normal -0 0 1
    outer loop
      vertex -5.62567 -21.4948 -12.5
      vertex 15.125 -35.125 -12.5
      vertex -5.53154 -21.0013 -12.5
    endloop
  endfacet
  facet normal -0 0 1
    outer loop
      vertex -5.78089 -21.9725 -12.5
      vertex 15.125 -35.125 -12.5
      vertex -5.62567 -21.4948 -12.5
    endloop
  endfacet
  facet normal -0 0 1
    outer loop
      vertex -5.99477 -22.427 -12.5
      vertex 15.125 -35.125 -12.5
      vertex -5.78089 -21.9725 -12.5
    endloop
  endfacet
  facet normal -0 0 1
    outer loop
      vertex -6.26393 -22.8511 -12.5
      vertex 15.125 -35.125 -12.5
      vertex -5.99477 -22.427 -12.5
    endloop
  endfacet
  facet normal -0 0 1
    outer loop
      vertex -6.58413 -23.2382 -12.5
      vertex 15.125 -35.125 -12.5
      vertex -6.26393 -22.8511 -12.5
    endloop
  endfacet
  facet normal -0 0 1
    outer loop
      vertex -6.9503 -23.5821 -12.5
      vertex 15.125 -35.125 -12.5
      vertex -6.58413 -23.2382 -12.5
    endloop
  endfacet
  facet normal -0 0 1
    outer loop
      vertex -7.35669 -23.8773 -12.5
      vertex 15.125 -35.125 -12.5
      vertex -6.9503 -23.5821 -12.5
    endloop
  endfacet
  facet normal 0 0 1
    outer loop
      vertex -15.125 -35.125 -12.5
      vertex -7.35669 -23.8773 -12.5
      vertex -7.79688 -24.1193 -12.5
    endloop
  endfacet
  facet normal 0 0 1
    outer loop
      vertex -15.125 -35.125 -12.5
      vertex -7.79688 -24.1193 -12.5
      vertex -8.26393 -24.3042 -12.5
    endloop
  endfacet
  facet normal 0 0 1
    outer loop
      vertex -15.125 -35.125 -12.5
      vertex -8.26393 -24.3042 -12.5
      vertex -8.75047 -24.4291 -12.5
    endloop
  endfacet
  facet normal 0 0 1
    outer loop
      vertex -15.125 -35.125 -12.5
      vertex -8.75047 -24.4291 -12.5
      vertex -9.24884 -24.4921 -12.5
    endloop
  endfacet
  facet normal 0 0 1
    outer loop
      vertex -15.125 -35.125 -12.5
      vertex -9.24884 -24.4921 -12.5
      vertex -9.75116 -24.4921 -12.5
    endloop
  endfacet
  facet normal 0 0 1
    outer loop
      vertex -15.125 -35.125 -12.5
      vertex -9.75116 -24.4921 -12.5
      vertex -10.2495 -24.4291 -12.5
    endloop
  endfacet
  facet normal 0 0 1
    outer loop
      vertex -15.125 -35.125 -12.5
      vertex -10.2495 -24.4291 -12.5
      vertex -10.7361 -24.3042 -12.5
    endloop
  endfacet
  facet normal 0 0 1
    outer loop
      vertex -15.125 -35.125 -12.5
      vertex -10.7361 -24.3042 -12.5
      vertex -11.2031 -24.1193 -12.5
    endloop
  endfacet
  facet normal 0 0 1
    outer loop
      vertex -7.35669 -23.8773 -12.5
      vertex -15.125 -35.125 -12.5
      vertex 15.125 -35.125 -12.5
    endloop
  endfacet
  facet normal 0 0 1
    outer loop
      vertex -11.6433 -23.8773 -12.5
      vertex -15.125 -35.125 -12.5
      vertex -11.2031 -24.1193 -12.5
    endloop
  endfacet
  facet normal 0 0 1
    outer loop
      vertex -12.0497 -23.5821 -12.5
      vertex -15.125 -35.125 -12.5
      vertex -11.6433 -23.8773 -12.5
    endloop
  endfacet
  facet normal 0 0 1
    outer loop
      vertex -12.4159 -23.2382 -12.5
      vertex -15.125 -35.125 -12.5
      vertex -12.0497 -23.5821 -12.5
    endloop
  endfacet
  facet normal 0 0 1
    outer loop
      vertex -12.7361 -22.8511 -12.5
      vertex -15.125 -35.125 -12.5
      vertex -12.4159 -23.2382 -12.5
    endloop
  endfacet
  facet normal 0 0 1
    outer loop
      vertex -13.0052 -22.427 -12.5
      vertex -15.125 -35.125 -12.5
      vertex -12.7361 -22.8511 -12.5
    endloop
  endfacet
  facet normal 0 0 1
    outer loop
      vertex -13.2191 -21.9725 -12.5
      vertex -15.125 -35.125 -12.5
      vertex -13.0052 -22.427 -12.5
    endloop
  endfacet
  facet normal 0 0 1
    outer loop
      vertex -13.3743 -21.4948 -12.5
      vertex -15.125 -35.125 -12.5
      vertex -13.2191 -21.9725 -12.5
    endloop
  endfacet
  facet normal 0 0 1
    outer loop
      vertex -13.4685 -21.0013 -12.5
      vertex -15.125 -35.125 -12.5
      vertex -13.3743 -21.4948 -12.5
    endloop
  endfacet
  facet normal 0 0 1
    outer loop
      vertex -13.5 -20.5 -12.5
      vertex -15.125 -35.125 -12.5
      vertex -13.4685 -21.0013 -12.5
    endloop
  endfacet
  facet normal 0 0 1
    outer loop
      vertex -13.4685 -19.9987 -12.5
      vertex -15.125 -35.125 -12.5
      vertex -13.5 -20.5 -12.5
    endloop
  endfacet
  facet normal 1 0 0
    outer loop
      vertex -15.125 35.125 5.9
      vertex -15.125 30.9797 3.5
      vertex -15.125 35.125 3.5
    endloop
  endfacet
  facet normal 1 0 0
    outer loop
      vertex -15.125 30.9797 3.5
      vertex -15.125 -30.9797 3.5
      vertex -15.125 30.9797 0.5
    endloop
  endfacet
  facet normal 1 0 0
    outer loop
      vertex -15.125 35.125 5.9
      vertex -15.125 -30.9797 3.5
      vertex -15.125 30.9797 3.5
    endloop
  endfacet
  facet normal 1 -0 0
    outer loop
      vertex -15.125 -35.125 5.9
      vertex -15.125 -30.9797 3.5
      vertex -15.125 35.125 5.9
    endloop
  endfacet
  facet normal 1 0 0
    outer loop
      vertex -15.125 -30.9797 3.5
      vertex -15.125 -35.125 5.9
      vertex -15.125 -35.125 3.5
    endloop
  endfacet
  facet normal 1 0 0
    outer loop
      vertex -15.125 34.7257 -9.2275
      vertex -15.125 35.125 -12.5
      vertex -15.125 35.125 -9.79375
    endloop
  endfacet
  facet normal 1 0 0
    outer loop
      vertex -15.125 34.1995 -8.38932
      vertex -15.125 35.125 -12.5
      vertex -15.125 34.7257 -9.2275
    endloop
  endfacet
  facet normal 1 0 0
    outer loop
      vertex -15.125 33.6879 -7.48143
      vertex -15.125 35.125 -12.5
      vertex -15.125 34.1995 -8.38932
    endloop
  endfacet
  facet normal 1 0 0
    outer loop
      vertex -15.125 33.1989 -6.51814
      vertex -15.125 35.125 -12.5
      vertex -15.125 33.6879 -7.48143
    endloop
  endfacet
  facet normal 1 0 0
    outer loop
      vertex -15.125 32.7403 -5.51465
      vertex -15.125 35.125 -12.5
      vertex -15.125 33.1989 -6.51814
    endloop
  endfacet
  facet normal 1 0 0
    outer loop
      vertex -15.125 -32.7403 -5.51465
      vertex -15.125 32.7403 -5.51465
      vertex -15.125 32.3193 -4.48677
    endloop
  endfacet
  facet normal 1 0 0
    outer loop
      vertex -15.125 -32.3193 -4.48677
      vertex -15.125 32.3193 -4.48677
      vertex -15.125 31.9425 -3.45073
    endloop
  endfacet
  facet normal 1 0 0
    outer loop
      vertex -15.125 -30.9797 0.5
      vertex -15.125 30.9797 0.5
      vertex -15.125 -30.9797 3.5
    endloop
  endfacet
  facet normal 1 0 0
    outer loop
      vertex -15.125 30.9797 0.5
      vertex -15.125 -30.9797 0.5
      vertex -15.125 30.9845 0.45182
    endloop
  endfacet
  facet normal 1 0 0
    outer loop
      vertex -15.125 -30.9845 0.45182
      vertex -15.125 30.9845 0.45182
      vertex -15.125 -30.9797 0.5
    endloop
  endfacet
  facet normal 1 0 0
    outer loop
      vertex -15.125 30.9845 0.45182
      vertex -15.125 -30.9845 0.45182
      vertex -15.125 31.1332 -0.456073
    endloop
  endfacet
  facet normal 1 0 0
    outer loop
      vertex -15.125 -31.1332 -0.456073
      vertex -15.125 31.1332 -0.456073
      vertex -15.125 -30.9845 0.45182
    endloop
  endfacet
  facet normal 1 0 0
    outer loop
      vertex -15.125 31.1332 -0.456073
      vertex -15.125 -31.1332 -0.456073
      vertex -15.125 31.3448 -1.41936
    endloop
  endfacet
  facet normal 1 0 0
    outer loop
      vertex -15.125 -31.3448 -1.41936
      vertex -15.125 31.3448 -1.41936
      vertex -15.125 -31.1332 -0.456073
    endloop
  endfacet
  facet normal 1 0 0
    outer loop
      vertex -15.125 31.3448 -1.41936
      vertex -15.125 -31.3448 -1.41936
      vertex -15.125 31.616 -2.42286
    endloop
  endfacet
  facet normal 1 0 0
    outer loop
      vertex -15.125 -31.616 -2.42286
      vertex -15.125 31.616 -2.42286
      vertex -15.125 -31.3448 -1.41936
    endloop
  endfacet
  facet normal 1 0 0
    outer loop
      vertex -15.125 31.616 -2.42286
      vertex -15.125 -31.616 -2.42286
      vertex -15.125 31.9425 -3.45073
    endloop
  endfacet
  facet normal 1 0 0
    outer loop
      vertex -15.125 -31.9425 -3.45073
      vertex -15.125 31.9425 -3.45073
      vertex -15.125 -31.616 -2.42286
    endloop
  endfacet
  facet normal 1 0 0
    outer loop
      vertex -15.125 -32.3193 -4.48677
      vertex -15.125 31.9425 -3.45073
      vertex -15.125 -31.9425 -3.45073
    endloop
  endfacet
  facet normal 1 0 0
    outer loop
      vertex -15.125 32.3193 -4.48677
      vertex -15.125 -32.3193 -4.48677
      vertex -15.125 -32.7403 -5.51465
    endloop
  endfacet
  facet normal 1 0 0
    outer loop
      vertex -15.125 32.7403 -5.51465
      vertex -15.125 -32.7403 -5.51465
      vertex -15.125 35.125 -12.5
    endloop
  endfacet
  facet normal 1 0 0
    outer loop
      vertex -15.125 -35.125 -12.5
      vertex -15.125 -32.7403 -5.51465
      vertex -15.125 -33.1989 -6.51814
    endloop
  endfacet
  facet normal 1 0 0
    outer loop
      vertex -15.125 -35.125 -12.5
      vertex -15.125 -33.1989 -6.51814
      vertex -15.125 -33.6879 -7.48143
    endloop
  endfacet
  facet normal 1 0 0
    outer loop
      vertex -15.125 -35.125 -12.5
      vertex -15.125 -33.6879 -7.48143
      vertex -15.125 -34.1995 -8.38932
    endloop
  endfacet
  facet normal 1 0 0
    outer loop
      vertex -15.125 -35.125 -12.5
      vertex -15.125 -34.1995 -8.38932
      vertex -15.125 -34.7257 -9.2275
    endloop
  endfacet
  facet normal 1 0 0
    outer loop
      vertex -15.125 -35.125 -12.5
      vertex -15.125 -34.7257 -9.2275
      vertex -15.125 -35.125 -9.79375
    endloop
  endfacet
  facet normal 1 0 0
    outer loop
      vertex -15.125 -32.7403 -5.51465
      vertex -15.125 -35.125 -12.5
      vertex -15.125 35.125 -12.5
    endloop
  endfacet
  facet normal 0 1 0
    outer loop
      vertex 6.18837 -35.125 -5.00592
      vertex 10.9851 -35.125 3.5
      vertex 10.9851 -35.125 0.5
    endloop
  endfacet
  facet normal 0 1 0
    outer loop
      vertex 10.9851 -35.125 3.5
      vertex -0.188371 -35.125 -5.00592
      vertex -10.9851 -35.125 3.5
    endloop
  endfacet
  facet normal 0 1 0
    outer loop
      vertex 6.18837 -35.125 -5.00592
      vertex 10.9851 -35.125 0.5
      vertex 11.0508 -35.125 0.00571775
    endloop
  endfacet
  facet normal 0 1 -0
    outer loop
      vertex -0.562143 -35.125 -5.05314
      vertex -10.9851 -35.125 3.5
      vertex -0.188371 -35.125 -5.00592
    endloop
  endfacet
  facet normal 0 1 0
    outer loop
      vertex 6.56214 -35.125 -5.05314
      vertex 11.0508 -35.125 0.00571775
      vertex 11.2313 -35.125 -0.931724
    endloop
  endfacet
  facet normal 0 1 -0
    outer loop
      vertex -0.927051 -35.125 -5.14683
      vertex -10.9851 -35.125 3.5
      vertex -0.562143 -35.125 -5.05314
    endloop
  endfacet
  facet normal 0 1 0
    outer loop
      vertex 6.92705 -35.125 -5.14683
      vertex 11.2313 -35.125 -0.931724
      vertex 11.4732 -35.125 -1.91706
    endloop
  endfacet
  facet normal 0 1 0
    outer loop
      vertex -10.9851 -35.125 3.5
      vertex -0.927051 -35.125 -5.14683
      vertex -10.9851 -35.125 0.5
    endloop
  endfacet
  facet normal 0 1 0
    outer loop
      vertex 7.60748 -35.125 -5.46702
      vertex 11.4732 -35.125 -1.91706
      vertex 11.7727 -35.125 -2.93475
    endloop
  endfacet
  facet normal 0 1 -0
    outer loop
      vertex -1.27734 -35.125 -5.28552
      vertex -10.9851 -35.125 0.5
      vertex -0.927051 -35.125 -5.14683
    endloop
  endfacet
  facet normal 0 1 0
    outer loop
      vertex 8.18691 -35.125 -5.94636
      vertex 11.7727 -35.125 -2.93475
      vertex 12.125 -35.125 -3.96875
    endloop
  endfacet
  facet normal 0 1 -0
    outer loop
      vertex -1.60748 -35.125 -5.46702
      vertex -10.9851 -35.125 0.5
      vertex -1.27734 -35.125 -5.28552
    endloop
  endfacet
  facet normal 0 1 0
    outer loop
      vertex 8.42705 -35.125 -6.23664
      vertex 12.125 -35.125 -3.96875
      vertex 12.5247 -35.125 -5.00275
    endloop
  endfacet
  facet normal 0 1 0
    outer loop
      vertex 10.9851 -35.125 3.5
      vertex 6.18837 -35.125 -5.00592
      vertex -0.188371 -35.125 -5.00592
    endloop
  endfacet
  facet normal 0 1 0
    outer loop
      vertex -10.9851 -35.125 0.5
      vertex -1.60748 -35.125 -5.46702
      vertex -11.0508 -35.125 0.00571775
    endloop
  endfacet
  facet normal 0 1 0
    outer loop
      vertex 11.0508 -35.125 0.00571775
      vertex 6.56214 -35.125 -5.05314
      vertex 6.18837 -35.125 -5.00592
    endloop
  endfacet
  facet normal 0 1 0
    outer loop
      vertex 11.2313 -35.125 -0.931724
      vertex 6.92705 -35.125 -5.14683
      vertex 6.56214 -35.125 -5.05314
    endloop
  endfacet
  facet normal 0 1 0
    outer loop
      vertex 11.4732 -35.125 -1.91706
      vertex 7.27734 -35.125 -5.28552
      vertex 6.92705 -35.125 -5.14683
    endloop
  endfacet
  facet normal 0 1 0
    outer loop
      vertex 11.4732 -35.125 -1.91706
      vertex 7.60748 -35.125 -5.46702
      vertex 7.27734 -35.125 -5.28552
    endloop
  endfacet
  facet normal 0 1 0
    outer loop
      vertex 11.7727 -35.125 -2.93475
      vertex 7.91227 -35.125 -5.68846
      vertex 7.60748 -35.125 -5.46702
    endloop
  endfacet
  facet normal 0 1 0
    outer loop
      vertex 11.7727 -35.125 -2.93475
      vertex 8.18691 -35.125 -5.94636
      vertex 7.91227 -35.125 -5.68846
    endloop
  endfacet
  facet normal 0 1 0
    outer loop
      vertex 8.78933 -35.125 -6.89563
      vertex 12.5247 -35.125 -5.00275
      vertex 12.9653 -35.125 -6.02044
    endloop
  endfacet
  facet normal 0 1 0
    outer loop
      vertex 12.125 -35.125 -3.96875
      vertex 8.42705 -35.125 -6.23664
      vertex 8.18691 -35.125 -5.94636
    endloop
  endfacet
  facet normal 0 1 0
    outer loop
      vertex 12.5247 -35.125 -5.00275
      vertex 8.62892 -35.125 -6.55474
      vertex 8.42705 -35.125 -6.23664
    endloop
  endfacet
  facet normal 0 1 0
    outer loop
      vertex 12.5247 -35.125 -5.00275
      vertex 8.78933 -35.125 -6.89563
      vertex 8.62892 -35.125 -6.55474
    endloop
  endfacet
  facet normal 0 1 0
    outer loop
      vertex 8.97634 -35.125 -7.624
      vertex 12.9653 -35.125 -6.02044
      vertex 13.44 -35.125 -7.00578
    endloop
  endfacet
  facet normal 0 1 0
    outer loop
      vertex 12.9653 -35.125 -6.02044
      vertex 8.90575 -35.125 -7.25393
      vertex 8.78933 -35.125 -6.89563
    endloop
  endfacet
  facet normal 0 1 0
    outer loop
      vertex 12.9653 -35.125 -6.02044
      vertex 8.97634 -35.125 -7.624
      vertex 8.90575 -35.125 -7.25393
    endloop
  endfacet
  facet normal 0 1 0
    outer loop
      vertex 8.97634 -35.125 -8.376
      vertex 13.44 -35.125 -7.00578
      vertex 13.9413 -35.125 -7.94322
    endloop
  endfacet
  facet normal 0 1 0
    outer loop
      vertex 13.44 -35.125 -7.00578
      vertex 9 -35.125 -8
      vertex 8.97634 -35.125 -7.624
    endloop
  endfacet
  facet normal 0 1 0
    outer loop
      vertex 13.44 -35.125 -7.00578
      vertex 8.97634 -35.125 -8.376
      vertex 9 -35.125 -8
    endloop
  endfacet
  facet normal 0 1 0
    outer loop
      vertex 13.9413 -35.125 -7.94322
      vertex 8.90575 -35.125 -8.74607
      vertex 8.97634 -35.125 -8.376
    endloop
  endfacet
  facet normal 0 1 0
    outer loop
      vertex 8.78933 -35.125 -9.10437
      vertex 13.9413 -35.125 -7.94322
      vertex 14.4613 -35.125 -8.81798
    endloop
  endfacet
  facet normal 0 1 0
    outer loop
      vertex 13.9413 -35.125 -7.94322
      vertex 8.78933 -35.125 -9.10437
      vertex 8.90575 -35.125 -8.74607
    endloop
  endfacet
  facet normal 0 1 0
    outer loop
      vertex 14.4613 -35.125 -8.81798
      vertex 8.62892 -35.125 -9.44526
      vertex 8.78933 -35.125 -9.10437
    endloop
  endfacet
  facet normal 0 1 0
    outer loop
      vertex 14.9917 -35.125 -9.61626
      vertex 8.62892 -35.125 -9.44526
      vertex 14.4613 -35.125 -8.81798
    endloop
  endfacet
  facet normal 0 1 0
    outer loop
      vertex 15.125 -35.125 -12.5
      vertex 8.62892 -35.125 -9.44526
      vertex 14.9917 -35.125 -9.61626
    endloop
  endfacet
  facet normal 0 1 -0
    outer loop
      vertex 15.125 -35.125 -12.5
      vertex 14.9917 -35.125 -9.61626
      vertex 15.125 -35.125 -9.79375
    endloop
  endfacet
  facet normal 0 1 0
    outer loop
      vertex 8.62892 -35.125 -9.44526
      vertex 15.125 -35.125 -12.5
      vertex 8.42705 -35.125 -9.76336
    endloop
  endfacet
  facet normal 0 1 0
    outer loop
      vertex 8.42705 -35.125 -9.76336
      vertex 15.125 -35.125 -12.5
      vertex 8.18691 -35.125 -10.0536
    endloop
  endfacet
  facet normal 0 1 0
    outer loop
      vertex 8.18691 -35.125 -10.0536
      vertex 15.125 -35.125 -12.5
      vertex 7.91227 -35.125 -10.3115
    endloop
  endfacet
  facet normal 0 1 0
    outer loop
      vertex 7.91227 -35.125 -10.3115
      vertex 15.125 -35.125 -12.5
      vertex 7.60748 -35.125 -10.533
    endloop
  endfacet
  facet normal 0 1 0
    outer loop
      vertex 7.60748 -35.125 -10.533
      vertex 15.125 -35.125 -12.5
      vertex 7.27734 -35.125 -10.7145
    endloop
  endfacet
  facet normal 0 1 0
    outer loop
      vertex 7.27734 -35.125 -10.7145
      vertex 15.125 -35.125 -12.5
      vertex 6.92705 -35.125 -10.8532
    endloop
  endfacet
  facet normal 0 1 0
    outer loop
      vertex 6.18837 -35.125 -10.9941
      vertex 15.125 -35.125 -12.5
      vertex -0.188371 -35.125 -10.9941
    endloop
  endfacet
  facet normal 0 1 0
    outer loop
      vertex 6.56214 -35.125 -10.9469
      vertex 15.125 -35.125 -12.5
      vertex 6.18837 -35.125 -10.9941
    endloop
  endfacet
  facet normal 0 1 0
    outer loop
      vertex 6.92705 -35.125 -10.8532
      vertex 15.125 -35.125 -12.5
      vertex 6.56214 -35.125 -10.9469
    endloop
  endfacet
  facet normal 0 1 0
    outer loop
      vertex 10.9851 -35.125 3.5
      vertex 15.125 -35.125 5.9
      vertex 15.125 -35.125 3.5
    endloop
  endfacet
  facet normal 0 1 0
    outer loop
      vertex 15.125 -35.125 5.9
      vertex 10.9851 -35.125 3.5
      vertex -15.125 -35.125 5.9
    endloop
  endfacet
  facet normal 0 1 -0
    outer loop
      vertex -10.9851 -35.125 3.5
      vertex -15.125 -35.125 5.9
      vertex 10.9851 -35.125 3.5
    endloop
  endfacet
  facet normal 0 1 0
    outer loop
      vertex -15.125 -35.125 5.9
      vertex -10.9851 -35.125 3.5
      vertex -15.125 -35.125 3.5
    endloop
  endfacet
  facet normal 0 1 -0
    outer loop
      vertex -1.91227 -35.125 -5.68846
      vertex -11.0508 -35.125 0.00571775
      vertex -1.60748 -35.125 -5.46702
    endloop
  endfacet
  facet normal 0 1 0
    outer loop
      vertex -11.0508 -35.125 0.00571775
      vertex -1.91227 -35.125 -5.68846
      vertex -11.2313 -35.125 -0.931724
    endloop
  endfacet
  facet normal 0 1 -0
    outer loop
      vertex -2.18691 -35.125 -5.94636
      vertex -11.2313 -35.125 -0.931724
      vertex -1.91227 -35.125 -5.68846
    endloop
  endfacet
  facet normal 0 1 0
    outer loop
      vertex -11.2313 -35.125 -0.931724
      vertex -2.18691 -35.125 -5.94636
      vertex -11.4732 -35.125 -1.91706
    endloop
  endfacet
  facet normal 0 1 -0
    outer loop
      vertex -2.42705 -35.125 -6.23664
      vertex -11.4732 -35.125 -1.91706
      vertex -2.18691 -35.125 -5.94636
    endloop
  endfacet
  facet normal 0 1 -0
    outer loop
      vertex -2.62892 -35.125 -6.55474
      vertex -11.4732 -35.125 -1.91706
      vertex -2.42705 -35.125 -6.23664
    endloop
  endfacet
  facet normal 0 1 0
    outer loop
      vertex -11.4732 -35.125 -1.91706
      vertex -2.62892 -35.125 -6.55474
      vertex -11.7727 -35.125 -2.93475
    endloop
  endfacet
  facet normal 0 1 -0
    outer loop
      vertex -2.78933 -35.125 -6.89563
      vertex -11.7727 -35.125 -2.93475
      vertex -2.62892 -35.125 -6.55474
    endloop
  endfacet
  facet normal 0 1 0
    outer loop
      vertex -11.7727 -35.125 -2.93475
      vertex -2.78933 -35.125 -6.89563
      vertex -12.125 -35.125 -3.96875
    endloop
  endfacet
  facet normal 0 1 -0
    outer loop
      vertex -2.90575 -35.125 -7.25393
      vertex -12.125 -35.125 -3.96875
      vertex -2.78933 -35.125 -6.89563
    endloop
  endfacet
  facet normal 0 1 0
    outer loop
      vertex -12.125 -35.125 -3.96875
      vertex -2.90575 -35.125 -7.25393
      vertex -12.5247 -35.125 -5.00275
    endloop
  endfacet
  facet normal 0 1 -0
    outer loop
      vertex -2.97634 -35.125 -7.624
      vertex -12.5247 -35.125 -5.00275
      vertex -2.90575 -35.125 -7.25393
    endloop
  endfacet
  facet normal 0 1 0
    outer loop
      vertex -12.5247 -35.125 -5.00275
      vertex -2.97634 -35.125 -7.624
      vertex -12.9653 -35.125 -6.02044
    endloop
  endfacet
  facet normal 0 1 -0
    outer loop
      vertex -3 -35.125 -8
      vertex -12.9653 -35.125 -6.02044
      vertex -2.97634 -35.125 -7.624
    endloop
  endfacet
  facet normal 0 1 0
    outer loop
      vertex -2.97634 -35.125 -8.376
      vertex -12.9653 -35.125 -6.02044
      vertex -3 -35.125 -8
    endloop
  endfacet
  facet normal 0 1 0
    outer loop
      vertex -12.9653 -35.125 -6.02044
      vertex -2.97634 -35.125 -8.376
      vertex -13.44 -35.125 -7.00578
    endloop
  endfacet
  facet normal 0 1 0
    outer loop
      vertex -2.90575 -35.125 -8.74607
      vertex -13.44 -35.125 -7.00578
      vertex -2.97634 -35.125 -8.376
    endloop
  endfacet
  facet normal 0 1 0
    outer loop
      vertex -13.44 -35.125 -7.00578
      vertex -2.90575 -35.125 -8.74607
      vertex -13.9413 -35.125 -7.94322
    endloop
  endfacet
  facet normal 0 1 0
    outer loop
      vertex -2.78933 -35.125 -9.10437
      vertex -13.9413 -35.125 -7.94322
      vertex -2.90575 -35.125 -8.74607
    endloop
  endfacet
  facet normal 0 1 0
    outer loop
      vertex -13.9413 -35.125 -7.94322
      vertex -2.78933 -35.125 -9.10437
      vertex -14.4613 -35.125 -8.81798
    endloop
  endfacet
  facet normal 0 1 0
    outer loop
      vertex -15.125 -35.125 -12.5
      vertex -2.78933 -35.125 -9.10437
      vertex -2.62892 -35.125 -9.44526
    endloop
  endfacet
  facet normal 0 1 0
    outer loop
      vertex -2.78933 -35.125 -9.10437
      vertex -15.125 -35.125 -12.5
      vertex -14.4613 -35.125 -8.81798
    endloop
  endfacet
  facet normal 0 1 0
    outer loop
      vertex -15.125 -35.125 -12.5
      vertex -2.62892 -35.125 -9.44526
      vertex -2.42705 -35.125 -9.76336
    endloop
  endfacet
  facet normal 0 1 0
    outer loop
      vertex -14.4613 -35.125 -8.81798
      vertex -15.125 -35.125 -12.5
      vertex -14.9917 -35.125 -9.61626
    endloop
  endfacet
  facet normal 0 1 0
    outer loop
      vertex -15.125 -35.125 -12.5
      vertex -2.42705 -35.125 -9.76336
      vertex -2.18691 -35.125 -10.0536
    endloop
  endfacet
  facet normal 0 1 0
    outer loop
      vertex -15.125 -35.125 -12.5
      vertex -2.18691 -35.125 -10.0536
      vertex -1.91227 -35.125 -10.3115
    endloop
  endfacet
  facet normal 0 1 0
    outer loop
      vertex -15.125 -35.125 -12.5
      vertex -1.91227 -35.125 -10.3115
      vertex -1.60748 -35.125 -10.533
    endloop
  endfacet
  facet normal 0 1 0
    outer loop
      vertex -15.125 -35.125 -12.5
      vertex -1.60748 -35.125 -10.533
      vertex -1.27734 -35.125 -10.7145
    endloop
  endfacet
  facet normal 0 1 0
    outer loop
      vertex -15.125 -35.125 -12.5
      vertex -1.27734 -35.125 -10.7145
      vertex -0.927051 -35.125 -10.8532
    endloop
  endfacet
  facet normal 0 1 0
    outer loop
      vertex -15.125 -35.125 -12.5
      vertex -0.927051 -35.125 -10.8532
      vertex -0.562143 -35.125 -10.9469
    endloop
  endfacet
  facet normal 0 1 0
    outer loop
      vertex -15.125 -35.125 -12.5
      vertex -0.562143 -35.125 -10.9469
      vertex -0.188371 -35.125 -10.9941
    endloop
  endfacet
  facet normal 0 1 0
    outer loop
      vertex -15.125 -35.125 -12.5
      vertex -0.188371 -35.125 -10.9941
      vertex 15.125 -35.125 -12.5
    endloop
  endfacet
  facet normal 0 1 0
    outer loop
      vertex -14.9917 -35.125 -9.61626
      vertex -15.125 -35.125 -12.5
      vertex -15.125 -35.125 -9.79375
    endloop
  endfacet
  facet normal 0 -1 0
    outer loop
      vertex -10.9851 35.125 0.5
      vertex 10.9851 35.125 3.5
      vertex -10.9851 35.125 3.5
    endloop
  endfacet
  facet normal 0 -1 0
    outer loop
      vertex -10.9851 35.125 0.5
      vertex 10.9851 35.125 0.5
      vertex 10.9851 35.125 3.5
    endloop
  endfacet
  facet normal 0 -1 0
    outer loop
      vertex -11.0508 35.125 0.00571775
      vertex 10.9851 35.125 0.5
      vertex -10.9851 35.125 0.5
    endloop
  endfacet
  facet normal 0 -1 0
    outer loop
      vertex -11.0508 35.125 0.00571775
      vertex 11.0508 35.125 0.00571775
      vertex 10.9851 35.125 0.5
    endloop
  endfacet
  facet normal 0 -1 0
    outer loop
      vertex -11.2313 35.125 -0.931724
      vertex 11.0508 35.125 0.00571775
      vertex -11.0508 35.125 0.00571775
    endloop
  endfacet
  facet normal 0 -1 0
    outer loop
      vertex -11.2313 35.125 -0.931724
      vertex 11.2313 35.125 -0.931724
      vertex 11.0508 35.125 0.00571775
    endloop
  endfacet
  facet normal 0 -1 0
    outer loop
      vertex -11.4732 35.125 -1.91706
      vertex 11.2313 35.125 -0.931724
      vertex -11.2313 35.125 -0.931724
    endloop
  endfacet
  facet normal 0 -1 0
    outer loop
      vertex -11.4732 35.125 -1.91706
      vertex 11.4732 35.125 -1.91706
      vertex 11.2313 35.125 -0.931724
    endloop
  endfacet
  facet normal 0 -1 0
    outer loop
      vertex -11.7727 35.125 -2.93475
      vertex 11.4732 35.125 -1.91706
      vertex -11.4732 35.125 -1.91706
    endloop
  endfacet
  facet normal 0 -1 0
    outer loop
      vertex -11.7727 35.125 -2.93475
      vertex 11.7727 35.125 -2.93475
      vertex 11.4732 35.125 -1.91706
    endloop
  endfacet
  facet normal 0 -1 0
    outer loop
      vertex -12.125 35.125 -3.96875
      vertex 11.7727 35.125 -2.93475
      vertex -11.7727 35.125 -2.93475
    endloop
  endfacet
  facet normal 0 -1 0
    outer loop
      vertex -12.125 35.125 -3.96875
      vertex 12.125 35.125 -3.96875
      vertex 11.7727 35.125 -2.93475
    endloop
  endfacet
  facet normal 0 -1 0
    outer loop
      vertex -12.5247 35.125 -5.00275
      vertex 12.125 35.125 -3.96875
      vertex -12.125 35.125 -3.96875
    endloop
  endfacet
  facet normal 0 -1 0
    outer loop
      vertex -12.5247 35.125 -5.00275
      vertex 12.5247 35.125 -5.00275
      vertex 12.125 35.125 -3.96875
    endloop
  endfacet
  facet normal 0 -1 0
    outer loop
      vertex -12.9653 35.125 -6.02044
      vertex 12.5247 35.125 -5.00275
      vertex -12.5247 35.125 -5.00275
    endloop
  endfacet
  facet normal 0 -1 0
    outer loop
      vertex -12.9653 35.125 -6.02044
      vertex 12.9653 35.125 -6.02044
      vertex 12.5247 35.125 -5.00275
    endloop
  endfacet
  facet normal 0 -1 0
    outer loop
      vertex -13.44 35.125 -7.00578
      vertex 12.9653 35.125 -6.02044
      vertex -12.9653 35.125 -6.02044
    endloop
  endfacet
  facet normal 0 -1 0
    outer loop
      vertex -13.44 35.125 -7.00578
      vertex 13.44 35.125 -7.00578
      vertex 12.9653 35.125 -6.02044
    endloop
  endfacet
  facet normal 0 -1 0
    outer loop
      vertex -15.125 35.125 -12.5
      vertex -13.44 35.125 -7.00578
      vertex -13.9413 35.125 -7.94322
    endloop
  endfacet
  facet normal 0 -1 -0
    outer loop
      vertex -13.44 35.125 -7.00578
      vertex -15.125 35.125 -12.5
      vertex 13.44 35.125 -7.00578
    endloop
  endfacet
  facet normal 0 -1 0
    outer loop
      vertex -15.125 35.125 -12.5
      vertex -13.9413 35.125 -7.94322
      vertex -14.4613 35.125 -8.81798
    endloop
  endfacet
  facet normal 0 -1 0
    outer loop
      vertex 15.125 35.125 -12.5
      vertex 13.44 35.125 -7.00578
      vertex -15.125 35.125 -12.5
    endloop
  endfacet
  facet normal 0 -1 0
    outer loop
      vertex -15.125 35.125 -12.5
      vertex -14.4613 35.125 -8.81798
      vertex -14.9917 35.125 -9.61626
    endloop
  endfacet
  facet normal 0 -1 0
    outer loop
      vertex 13.44 35.125 -7.00578
      vertex 15.125 35.125 -12.5
      vertex 13.9413 35.125 -7.94322
    endloop
  endfacet
  facet normal 0 -1 0
    outer loop
      vertex -15.125 35.125 -12.5
      vertex -14.9917 35.125 -9.61626
      vertex -15.125 35.125 -9.79375
    endloop
  endfacet
  facet normal 0 -1 0
    outer loop
      vertex 13.9413 35.125 -7.94322
      vertex 15.125 35.125 -12.5
      vertex 14.4613 35.125 -8.81798
    endloop
  endfacet
  facet normal 0 -1 0
    outer loop
      vertex 14.4613 35.125 -8.81798
      vertex 15.125 35.125 -12.5
      vertex 14.9917 35.125 -9.61626
    endloop
  endfacet
  facet normal 0 -1 0
    outer loop
      vertex 14.9917 35.125 -9.61626
      vertex 15.125 35.125 -12.5
      vertex 15.125 35.125 -9.79375
    endloop
  endfacet
  facet normal 0 -1 0
    outer loop
      vertex -10.9851 35.125 3.5
      vertex -15.125 35.125 5.9
      vertex -15.125 35.125 3.5
    endloop
  endfacet
  facet normal 0 -1 0
    outer loop
      vertex -15.125 35.125 5.9
      vertex -10.9851 35.125 3.5
      vertex 15.125 35.125 5.9
    endloop
  endfacet
  facet normal 0 -1 0
    outer loop
      vertex 10.9851 35.125 3.5
      vertex 15.125 35.125 5.9
      vertex -10.9851 35.125 3.5
    endloop
  endfacet
  facet normal 0 -1 -0
    outer loop
      vertex 15.125 35.125 5.9
      vertex 10.9851 35.125 3.5
      vertex 15.125 35.125 3.5
    endloop
  endfacet
  facet normal 0 0 1
    outer loop
      vertex 16.175 36.175 5.9
      vertex 15.125 35.125 5.9
      vertex 16.175 -36.175 5.9
    endloop
  endfacet
  facet normal 0 0 1
    outer loop
      vertex 16.175 36.175 5.9
      vertex -15.125 35.125 5.9
      vertex 15.125 35.125 5.9
    endloop
  endfacet
  facet normal 0 0 1
    outer loop
      vertex -15.125 35.125 5.9
      vertex -16.175 36.175 5.9
      vertex -15.125 -35.125 5.9
    endloop
  endfacet
  facet normal -0 0 1
    outer loop
      vertex -16.175 36.175 5.9
      vertex -15.125 35.125 5.9
      vertex 16.175 36.175 5.9
    endloop
  endfacet
  facet normal -0 0 1
    outer loop
      vertex 15.125 -35.125 5.9
      vertex 16.175 -36.175 5.9
      vertex 15.125 35.125 5.9
    endloop
  endfacet
  facet normal -0 0 1
    outer loop
      vertex -15.125 -35.125 5.9
      vertex 16.175 -36.175 5.9
      vertex 15.125 -35.125 5.9
    endloop
  endfacet
  facet normal 0 0 1
    outer loop
      vertex -15.125 -35.125 5.9
      vertex -16.175 -36.175 5.9
      vertex 16.175 -36.175 5.9
    endloop
  endfacet
  facet normal 0 0 1
    outer loop
      vertex -16.175 -36.175 5.9
      vertex -15.125 -35.125 5.9
      vertex -16.175 36.175 5.9
    endloop
  endfacet
  facet normal -1 0 0
    outer loop
      vertex 16.175 -36.175 5.9
      vertex 16.175 36.175 8
      vertex 16.175 36.175 5.9
    endloop
  endfacet
  facet normal -1 -0 0
    outer loop
      vertex 16.175 36.175 8
      vertex 16.175 -36.175 5.9
      vertex 16.175 -36.175 8
    endloop
  endfacet
  facet normal 1 -0 0
    outer loop
      vertex -16.175 -36.175 8
      vertex -16.175 36.175 5.9
      vertex -16.175 36.175 8
    endloop
  endfacet
  facet normal 1 0 0
    outer loop
      vertex -16.175 36.175 5.9
      vertex -16.175 -36.175 8
      vertex -16.175 -36.175 5.9
    endloop
  endfacet
  facet normal 0 1 -0
    outer loop
      vertex 16.175 -36.175 5.9
      vertex -16.175 -36.175 8
      vertex 16.175 -36.175 8
    endloop
  endfacet
  facet normal 0 1 0
    outer loop
      vertex -16.175 -36.175 8
      vertex 16.175 -36.175 5.9
      vertex -16.175 -36.175 5.9
    endloop
  endfacet
  facet normal 0 -1 0
    outer loop
      vertex -16.175 36.175 5.9
      vertex 16.175 36.175 8
      vertex -16.175 36.175 8
    endloop
  endfacet
  facet normal 0 -1 -0
    outer loop
      vertex 16.175 36.175 8
      vertex -16.175 36.175 5.9
      vertex 16.175 36.175 5.9
    endloop
  endfacet
  facet normal 0 0 1
    outer loop
      vertex 17.125 37.125 8
      vertex 16.175 36.175 8
      vertex 17.125 -37.125 8
    endloop
  endfacet
  facet normal 0 0 1
    outer loop
      vertex 17.125 37.125 8
      vertex -16.175 36.175 8
      vertex 16.175 36.175 8
    endloop
  endfacet
  facet normal 0 0 1
    outer loop
      vertex -16.175 36.175 8
      vertex -17.125 37.125 8
      vertex -16.175 -36.175 8
    endloop
  endfacet
  facet normal -0 0 1
    outer loop
      vertex -17.125 37.125 8
      vertex -16.175 36.175 8
      vertex 17.125 37.125 8
    endloop
  endfacet
  facet normal -0 0 1
    outer loop
      vertex 16.175 -36.175 8
      vertex 17.125 -37.125 8
      vertex 16.175 36.175 8
    endloop
  endfacet
  facet normal -0 0 1
    outer loop
      vertex -16.175 -36.175 8
      vertex 17.125 -37.125 8
      vertex 16.175 -36.175 8
    endloop
  endfacet
  facet normal 0 0 1
    outer loop
      vertex -16.175 -36.175 8
      vertex -17.125 -37.125 8
      vertex 17.125 -37.125 8
    endloop
  endfacet
  facet normal 0 0 1
    outer loop
      vertex -17.125 -37.125 8
      vertex -16.175 -36.175 8
      vertex -17.125 37.125 8
    endloop
  endfacet
  facet normal -1 0 0
    outer loop
      vertex 12.5 5 -14.5
      vertex 12.5 20 -12.5
      vertex 12.5 20 -14.5
    endloop
  endfacet
  facet normal -1 -0 0
    outer loop
      vertex 12.5 20 -12.5
      vertex 12.5 5 -14.5
      vertex 12.5 5 -12.5
    endloop
  endfacet
  facet normal 1 -0 0
    outer loop
      vertex -12.5 5 -12.5
      vertex -12.5 20 -14.5
      vertex -12.5 20 -12.5
    endloop
  endfacet
  facet normal 1 0 0
    outer loop
      vertex -12.5 20 -14.5
      vertex -12.5 5 -12.5
      vertex -12.5 5 -14.5
    endloop
  endfacet
  facet normal 0 1 -0
    outer loop
      vertex 12.5 5 -14.5
      vertex -12.5 5 -12.5
      vertex 12.5 5 -12.5
    endloop
  endfacet
  facet normal 0 1 0
    outer loop
      vertex -12.5 5 -12.5
      vertex 12.5 5 -14.5
      vertex -12.5 5 -14.5
    endloop
  endfacet
  facet normal 0 -1 0
    outer loop
      vertex -12.5 20 -14.5
      vertex 12.5 20 -12.5
      vertex -12.5 20 -12.5
    endloop
  endfacet
  facet normal 0 -1 -0
    outer loop
      vertex 12.5 20 -12.5
      vertex -12.5 20 -14.5
      vertex 12.5 20 -14.5
    endloop
  endfacet
  facet normal -0.684541 0 0.728974
    outer loop
      vertex 7.91227 -35.125 -10.3115
      vertex 8.18691 -37.125 -10.0536
      vertex 8.18691 -35.125 -10.0536
    endloop
  endfacet
  facet normal -0.684541 0 0.728974
    outer loop
      vertex 8.18691 -37.125 -10.0536
      vertex 7.91227 -35.125 -10.3115
      vertex 7.91227 -37.125 -10.3115
    endloop
  endfacet
  facet normal -0 0 1
    outer loop
      vertex -0.188371 -35.125 -10.9941
      vertex 6.18837 -37.125 -10.9941
      vertex 6.18837 -35.125 -10.9941
    endloop
  endfacet
  facet normal 0 0 1
    outer loop
      vertex 6.18837 -37.125 -10.9941
      vertex -0.188371 -35.125 -10.9941
      vertex -0.188371 -37.125 -10.9941
    endloop
  endfacet
  facet normal -0.98229 0 0.187369
    outer loop
      vertex 8.90575 -37.125 -8.74607
      vertex 8.97634 -35.125 -8.376
      vertex 8.90575 -35.125 -8.74607
    endloop
  endfacet
  facet normal -0.98229 0 0.187369
    outer loop
      vertex 8.97634 -35.125 -8.376
      vertex 8.90575 -37.125 -8.74607
      vertex 8.97634 -37.125 -8.376
    endloop
  endfacet
  facet normal -0.368125 0 -0.929776
    outer loop
      vertex 6.92705 -37.125 -5.14683
      vertex 7.27734 -35.125 -5.28552
      vertex 7.27734 -37.125 -5.28552
    endloop
  endfacet
  facet normal -0.368125 0 -0.929776
    outer loop
      vertex 7.27734 -35.125 -5.28552
      vertex 6.92705 -37.125 -5.14683
      vertex 6.92705 -35.125 -5.14683
    endloop
  endfacet
  facet normal 0.481762 0 0.876302
    outer loop
      vertex -1.60748 -35.125 -10.533
      vertex -1.27734 -37.125 -10.7145
      vertex -1.27734 -35.125 -10.7145
    endloop
  endfacet
  facet normal 0.481762 0 0.876302
    outer loop
      vertex -1.27734 -37.125 -10.7145
      vertex -1.60748 -35.125 -10.533
      vertex -1.60748 -37.125 -10.533
    endloop
  endfacet
  facet normal 0.98229 0 -0.187369
    outer loop
      vertex -2.90575 -37.125 -7.25393
      vertex -2.97634 -35.125 -7.624
      vertex -2.90575 -35.125 -7.25393
    endloop
  endfacet
  facet normal 0.98229 0 -0.187369
    outer loop
      vertex -2.97634 -35.125 -7.624
      vertex -2.90575 -37.125 -7.25393
      vertex -2.97634 -37.125 -7.624
    endloop
  endfacet
  facet normal 0.951056 -0 0.30902
    outer loop
      vertex -2.90575 -37.125 -8.74607
      vertex -2.78933 -35.125 -9.10437
      vertex -2.90575 -35.125 -8.74607
    endloop
  endfacet
  facet normal 0.951056 0 0.30902
    outer loop
      vertex -2.78933 -35.125 -9.10437
      vertex -2.90575 -37.125 -8.74607
      vertex -2.78933 -37.125 -9.10437
    endloop
  endfacet
  facet normal 0.904828 -0 0.425778
    outer loop
      vertex -2.78933 -37.125 -9.10437
      vertex -2.62892 -35.125 -9.44526
      vertex -2.78933 -35.125 -9.10437
    endloop
  endfacet
  facet normal 0.904828 0 0.425778
    outer loop
      vertex -2.62892 -35.125 -9.44526
      vertex -2.78933 -37.125 -9.10437
      vertex -2.62892 -37.125 -9.44526
    endloop
  endfacet
  facet normal -0.770471 0 0.637475
    outer loop
      vertex 8.18691 -37.125 -10.0536
      vertex 8.42705 -35.125 -9.76336
      vertex 8.18691 -35.125 -10.0536
    endloop
  endfacet
  facet normal -0.770471 0 0.637475
    outer loop
      vertex 8.42705 -35.125 -9.76336
      vertex 8.18691 -37.125 -10.0536
      vertex 8.42705 -37.125 -9.76336
    endloop
  endfacet
  facet normal 0.684541 0 -0.728974
    outer loop
      vertex -2.18691 -37.125 -5.94636
      vertex -1.91227 -35.125 -5.68846
      vertex -1.91227 -37.125 -5.68846
    endloop
  endfacet
  facet normal 0.684541 0 -0.728974
    outer loop
      vertex -1.91227 -35.125 -5.68846
      vertex -2.18691 -37.125 -5.94636
      vertex -2.18691 -35.125 -5.94636
    endloop
  endfacet
  facet normal 0.587884 0 0.808945
    outer loop
      vertex -1.91227 -35.125 -10.3115
      vertex -1.60748 -37.125 -10.533
      vertex -1.60748 -35.125 -10.533
    endloop
  endfacet
  facet normal 0.587884 0 0.808945
    outer loop
      vertex -1.60748 -37.125 -10.533
      vertex -1.91227 -35.125 -10.3115
      vertex -1.91227 -37.125 -10.3115
    endloop
  endfacet
  facet normal 0.844331 -0 0.535822
    outer loop
      vertex -2.62892 -37.125 -9.44526
      vertex -2.42705 -35.125 -9.76336
      vertex -2.62892 -35.125 -9.44526
    endloop
  endfacet
  facet normal 0.844331 0 0.535822
    outer loop
      vertex -2.42705 -35.125 -9.76336
      vertex -2.62892 -37.125 -9.44526
      vertex -2.42705 -37.125 -9.76336
    endloop
  endfacet
  facet normal -0.481762 0 -0.876302
    outer loop
      vertex 7.27734 -37.125 -5.28552
      vertex 7.60748 -35.125 -5.46702
      vertex 7.60748 -37.125 -5.46702
    endloop
  endfacet
  facet normal -0.481762 0 -0.876302
    outer loop
      vertex 7.60748 -35.125 -5.46702
      vertex 7.27734 -37.125 -5.28552
      vertex 7.27734 -35.125 -5.28552
    endloop
  endfacet
  facet normal 0.248709 0 0.968578
    outer loop
      vertex -0.927051 -35.125 -10.8532
      vertex -0.562143 -37.125 -10.9469
      vertex -0.562143 -35.125 -10.9469
    endloop
  endfacet
  facet normal 0.248709 0 0.968578
    outer loop
      vertex -0.562143 -37.125 -10.9469
      vertex -0.927051 -35.125 -10.8532
      vertex -0.927051 -37.125 -10.8532
    endloop
  endfacet
  facet normal 0.770514 0 -0.637423
    outer loop
      vertex -2.18691 -37.125 -5.94636
      vertex -2.42705 -35.125 -6.23664
      vertex -2.18691 -35.125 -5.94636
    endloop
  endfacet
  facet normal 0.770514 0 -0.637423
    outer loop
      vertex -2.42705 -35.125 -6.23664
      vertex -2.18691 -37.125 -5.94636
      vertex -2.42705 -37.125 -6.23664
    endloop
  endfacet
  facet normal 0.58778 0 -0.809021
    outer loop
      vertex -1.91227 -37.125 -5.68846
      vertex -1.60748 -35.125 -5.46702
      vertex -1.60748 -37.125 -5.46702
    endloop
  endfacet
  facet normal 0.58778 0 -0.809021
    outer loop
      vertex -1.60748 -35.125 -5.46702
      vertex -1.91227 -37.125 -5.68846
      vertex -1.91227 -35.125 -5.68846
    endloop
  endfacet
  facet normal -0.368148 0 0.929767
    outer loop
      vertex 6.92705 -35.125 -10.8532
      vertex 7.27734 -37.125 -10.7145
      vertex 7.27734 -35.125 -10.7145
    endloop
  endfacet
  facet normal -0.368148 0 0.929767
    outer loop
      vertex 7.27734 -37.125 -10.7145
      vertex 6.92705 -35.125 -10.8532
      vertex 6.92705 -37.125 -10.8532
    endloop
  endfacet
  facet normal 0.904828 0 -0.425778
    outer loop
      vertex -2.62892 -37.125 -6.55474
      vertex -2.78933 -35.125 -6.89563
      vertex -2.62892 -35.125 -6.55474
    endloop
  endfacet
  facet normal 0.904828 0 -0.425778
    outer loop
      vertex -2.78933 -35.125 -6.89563
      vertex -2.62892 -37.125 -6.55474
      vertex -2.78933 -37.125 -6.89563
    endloop
  endfacet
  facet normal -0.587884 0 0.808945
    outer loop
      vertex 7.60748 -35.125 -10.533
      vertex 7.91227 -37.125 -10.3115
      vertex 7.91227 -35.125 -10.3115
    endloop
  endfacet
  facet normal -0.587884 0 0.808945
    outer loop
      vertex 7.91227 -37.125 -10.3115
      vertex 7.60748 -35.125 -10.533
      vertex 7.60748 -37.125 -10.533
    endloop
  endfacet
  facet normal -0.125286 0 0.992121
    outer loop
      vertex 6.18837 -35.125 -10.9941
      vertex 6.56214 -37.125 -10.9469
      vertex 6.56214 -35.125 -10.9469
    endloop
  endfacet
  facet normal -0.125286 0 0.992121
    outer loop
      vertex 6.56214 -37.125 -10.9469
      vertex 6.18837 -35.125 -10.9941
      vertex 6.18837 -37.125 -10.9941
    endloop
  endfacet
  facet normal -0.248707 0 0.968579
    outer loop
      vertex 6.56214 -35.125 -10.9469
      vertex 6.92705 -37.125 -10.8532
      vertex 6.92705 -35.125 -10.8532
    endloop
  endfacet
  facet normal -0.248707 0 0.968579
    outer loop
      vertex 6.92705 -37.125 -10.8532
      vertex 6.56214 -35.125 -10.9469
      vertex 6.56214 -37.125 -10.9469
    endloop
  endfacet
  facet normal -0.125338 0 -0.992114
    outer loop
      vertex 6.18837 -37.125 -5.00592
      vertex 6.56214 -35.125 -5.05314
      vertex 6.56214 -37.125 -5.05314
    endloop
  endfacet
  facet normal -0.125338 0 -0.992114
    outer loop
      vertex 6.56214 -35.125 -5.05314
      vertex 6.18837 -37.125 -5.00592
      vertex 6.18837 -35.125 -5.00592
    endloop
  endfacet
  facet normal 0.98229 -0 0.187369
    outer loop
      vertex -2.97634 -37.125 -8.376
      vertex -2.90575 -35.125 -8.74607
      vertex -2.97634 -35.125 -8.376
    endloop
  endfacet
  facet normal 0.98229 0 0.187369
    outer loop
      vertex -2.90575 -35.125 -8.74607
      vertex -2.97634 -37.125 -8.376
      vertex -2.90575 -37.125 -8.74607
    endloop
  endfacet
  facet normal 0.481762 0 -0.876302
    outer loop
      vertex -1.60748 -37.125 -5.46702
      vertex -1.27734 -35.125 -5.28552
      vertex -1.27734 -37.125 -5.28552
    endloop
  endfacet
  facet normal 0.481762 0 -0.876302
    outer loop
      vertex -1.27734 -35.125 -5.28552
      vertex -1.60748 -37.125 -5.46702
      vertex -1.60748 -35.125 -5.46702
    endloop
  endfacet
  facet normal 0.125285 0 0.992121
    outer loop
      vertex -0.562143 -35.125 -10.9469
      vertex -0.188371 -37.125 -10.9941
      vertex -0.188371 -35.125 -10.9941
    endloop
  endfacet
  facet normal 0.125285 0 0.992121
    outer loop
      vertex -0.188371 -37.125 -10.9941
      vertex -0.562143 -35.125 -10.9469
      vertex -0.562143 -37.125 -10.9469
    endloop
  endfacet
  facet normal 0 0 -1
    outer loop
      vertex -0.188371 -37.125 -5.00592
      vertex 6.18837 -35.125 -5.00592
      vertex 6.18837 -37.125 -5.00592
    endloop
  endfacet
  facet normal -0 0 -1
    outer loop
      vertex 6.18837 -35.125 -5.00592
      vertex -0.188371 -37.125 -5.00592
      vertex -0.188371 -35.125 -5.00592
    endloop
  endfacet
  facet normal 0.844331 0 -0.535822
    outer loop
      vertex -2.42705 -37.125 -6.23664
      vertex -2.62892 -35.125 -6.55474
      vertex -2.42705 -35.125 -6.23664
    endloop
  endfacet
  facet normal 0.844331 0 -0.535822
    outer loop
      vertex -2.62892 -35.125 -6.55474
      vertex -2.42705 -37.125 -6.23664
      vertex -2.62892 -37.125 -6.55474
    endloop
  endfacet
  facet normal 0.368149 0 0.929767
    outer loop
      vertex -1.27734 -35.125 -10.7145
      vertex -0.927051 -37.125 -10.8532
      vertex -0.927051 -35.125 -10.8532
    endloop
  endfacet
  facet normal 0.368149 0 0.929767
    outer loop
      vertex -0.927051 -37.125 -10.8532
      vertex -1.27734 -35.125 -10.7145
      vertex -1.27734 -37.125 -10.7145
    endloop
  endfacet
  facet normal -0.998026 0 0.0628013
    outer loop
      vertex 8.97634 -37.125 -8.376
      vertex 9 -35.125 -8
      vertex 8.97634 -35.125 -8.376
    endloop
  endfacet
  facet normal -0.998026 0 0.0628013
    outer loop
      vertex 9 -35.125 -8
      vertex 8.97634 -37.125 -8.376
      vertex 9 -37.125 -8
    endloop
  endfacet
  facet normal 0.125337 0 -0.992114
    outer loop
      vertex -0.562143 -37.125 -5.05314
      vertex -0.188371 -35.125 -5.00592
      vertex -0.188371 -37.125 -5.00592
    endloop
  endfacet
  facet normal 0.125337 0 -0.992114
    outer loop
      vertex -0.188371 -35.125 -5.00592
      vertex -0.562143 -37.125 -5.05314
      vertex -0.562143 -35.125 -5.05314
    endloop
  endfacet
  facet normal 0.248684 0 -0.968585
    outer loop
      vertex -0.927051 -37.125 -5.14683
      vertex -0.562143 -35.125 -5.05314
      vertex -0.562143 -37.125 -5.05314
    endloop
  endfacet
  facet normal 0.248684 0 -0.968585
    outer loop
      vertex -0.562143 -35.125 -5.05314
      vertex -0.927051 -37.125 -5.14683
      vertex -0.927051 -35.125 -5.14683
    endloop
  endfacet
  facet normal 0.684541 0 0.728974
    outer loop
      vertex -2.18691 -35.125 -10.0536
      vertex -1.91227 -37.125 -10.3115
      vertex -1.91227 -35.125 -10.3115
    endloop
  endfacet
  facet normal 0.684541 0 0.728974
    outer loop
      vertex -1.91227 -37.125 -10.3115
      vertex -2.18691 -35.125 -10.0536
      vertex -2.18691 -37.125 -10.0536
    endloop
  endfacet
  facet normal 0.770471 -0 0.637475
    outer loop
      vertex -2.42705 -37.125 -9.76336
      vertex -2.18691 -35.125 -10.0536
      vertex -2.42705 -35.125 -9.76336
    endloop
  endfacet
  facet normal 0.770471 0 0.637475
    outer loop
      vertex -2.18691 -35.125 -10.0536
      vertex -2.42705 -37.125 -9.76336
      vertex -2.18691 -37.125 -10.0536
    endloop
  endfacet
  facet normal -0.248683 0 -0.968585
    outer loop
      vertex 6.56214 -37.125 -5.05314
      vertex 6.92705 -35.125 -5.14683
      vertex 6.92705 -37.125 -5.14683
    endloop
  endfacet
  facet normal -0.248683 0 -0.968585
    outer loop
      vertex 6.92705 -35.125 -5.14683
      vertex 6.56214 -37.125 -5.05314
      vertex 6.56214 -35.125 -5.05314
    endloop
  endfacet
  facet normal 0.998026 -0 0.0628013
    outer loop
      vertex -3 -37.125 -8
      vertex -2.97634 -35.125 -8.376
      vertex -3 -35.125 -8
    endloop
  endfacet
  facet normal 0.998026 0 0.0628013
    outer loop
      vertex -2.97634 -35.125 -8.376
      vertex -3 -37.125 -8
      vertex -2.97634 -37.125 -8.376
    endloop
  endfacet
  facet normal -0.844331 0 0.535822
    outer loop
      vertex 8.42705 -37.125 -9.76336
      vertex 8.62892 -35.125 -9.44526
      vertex 8.42705 -35.125 -9.76336
    endloop
  endfacet
  facet normal -0.844331 0 0.535822
    outer loop
      vertex 8.62892 -35.125 -9.44526
      vertex 8.42705 -37.125 -9.76336
      vertex 8.62892 -37.125 -9.44526
    endloop
  endfacet
  facet normal -0.58778 0 -0.809021
    outer loop
      vertex 7.60748 -37.125 -5.46702
      vertex 7.91227 -35.125 -5.68846
      vertex 7.91227 -37.125 -5.68846
    endloop
  endfacet
  facet normal -0.58778 0 -0.809021
    outer loop
      vertex 7.91227 -35.125 -5.68846
      vertex 7.60748 -37.125 -5.46702
      vertex 7.60748 -35.125 -5.46702
    endloop
  endfacet
  facet normal -0.481762 0 0.876302
    outer loop
      vertex 7.27734 -35.125 -10.7145
      vertex 7.60748 -37.125 -10.533
      vertex 7.60748 -35.125 -10.533
    endloop
  endfacet
  facet normal -0.481762 0 0.876302
    outer loop
      vertex 7.60748 -37.125 -10.533
      vertex 7.27734 -35.125 -10.7145
      vertex 7.27734 -37.125 -10.7145
    endloop
  endfacet
  facet normal 0.951056 0 -0.30902
    outer loop
      vertex -2.78933 -37.125 -6.89563
      vertex -2.90575 -35.125 -7.25393
      vertex -2.78933 -35.125 -6.89563
    endloop
  endfacet
  facet normal 0.951056 0 -0.30902
    outer loop
      vertex -2.90575 -35.125 -7.25393
      vertex -2.78933 -37.125 -6.89563
      vertex -2.90575 -37.125 -7.25393
    endloop
  endfacet
  facet normal -0.904828 0 0.425778
    outer loop
      vertex 8.62892 -37.125 -9.44526
      vertex 8.78933 -35.125 -9.10437
      vertex 8.62892 -35.125 -9.44526
    endloop
  endfacet
  facet normal -0.904828 0 0.425778
    outer loop
      vertex 8.78933 -35.125 -9.10437
      vertex 8.62892 -37.125 -9.44526
      vertex 8.78933 -37.125 -9.10437
    endloop
  endfacet
  facet normal -0.951056 0 0.30902
    outer loop
      vertex 8.78933 -37.125 -9.10437
      vertex 8.90575 -35.125 -8.74607
      vertex 8.78933 -35.125 -9.10437
    endloop
  endfacet
  facet normal -0.951056 0 0.30902
    outer loop
      vertex 8.90575 -35.125 -8.74607
      vertex 8.78933 -37.125 -9.10437
      vertex 8.90575 -37.125 -8.74607
    endloop
  endfacet
  facet normal 0.998026 0 -0.0628013
    outer loop
      vertex -2.97634 -37.125 -7.624
      vertex -3 -35.125 -8
      vertex -2.97634 -35.125 -7.624
    endloop
  endfacet
  facet normal 0.998026 0 -0.0628013
    outer loop
      vertex -3 -35.125 -8
      vertex -2.97634 -37.125 -7.624
      vertex -3 -37.125 -8
    endloop
  endfacet
  facet normal -0.904828 0 -0.425778
    outer loop
      vertex 8.78933 -37.125 -6.89563
      vertex 8.62892 -35.125 -6.55474
      vertex 8.78933 -35.125 -6.89563
    endloop
  endfacet
  facet normal -0.904828 -0 -0.425778
    outer loop
      vertex 8.62892 -35.125 -6.55474
      vertex 8.78933 -37.125 -6.89563
      vertex 8.62892 -37.125 -6.55474
    endloop
  endfacet
  facet normal -0.998026 0 -0.0628013
    outer loop
      vertex 9 -37.125 -8
      vertex 8.97634 -35.125 -7.624
      vertex 9 -35.125 -8
    endloop
  endfacet
  facet normal -0.998026 -0 -0.0628013
    outer loop
      vertex 8.97634 -35.125 -7.624
      vertex 9 -37.125 -8
      vertex 8.97634 -37.125 -7.624
    endloop
  endfacet
  facet normal -0.684541 0 -0.728974
    outer loop
      vertex 7.91227 -37.125 -5.68846
      vertex 8.18691 -35.125 -5.94636
      vertex 8.18691 -37.125 -5.94636
    endloop
  endfacet
  facet normal -0.684541 0 -0.728974
    outer loop
      vertex 8.18691 -35.125 -5.94636
      vertex 7.91227 -37.125 -5.68846
      vertex 7.91227 -35.125 -5.68846
    endloop
  endfacet
  facet normal -0.951056 0 -0.30902
    outer loop
      vertex 8.90575 -37.125 -7.25393
      vertex 8.78933 -35.125 -6.89563
      vertex 8.90575 -35.125 -7.25393
    endloop
  endfacet
  facet normal -0.951056 -0 -0.30902
    outer loop
      vertex 8.78933 -35.125 -6.89563
      vertex 8.90575 -37.125 -7.25393
      vertex 8.78933 -37.125 -6.89563
    endloop
  endfacet
  facet normal 0.368126 0 -0.929776
    outer loop
      vertex -1.27734 -37.125 -5.28552
      vertex -0.927051 -35.125 -5.14683
      vertex -0.927051 -37.125 -5.14683
    endloop
  endfacet
  facet normal 0.368126 0 -0.929776
    outer loop
      vertex -0.927051 -35.125 -5.14683
      vertex -1.27734 -37.125 -5.28552
      vertex -1.27734 -35.125 -5.28552
    endloop
  endfacet
  facet normal -0.98229 0 -0.187369
    outer loop
      vertex 8.97634 -37.125 -7.624
      vertex 8.90575 -35.125 -7.25393
      vertex 8.97634 -35.125 -7.624
    endloop
  endfacet
  facet normal -0.98229 -0 -0.187369
    outer loop
      vertex 8.90575 -35.125 -7.25393
      vertex 8.97634 -37.125 -7.624
      vertex 8.90575 -37.125 -7.25393
    endloop
  endfacet
  facet normal -0.844331 0 -0.535822
    outer loop
      vertex 8.62892 -37.125 -6.55474
      vertex 8.42705 -35.125 -6.23664
      vertex 8.62892 -35.125 -6.55474
    endloop
  endfacet
  facet normal -0.844331 -0 -0.535822
    outer loop
      vertex 8.42705 -35.125 -6.23664
      vertex 8.62892 -37.125 -6.55474
      vertex 8.42705 -37.125 -6.23664
    endloop
  endfacet
  facet normal -0.770514 0 -0.637423
    outer loop
      vertex 8.42705 -37.125 -6.23664
      vertex 8.18691 -35.125 -5.94636
      vertex 8.42705 -35.125 -6.23664
    endloop
  endfacet
  facet normal -0.770514 -0 -0.637423
    outer loop
      vertex 8.18691 -35.125 -5.94636
      vertex 8.42705 -37.125 -6.23664
      vertex 8.18691 -37.125 -5.94636
    endloop
  endfacet
  facet normal -0.368148 -0.929767 0
    outer loop
      vertex -8.57295 -17.6468 -14.5
      vertex -8.22266 -17.7855 -14
      vertex -8.57295 -17.6468 -14
    endloop
  endfacet
  facet normal -0.368148 -0.929767 -0
    outer loop
      vertex -8.22266 -17.7855 -14
      vertex -8.57295 -17.6468 -14.5
      vertex -8.22266 -17.7855 -14.5
    endloop
  endfacet
  facet normal -0.684541 0.728974 0
    outer loop
      vertex -7.31309 -22.5536 -14.5
      vertex -7.58773 -22.8115 -14
      vertex -7.31309 -22.5536 -14
    endloop
  endfacet
  facet normal -0.684541 0.728974 0
    outer loop
      vertex -7.58773 -22.8115 -14
      vertex -7.31309 -22.5536 -14.5
      vertex -7.58773 -22.8115 -14.5
    endloop
  endfacet
  facet normal -0.125286 0.992121 0
    outer loop
      vertex -8.93786 -23.4469 -14.5
      vertex -9.31163 -23.4941 -14
      vertex -8.93786 -23.4469 -14
    endloop
  endfacet
  facet normal -0.125286 0.992121 0
    outer loop
      vertex -9.31163 -23.4941 -14
      vertex -8.93786 -23.4469 -14.5
      vertex -9.31163 -23.4941 -14.5
    endloop
  endfacet
  facet normal -0.125286 -0.992121 0
    outer loop
      vertex -9.31163 -17.5059 -14.5
      vertex -8.93786 -17.5531 -14
      vertex -9.31163 -17.5059 -14
    endloop
  endfacet
  facet normal -0.125286 -0.992121 -0
    outer loop
      vertex -8.93786 -17.5531 -14
      vertex -9.31163 -17.5059 -14.5
      vertex -8.93786 -17.5531 -14.5
    endloop
  endfacet
  facet normal 0.125299 -0.992119 0
    outer loop
      vertex -10.0621 -17.5531 -14.5
      vertex -9.68837 -17.5059 -14
      vertex -10.0621 -17.5531 -14
    endloop
  endfacet
  facet normal 0.125299 -0.992119 0
    outer loop
      vertex -9.68837 -17.5059 -14
      vertex -10.0621 -17.5531 -14.5
      vertex -9.68837 -17.5059 -14.5
    endloop
  endfacet
  facet normal 0.684594 -0.728924 0
    outer loop
      vertex -11.6869 -18.4464 -14.5
      vertex -11.4123 -18.1885 -14
      vertex -11.6869 -18.4464 -14
    endloop
  endfacet
  facet normal 0.684594 -0.728924 0
    outer loop
      vertex -11.4123 -18.1885 -14
      vertex -11.6869 -18.4464 -14.5
      vertex -11.4123 -18.1885 -14.5
    endloop
  endfacet
  facet normal -0.998026 0.0628013 0
    outer loop
      vertex -6.52366 -20.876 -14.5
      vertex -6.5 -20.5 -14
      vertex -6.5 -20.5 -14.5
    endloop
  endfacet
  facet normal -0.998026 0.0628013 0
    outer loop
      vertex -6.5 -20.5 -14
      vertex -6.52366 -20.876 -14.5
      vertex -6.52366 -20.876 -14
    endloop
  endfacet
  facet normal 0.684594 0.728924 -0
    outer loop
      vertex -11.4123 -22.8115 -12.5
      vertex -11.6869 -22.5536 -4
      vertex -11.4123 -22.8115 -4
    endloop
  endfacet
  facet normal 0.684594 0.728924 0
    outer loop
      vertex -11.4123 -22.8115 -12.5
      vertex -11.6869 -22.5536 -12.5
      vertex -11.6869 -22.5536 -4
    endloop
  endfacet
  facet normal 0.684594 0.728924 -0
    outer loop
      vertex -11.4123 -22.8115 -14.5
      vertex -11.6869 -22.5536 -12.5
      vertex -11.4123 -22.8115 -12.5
    endloop
  endfacet
  facet normal 0.684594 0.728924 0
    outer loop
      vertex -11.6869 -22.5536 -12.5
      vertex -11.4123 -22.8115 -14.5
      vertex -11.6869 -22.5536 -14.5
    endloop
  endfacet
  facet normal -0.844331 0.535822 0
    outer loop
      vertex -7.07295 -22.2634 -14.5
      vertex -6.87108 -21.9453 -14
      vertex -6.87108 -21.9453 -14.5
    endloop
  endfacet
  facet normal -0.844331 0.535822 0
    outer loop
      vertex -6.87108 -21.9453 -14
      vertex -7.07295 -22.2634 -14.5
      vertex -7.07295 -22.2634 -14
    endloop
  endfacet
  facet normal 0.982287 0.18738 0
    outer loop
      vertex -12.4057 -21.2461 -12.5
      vertex -12.4763 -20.876 -12.5
      vertex -12.4763 -20.876 -4
    endloop
  endfacet
  facet normal 0.982287 0.18738 -0
    outer loop
      vertex -12.4057 -21.2461 -12.5
      vertex -12.4763 -20.876 -4
      vertex -12.4057 -21.2461 -4
    endloop
  endfacet
  facet normal 0.982287 0.18738 0
    outer loop
      vertex -12.4763 -20.876 -12.5
      vertex -12.4057 -21.2461 -12.5
      vertex -12.4763 -20.876 -14.5
    endloop
  endfacet
  facet normal 0.982287 0.18738 0
    outer loop
      vertex -12.4763 -20.876 -14.5
      vertex -12.4057 -21.2461 -12.5
      vertex -12.4057 -21.2461 -14.5
    endloop
  endfacet
  facet normal 0.998019 -0.0629071 0
    outer loop
      vertex -12.5 -20.5 -14
      vertex -12.4763 -20.124 -14.5
      vertex -12.4763 -20.124 -14
    endloop
  endfacet
  facet normal 0.998019 -0.0629071 0
    outer loop
      vertex -12.4763 -20.124 -14.5
      vertex -12.5 -20.5 -14
      vertex -12.5 -20.5 -14.5
    endloop
  endfacet
  facet normal 0.36823 -0.929735 0
    outer loop
      vertex -10.7773 -17.7855 -14.5
      vertex -10.4271 -17.6468 -14
      vertex -10.7773 -17.7855 -14
    endloop
  endfacet
  facet normal 0.36823 -0.929735 0
    outer loop
      vertex -10.4271 -17.6468 -14
      vertex -10.7773 -17.7855 -14.5
      vertex -10.4271 -17.6468 -14.5
    endloop
  endfacet
  facet normal -0.982292 0.187355 0
    outer loop
      vertex -6.59425 -21.2461 -14.5
      vertex -6.52366 -20.876 -14
      vertex -6.52366 -20.876 -14.5
    endloop
  endfacet
  facet normal -0.982292 0.187355 0
    outer loop
      vertex -6.52366 -20.876 -14
      vertex -6.59425 -21.2461 -14.5
      vertex -6.59425 -21.2461 -14
    endloop
  endfacet
  facet normal 0.481695 0.876339 -0
    outer loop
      vertex -10.7773 -23.2145 -12.5
      vertex -11.1075 -23.033 -4
      vertex -10.7773 -23.2145 -4
    endloop
  endfacet
  facet normal 0.481695 0.876339 0
    outer loop
      vertex -10.7773 -23.2145 -12.5
      vertex -11.1075 -23.033 -12.5
      vertex -11.1075 -23.033 -4
    endloop
  endfacet
  facet normal 0.481695 0.876339 -0
    outer loop
      vertex -10.7773 -23.2145 -14.5
      vertex -11.1075 -23.033 -12.5
      vertex -10.7773 -23.2145 -12.5
    endloop
  endfacet
  facet normal 0.481695 0.876339 0
    outer loop
      vertex -11.1075 -23.033 -12.5
      vertex -10.7773 -23.2145 -14.5
      vertex -11.1075 -23.033 -14.5
    endloop
  endfacet
  facet normal 0.24865 0.968593 -0
    outer loop
      vertex -10.0621 -23.4469 -12.5
      vertex -10.4271 -23.3532 -4
      vertex -10.0621 -23.4469 -4
    endloop
  endfacet
  facet normal 0.24865 0.968593 0
    outer loop
      vertex -10.0621 -23.4469 -12.5
      vertex -10.4271 -23.3532 -12.5
      vertex -10.4271 -23.3532 -4
    endloop
  endfacet
  facet normal 0.24865 0.968593 -0
    outer loop
      vertex -10.0621 -23.4469 -14.5
      vertex -10.4271 -23.3532 -12.5
      vertex -10.0621 -23.4469 -12.5
    endloop
  endfacet
  facet normal 0.24865 0.968593 0
    outer loop
      vertex -10.4271 -23.3532 -12.5
      vertex -10.0621 -23.4469 -14.5
      vertex -10.4271 -23.3532 -14.5
    endloop
  endfacet
  facet normal 0.481695 -0.876339 0
    outer loop
      vertex -11.1075 -17.967 -14.5
      vertex -10.7773 -17.7855 -14
      vertex -11.1075 -17.967 -14
    endloop
  endfacet
  facet normal 0.481695 -0.876339 0
    outer loop
      vertex -10.7773 -17.7855 -14
      vertex -11.1075 -17.967 -14.5
      vertex -10.7773 -17.7855 -14.5
    endloop
  endfacet
  facet normal -0.368148 0.929767 0
    outer loop
      vertex -8.22266 -23.2145 -14.5
      vertex -8.57295 -23.3532 -14
      vertex -8.22266 -23.2145 -14
    endloop
  endfacet
  facet normal -0.368148 0.929767 0
    outer loop
      vertex -8.57295 -23.3532 -14
      vertex -8.22266 -23.2145 -14.5
      vertex -8.57295 -23.3532 -14.5
    endloop
  endfacet
  facet normal 0.998019 0.0629071 0
    outer loop
      vertex -12.4763 -20.876 -12.5
      vertex -12.5 -20.5 -12.5
      vertex -12.5 -20.5 -4
    endloop
  endfacet
  facet normal 0.998019 0.0629071 0
    outer loop
      vertex -12.5 -20.5 -12.5
      vertex -12.4763 -20.876 -12.5
      vertex -12.5 -20.5 -14
    endloop
  endfacet
  facet normal 0.998019 0.0629071 -0
    outer loop
      vertex -12.4763 -20.876 -12.5
      vertex -12.5 -20.5 -4
      vertex -12.4763 -20.876 -4
    endloop
  endfacet
  facet normal 0.998019 0.0629071 -0
    outer loop
      vertex -12.4763 -20.876 -14.5
      vertex -12.5 -20.5 -14
      vertex -12.4763 -20.876 -12.5
    endloop
  endfacet
  facet normal 0.998019 0.0629071 0
    outer loop
      vertex -12.5 -20.5 -14
      vertex -12.4763 -20.876 -14.5
      vertex -12.5 -20.5 -14.5
    endloop
  endfacet
  facet normal -0.951056 0.30902 0
    outer loop
      vertex -6.71067 -21.6044 -14.5
      vertex -6.59425 -21.2461 -14
      vertex -6.59425 -21.2461 -14.5
    endloop
  endfacet
  facet normal -0.951056 0.30902 0
    outer loop
      vertex -6.59425 -21.2461 -14
      vertex -6.71067 -21.6044 -14.5
      vertex -6.71067 -21.6044 -14
    endloop
  endfacet
  facet normal -0.481762 -0.876302 0
    outer loop
      vertex -8.22266 -17.7855 -14.5
      vertex -7.89252 -17.967 -14
      vertex -8.22266 -17.7855 -14
    endloop
  endfacet
  facet normal -0.481762 -0.876302 -0
    outer loop
      vertex -7.89252 -17.967 -14
      vertex -8.22266 -17.7855 -14.5
      vertex -7.89252 -17.967 -14.5
    endloop
  endfacet
  facet normal 0.125299 0.992119 -0
    outer loop
      vertex -9.68837 -23.4941 -12.5
      vertex -10.0621 -23.4469 -4
      vertex -9.68837 -23.4941 -4
    endloop
  endfacet
  facet normal 0.125299 0.992119 0
    outer loop
      vertex -9.68837 -23.4941 -12.5
      vertex -10.0621 -23.4469 -12.5
      vertex -10.0621 -23.4469 -4
    endloop
  endfacet
  facet normal 0.125299 0.992119 -0
    outer loop
      vertex -9.68837 -23.4941 -14.5
      vertex -10.0621 -23.4469 -12.5
      vertex -9.68837 -23.4941 -12.5
    endloop
  endfacet
  facet normal 0.125299 0.992119 0
    outer loop
      vertex -10.0621 -23.4469 -12.5
      vertex -9.68837 -23.4941 -14.5
      vertex -10.0621 -23.4469 -14.5
    endloop
  endfacet
  facet normal 0 -1 0
    outer loop
      vertex -9.68837 -17.5059 -14.5
      vertex -9.31163 -17.5059 -14
      vertex -9.68837 -17.5059 -14
    endloop
  endfacet
  facet normal 0 -1 -0
    outer loop
      vertex -9.31163 -17.5059 -14
      vertex -9.68837 -17.5059 -14.5
      vertex -9.31163 -17.5059 -14.5
    endloop
  endfacet
  facet normal -0.770428 0.637528 0
    outer loop
      vertex -7.31309 -22.5536 -14.5
      vertex -7.07295 -22.2634 -14
      vertex -7.07295 -22.2634 -14.5
    endloop
  endfacet
  facet normal -0.770428 0.637528 0
    outer loop
      vertex -7.07295 -22.2634 -14
      vertex -7.31309 -22.5536 -14.5
      vertex -7.31309 -22.5536 -14
    endloop
  endfacet
  facet normal -0.481762 0.876302 0
    outer loop
      vertex -7.89252 -23.033 -14.5
      vertex -8.22266 -23.2145 -14
      vertex -7.89252 -23.033 -14
    endloop
  endfacet
  facet normal -0.481762 0.876302 0
    outer loop
      vertex -8.22266 -23.2145 -14
      vertex -7.89252 -23.033 -14.5
      vertex -8.22266 -23.2145 -14.5
    endloop
  endfacet
  facet normal -0.844331 -0.535822 0
    outer loop
      vertex -6.87108 -19.0547 -14.5
      vertex -7.07295 -18.7366 -14
      vertex -7.07295 -18.7366 -14.5
    endloop
  endfacet
  facet normal -0.844331 -0.535822 0
    outer loop
      vertex -7.07295 -18.7366 -14
      vertex -6.87108 -19.0547 -14.5
      vertex -6.87108 -19.0547 -14
    endloop
  endfacet
  facet normal -0.587884 0.808945 0
    outer loop
      vertex -7.58773 -22.8115 -14.5
      vertex -7.89252 -23.033 -14
      vertex -7.58773 -22.8115 -14
    endloop
  endfacet
  facet normal -0.587884 0.808945 0
    outer loop
      vertex -7.89252 -23.033 -14
      vertex -7.58773 -22.8115 -14.5
      vertex -7.89252 -23.033 -14.5
    endloop
  endfacet
  facet normal -0.248707 0.968579 0
    outer loop
      vertex -8.57295 -23.3532 -14.5
      vertex -8.93786 -23.4469 -14
      vertex -8.57295 -23.3532 -14
    endloop
  endfacet
  facet normal -0.248707 0.968579 0
    outer loop
      vertex -8.93786 -23.4469 -14
      vertex -8.57295 -23.3532 -14.5
      vertex -8.93786 -23.4469 -14.5
    endloop
  endfacet
  facet normal -0.998026 -0.0628013 0
    outer loop
      vertex -6.5 -20.5 -14.5
      vertex -6.52366 -20.124 -14
      vertex -6.52366 -20.124 -14.5
    endloop
  endfacet
  facet normal -0.998026 -0.0628013 0
    outer loop
      vertex -6.52366 -20.124 -14
      vertex -6.5 -20.5 -14.5
      vertex -6.5 -20.5 -14
    endloop
  endfacet
  facet normal -0.587884 -0.808945 0
    outer loop
      vertex -7.89252 -17.967 -14.5
      vertex -7.58773 -18.1885 -14
      vertex -7.89252 -17.967 -14
    endloop
  endfacet
  facet normal -0.587884 -0.808945 -0
    outer loop
      vertex -7.58773 -18.1885 -14
      vertex -7.89252 -17.967 -14.5
      vertex -7.58773 -18.1885 -14.5
    endloop
  endfacet
  facet normal -0.904833 -0.425768 0
    outer loop
      vertex -6.71067 -19.3956 -14.5
      vertex -6.87108 -19.0547 -14
      vertex -6.87108 -19.0547 -14.5
    endloop
  endfacet
  facet normal -0.904833 -0.425768 0
    outer loop
      vertex -6.87108 -19.0547 -14
      vertex -6.71067 -19.3956 -14.5
      vertex -6.71067 -19.3956 -14
    endloop
  endfacet
  facet normal 0.36823 0.929735 -0
    outer loop
      vertex -10.4271 -23.3532 -12.5
      vertex -10.7773 -23.2145 -4
      vertex -10.4271 -23.3532 -4
    endloop
  endfacet
  facet normal 0.36823 0.929735 0
    outer loop
      vertex -10.4271 -23.3532 -12.5
      vertex -10.7773 -23.2145 -12.5
      vertex -10.7773 -23.2145 -4
    endloop
  endfacet
  facet normal 0.36823 0.929735 -0
    outer loop
      vertex -10.4271 -23.3532 -14.5
      vertex -10.7773 -23.2145 -12.5
      vertex -10.4271 -23.3532 -12.5
    endloop
  endfacet
  facet normal 0.36823 0.929735 0
    outer loop
      vertex -10.7773 -23.2145 -12.5
      vertex -10.4271 -23.3532 -14.5
      vertex -10.7773 -23.2145 -14.5
    endloop
  endfacet
  facet normal -0.248707 -0.968579 0
    outer loop
      vertex -8.93786 -17.5531 -14.5
      vertex -8.57295 -17.6468 -14
      vertex -8.93786 -17.5531 -14
    endloop
  endfacet
  facet normal -0.248707 -0.968579 -0
    outer loop
      vertex -8.57295 -17.6468 -14
      vertex -8.93786 -17.5531 -14.5
      vertex -8.57295 -17.6468 -14.5
    endloop
  endfacet
  facet normal -0.982292 -0.187355 0
    outer loop
      vertex -6.52366 -20.124 -14.5
      vertex -6.59425 -19.7539 -14
      vertex -6.59425 -19.7539 -14.5
    endloop
  endfacet
  facet normal -0.982292 -0.187355 0
    outer loop
      vertex -6.59425 -19.7539 -14
      vertex -6.52366 -20.124 -14.5
      vertex -6.52366 -20.124 -14
    endloop
  endfacet
  facet normal 0.951071 0.308972 0
    outer loop
      vertex -12.2893 -21.6044 -12.5
      vertex -12.4057 -21.2461 -12.5
      vertex -12.4057 -21.2461 -4
    endloop
  endfacet
  facet normal 0.951071 0.308972 -0
    outer loop
      vertex -12.2893 -21.6044 -12.5
      vertex -12.4057 -21.2461 -4
      vertex -12.2893 -21.6044 -4
    endloop
  endfacet
  facet normal 0.951071 0.308972 0
    outer loop
      vertex -12.4057 -21.2461 -12.5
      vertex -12.2893 -21.6044 -12.5
      vertex -12.4057 -21.2461 -14.5
    endloop
  endfacet
  facet normal 0.951071 0.308972 0
    outer loop
      vertex -12.4057 -21.2461 -14.5
      vertex -12.2893 -21.6044 -12.5
      vertex -12.2893 -21.6044 -14.5
    endloop
  endfacet
  facet normal 0.904843 -0.425746 0
    outer loop
      vertex -12.2893 -19.3956 -14
      vertex -12.1289 -19.0547 -14.5
      vertex -12.1289 -19.0547 -14
    endloop
  endfacet
  facet normal 0.904843 -0.425746 0
    outer loop
      vertex -12.1289 -19.0547 -14.5
      vertex -12.2893 -19.3956 -14
      vertex -12.2893 -19.3956 -14.5
    endloop
  endfacet
  facet normal 0.770349 0.637622 0
    outer loop
      vertex -11.6869 -22.5536 -12.5
      vertex -11.9271 -22.2634 -12.5
      vertex -11.9271 -22.2634 -4
    endloop
  endfacet
  facet normal 0.770349 0.637622 -0
    outer loop
      vertex -11.6869 -22.5536 -12.5
      vertex -11.9271 -22.2634 -4
      vertex -11.6869 -22.5536 -4
    endloop
  endfacet
  facet normal 0.770349 0.637622 0
    outer loop
      vertex -11.9271 -22.2634 -12.5
      vertex -11.6869 -22.5536 -12.5
      vertex -11.9271 -22.2634 -14.5
    endloop
  endfacet
  facet normal 0.770349 0.637622 0
    outer loop
      vertex -11.9271 -22.2634 -14.5
      vertex -11.6869 -22.5536 -12.5
      vertex -11.6869 -22.5536 -14.5
    endloop
  endfacet
  facet normal -0.904833 0.425768 0
    outer loop
      vertex -6.87108 -21.9453 -14.5
      vertex -6.71067 -21.6044 -14
      vertex -6.71067 -21.6044 -14.5
    endloop
  endfacet
  facet normal -0.904833 0.425768 0
    outer loop
      vertex -6.71067 -21.6044 -14
      vertex -6.87108 -21.9453 -14.5
      vertex -6.87108 -21.9453 -14
    endloop
  endfacet
  facet normal 0.587872 -0.808954 0
    outer loop
      vertex -11.4123 -18.1885 -14.5
      vertex -11.1075 -17.967 -14
      vertex -11.4123 -18.1885 -14
    endloop
  endfacet
  facet normal 0.587872 -0.808954 0
    outer loop
      vertex -11.1075 -17.967 -14
      vertex -11.4123 -18.1885 -14.5
      vertex -11.1075 -17.967 -14.5
    endloop
  endfacet
  facet normal 0 1 0
    outer loop
      vertex -9.31163 -23.4941 -4
      vertex -9.68837 -23.4941 -12.5
      vertex -9.68837 -23.4941 -4
    endloop
  endfacet
  facet normal 0 1 -0
    outer loop
      vertex -9.31163 -23.4941 -14
      vertex -9.68837 -23.4941 -12.5
      vertex -9.31163 -23.4941 -4
    endloop
  endfacet
  facet normal 0 1 0
    outer loop
      vertex -9.68837 -23.4941 -14.5
      vertex -9.31163 -23.4941 -14
      vertex -9.31163 -23.4941 -14.5
    endloop
  endfacet
  facet normal 0 1 0
    outer loop
      vertex -9.31163 -23.4941 -14
      vertex -9.68837 -23.4941 -14.5
      vertex -9.68837 -23.4941 -12.5
    endloop
  endfacet
  facet normal 0.951071 -0.308972 0
    outer loop
      vertex -12.4057 -19.7539 -14
      vertex -12.2893 -19.3956 -14.5
      vertex -12.2893 -19.3956 -14
    endloop
  endfacet
  facet normal 0.951071 -0.308972 0
    outer loop
      vertex -12.2893 -19.3956 -14.5
      vertex -12.4057 -19.7539 -14
      vertex -12.4057 -19.7539 -14.5
    endloop
  endfacet
  facet normal 0.904843 0.425746 0
    outer loop
      vertex -12.1289 -21.9453 -12.5
      vertex -12.2893 -21.6044 -12.5
      vertex -12.2893 -21.6044 -4
    endloop
  endfacet
  facet normal 0.904843 0.425746 -0
    outer loop
      vertex -12.1289 -21.9453 -12.5
      vertex -12.2893 -21.6044 -4
      vertex -12.1289 -21.9453 -4
    endloop
  endfacet
  facet normal 0.904843 0.425746 0
    outer loop
      vertex -12.2893 -21.6044 -12.5
      vertex -12.1289 -21.9453 -12.5
      vertex -12.2893 -21.6044 -14.5
    endloop
  endfacet
  facet normal 0.904843 0.425746 0
    outer loop
      vertex -12.2893 -21.6044 -14.5
      vertex -12.1289 -21.9453 -12.5
      vertex -12.1289 -21.9453 -14.5
    endloop
  endfacet
  facet normal 0.844415 -0.53569 0
    outer loop
      vertex -12.1289 -19.0547 -14
      vertex -11.9271 -18.7366 -14.5
      vertex -11.9271 -18.7366 -14
    endloop
  endfacet
  facet normal 0.844415 -0.53569 0
    outer loop
      vertex -11.9271 -18.7366 -14.5
      vertex -12.1289 -19.0547 -14
      vertex -12.1289 -19.0547 -14.5
    endloop
  endfacet
  facet normal -0.684541 -0.728974 0
    outer loop
      vertex -7.58773 -18.1885 -14.5
      vertex -7.31309 -18.4464 -14
      vertex -7.58773 -18.1885 -14
    endloop
  endfacet
  facet normal -0.684541 -0.728974 -0
    outer loop
      vertex -7.31309 -18.4464 -14
      vertex -7.58773 -18.1885 -14.5
      vertex -7.31309 -18.4464 -14.5
    endloop
  endfacet
  facet normal -0.951056 -0.30902 0
    outer loop
      vertex -6.59425 -19.7539 -14.5
      vertex -6.71067 -19.3956 -14
      vertex -6.71067 -19.3956 -14.5
    endloop
  endfacet
  facet normal -0.951056 -0.30902 0
    outer loop
      vertex -6.71067 -19.3956 -14
      vertex -6.59425 -19.7539 -14.5
      vertex -6.59425 -19.7539 -14
    endloop
  endfacet
  facet normal -0.770428 -0.637528 0
    outer loop
      vertex -7.07295 -18.7366 -14.5
      vertex -7.31309 -18.4464 -14
      vertex -7.31309 -18.4464 -14.5
    endloop
  endfacet
  facet normal -0.770428 -0.637528 0
    outer loop
      vertex -7.31309 -18.4464 -14
      vertex -7.07295 -18.7366 -14.5
      vertex -7.07295 -18.7366 -14
    endloop
  endfacet
  facet normal 0.982287 -0.18738 0
    outer loop
      vertex -12.4763 -20.124 -14
      vertex -12.4057 -19.7539 -14.5
      vertex -12.4057 -19.7539 -14
    endloop
  endfacet
  facet normal 0.982287 -0.18738 0
    outer loop
      vertex -12.4057 -19.7539 -14.5
      vertex -12.4763 -20.124 -14
      vertex -12.4763 -20.124 -14.5
    endloop
  endfacet
  facet normal 0.587872 0.808954 -0
    outer loop
      vertex -11.1075 -23.033 -12.5
      vertex -11.4123 -22.8115 -4
      vertex -11.1075 -23.033 -4
    endloop
  endfacet
  facet normal 0.587872 0.808954 0
    outer loop
      vertex -11.1075 -23.033 -12.5
      vertex -11.4123 -22.8115 -12.5
      vertex -11.4123 -22.8115 -4
    endloop
  endfacet
  facet normal 0.587872 0.808954 -0
    outer loop
      vertex -11.1075 -23.033 -14.5
      vertex -11.4123 -22.8115 -12.5
      vertex -11.1075 -23.033 -12.5
    endloop
  endfacet
  facet normal 0.587872 0.808954 0
    outer loop
      vertex -11.4123 -22.8115 -12.5
      vertex -11.1075 -23.033 -14.5
      vertex -11.4123 -22.8115 -14.5
    endloop
  endfacet
  facet normal 0.24865 -0.968593 0
    outer loop
      vertex -10.4271 -17.6468 -14.5
      vertex -10.0621 -17.5531 -14
      vertex -10.4271 -17.6468 -14
    endloop
  endfacet
  facet normal 0.24865 -0.968593 0
    outer loop
      vertex -10.0621 -17.5531 -14
      vertex -10.4271 -17.6468 -14.5
      vertex -10.0621 -17.5531 -14.5
    endloop
  endfacet
  facet normal 0.770349 -0.637622 0
    outer loop
      vertex -11.9271 -18.7366 -14
      vertex -11.6869 -18.4464 -14.5
      vertex -11.6869 -18.4464 -14
    endloop
  endfacet
  facet normal 0.770349 -0.637622 0
    outer loop
      vertex -11.6869 -18.4464 -14.5
      vertex -11.9271 -18.7366 -14
      vertex -11.9271 -18.7366 -14.5
    endloop
  endfacet
  facet normal 0.844415 0.53569 0
    outer loop
      vertex -11.9271 -22.2634 -12.5
      vertex -12.1289 -21.9453 -12.5
      vertex -12.1289 -21.9453 -4
    endloop
  endfacet
  facet normal 0.844415 0.53569 -0
    outer loop
      vertex -11.9271 -22.2634 -12.5
      vertex -12.1289 -21.9453 -4
      vertex -11.9271 -22.2634 -4
    endloop
  endfacet
  facet normal 0.844415 0.53569 0
    outer loop
      vertex -12.1289 -21.9453 -12.5
      vertex -11.9271 -22.2634 -12.5
      vertex -12.1289 -21.9453 -14.5
    endloop
  endfacet
  facet normal 0.844415 0.53569 0
    outer loop
      vertex -12.1289 -21.9453 -14.5
      vertex -11.9271 -22.2634 -12.5
      vertex -11.9271 -22.2634 -14.5
    endloop
  endfacet
  facet normal 0.684593 -0.728925 0
    outer loop
      vertex -6.9503 -23.5821 -12.5
      vertex -6.58413 -23.2382 -4
      vertex -6.9503 -23.5821 -4
    endloop
  endfacet
  facet normal 0.684593 -0.728925 0
    outer loop
      vertex -6.58413 -23.2382 -4
      vertex -6.9503 -23.5821 -12.5
      vertex -6.58413 -23.2382 -12.5
    endloop
  endfacet
  facet normal 0.982291 0.187362 0
    outer loop
      vertex -5.53154 -19.9987 -4
      vertex -5.62567 -19.5052 -12.5
      vertex -5.62567 -19.5052 -4
    endloop
  endfacet
  facet normal 0.982291 0.187362 0
    outer loop
      vertex -5.62567 -19.5052 -12.5
      vertex -5.53154 -19.9987 -4
      vertex -5.53154 -19.9987 -12.5
    endloop
  endfacet
  facet normal -0.982265 0.187496 0
    outer loop
      vertex -13.4685 -19.9987 -12.5
      vertex -13.3743 -19.5052 -4
      vertex -13.3743 -19.5052 -12.5
    endloop
  endfacet
  facet normal -0.982265 0.187496 0
    outer loop
      vertex -13.3743 -19.5052 -4
      vertex -13.4685 -19.9987 -12.5
      vertex -13.4685 -19.9987 -4
    endloop
  endfacet
  facet normal 0.125414 0.992104 -0
    outer loop
      vertex -8.75047 -16.5709 -12.5
      vertex -9.24884 -16.5079 -4
      vertex -8.75047 -16.5709 -4
    endloop
  endfacet
  facet normal 0.125414 0.992104 0
    outer loop
      vertex -9.24884 -16.5079 -4
      vertex -8.75047 -16.5709 -12.5
      vertex -9.24884 -16.5079 -12.5
    endloop
  endfacet
  facet normal 0.904821 -0.425793 0
    outer loop
      vertex -5.99477 -22.427 -4
      vertex -5.78089 -21.9725 -12.5
      vertex -5.78089 -21.9725 -4
    endloop
  endfacet
  facet normal 0.904821 -0.425793 0
    outer loop
      vertex -5.78089 -21.9725 -12.5
      vertex -5.99477 -22.427 -4
      vertex -5.99477 -22.427 -12.5
    endloop
  endfacet
  facet normal 0.684593 0.728925 -0
    outer loop
      vertex -6.58413 -17.7618 -12.5
      vertex -6.9503 -17.4179 -4
      vertex -6.58413 -17.7618 -4
    endloop
  endfacet
  facet normal 0.684593 0.728925 0
    outer loop
      vertex -6.9503 -17.4179 -4
      vertex -6.58413 -17.7618 -12.5
      vertex -6.9503 -17.4179 -12.5
    endloop
  endfacet
  facet normal 0 1 -0
    outer loop
      vertex -9.24884 -16.5079 -12.5
      vertex -9.75116 -16.5079 -4
      vertex -9.24884 -16.5079 -4
    endloop
  endfacet
  facet normal 0 1 0
    outer loop
      vertex -9.75116 -16.5079 -4
      vertex -9.24884 -16.5079 -12.5
      vertex -9.75116 -16.5079 -12.5
    endloop
  endfacet
  facet normal -0.770549 0.63738 0
    outer loop
      vertex -12.7361 -18.1489 -12.5
      vertex -12.4159 -17.7618 -4
      vertex -12.4159 -17.7618 -12.5
    endloop
  endfacet
  facet normal -0.770549 0.63738 0
    outer loop
      vertex -12.4159 -17.7618 -4
      vertex -12.7361 -18.1489 -12.5
      vertex -12.7361 -18.1489 -4
    endloop
  endfacet
  facet normal 0.998027 -0.0627923 0
    outer loop
      vertex -5.53154 -21.0013 -4
      vertex -5.5 -20.5 -12.5
      vertex -5.5 -20.5 -4
    endloop
  endfacet
  facet normal 0.998027 -0.0627923 0
    outer loop
      vertex -5.5 -20.5 -12.5
      vertex -5.53154 -21.0013 -4
      vertex -5.53154 -21.0013 -12.5
    endloop
  endfacet
  facet normal -0.951065 0.308992 0
    outer loop
      vertex -13.3743 -19.5052 -12.5
      vertex -13.2191 -19.0275 -4
      vertex -13.2191 -19.0275 -12.5
    endloop
  endfacet
  facet normal -0.951065 0.308992 0
    outer loop
      vertex -13.2191 -19.0275 -4
      vertex -13.3743 -19.5052 -12.5
      vertex -13.3743 -19.5052 -4
    endloop
  endfacet
  facet normal -0.998032 -0.0627129 0
    outer loop
      vertex -13.4685 -21.0013 -12.5
      vertex -13.5 -20.5 -4
      vertex -13.5 -20.5 -12.5
    endloop
  endfacet
  facet normal -0.998032 -0.0627129 0
    outer loop
      vertex -13.5 -20.5 -4
      vertex -13.4685 -21.0013 -12.5
      vertex -13.4685 -21.0013 -4
    endloop
  endfacet
  facet normal -0.844366 -0.535767 0
    outer loop
      vertex -12.7361 -22.8511 -12.5
      vertex -13.0052 -22.427 -4
      vertex -13.0052 -22.427 -12.5
    endloop
  endfacet
  facet normal -0.844366 -0.535767 0
    outer loop
      vertex -13.0052 -22.427 -4
      vertex -12.7361 -22.8511 -12.5
      vertex -12.7361 -22.8511 -4
    endloop
  endfacet
  facet normal 0.904821 0.425793 0
    outer loop
      vertex -5.78089 -19.0275 -4
      vertex -5.99477 -18.573 -12.5
      vertex -5.99477 -18.573 -4
    endloop
  endfacet
  facet normal 0.904821 0.425793 0
    outer loop
      vertex -5.99477 -18.573 -12.5
      vertex -5.78089 -19.0275 -4
      vertex -5.78089 -19.0275 -12.5
    endloop
  endfacet
  facet normal 0.998027 0.0627923 0
    outer loop
      vertex -5.5 -20.5 -4
      vertex -5.53154 -19.9987 -12.5
      vertex -5.53154 -19.9987 -4
    endloop
  endfacet
  facet normal 0.998027 0.0627923 0
    outer loop
      vertex -5.53154 -19.9987 -12.5
      vertex -5.5 -20.5 -4
      vertex -5.5 -20.5 -12.5
    endloop
  endfacet
  facet normal 0.982291 -0.187362 0
    outer loop
      vertex -5.62567 -21.4948 -4
      vertex -5.53154 -21.0013 -12.5
      vertex -5.53154 -21.0013 -4
    endloop
  endfacet
  facet normal 0.982291 -0.187362 0
    outer loop
      vertex -5.53154 -21.0013 -12.5
      vertex -5.62567 -21.4948 -4
      vertex -5.62567 -21.4948 -12.5
    endloop
  endfacet
  facet normal -0.951065 -0.308992 0
    outer loop
      vertex -13.2191 -21.9725 -12.5
      vertex -13.3743 -21.4948 -4
      vertex -13.3743 -21.4948 -12.5
    endloop
  endfacet
  facet normal -0.951065 -0.308992 0
    outer loop
      vertex -13.3743 -21.4948 -4
      vertex -13.2191 -21.9725 -12.5
      vertex -13.2191 -21.9725 -4
    endloop
  endfacet
  facet normal -0.587698 0.80908 0
    outer loop
      vertex -11.6433 -17.1227 -12.5
      vertex -12.0497 -17.4179 -4
      vertex -11.6433 -17.1227 -4
    endloop
  endfacet
  facet normal -0.587698 0.80908 0
    outer loop
      vertex -12.0497 -17.4179 -4
      vertex -11.6433 -17.1227 -12.5
      vertex -12.0497 -17.4179 -12.5
    endloop
  endfacet
  facet normal -0.904805 -0.425826 0
    outer loop
      vertex -13.0052 -22.427 -12.5
      vertex -13.2191 -21.9725 -4
      vertex -13.2191 -21.9725 -12.5
    endloop
  endfacet
  facet normal -0.904805 -0.425826 0
    outer loop
      vertex -13.2191 -21.9725 -4
      vertex -13.0052 -22.427 -12.5
      vertex -13.0052 -22.427 -4
    endloop
  endfacet
  facet normal 0.844312 -0.535852 0
    outer loop
      vertex -6.26393 -22.8511 -4
      vertex -5.99477 -22.427 -12.5
      vertex -5.99477 -22.427 -4
    endloop
  endfacet
  facet normal 0.844312 -0.535852 0
    outer loop
      vertex -5.99477 -22.427 -12.5
      vertex -6.26393 -22.8511 -4
      vertex -6.26393 -22.8511 -12.5
    endloop
  endfacet
  facet normal 0.368093 0.929789 -0
    outer loop
      vertex -7.79688 -16.8807 -12.5
      vertex -8.26393 -16.6958 -4
      vertex -7.79688 -16.8807 -4
    endloop
  endfacet
  facet normal 0.368093 0.929789 0
    outer loop
      vertex -8.26393 -16.6958 -4
      vertex -7.79688 -16.8807 -12.5
      vertex -8.26393 -16.6958 -12.5
    endloop
  endfacet
  facet normal 0.951053 -0.309028 0
    outer loop
      vertex -5.78089 -21.9725 -4
      vertex -5.62567 -21.4948 -12.5
      vertex -5.62567 -21.4948 -4
    endloop
  endfacet
  facet normal 0.951053 -0.309028 0
    outer loop
      vertex -5.62567 -21.4948 -12.5
      vertex -5.78089 -21.9725 -4
      vertex -5.78089 -21.9725 -12.5
    endloop
  endfacet
  facet normal 0.951053 0.309028 0
    outer loop
      vertex -5.62567 -19.5052 -4
      vertex -5.78089 -19.0275 -12.5
      vertex -5.78089 -19.0275 -4
    endloop
  endfacet
  facet normal 0.951053 0.309028 0
    outer loop
      vertex -5.78089 -19.0275 -12.5
      vertex -5.62567 -19.5052 -4
      vertex -5.62567 -19.5052 -12.5
    endloop
  endfacet
  facet normal 0 0 1
    outer loop
      vertex -6.5 -20.5 -4
      vertex -5.5 -20.5 -4
      vertex -5.53154 -19.9987 -4
    endloop
  endfacet
  facet normal 0 0 1
    outer loop
      vertex -6.52366 -20.124 -4
      vertex -5.53154 -19.9987 -4
      vertex -5.62567 -19.5052 -4
    endloop
  endfacet
  facet normal 0 0 1
    outer loop
      vertex -5.5 -20.5 -4
      vertex -6.5 -20.5 -4
      vertex -5.53154 -21.0013 -4
    endloop
  endfacet
  facet normal 0 0 1
    outer loop
      vertex -6.59425 -19.7539 -4
      vertex -5.62567 -19.5052 -4
      vertex -5.78089 -19.0275 -4
    endloop
  endfacet
  facet normal -0 0 1
    outer loop
      vertex -6.52366 -20.876 -4
      vertex -5.53154 -21.0013 -4
      vertex -6.5 -20.5 -4
    endloop
  endfacet
  facet normal 0 0 1
    outer loop
      vertex -6.71067 -19.3956 -4
      vertex -5.78089 -19.0275 -4
      vertex -5.99477 -18.573 -4
    endloop
  endfacet
  facet normal 0 0 1
    outer loop
      vertex -5.53154 -21.0013 -4
      vertex -6.52366 -20.876 -4
      vertex -5.62567 -21.4948 -4
    endloop
  endfacet
  facet normal 0 0 1
    outer loop
      vertex -6.87108 -19.0547 -4
      vertex -5.99477 -18.573 -4
      vertex -6.26393 -18.1489 -4
    endloop
  endfacet
  facet normal -0 0 1
    outer loop
      vertex -6.59425 -21.2461 -4
      vertex -5.62567 -21.4948 -4
      vertex -6.52366 -20.876 -4
    endloop
  endfacet
  facet normal 0 0 1
    outer loop
      vertex -5.62567 -21.4948 -4
      vertex -6.59425 -21.2461 -4
      vertex -5.78089 -21.9725 -4
    endloop
  endfacet
  facet normal 0 0 1
    outer loop
      vertex -5.53154 -19.9987 -4
      vertex -6.52366 -20.124 -4
      vertex -6.5 -20.5 -4
    endloop
  endfacet
  facet normal 0 0 1
    outer loop
      vertex -7.07295 -18.7366 -4
      vertex -6.26393 -18.1489 -4
      vertex -6.58413 -17.7618 -4
    endloop
  endfacet
  facet normal 0 0 1
    outer loop
      vertex -5.62567 -19.5052 -4
      vertex -6.59425 -19.7539 -4
      vertex -6.52366 -20.124 -4
    endloop
  endfacet
  facet normal 0 0 1
    outer loop
      vertex -5.78089 -19.0275 -4
      vertex -6.71067 -19.3956 -4
      vertex -6.59425 -19.7539 -4
    endloop
  endfacet
  facet normal 0 0 1
    outer loop
      vertex -5.99477 -18.573 -4
      vertex -6.87108 -19.0547 -4
      vertex -6.71067 -19.3956 -4
    endloop
  endfacet
  facet normal 0 0 1
    outer loop
      vertex -7.31309 -18.4464 -4
      vertex -6.58413 -17.7618 -4
      vertex -6.9503 -17.4179 -4
    endloop
  endfacet
  facet normal 0 0 1
    outer loop
      vertex -6.26393 -18.1489 -4
      vertex -7.07295 -18.7366 -4
      vertex -6.87108 -19.0547 -4
    endloop
  endfacet
  facet normal 0 0 1
    outer loop
      vertex -6.58413 -17.7618 -4
      vertex -7.31309 -18.4464 -4
      vertex -7.07295 -18.7366 -4
    endloop
  endfacet
  facet normal 0 0 1
    outer loop
      vertex -7.58773 -18.1885 -4
      vertex -6.9503 -17.4179 -4
      vertex -7.35669 -17.1227 -4
    endloop
  endfacet
  facet normal 0 0 1
    outer loop
      vertex -6.9503 -17.4179 -4
      vertex -7.58773 -18.1885 -4
      vertex -7.31309 -18.4464 -4
    endloop
  endfacet
  facet normal 0 0 1
    outer loop
      vertex -7.89252 -17.967 -4
      vertex -7.35669 -17.1227 -4
      vertex -7.79688 -16.8807 -4
    endloop
  endfacet
  facet normal 0 0 1
    outer loop
      vertex -7.35669 -17.1227 -4
      vertex -7.89252 -17.967 -4
      vertex -7.58773 -18.1885 -4
    endloop
  endfacet
  facet normal 0 0 1
    outer loop
      vertex -7.79688 -16.8807 -4
      vertex -8.22266 -17.7855 -4
      vertex -7.89252 -17.967 -4
    endloop
  endfacet
  facet normal 0 0 1
    outer loop
      vertex -8.26393 -16.6958 -4
      vertex -8.22266 -17.7855 -4
      vertex -7.79688 -16.8807 -4
    endloop
  endfacet
  facet normal 0 0 1
    outer loop
      vertex -8.26393 -16.6958 -4
      vertex -8.57295 -17.6468 -4
      vertex -8.22266 -17.7855 -4
    endloop
  endfacet
  facet normal 0 0 1
    outer loop
      vertex -8.75047 -16.5709 -4
      vertex -8.57295 -17.6468 -4
      vertex -8.26393 -16.6958 -4
    endloop
  endfacet
  facet normal 0 0 1
    outer loop
      vertex -8.75047 -16.5709 -4
      vertex -8.93786 -17.5531 -4
      vertex -8.57295 -17.6468 -4
    endloop
  endfacet
  facet normal 0 0 1
    outer loop
      vertex -9.24884 -16.5079 -4
      vertex -8.93786 -17.5531 -4
      vertex -8.75047 -16.5709 -4
    endloop
  endfacet
  facet normal 0 0 1
    outer loop
      vertex -9.24884 -16.5079 -4
      vertex -9.31163 -17.5059 -4
      vertex -8.93786 -17.5531 -4
    endloop
  endfacet
  facet normal 0 0 1
    outer loop
      vertex -9.24884 -16.5079 -4
      vertex -9.68837 -17.5059 -4
      vertex -9.31163 -17.5059 -4
    endloop
  endfacet
  facet normal -0 0 1
    outer loop
      vertex -9.75116 -16.5079 -4
      vertex -9.68837 -17.5059 -4
      vertex -9.24884 -16.5079 -4
    endloop
  endfacet
  facet normal 0 0 1
    outer loop
      vertex -9.75116 -16.5079 -4
      vertex -10.0621 -17.5531 -4
      vertex -9.68837 -17.5059 -4
    endloop
  endfacet
  facet normal -0 0 1
    outer loop
      vertex -10.2495 -16.5709 -4
      vertex -10.0621 -17.5531 -4
      vertex -9.75116 -16.5079 -4
    endloop
  endfacet
  facet normal 0 0 1
    outer loop
      vertex -10.2495 -16.5709 -4
      vertex -10.4271 -17.6468 -4
      vertex -10.0621 -17.5531 -4
    endloop
  endfacet
  facet normal -0 0 1
    outer loop
      vertex -10.7361 -16.6958 -4
      vertex -10.4271 -17.6468 -4
      vertex -10.2495 -16.5709 -4
    endloop
  endfacet
  facet normal 0 0 1
    outer loop
      vertex -10.7361 -16.6958 -4
      vertex -10.7773 -17.7855 -4
      vertex -10.4271 -17.6468 -4
    endloop
  endfacet
  facet normal -0 0 1
    outer loop
      vertex -11.2031 -16.8807 -4
      vertex -10.7773 -17.7855 -4
      vertex -10.7361 -16.6958 -4
    endloop
  endfacet
  facet normal 0 0 1
    outer loop
      vertex -10.7773 -17.7855 -4
      vertex -11.2031 -16.8807 -4
      vertex -11.1075 -17.967 -4
    endloop
  endfacet
  facet normal -0 0 1
    outer loop
      vertex -11.6433 -17.1227 -4
      vertex -11.1075 -17.967 -4
      vertex -11.2031 -16.8807 -4
    endloop
  endfacet
  facet normal 0 0 1
    outer loop
      vertex -11.1075 -17.967 -4
      vertex -11.6433 -17.1227 -4
      vertex -11.4123 -18.1885 -4
    endloop
  endfacet
  facet normal -0 0 1
    outer loop
      vertex -12.0497 -17.4179 -4
      vertex -11.4123 -18.1885 -4
      vertex -11.6433 -17.1227 -4
    endloop
  endfacet
  facet normal 0 0 1
    outer loop
      vertex -11.4123 -18.1885 -4
      vertex -12.0497 -17.4179 -4
      vertex -11.6869 -18.4464 -4
    endloop
  endfacet
  facet normal -0 0 1
    outer loop
      vertex -12.4159 -17.7618 -4
      vertex -11.6869 -18.4464 -4
      vertex -12.0497 -17.4179 -4
    endloop
  endfacet
  facet normal 0 0 1
    outer loop
      vertex -11.6869 -18.4464 -4
      vertex -12.4159 -17.7618 -4
      vertex -11.9271 -18.7366 -4
    endloop
  endfacet
  facet normal -0 0 1
    outer loop
      vertex -12.7361 -18.1489 -4
      vertex -11.9271 -18.7366 -4
      vertex -12.4159 -17.7618 -4
    endloop
  endfacet
  facet normal 0 0 1
    outer loop
      vertex -11.9271 -18.7366 -4
      vertex -12.7361 -18.1489 -4
      vertex -12.1289 -19.0547 -4
    endloop
  endfacet
  facet normal -0 0 1
    outer loop
      vertex -13.0052 -18.573 -4
      vertex -12.1289 -19.0547 -4
      vertex -12.7361 -18.1489 -4
    endloop
  endfacet
  facet normal 0 0 1
    outer loop
      vertex -12.1289 -19.0547 -4
      vertex -13.0052 -18.573 -4
      vertex -12.2893 -19.3956 -4
    endloop
  endfacet
  facet normal -0 0 1
    outer loop
      vertex -13.2191 -19.0275 -4
      vertex -12.2893 -19.3956 -4
      vertex -13.0052 -18.573 -4
    endloop
  endfacet
  facet normal 0 0 1
    outer loop
      vertex -12.2893 -19.3956 -4
      vertex -13.2191 -19.0275 -4
      vertex -12.4057 -19.7539 -4
    endloop
  endfacet
  facet normal -0 0 1
    outer loop
      vertex -6.71067 -21.6044 -4
      vertex -5.78089 -21.9725 -4
      vertex -6.59425 -21.2461 -4
    endloop
  endfacet
  facet normal 0 0 1
    outer loop
      vertex -5.78089 -21.9725 -4
      vertex -6.71067 -21.6044 -4
      vertex -5.99477 -22.427 -4
    endloop
  endfacet
  facet normal -0 0 1
    outer loop
      vertex -6.87108 -21.9453 -4
      vertex -5.99477 -22.427 -4
      vertex -6.71067 -21.6044 -4
    endloop
  endfacet
  facet normal 0 0 1
    outer loop
      vertex -5.99477 -22.427 -4
      vertex -6.87108 -21.9453 -4
      vertex -6.26393 -22.8511 -4
    endloop
  endfacet
  facet normal -0 0 1
    outer loop
      vertex -7.07295 -22.2634 -4
      vertex -6.26393 -22.8511 -4
      vertex -6.87108 -21.9453 -4
    endloop
  endfacet
  facet normal 0 0 1
    outer loop
      vertex -6.26393 -22.8511 -4
      vertex -7.07295 -22.2634 -4
      vertex -6.58413 -23.2382 -4
    endloop
  endfacet
  facet normal -0 0 1
    outer loop
      vertex -7.31309 -22.5536 -4
      vertex -6.58413 -23.2382 -4
      vertex -7.07295 -22.2634 -4
    endloop
  endfacet
  facet normal 0 0 1
    outer loop
      vertex -6.58413 -23.2382 -4
      vertex -7.31309 -22.5536 -4
      vertex -6.9503 -23.5821 -4
    endloop
  endfacet
  facet normal -0 0 1
    outer loop
      vertex -7.58773 -22.8115 -4
      vertex -6.9503 -23.5821 -4
      vertex -7.31309 -22.5536 -4
    endloop
  endfacet
  facet normal 0 0 1
    outer loop
      vertex -6.9503 -23.5821 -4
      vertex -7.58773 -22.8115 -4
      vertex -7.35669 -23.8773 -4
    endloop
  endfacet
  facet normal -0 0 1
    outer loop
      vertex -7.89252 -23.033 -4
      vertex -7.35669 -23.8773 -4
      vertex -7.58773 -22.8115 -4
    endloop
  endfacet
  facet normal 0 0 1
    outer loop
      vertex -7.35669 -23.8773 -4
      vertex -7.89252 -23.033 -4
      vertex -7.79688 -24.1193 -4
    endloop
  endfacet
  facet normal -0 0 1
    outer loop
      vertex -8.22266 -23.2145 -4
      vertex -7.79688 -24.1193 -4
      vertex -7.89252 -23.033 -4
    endloop
  endfacet
  facet normal 0 0 1
    outer loop
      vertex -8.22266 -23.2145 -4
      vertex -8.26393 -24.3042 -4
      vertex -7.79688 -24.1193 -4
    endloop
  endfacet
  facet normal -0 0 1
    outer loop
      vertex -8.57295 -23.3532 -4
      vertex -8.26393 -24.3042 -4
      vertex -8.22266 -23.2145 -4
    endloop
  endfacet
  facet normal 0 0 1
    outer loop
      vertex -8.57295 -23.3532 -4
      vertex -8.75047 -24.4291 -4
      vertex -8.26393 -24.3042 -4
    endloop
  endfacet
  facet normal -0 0 1
    outer loop
      vertex -8.93786 -23.4469 -4
      vertex -8.75047 -24.4291 -4
      vertex -8.57295 -23.3532 -4
    endloop
  endfacet
  facet normal 0 0 1
    outer loop
      vertex -8.93786 -23.4469 -4
      vertex -9.24884 -24.4921 -4
      vertex -8.75047 -24.4291 -4
    endloop
  endfacet
  facet normal -0 0 1
    outer loop
      vertex -9.31163 -23.4941 -4
      vertex -9.24884 -24.4921 -4
      vertex -8.93786 -23.4469 -4
    endloop
  endfacet
  facet normal -0 0 1
    outer loop
      vertex -9.68837 -23.4941 -4
      vertex -9.24884 -24.4921 -4
      vertex -9.31163 -23.4941 -4
    endloop
  endfacet
  facet normal 0 0 1
    outer loop
      vertex -9.68837 -23.4941 -4
      vertex -9.75116 -24.4921 -4
      vertex -9.24884 -24.4921 -4
    endloop
  endfacet
  facet normal 0 0 1
    outer loop
      vertex -10.0621 -23.4469 -4
      vertex -9.75116 -24.4921 -4
      vertex -9.68837 -23.4941 -4
    endloop
  endfacet
  facet normal 0 0 1
    outer loop
      vertex -10.0621 -23.4469 -4
      vertex -10.2495 -24.4291 -4
      vertex -9.75116 -24.4921 -4
    endloop
  endfacet
  facet normal 0 0 1
    outer loop
      vertex -10.4271 -23.3532 -4
      vertex -10.2495 -24.4291 -4
      vertex -10.0621 -23.4469 -4
    endloop
  endfacet
  facet normal 0 0 1
    outer loop
      vertex -10.4271 -23.3532 -4
      vertex -10.7361 -24.3042 -4
      vertex -10.2495 -24.4291 -4
    endloop
  endfacet
  facet normal 0 0 1
    outer loop
      vertex -10.7773 -23.2145 -4
      vertex -10.7361 -24.3042 -4
      vertex -10.4271 -23.3532 -4
    endloop
  endfacet
  facet normal 0 0 1
    outer loop
      vertex -11.2031 -24.1193 -4
      vertex -10.7773 -23.2145 -4
      vertex -11.1075 -23.033 -4
    endloop
  endfacet
  facet normal 0 0 1
    outer loop
      vertex -10.7773 -23.2145 -4
      vertex -11.2031 -24.1193 -4
      vertex -10.7361 -24.3042 -4
    endloop
  endfacet
  facet normal 0 0 1
    outer loop
      vertex -11.6433 -23.8773 -4
      vertex -11.1075 -23.033 -4
      vertex -11.4123 -22.8115 -4
    endloop
  endfacet
  facet normal 0 0 1
    outer loop
      vertex -11.1075 -23.033 -4
      vertex -11.6433 -23.8773 -4
      vertex -11.2031 -24.1193 -4
    endloop
  endfacet
  facet normal 0 0 1
    outer loop
      vertex -12.0497 -23.5821 -4
      vertex -11.4123 -22.8115 -4
      vertex -11.6869 -22.5536 -4
    endloop
  endfacet
  facet normal 0 0 1
    outer loop
      vertex -12.4159 -23.2382 -4
      vertex -11.6869 -22.5536 -4
      vertex -11.9271 -22.2634 -4
    endloop
  endfacet
  facet normal 0 0 1
    outer loop
      vertex -11.4123 -22.8115 -4
      vertex -12.0497 -23.5821 -4
      vertex -11.6433 -23.8773 -4
    endloop
  endfacet
  facet normal 0 0 1
    outer loop
      vertex -12.7361 -22.8511 -4
      vertex -11.9271 -22.2634 -4
      vertex -12.1289 -21.9453 -4
    endloop
  endfacet
  facet normal 0 0 1
    outer loop
      vertex -13.0052 -22.427 -4
      vertex -12.1289 -21.9453 -4
      vertex -12.2893 -21.6044 -4
    endloop
  endfacet
  facet normal 0 0 1
    outer loop
      vertex -13.2191 -21.9725 -4
      vertex -12.2893 -21.6044 -4
      vertex -12.4057 -21.2461 -4
    endloop
  endfacet
  facet normal 0 0 1
    outer loop
      vertex -11.6869 -22.5536 -4
      vertex -12.4159 -23.2382 -4
      vertex -12.0497 -23.5821 -4
    endloop
  endfacet
  facet normal 0 0 1
    outer loop
      vertex -13.3743 -21.4948 -4
      vertex -12.4057 -21.2461 -4
      vertex -12.4763 -20.876 -4
    endloop
  endfacet
  facet normal 0 0 1
    outer loop
      vertex -13.4685 -21.0013 -4
      vertex -12.4763 -20.876 -4
      vertex -12.5 -20.5 -4
    endloop
  endfacet
  facet normal -0 0 1
    outer loop
      vertex -13.3743 -19.5052 -4
      vertex -12.4057 -19.7539 -4
      vertex -13.2191 -19.0275 -4
    endloop
  endfacet
  facet normal 0 0 1
    outer loop
      vertex -11.9271 -22.2634 -4
      vertex -12.7361 -22.8511 -4
      vertex -12.4159 -23.2382 -4
    endloop
  endfacet
  facet normal 0 0 1
    outer loop
      vertex -12.4057 -19.7539 -4
      vertex -13.3743 -19.5052 -4
      vertex -12.4763 -20.124 -4
    endloop
  endfacet
  facet normal 0 0 1
    outer loop
      vertex -12.1289 -21.9453 -4
      vertex -13.0052 -22.427 -4
      vertex -12.7361 -22.8511 -4
    endloop
  endfacet
  facet normal -0 0 1
    outer loop
      vertex -13.4685 -19.9987 -4
      vertex -12.4763 -20.124 -4
      vertex -13.3743 -19.5052 -4
    endloop
  endfacet
  facet normal 0 0 1
    outer loop
      vertex -12.2893 -21.6044 -4
      vertex -13.2191 -21.9725 -4
      vertex -13.0052 -22.427 -4
    endloop
  endfacet
  facet normal 0 0 1
    outer loop
      vertex -12.4763 -20.124 -4
      vertex -13.4685 -19.9987 -4
      vertex -12.5 -20.5 -4
    endloop
  endfacet
  facet normal 0 0 1
    outer loop
      vertex -12.4057 -21.2461 -4
      vertex -13.3743 -21.4948 -4
      vertex -13.2191 -21.9725 -4
    endloop
  endfacet
  facet normal 0 0 1
    outer loop
      vertex -13.5 -20.5 -4
      vertex -12.5 -20.5 -4
      vertex -13.4685 -19.9987 -4
    endloop
  endfacet
  facet normal 0 0 1
    outer loop
      vertex -12.4763 -20.876 -4
      vertex -13.4685 -21.0013 -4
      vertex -13.3743 -21.4948 -4
    endloop
  endfacet
  facet normal 0 0 1
    outer loop
      vertex -12.5 -20.5 -4
      vertex -13.5 -20.5 -4
      vertex -13.4685 -21.0013 -4
    endloop
  endfacet
  facet normal 0.587708 -0.809073 0
    outer loop
      vertex -7.35669 -23.8773 -12.5
      vertex -6.9503 -23.5821 -4
      vertex -7.35669 -23.8773 -4
    endloop
  endfacet
  facet normal 0.587708 -0.809073 0
    outer loop
      vertex -6.9503 -23.5821 -4
      vertex -7.35669 -23.8773 -12.5
      vertex -6.9503 -23.5821 -12.5
    endloop
  endfacet
  facet normal 0.844312 0.535852 0
    outer loop
      vertex -5.99477 -18.573 -4
      vertex -6.26393 -18.1489 -12.5
      vertex -6.26393 -18.1489 -4
    endloop
  endfacet
  facet normal 0.844312 0.535852 0
    outer loop
      vertex -6.26393 -18.1489 -12.5
      vertex -5.99477 -18.573 -4
      vertex -5.99477 -18.573 -12.5
    endloop
  endfacet
  facet normal -0.368127 -0.929775 0
    outer loop
      vertex -11.2031 -24.1193 -12.5
      vertex -10.7361 -24.3042 -4
      vertex -11.2031 -24.1193 -4
    endloop
  endfacet
  facet normal -0.368127 -0.929775 -0
    outer loop
      vertex -10.7361 -24.3042 -4
      vertex -11.2031 -24.1193 -12.5
      vertex -10.7361 -24.3042 -12.5
    endloop
  endfacet
  facet normal 0.481759 -0.876304 0
    outer loop
      vertex -7.79688 -24.1193 -12.5
      vertex -7.35669 -23.8773 -4
      vertex -7.79688 -24.1193 -4
    endloop
  endfacet
  facet normal 0.481759 -0.876304 0
    outer loop
      vertex -7.35669 -23.8773 -4
      vertex -7.79688 -24.1193 -12.5
      vertex -7.35669 -23.8773 -12.5
    endloop
  endfacet
  facet normal 0.248648 0.968594 -0
    outer loop
      vertex -8.26393 -16.6958 -12.5
      vertex -8.75047 -16.5709 -4
      vertex -8.26393 -16.6958 -4
    endloop
  endfacet
  facet normal 0.248648 0.968594 0
    outer loop
      vertex -8.75047 -16.5709 -4
      vertex -8.26393 -16.6958 -12.5
      vertex -8.75047 -16.5709 -12.5
    endloop
  endfacet
  facet normal -0.481751 -0.876308 0
    outer loop
      vertex -11.6433 -23.8773 -12.5
      vertex -11.2031 -24.1193 -4
      vertex -11.6433 -23.8773 -4
    endloop
  endfacet
  facet normal -0.481751 -0.876308 -0
    outer loop
      vertex -11.2031 -24.1193 -4
      vertex -11.6433 -23.8773 -12.5
      vertex -11.2031 -24.1193 -12.5
    endloop
  endfacet
  facet normal -0.982265 -0.187496 0
    outer loop
      vertex -13.3743 -21.4948 -12.5
      vertex -13.4685 -21.0013 -4
      vertex -13.4685 -21.0013 -12.5
    endloop
  endfacet
  facet normal -0.982265 -0.187496 0
    outer loop
      vertex -13.4685 -21.0013 -4
      vertex -13.3743 -21.4948 -12.5
      vertex -13.3743 -21.4948 -4
    endloop
  endfacet
  facet normal 0.248648 -0.968594 0
    outer loop
      vertex -8.75047 -24.4291 -12.5
      vertex -8.26393 -24.3042 -4
      vertex -8.75047 -24.4291 -4
    endloop
  endfacet
  facet normal 0.248648 -0.968594 0
    outer loop
      vertex -8.26393 -24.3042 -4
      vertex -8.75047 -24.4291 -12.5
      vertex -8.26393 -24.3042 -12.5
    endloop
  endfacet
  facet normal -0.125421 -0.992104 0
    outer loop
      vertex -10.2495 -24.4291 -12.5
      vertex -9.75116 -24.4921 -4
      vertex -10.2495 -24.4291 -4
    endloop
  endfacet
  facet normal -0.125421 -0.992104 -0
    outer loop
      vertex -9.75116 -24.4921 -4
      vertex -10.2495 -24.4291 -12.5
      vertex -9.75116 -24.4921 -12.5
    endloop
  endfacet
  facet normal 0.770549 0.63738 0
    outer loop
      vertex -6.26393 -18.1489 -4
      vertex -6.58413 -17.7618 -12.5
      vertex -6.58413 -17.7618 -4
    endloop
  endfacet
  facet normal 0.770549 0.63738 0
    outer loop
      vertex -6.58413 -17.7618 -12.5
      vertex -6.26393 -18.1489 -4
      vertex -6.26393 -18.1489 -12.5
    endloop
  endfacet
  facet normal -0.770549 -0.63738 0
    outer loop
      vertex -12.4159 -23.2382 -12.5
      vertex -12.7361 -22.8511 -4
      vertex -12.7361 -22.8511 -12.5
    endloop
  endfacet
  facet normal -0.770549 -0.63738 0
    outer loop
      vertex -12.7361 -22.8511 -4
      vertex -12.4159 -23.2382 -12.5
      vertex -12.4159 -23.2382 -4
    endloop
  endfacet
  facet normal -0.24862 -0.968601 0
    outer loop
      vertex -10.7361 -24.3042 -12.5
      vertex -10.2495 -24.4291 -4
      vertex -10.7361 -24.3042 -4
    endloop
  endfacet
  facet normal -0.24862 -0.968601 -0
    outer loop
      vertex -10.2495 -24.4291 -4
      vertex -10.7361 -24.3042 -12.5
      vertex -10.2495 -24.4291 -12.5
    endloop
  endfacet
  facet normal 0.368093 -0.929789 0
    outer loop
      vertex -8.26393 -24.3042 -12.5
      vertex -7.79688 -24.1193 -4
      vertex -8.26393 -24.3042 -4
    endloop
  endfacet
  facet normal 0.368093 -0.929789 0
    outer loop
      vertex -7.79688 -24.1193 -4
      vertex -8.26393 -24.3042 -12.5
      vertex -7.79688 -24.1193 -12.5
    endloop
  endfacet
  facet normal -0.587698 -0.80908 0
    outer loop
      vertex -12.0497 -23.5821 -12.5
      vertex -11.6433 -23.8773 -4
      vertex -12.0497 -23.5821 -4
    endloop
  endfacet
  facet normal -0.587698 -0.80908 -0
    outer loop
      vertex -11.6433 -23.8773 -4
      vertex -12.0497 -23.5821 -12.5
      vertex -11.6433 -23.8773 -12.5
    endloop
  endfacet
  facet normal -0.684563 -0.728953 0
    outer loop
      vertex -12.4159 -23.2382 -12.5
      vertex -12.0497 -23.5821 -4
      vertex -12.4159 -23.2382 -4
    endloop
  endfacet
  facet normal -0.684563 -0.728953 -0
    outer loop
      vertex -12.0497 -23.5821 -4
      vertex -12.4159 -23.2382 -12.5
      vertex -12.0497 -23.5821 -12.5
    endloop
  endfacet
  facet normal 0.481759 0.876304 -0
    outer loop
      vertex -7.35669 -17.1227 -12.5
      vertex -7.79688 -16.8807 -4
      vertex -7.35669 -17.1227 -4
    endloop
  endfacet
  facet normal 0.481759 0.876304 0
    outer loop
      vertex -7.79688 -16.8807 -4
      vertex -7.35669 -17.1227 -12.5
      vertex -7.79688 -16.8807 -12.5
    endloop
  endfacet
  facet normal -0.481751 0.876308 0
    outer loop
      vertex -11.2031 -16.8807 -12.5
      vertex -11.6433 -17.1227 -4
      vertex -11.2031 -16.8807 -4
    endloop
  endfacet
  facet normal -0.481751 0.876308 0
    outer loop
      vertex -11.6433 -17.1227 -4
      vertex -11.2031 -16.8807 -12.5
      vertex -11.6433 -17.1227 -12.5
    endloop
  endfacet
  facet normal -0.125421 0.992104 0
    outer loop
      vertex -9.75116 -16.5079 -12.5
      vertex -10.2495 -16.5709 -4
      vertex -9.75116 -16.5079 -4
    endloop
  endfacet
  facet normal -0.125421 0.992104 0
    outer loop
      vertex -10.2495 -16.5709 -4
      vertex -9.75116 -16.5079 -12.5
      vertex -10.2495 -16.5709 -12.5
    endloop
  endfacet
  facet normal -0.368127 0.929775 0
    outer loop
      vertex -10.7361 -16.6958 -12.5
      vertex -11.2031 -16.8807 -4
      vertex -10.7361 -16.6958 -4
    endloop
  endfacet
  facet normal -0.368127 0.929775 0
    outer loop
      vertex -11.2031 -16.8807 -4
      vertex -10.7361 -16.6958 -12.5
      vertex -11.2031 -16.8807 -12.5
    endloop
  endfacet
  facet normal 0.587708 0.809073 -0
    outer loop
      vertex -6.9503 -17.4179 -12.5
      vertex -7.35669 -17.1227 -4
      vertex -6.9503 -17.4179 -4
    endloop
  endfacet
  facet normal 0.587708 0.809073 0
    outer loop
      vertex -7.35669 -17.1227 -4
      vertex -6.9503 -17.4179 -12.5
      vertex -7.35669 -17.1227 -12.5
    endloop
  endfacet
  facet normal 0.770549 -0.63738 0
    outer loop
      vertex -6.58413 -23.2382 -4
      vertex -6.26393 -22.8511 -12.5
      vertex -6.26393 -22.8511 -4
    endloop
  endfacet
  facet normal 0.770549 -0.63738 0
    outer loop
      vertex -6.26393 -22.8511 -12.5
      vertex -6.58413 -23.2382 -4
      vertex -6.58413 -23.2382 -12.5
    endloop
  endfacet
  facet normal -0.24862 0.968601 0
    outer loop
      vertex -10.2495 -16.5709 -12.5
      vertex -10.7361 -16.6958 -4
      vertex -10.2495 -16.5709 -4
    endloop
  endfacet
  facet normal -0.24862 0.968601 0
    outer loop
      vertex -10.7361 -16.6958 -4
      vertex -10.2495 -16.5709 -12.5
      vertex -10.7361 -16.6958 -12.5
    endloop
  endfacet
  facet normal 0.125414 -0.992104 0
    outer loop
      vertex -9.24884 -24.4921 -12.5
      vertex -8.75047 -24.4291 -4
      vertex -9.24884 -24.4921 -4
    endloop
  endfacet
  facet normal 0.125414 -0.992104 0
    outer loop
      vertex -8.75047 -24.4291 -4
      vertex -9.24884 -24.4921 -12.5
      vertex -8.75047 -24.4291 -12.5
    endloop
  endfacet
  facet normal -0.998032 0.0627129 0
    outer loop
      vertex -13.5 -20.5 -12.5
      vertex -13.4685 -19.9987 -4
      vertex -13.4685 -19.9987 -12.5
    endloop
  endfacet
  facet normal -0.998032 0.0627129 0
    outer loop
      vertex -13.4685 -19.9987 -4
      vertex -13.5 -20.5 -12.5
      vertex -13.5 -20.5 -4
    endloop
  endfacet
  facet normal 0 -1 0
    outer loop
      vertex -9.75116 -24.4921 -12.5
      vertex -9.24884 -24.4921 -4
      vertex -9.75116 -24.4921 -4
    endloop
  endfacet
  facet normal 0 -1 -0
    outer loop
      vertex -9.24884 -24.4921 -4
      vertex -9.75116 -24.4921 -12.5
      vertex -9.24884 -24.4921 -12.5
    endloop
  endfacet
  facet normal -0.844366 0.535767 0
    outer loop
      vertex -13.0052 -18.573 -12.5
      vertex -12.7361 -18.1489 -4
      vertex -12.7361 -18.1489 -12.5
    endloop
  endfacet
  facet normal -0.844366 0.535767 0
    outer loop
      vertex -12.7361 -18.1489 -4
      vertex -13.0052 -18.573 -12.5
      vertex -13.0052 -18.573 -4
    endloop
  endfacet
  facet normal -0.684563 0.728953 0
    outer loop
      vertex -12.0497 -17.4179 -12.5
      vertex -12.4159 -17.7618 -4
      vertex -12.0497 -17.4179 -4
    endloop
  endfacet
  facet normal -0.684563 0.728953 0
    outer loop
      vertex -12.4159 -17.7618 -4
      vertex -12.0497 -17.4179 -12.5
      vertex -12.4159 -17.7618 -12.5
    endloop
  endfacet
  facet normal -0.904805 0.425826 0
    outer loop
      vertex -13.2191 -19.0275 -12.5
      vertex -13.0052 -18.573 -4
      vertex -13.0052 -18.573 -12.5
    endloop
  endfacet
  facet normal -0.904805 0.425826 0
    outer loop
      vertex -13.0052 -18.573 -4
      vertex -13.2191 -19.0275 -12.5
      vertex -13.2191 -19.0275 -4
    endloop
  endfacet
  facet normal -0.982292 0.187355 0
    outer loop
      vertex -6.59425 -21.2461 -14
      vertex -6.52366 -20.876 -4
      vertex -6.52366 -20.876 -14
    endloop
  endfacet
  facet normal -0.982292 0.187355 0
    outer loop
      vertex -6.52366 -20.876 -4
      vertex -6.59425 -21.2461 -14
      vertex -6.59425 -21.2461 -4
    endloop
  endfacet
  facet normal -0.998026 0.0628013 0
    outer loop
      vertex -6.52366 -20.876 -14
      vertex -6.5 -20.5 -12.5
      vertex -6.5 -20.5 -14
    endloop
  endfacet
  facet normal -0.998026 0.0628013 0
    outer loop
      vertex -6.52366 -20.876 -4
      vertex -6.5 -20.5 -12.5
      vertex -6.52366 -20.876 -14
    endloop
  endfacet
  facet normal -0.998026 0.0628013 0
    outer loop
      vertex -6.5 -20.5 -12.5
      vertex -6.52366 -20.876 -4
      vertex -6.5 -20.5 -4
    endloop
  endfacet
  facet normal -0.684541 0.728974 0
    outer loop
      vertex -7.31309 -22.5536 -14
      vertex -7.58773 -22.8115 -4
      vertex -7.31309 -22.5536 -4
    endloop
  endfacet
  facet normal -0.684541 0.728974 0
    outer loop
      vertex -7.58773 -22.8115 -4
      vertex -7.31309 -22.5536 -14
      vertex -7.58773 -22.8115 -14
    endloop
  endfacet
  facet normal 0.125299 -0.992119 0
    outer loop
      vertex -10.0621 -17.5531 -14
      vertex -9.68837 -17.5059 -4
      vertex -10.0621 -17.5531 -4
    endloop
  endfacet
  facet normal 0.125299 -0.992119 0
    outer loop
      vertex -9.68837 -17.5059 -4
      vertex -10.0621 -17.5531 -14
      vertex -9.68837 -17.5059 -14
    endloop
  endfacet
  facet normal 0.587872 -0.808954 0
    outer loop
      vertex -11.4123 -18.1885 -14
      vertex -11.1075 -17.967 -4
      vertex -11.4123 -18.1885 -4
    endloop
  endfacet
  facet normal 0.587872 -0.808954 0
    outer loop
      vertex -11.1075 -17.967 -4
      vertex -11.4123 -18.1885 -14
      vertex -11.1075 -17.967 -14
    endloop
  endfacet
  facet normal -0.368148 -0.929767 0
    outer loop
      vertex -8.57295 -17.6468 -14
      vertex -8.22266 -17.7855 -4
      vertex -8.57295 -17.6468 -4
    endloop
  endfacet
  facet normal -0.368148 -0.929767 -0
    outer loop
      vertex -8.22266 -17.7855 -4
      vertex -8.57295 -17.6468 -14
      vertex -8.22266 -17.7855 -14
    endloop
  endfacet
  facet normal -0.904833 -0.425768 0
    outer loop
      vertex -6.71067 -19.3956 -14
      vertex -6.87108 -19.0547 -4
      vertex -6.87108 -19.0547 -14
    endloop
  endfacet
  facet normal -0.904833 -0.425768 0
    outer loop
      vertex -6.87108 -19.0547 -4
      vertex -6.71067 -19.3956 -14
      vertex -6.71067 -19.3956 -4
    endloop
  endfacet
  facet normal -0.248707 0.968579 0
    outer loop
      vertex -8.57295 -23.3532 -14
      vertex -8.93786 -23.4469 -4
      vertex -8.57295 -23.3532 -4
    endloop
  endfacet
  facet normal -0.248707 0.968579 0
    outer loop
      vertex -8.93786 -23.4469 -4
      vertex -8.57295 -23.3532 -14
      vertex -8.93786 -23.4469 -14
    endloop
  endfacet
  facet normal -0.587884 -0.808945 0
    outer loop
      vertex -7.89252 -17.967 -14
      vertex -7.58773 -18.1885 -4
      vertex -7.89252 -17.967 -4
    endloop
  endfacet
  facet normal -0.587884 -0.808945 -0
    outer loop
      vertex -7.58773 -18.1885 -4
      vertex -7.89252 -17.967 -14
      vertex -7.58773 -18.1885 -14
    endloop
  endfacet
  facet normal 0.684594 -0.728924 0
    outer loop
      vertex -11.6869 -18.4464 -14
      vertex -11.4123 -18.1885 -4
      vertex -11.6869 -18.4464 -4
    endloop
  endfacet
  facet normal 0.684594 -0.728924 0
    outer loop
      vertex -11.4123 -18.1885 -4
      vertex -11.6869 -18.4464 -14
      vertex -11.4123 -18.1885 -14
    endloop
  endfacet
  facet normal -0.481762 0.876302 0
    outer loop
      vertex -7.89252 -23.033 -14
      vertex -8.22266 -23.2145 -4
      vertex -7.89252 -23.033 -4
    endloop
  endfacet
  facet normal -0.481762 0.876302 0
    outer loop
      vertex -8.22266 -23.2145 -4
      vertex -7.89252 -23.033 -14
      vertex -8.22266 -23.2145 -14
    endloop
  endfacet
  facet normal -0.904833 0.425768 0
    outer loop
      vertex -6.87108 -21.9453 -14
      vertex -6.71067 -21.6044 -4
      vertex -6.71067 -21.6044 -14
    endloop
  endfacet
  facet normal -0.904833 0.425768 0
    outer loop
      vertex -6.71067 -21.6044 -4
      vertex -6.87108 -21.9453 -14
      vertex -6.87108 -21.9453 -4
    endloop
  endfacet
  facet normal -0.998026 -0.0628013 -0
    outer loop
      vertex -6.5 -20.5 -12.5
      vertex -6.52366 -20.124 -14
      vertex -6.5 -20.5 -14
    endloop
  endfacet
  facet normal -0.998026 -0.0628013 0
    outer loop
      vertex -6.52366 -20.124 -14
      vertex -6.5 -20.5 -12.5
      vertex -6.52366 -20.124 -4
    endloop
  endfacet
  facet normal -0.998026 -0.0628013 0
    outer loop
      vertex -6.52366 -20.124 -4
      vertex -6.5 -20.5 -12.5
      vertex -6.5 -20.5 -4
    endloop
  endfacet
  facet normal -0.125286 -0.992121 0
    outer loop
      vertex -9.31163 -17.5059 -14
      vertex -8.93786 -17.5531 -4
      vertex -9.31163 -17.5059 -4
    endloop
  endfacet
  facet normal -0.125286 -0.992121 -0
    outer loop
      vertex -8.93786 -17.5531 -4
      vertex -9.31163 -17.5059 -14
      vertex -8.93786 -17.5531 -14
    endloop
  endfacet
  facet normal -0.844331 0.535822 0
    outer loop
      vertex -7.07295 -22.2634 -14
      vertex -6.87108 -21.9453 -4
      vertex -6.87108 -21.9453 -14
    endloop
  endfacet
  facet normal -0.844331 0.535822 0
    outer loop
      vertex -6.87108 -21.9453 -4
      vertex -7.07295 -22.2634 -14
      vertex -7.07295 -22.2634 -4
    endloop
  endfacet
  facet normal -0.951056 -0.30902 0
    outer loop
      vertex -6.59425 -19.7539 -14
      vertex -6.71067 -19.3956 -4
      vertex -6.71067 -19.3956 -14
    endloop
  endfacet
  facet normal -0.951056 -0.30902 0
    outer loop
      vertex -6.71067 -19.3956 -4
      vertex -6.59425 -19.7539 -14
      vertex -6.59425 -19.7539 -4
    endloop
  endfacet
  facet normal 0.24865 -0.968593 0
    outer loop
      vertex -10.4271 -17.6468 -14
      vertex -10.0621 -17.5531 -4
      vertex -10.4271 -17.6468 -4
    endloop
  endfacet
  facet normal 0.24865 -0.968593 0
    outer loop
      vertex -10.0621 -17.5531 -4
      vertex -10.4271 -17.6468 -14
      vertex -10.0621 -17.5531 -14
    endloop
  endfacet
  facet normal -0.248707 -0.968579 0
    outer loop
      vertex -8.93786 -17.5531 -14
      vertex -8.57295 -17.6468 -4
      vertex -8.93786 -17.5531 -4
    endloop
  endfacet
  facet normal -0.248707 -0.968579 -0
    outer loop
      vertex -8.57295 -17.6468 -4
      vertex -8.93786 -17.5531 -14
      vertex -8.57295 -17.6468 -14
    endloop
  endfacet
  facet normal -0.125286 0.992121 0
    outer loop
      vertex -8.93786 -23.4469 -14
      vertex -9.31163 -23.4941 -4
      vertex -8.93786 -23.4469 -4
    endloop
  endfacet
  facet normal -0.125286 0.992121 0
    outer loop
      vertex -9.31163 -23.4941 -4
      vertex -8.93786 -23.4469 -14
      vertex -9.31163 -23.4941 -14
    endloop
  endfacet
  facet normal -0.982292 -0.187355 0
    outer loop
      vertex -6.52366 -20.124 -14
      vertex -6.59425 -19.7539 -4
      vertex -6.59425 -19.7539 -14
    endloop
  endfacet
  facet normal -0.982292 -0.187355 0
    outer loop
      vertex -6.59425 -19.7539 -4
      vertex -6.52366 -20.124 -14
      vertex -6.52366 -20.124 -4
    endloop
  endfacet
  facet normal 0.982287 -0.18738 0
    outer loop
      vertex -12.4763 -20.124 -4
      vertex -12.4057 -19.7539 -14
      vertex -12.4057 -19.7539 -4
    endloop
  endfacet
  facet normal 0.982287 -0.18738 0
    outer loop
      vertex -12.4057 -19.7539 -14
      vertex -12.4763 -20.124 -4
      vertex -12.4763 -20.124 -14
    endloop
  endfacet
  facet normal 0 -1 0
    outer loop
      vertex -9.68837 -17.5059 -14
      vertex -9.31163 -17.5059 -4
      vertex -9.68837 -17.5059 -4
    endloop
  endfacet
  facet normal 0 -1 -0
    outer loop
      vertex -9.31163 -17.5059 -4
      vertex -9.68837 -17.5059 -14
      vertex -9.31163 -17.5059 -14
    endloop
  endfacet
  facet normal -0.587884 0.808945 0
    outer loop
      vertex -7.58773 -22.8115 -14
      vertex -7.89252 -23.033 -4
      vertex -7.58773 -22.8115 -4
    endloop
  endfacet
  facet normal -0.587884 0.808945 0
    outer loop
      vertex -7.89252 -23.033 -4
      vertex -7.58773 -22.8115 -14
      vertex -7.89252 -23.033 -14
    endloop
  endfacet
  facet normal -0.481762 -0.876302 0
    outer loop
      vertex -8.22266 -17.7855 -14
      vertex -7.89252 -17.967 -4
      vertex -8.22266 -17.7855 -4
    endloop
  endfacet
  facet normal -0.481762 -0.876302 -0
    outer loop
      vertex -7.89252 -17.967 -4
      vertex -8.22266 -17.7855 -14
      vertex -7.89252 -17.967 -14
    endloop
  endfacet
  facet normal -0.684541 -0.728974 0
    outer loop
      vertex -7.58773 -18.1885 -14
      vertex -7.31309 -18.4464 -4
      vertex -7.58773 -18.1885 -4
    endloop
  endfacet
  facet normal -0.684541 -0.728974 -0
    outer loop
      vertex -7.31309 -18.4464 -4
      vertex -7.58773 -18.1885 -14
      vertex -7.31309 -18.4464 -14
    endloop
  endfacet
  facet normal -0.368148 0.929767 0
    outer loop
      vertex -8.22266 -23.2145 -14
      vertex -8.57295 -23.3532 -4
      vertex -8.22266 -23.2145 -4
    endloop
  endfacet
  facet normal -0.368148 0.929767 0
    outer loop
      vertex -8.57295 -23.3532 -4
      vertex -8.22266 -23.2145 -14
      vertex -8.57295 -23.3532 -14
    endloop
  endfacet
  facet normal 0.904843 -0.425746 0
    outer loop
      vertex -12.2893 -19.3956 -4
      vertex -12.1289 -19.0547 -14
      vertex -12.1289 -19.0547 -4
    endloop
  endfacet
  facet normal 0.904843 -0.425746 0
    outer loop
      vertex -12.1289 -19.0547 -14
      vertex -12.2893 -19.3956 -4
      vertex -12.2893 -19.3956 -14
    endloop
  endfacet
  facet normal 0.770349 -0.637622 0
    outer loop
      vertex -11.9271 -18.7366 -4
      vertex -11.6869 -18.4464 -14
      vertex -11.6869 -18.4464 -4
    endloop
  endfacet
  facet normal 0.770349 -0.637622 0
    outer loop
      vertex -11.6869 -18.4464 -14
      vertex -11.9271 -18.7366 -4
      vertex -11.9271 -18.7366 -14
    endloop
  endfacet
  facet normal -0.844331 -0.535822 0
    outer loop
      vertex -6.87108 -19.0547 -14
      vertex -7.07295 -18.7366 -4
      vertex -7.07295 -18.7366 -14
    endloop
  endfacet
  facet normal -0.844331 -0.535822 0
    outer loop
      vertex -7.07295 -18.7366 -4
      vertex -6.87108 -19.0547 -14
      vertex -6.87108 -19.0547 -4
    endloop
  endfacet
  facet normal -0.770428 0.637528 0
    outer loop
      vertex -7.31309 -22.5536 -14
      vertex -7.07295 -22.2634 -4
      vertex -7.07295 -22.2634 -14
    endloop
  endfacet
  facet normal -0.770428 0.637528 0
    outer loop
      vertex -7.07295 -22.2634 -4
      vertex -7.31309 -22.5536 -14
      vertex -7.31309 -22.5536 -4
    endloop
  endfacet
  facet normal -0.951056 0.30902 0
    outer loop
      vertex -6.71067 -21.6044 -14
      vertex -6.59425 -21.2461 -4
      vertex -6.59425 -21.2461 -14
    endloop
  endfacet
  facet normal -0.951056 0.30902 0
    outer loop
      vertex -6.59425 -21.2461 -4
      vertex -6.71067 -21.6044 -14
      vertex -6.71067 -21.6044 -4
    endloop
  endfacet
  facet normal 0.844415 -0.53569 0
    outer loop
      vertex -12.1289 -19.0547 -4
      vertex -11.9271 -18.7366 -14
      vertex -11.9271 -18.7366 -4
    endloop
  endfacet
  facet normal 0.844415 -0.53569 0
    outer loop
      vertex -11.9271 -18.7366 -14
      vertex -12.1289 -19.0547 -4
      vertex -12.1289 -19.0547 -14
    endloop
  endfacet
  facet normal 0.36823 -0.929735 0
    outer loop
      vertex -10.7773 -17.7855 -14
      vertex -10.4271 -17.6468 -4
      vertex -10.7773 -17.7855 -4
    endloop
  endfacet
  facet normal 0.36823 -0.929735 0
    outer loop
      vertex -10.4271 -17.6468 -4
      vertex -10.7773 -17.7855 -14
      vertex -10.4271 -17.6468 -14
    endloop
  endfacet
  facet normal 0.998019 -0.0629071 0
    outer loop
      vertex -12.5 -20.5 -12.5
      vertex -12.4763 -20.124 -4
      vertex -12.5 -20.5 -4
    endloop
  endfacet
  facet normal 0.998019 -0.0629071 0
    outer loop
      vertex -12.4763 -20.124 -4
      vertex -12.5 -20.5 -12.5
      vertex -12.4763 -20.124 -14
    endloop
  endfacet
  facet normal 0.998019 -0.0629071 0
    outer loop
      vertex -12.4763 -20.124 -14
      vertex -12.5 -20.5 -12.5
      vertex -12.5 -20.5 -14
    endloop
  endfacet
  facet normal 0.481695 -0.876339 0
    outer loop
      vertex -11.1075 -17.967 -14
      vertex -10.7773 -17.7855 -4
      vertex -11.1075 -17.967 -4
    endloop
  endfacet
  facet normal 0.481695 -0.876339 0
    outer loop
      vertex -10.7773 -17.7855 -4
      vertex -11.1075 -17.967 -14
      vertex -10.7773 -17.7855 -14
    endloop
  endfacet
  facet normal 0.951071 -0.308972 0
    outer loop
      vertex -12.4057 -19.7539 -4
      vertex -12.2893 -19.3956 -14
      vertex -12.2893 -19.3956 -4
    endloop
  endfacet
  facet normal 0.951071 -0.308972 0
    outer loop
      vertex -12.2893 -19.3956 -14
      vertex -12.4057 -19.7539 -4
      vertex -12.4057 -19.7539 -14
    endloop
  endfacet
  facet normal -0.770428 -0.637528 0
    outer loop
      vertex -7.07295 -18.7366 -14
      vertex -7.31309 -18.4464 -4
      vertex -7.31309 -18.4464 -14
    endloop
  endfacet
  facet normal -0.770428 -0.637528 0
    outer loop
      vertex -7.31309 -18.4464 -4
      vertex -7.07295 -18.7366 -14
      vertex -7.07295 -18.7366 -4
    endloop
  endfacet
  facet normal -0.481695 0.876339 0
    outer loop
      vertex 12.2227 -30.7855 0.5
      vertex 11.8925 -30.967 3.5
      vertex 12.2227 -30.7855 3.5
    endloop
  endfacet
  facet normal -0.481695 0.876339 0
    outer loop
      vertex 11.8925 -30.967 3.5
      vertex 12.2227 -30.7855 0.5
      vertex 11.8925 -30.967 0.5
    endloop
  endfacet
  facet normal -0.125309 0.992118 0
    outer loop
      vertex 13.3116 -30.5059 0.5
      vertex 12.9379 -30.5531 3.5
      vertex 13.3116 -30.5059 3.5
    endloop
  endfacet
  facet normal -0.125309 0.992118 0
    outer loop
      vertex 12.9379 -30.5531 3.5
      vertex 13.3116 -30.5059 0.5
      vertex 12.9379 -30.5531 0.5
    endloop
  endfacet
  facet normal -0.684594 0.728924 0
    outer loop
      vertex 11.5877 -31.1885 0.5
      vertex 11.3131 -31.4464 3.5
      vertex 11.5877 -31.1885 3.5
    endloop
  endfacet
  facet normal -0.684594 0.728924 0
    outer loop
      vertex 11.3131 -31.4464 3.5
      vertex 11.5877 -31.1885 0.5
      vertex 11.3131 -31.4464 0.5
    endloop
  endfacet
  facet normal 0.481695 0.876339 -0
    outer loop
      vertex 15.1075 -30.967 0.5
      vertex 14.7773 -30.7855 3.5
      vertex 15.1075 -30.967 3.5
    endloop
  endfacet
  facet normal 0.481695 0.876339 0
    outer loop
      vertex 14.7773 -30.7855 3.5
      vertex 15.1075 -30.967 0.5
      vertex 14.7773 -30.7855 0.5
    endloop
  endfacet
  facet normal -0.944886 -0.059558 -0.321937
    outer loop
      vertex 11.7727 -35.125 -2.93475
      vertex 10.5 -33.5 0.5
      vertex 12.125 -35.125 -3.96875
    endloop
  endfacet
  facet normal -0.944886 -0.059558 -0.321937
    outer loop
      vertex 10.5 -33.5 0.5
      vertex 11.7727 -35.125 -2.93475
      vertex 10.5237 -33.876 0.5
    endloop
  endfacet
  facet normal -0.24865 0.968593 0
    outer loop
      vertex 12.9379 -30.5531 0.5
      vertex 12.5729 -30.6468 3.5
      vertex 12.9379 -30.5531 3.5
    endloop
  endfacet
  facet normal -0.24865 0.968593 0
    outer loop
      vertex 12.5729 -30.6468 3.5
      vertex 12.9379 -30.5531 0.5
      vertex 12.5729 -30.6468 0.5
    endloop
  endfacet
  facet normal -0.844415 -0.535689 0
    outer loop
      vertex 10.9851 -35.125 0.5
      vertex 10.8711 -34.9453 3.5
      vertex 10.8711 -34.9453 0.5
    endloop
  endfacet
  facet normal -0.844415 -0.535689 0
    outer loop
      vertex 10.8711 -34.9453 3.5
      vertex 10.9851 -35.125 0.5
      vertex 10.9851 -35.125 3.5
    endloop
  endfacet
  facet normal -0.982336 -0.187124 0
    outer loop
      vertex 10.5942 -34.2461 0.5
      vertex 10.5237 -33.876 3.5
      vertex 10.5237 -33.876 0.5
    endloop
  endfacet
  facet normal -0.982336 -0.187124 0
    outer loop
      vertex 10.5237 -33.876 3.5
      vertex 10.5942 -34.2461 0.5
      vertex 10.5942 -34.2461 3.5
    endloop
  endfacet
  facet normal -0.36823 0.929735 0
    outer loop
      vertex 12.5729 -30.6468 0.5
      vertex 12.2227 -30.7855 3.5
      vertex 12.5729 -30.6468 3.5
    endloop
  endfacet
  facet normal -0.36823 0.929735 0
    outer loop
      vertex 12.2227 -30.7855 3.5
      vertex 12.5729 -30.6468 0.5
      vertex 12.2227 -30.7855 0.5
    endloop
  endfacet
  facet normal -0.904843 0.425746 0
    outer loop
      vertex 10.7107 -32.3956 0.5
      vertex 10.8711 -32.0547 3.5
      vertex 10.8711 -32.0547 0.5
    endloop
  endfacet
  facet normal -0.904843 0.425746 0
    outer loop
      vertex 10.8711 -32.0547 3.5
      vertex 10.7107 -32.3956 0.5
      vertex 10.7107 -32.3956 3.5
    endloop
  endfacet
  facet normal -0.608514 0.648618 -0.45717
    outer loop
      vertex 12.8726 -33.0058 -3.78859
      vertex 11.5877 -31.1885 0.5
      vertex 12.9168 -32.9524 -3.77166
    endloop
  endfacet
  facet normal -0.608669 0.64848 -0.457161
    outer loop
      vertex 11.5877 -31.1885 0.5
      vertex 12.9901 -32.8836 -3.77166
      vertex 12.9168 -32.9524 -3.77166
    endloop
  endfacet
  facet normal -0.609416 0.647796 -0.457135
    outer loop
      vertex 11.5877 -31.1885 0.5
      vertex 13.0713 -32.8245 -3.79616
      vertex 12.9901 -32.8836 -3.77166
    endloop
  endfacet
  facet normal -0.608557 0.648598 -0.457143
    outer loop
      vertex 11.5877 -31.1885 0.5
      vertex 13.1594 -32.7761 -3.84477
      vertex 13.0713 -32.8245 -3.79616
    endloop
  endfacet
  facet normal -0.606087 0.650934 -0.457104
    outer loop
      vertex 13.1594 -32.7761 -3.84477
      vertex 11.5877 -31.1885 0.5
      vertex 13.1709 -32.7716 -3.85361
    endloop
  endfacet
  facet normal -0.608874 0.6483 -0.457143
    outer loop
      vertex 11.5877 -31.1885 0.5
      vertex 12.8726 -33.0058 -3.78859
      vertex 11.3131 -31.4464 0.5
    endloop
  endfacet
  facet normal -0.608872 0.648299 -0.457146
    outer loop
      vertex 15.125 -34.7257 -9.2275
      vertex 13.3131 -33.4464 -5
      vertex 13.5877 -33.1885 -5
    endloop
  endfacet
  facet normal -0.608844 0.648329 -0.457143
    outer loop
      vertex 15.125 -34.7257 -9.2275
      vertex 14.9917 -35.125 -9.61626
      vertex 13.3131 -33.4464 -5
    endloop
  endfacet
  facet normal -0.608767 0.64836 -0.457201
    outer loop
      vertex 14.9917 -35.125 -9.61626
      vertex 15.125 -34.7257 -9.2275
      vertex 15.125 -35.125 -9.79375
    endloop
  endfacet
  facet normal -0.814486 0.383288 -0.43555
    outer loop
      vertex 13.44 -35.125 -7.00578
      vertex 10.8711 -32.0547 0.5
      vertex 13.9413 -35.125 -7.94322
    endloop
  endfacet
  facet normal -0.814512 0.383243 -0.43554
    outer loop
      vertex 10.8711 -32.0547 0.5
      vertex 13.44 -35.125 -7.00578
      vertex 10.7107 -32.3956 0.5
    endloop
  endfacet
  facet normal 0 1 -0
    outer loop
      vertex 13.6884 -30.5059 0.5
      vertex 13.3116 -30.5059 3.5
      vertex 13.6884 -30.5059 3.5
    endloop
  endfacet
  facet normal 0 1 0
    outer loop
      vertex 13.3116 -30.5059 3.5
      vertex 13.6884 -30.5059 0.5
      vertex 13.3116 -30.5059 0.5
    endloop
  endfacet
  facet normal -0.227371 0.885704 -0.404761
    outer loop
      vertex 15.125 -32.7403 -5.51465
      vertex 12.5729 -30.6468 0.5
      vertex 12.9379 -30.5531 0.5
    endloop
  endfacet
  facet normal -0.227393 0.885695 -0.404767
    outer loop
      vertex 12.5729 -30.6468 0.5
      vertex 15.125 -32.7403 -5.51465
      vertex 15.125 -33.1989 -6.51814
    endloop
  endfacet
  facet normal -0.685704 0.567561 -0.455723
    outer loop
      vertex 12.8726 -33.0058 -3.78859
      vertex 11.0729 -31.7366 0.5
      vertex 11.3131 -31.4464 0.5
    endloop
  endfacet
  facet normal -0.686598 0.566444 -0.455768
    outer loop
      vertex 12.8528 -33.0298 -3.78859
      vertex 11.0729 -31.7366 0.5
      vertex 12.8726 -33.0058 -3.78859
    endloop
  endfacet
  facet normal -0.6859 0.567312 -0.45574
    outer loop
      vertex 12.799 -33.1146 -3.81318
      vertex 11.0729 -31.7366 0.5
      vertex 12.8528 -33.0298 -3.78859
    endloop
  endfacet
  facet normal -0.685718 0.567533 -0.455738
    outer loop
      vertex 12.7562 -33.2055 -3.86198
      vertex 11.0729 -31.7366 0.5
      vertex 12.799 -33.1146 -3.81318
    endloop
  endfacet
  facet normal -0.685378 0.567939 -0.455743
    outer loop
      vertex 12.7251 -33.301 -3.93422
      vertex 11.0729 -31.7366 0.5
      vertex 12.7562 -33.2055 -3.86198
    endloop
  endfacet
  facet normal -0.686795 0.566273 -0.455683
    outer loop
      vertex 11.0729 -31.7366 0.5
      vertex 12.7251 -33.301 -3.93422
      vertex 12.7111 -33.3748 -4.00483
    endloop
  endfacet
  facet normal -0.685871 0.567368 -0.455713
    outer loop
      vertex 14.4613 -35.125 -8.81798
      vertex 13.3131 -33.4464 -5
      vertex 14.9917 -35.125 -9.61626
    endloop
  endfacet
  facet normal -0.685697 0.567555 -0.455742
    outer loop
      vertex 13.3131 -33.4464 -5
      vertex 14.4613 -35.125 -8.81798
      vertex 13.0729 -33.7366 -5
    endloop
  endfacet
  facet normal -0.94366 -0.179948 -0.277713
    outer loop
      vertex 11.4732 -35.125 -1.91706
      vertex 10.5237 -33.876 0.5
      vertex 11.7727 -35.125 -2.93475
    endloop
  endfacet
  facet normal -0.943666 -0.179758 -0.277814
    outer loop
      vertex 10.5237 -33.876 0.5
      vertex 11.4732 -35.125 -1.91706
      vertex 10.5942 -34.2461 0.5
    endloop
  endfacet
  facet normal -0.4319 0.785749 -0.442788
    outer loop
      vertex 12.2227 -30.7855 0.5
      vertex 13.6382 -32.7127 -4.3006
      vertex 11.8925 -30.967 0.5
    endloop
  endfacet
  facet normal -0.430829 0.786373 -0.442723
    outer loop
      vertex 12.2227 -30.7855 0.5
      vertex 13.6499 -32.7142 -4.31465
      vertex 13.6382 -32.7127 -4.3006
    endloop
  endfacet
  facet normal -0.431838 0.785784 -0.442786
    outer loop
      vertex 12.2227 -30.7855 0.5
      vertex 13.7472 -32.7392 -4.45391
      vertex 13.6499 -32.7142 -4.31465
    endloop
  endfacet
  facet normal -0.433208 0.784972 -0.442888
    outer loop
      vertex 12.2227 -30.7855 0.5
      vertex 13.8406 -32.7761 -4.61067
      vertex 13.7472 -32.7392 -4.45391
    endloop
  endfacet
  facet normal -0.431245 0.786145 -0.442723
    outer loop
      vertex 12.2227 -30.7855 0.5
      vertex 13.9287 -32.8245 -4.78243
      vertex 13.8406 -32.7761 -4.61067
    endloop
  endfacet
  facet normal -0.431874 0.785767 -0.44278
    outer loop
      vertex 12.2227 -30.7855 0.5
      vertex 14.0099 -32.8836 -4.96651
      vertex 13.9287 -32.8245 -4.78243
    endloop
  endfacet
  facet normal -0.431828 0.785795 -0.442776
    outer loop
      vertex 15.125 -33.6879 -7.48143
      vertex 14.0099 -32.8836 -4.96651
      vertex 12.2227 -30.7855 0.5
    endloop
  endfacet
  facet normal -0.434062 0.784278 -0.443281
    outer loop
      vertex 14.0099 -32.8836 -4.96651
      vertex 15.125 -33.6879 -7.48143
      vertex 14.0226 -32.8955 -5
    endloop
  endfacet
  facet normal -0.431848 0.785783 -0.442778
    outer loop
      vertex 15.125 -33.6879 -7.48143
      vertex 13.8925 -32.967 -5
      vertex 14.0226 -32.8955 -5
    endloop
  endfacet
  facet normal -0.431868 0.785769 -0.442784
    outer loop
      vertex 13.8925 -32.967 -5
      vertex 15.125 -33.6879 -7.48143
      vertex 15.125 -34.1995 -8.38932
    endloop
  endfacet
  facet normal 0.36823 0.929735 -0
    outer loop
      vertex 14.7773 -30.7855 0.5
      vertex 14.4271 -30.6468 3.5
      vertex 14.7773 -30.7855 3.5
    endloop
  endfacet
  facet normal 0.36823 0.929735 0
    outer loop
      vertex 14.4271 -30.6468 3.5
      vertex 14.7773 -30.7855 0.5
      vertex 14.4271 -30.6468 0.5
    endloop
  endfacet
  facet normal -0.754595 0.478929 -0.448568
    outer loop
      vertex 13.9413 -35.125 -7.94322
      vertex 13.0729 -33.7366 -5
      vertex 14.4613 -35.125 -8.81798
    endloop
  endfacet
  facet normal -0.754699 0.478775 -0.448558
    outer loop
      vertex 12.7111 -33.3748 -4.00483
      vertex 10.8711 -32.0547 0.5
      vertex 11.0729 -31.7366 0.5
    endloop
  endfacet
  facet normal -0.753119 0.481196 -0.448622
    outer loop
      vertex 12.7063 -33.3997 -4.02348
      vertex 10.8711 -32.0547 0.5
      vertex 12.7111 -33.3748 -4.00483
    endloop
  endfacet
  facet normal -0.754762 0.478689 -0.448543
    outer loop
      vertex 12.7 -33.5 -4.11992
      vertex 10.8711 -32.0547 0.5
      vertex 12.7063 -33.3997 -4.02348
    endloop
  endfacet
  facet normal -0.754703 0.478779 -0.448548
    outer loop
      vertex 12.7063 -33.6003 -4.23758
      vertex 10.8711 -32.0547 0.5
      vertex 12.7 -33.5 -4.11992
    endloop
  endfacet
  facet normal -0.754522 0.479046 -0.448565
    outer loop
      vertex 12.7251 -33.699 -4.37461
      vertex 10.8711 -32.0547 0.5
      vertex 12.7063 -33.6003 -4.23758
    endloop
  endfacet
  facet normal -0.754827 0.478598 -0.44853
    outer loop
      vertex 12.7562 -33.7945 -4.52885
      vertex 10.8711 -32.0547 0.5
      vertex 12.7251 -33.699 -4.37461
    endloop
  endfacet
  facet normal -0.754837 0.478584 -0.448529
    outer loop
      vertex 12.799 -33.8854 -4.69787
      vertex 10.8711 -32.0547 0.5
      vertex 12.7562 -33.7945 -4.52885
    endloop
  endfacet
  facet normal -0.753743 0.480165 -0.44868
    outer loop
      vertex 12.8528 -33.9702 -4.879
      vertex 10.8711 -32.0547 0.5
      vertex 12.799 -33.8854 -4.69787
    endloop
  endfacet
  facet normal -0.754627 0.478893 -0.448553
    outer loop
      vertex 12.8935 -34.0194 -5
      vertex 10.8711 -32.0547 0.5
      vertex 12.8528 -33.9702 -4.879
    endloop
  endfacet
  facet normal -0.754392 0.479231 -0.448587
    outer loop
      vertex 12.8935 -34.0194 -5
      vertex 13.9413 -35.125 -7.94322
      vertex 10.8711 -32.0547 0.5
    endloop
  endfacet
  facet normal -0.754718 0.478771 -0.44853
    outer loop
      vertex 13.0729 -33.7366 -5
      vertex 13.9413 -35.125 -7.94322
      vertex 12.8935 -34.0194 -5
    endloop
  endfacet
  facet normal -0.950993 0.309212 0
    outer loop
      vertex 10.5942 -32.7539 0.5
      vertex 10.7107 -32.3956 3.5
      vertex 10.7107 -32.3956 0.5
    endloop
  endfacet
  facet normal -0.950993 0.309212 0
    outer loop
      vertex 10.7107 -32.3956 3.5
      vertex 10.5942 -32.7539 0.5
      vertex 10.5942 -32.7539 3.5
    endloop
  endfacet
  facet normal -0.89143 -0.419394 -0.171641
    outer loop
      vertex 11.0508 -35.125 0.00571775
      vertex 10.7107 -34.6044 0.5
      vertex 11.2313 -35.125 -0.931724
    endloop
  endfacet
  facet normal -0.891422 -0.419431 -0.171596
    outer loop
      vertex 10.7107 -34.6044 0.5
      vertex 11.0508 -35.125 0.00571775
      vertex 10.8711 -34.9453 0.5
    endloop
  endfacet
  facet normal -0.903967 0.172272 -0.391365
    outer loop
      vertex 12.5247 -35.125 -5.00275
      vertex 10.5942 -32.7539 0.5
      vertex 12.9653 -35.125 -6.02044
    endloop
  endfacet
  facet normal -0.90399 0.1722 -0.391342
    outer loop
      vertex 10.5942 -32.7539 0.5
      vertex 12.5247 -35.125 -5.00275
      vertex 10.5237 -33.124 0.5
    endloop
  endfacet
  facet normal 0.360785 0.910936 -0.200076
    outer loop
      vertex 15.125 -31.1332 -0.456073
      vertex 14.4271 -30.6468 0.5
      vertex 14.7773 -30.7855 0.5
    endloop
  endfacet
  facet normal 0.360754 0.910942 -0.200102
    outer loop
      vertex 14.4271 -30.6468 0.5
      vertex 15.125 -31.1332 -0.456073
      vertex 15.125 -31.3448 -1.41936
    endloop
  endfacet
  facet normal -0.770349 0.637622 0
    outer loop
      vertex 11.0729 -31.7366 0.5
      vertex 11.3131 -31.4464 3.5
      vertex 11.3131 -31.4464 0.5
    endloop
  endfacet
  facet normal -0.770349 0.637622 0
    outer loop
      vertex 11.3131 -31.4464 3.5
      vertex 11.0729 -31.7366 0.5
      vertex 11.0729 -31.7366 3.5
    endloop
  endfacet
  facet normal -0.982336 0.187124 0
    outer loop
      vertex 10.5237 -33.124 0.5
      vertex 10.5942 -32.7539 3.5
      vertex 10.5942 -32.7539 0.5
    endloop
  endfacet
  facet normal -0.982336 0.187124 0
    outer loop
      vertex 10.5942 -32.7539 3.5
      vertex 10.5237 -33.124 0.5
      vertex 10.5237 -33.124 3.5
    endloop
  endfacet
  facet normal 0.587346 0.809336 -0
    outer loop
      vertex 15.125 -30.9797 0.5
      vertex 15.1075 -30.967 3.5
      vertex 15.125 -30.9797 3.5
    endloop
  endfacet
  facet normal 0.587346 0.809336 0
    outer loop
      vertex 15.1075 -30.967 3.5
      vertex 15.125 -30.9797 0.5
      vertex 15.1075 -30.967 0.5
    endloop
  endfacet
  facet normal -0.524133 0.721245 -0.452868
    outer loop
      vertex 11.8925 -30.967 0.5
      vertex 13.1709 -32.7716 -3.85361
      vertex 11.5877 -31.1885 0.5
    endloop
  endfacet
  facet normal -0.52393 0.721392 -0.452869
    outer loop
      vertex 11.8925 -30.967 0.5
      vertex 13.2528 -32.7392 -3.89675
      vertex 13.1709 -32.7716 -3.85361
    endloop
  endfacet
  facet normal -0.52423 0.721172 -0.452873
    outer loop
      vertex 11.8925 -30.967 0.5
      vertex 13.3501 -32.7142 -3.96957
      vertex 13.2528 -32.7392 -3.89675
    endloop
  endfacet
  facet normal -0.523954 0.721378 -0.452864
    outer loop
      vertex 11.8925 -30.967 0.5
      vertex 13.4498 -32.7016 -4.06485
      vertex 13.3501 -32.7142 -3.96957
    endloop
  endfacet
  facet normal -0.524431 0.721016 -0.452889
    outer loop
      vertex 11.8925 -30.967 0.5
      vertex 13.5502 -32.7016 -4.18111
      vertex 13.4498 -32.7016 -4.06485
    endloop
  endfacet
  facet normal -0.523905 0.721421 -0.452853
    outer loop
      vertex 13.5502 -32.7016 -4.18111
      vertex 11.8925 -30.967 0.5
      vertex 13.6382 -32.7127 -4.3006
    endloop
  endfacet
  facet normal -0.524132 0.721244 -0.452871
    outer loop
      vertex 15.125 -34.1995 -8.38932
      vertex 13.5877 -33.1885 -5
      vertex 13.8925 -32.967 -5
    endloop
  endfacet
  facet normal -0.52402 0.72134 -0.452849
    outer loop
      vertex 13.5877 -33.1885 -5
      vertex 15.125 -34.1995 -8.38932
      vertex 15.125 -34.7257 -9.2275
    endloop
  endfacet
  facet normal 0 0.939796 -0.341737
    outer loop
      vertex 15.125 -31.9425 -3.45073
      vertex 13.3116 -30.5059 0.5
      vertex 13.6884 -30.5059 0.5
    endloop
  endfacet
  facet normal -0.000130055 0.939776 -0.34179
    outer loop
      vertex 13.3116 -30.5059 0.5
      vertex 15.125 -31.9425 -3.45073
      vertex 15.125 -32.3193 -4.48677
    endloop
  endfacet
  facet normal -0.333001 0.840785 -0.426839
    outer loop
      vertex 15.125 -33.1989 -6.51814
      vertex 12.2227 -30.7855 0.5
      vertex 12.5729 -30.6468 0.5
    endloop
  endfacet
  facet normal -0.332946 0.840813 -0.426826
    outer loop
      vertex 12.2227 -30.7855 0.5
      vertex 15.125 -33.1989 -6.51814
      vertex 15.125 -33.6879 -7.48143
    endloop
  endfacet
  facet normal 0.119512 0.946222 -0.300634
    outer loop
      vertex 15.125 -31.616 -2.42286
      vertex 13.6884 -30.5059 0.5
      vertex 14.0621 -30.5531 0.5
    endloop
  endfacet
  facet normal 0.119653 0.946226 -0.300566
    outer loop
      vertex 13.6884 -30.5059 0.5
      vertex 15.125 -31.616 -2.42286
      vertex 15.125 -31.9425 -3.45073
    endloop
  endfacet
  facet normal -0.998019 0.0629071 0
    outer loop
      vertex 10.5 -33.5 0.5
      vertex 10.5237 -33.124 3.5
      vertex 10.5237 -33.124 0.5
    endloop
  endfacet
  facet normal -0.998019 0.0629071 0
    outer loop
      vertex 10.5237 -33.124 3.5
      vertex 10.5 -33.5 0.5
      vertex 10.5 -33.5 3.5
    endloop
  endfacet
  facet normal -0.587872 0.808954 0
    outer loop
      vertex 11.8925 -30.967 0.5
      vertex 11.5877 -31.1885 3.5
      vertex 11.8925 -30.967 3.5
    endloop
  endfacet
  facet normal -0.587872 0.808954 0
    outer loop
      vertex 11.5877 -31.1885 3.5
      vertex 11.8925 -30.967 0.5
      vertex 11.5877 -31.1885 0.5
    endloop
  endfacet
  facet normal 0 0 1
    outer loop
      vertex 15.125 -35.125 3.5
      vertex 14.2937 -33.3997 3.5
      vertex 14.3 -33.5 3.5
    endloop
  endfacet
  facet normal 0 0 1
    outer loop
      vertex 14.7773 -30.7855 3.5
      vertex 14.2749 -33.301 3.5
      vertex 14.2937 -33.3997 3.5
    endloop
  endfacet
  facet normal 0 0 1
    outer loop
      vertex 14.7773 -30.7855 3.5
      vertex 14.2438 -33.2055 3.5
      vertex 14.2749 -33.301 3.5
    endloop
  endfacet
  facet normal 0 0 1
    outer loop
      vertex 14.7773 -30.7855 3.5
      vertex 14.201 -33.1146 3.5
      vertex 14.2438 -33.2055 3.5
    endloop
  endfacet
  facet normal 0 0 1
    outer loop
      vertex 14.7773 -30.7855 3.5
      vertex 14.1472 -33.0298 3.5
      vertex 14.201 -33.1146 3.5
    endloop
  endfacet
  facet normal 0 0 1
    outer loop
      vertex 14.7773 -30.7855 3.5
      vertex 14.0832 -32.9524 3.5
      vertex 14.1472 -33.0298 3.5
    endloop
  endfacet
  facet normal 0 0 1
    outer loop
      vertex 13.7472 -32.7392 3.5
      vertex 14.4271 -30.6468 3.5
      vertex 14.0621 -30.5531 3.5
    endloop
  endfacet
  facet normal 0 0 1
    outer loop
      vertex 14.7773 -30.7855 3.5
      vertex 14.0099 -32.8836 3.5
      vertex 14.0832 -32.9524 3.5
    endloop
  endfacet
  facet normal 0 0 1
    outer loop
      vertex 14.7773 -30.7855 3.5
      vertex 13.9287 -32.8245 3.5
      vertex 14.0099 -32.8836 3.5
    endloop
  endfacet
  facet normal 0 0 1
    outer loop
      vertex 14.7773 -30.7855 3.5
      vertex 13.8406 -32.7761 3.5
      vertex 13.9287 -32.8245 3.5
    endloop
  endfacet
  facet normal 0 0 1
    outer loop
      vertex 14.4271 -30.6468 3.5
      vertex 13.7472 -32.7392 3.5
      vertex 13.8406 -32.7761 3.5
    endloop
  endfacet
  facet normal 0 0 1
    outer loop
      vertex 13.6499 -32.7142 3.5
      vertex 14.0621 -30.5531 3.5
      vertex 13.6884 -30.5059 3.5
    endloop
  endfacet
  facet normal 0 0 1
    outer loop
      vertex 14.0621 -30.5531 3.5
      vertex 13.6499 -32.7142 3.5
      vertex 13.7472 -32.7392 3.5
    endloop
  endfacet
  facet normal 0 0 1
    outer loop
      vertex 13.6884 -30.5059 3.5
      vertex 13.5502 -32.7016 3.5
      vertex 13.6499 -32.7142 3.5
    endloop
  endfacet
  facet normal 0 0 1
    outer loop
      vertex 13.6884 -30.5059 3.5
      vertex 13.4498 -32.7016 3.5
      vertex 13.5502 -32.7016 3.5
    endloop
  endfacet
  facet normal -0 0 1
    outer loop
      vertex 13.3116 -30.5059 3.5
      vertex 13.4498 -32.7016 3.5
      vertex 13.6884 -30.5059 3.5
    endloop
  endfacet
  facet normal 0 0 1
    outer loop
      vertex 13.4498 -32.7016 3.5
      vertex 13.3116 -30.5059 3.5
      vertex 13.3501 -32.7142 3.5
    endloop
  endfacet
  facet normal -0 0 1
    outer loop
      vertex 12.9379 -30.5531 3.5
      vertex 13.3501 -32.7142 3.5
      vertex 13.3116 -30.5059 3.5
    endloop
  endfacet
  facet normal 0 0 1
    outer loop
      vertex 13.3501 -32.7142 3.5
      vertex 12.9379 -30.5531 3.5
      vertex 13.2528 -32.7392 3.5
    endloop
  endfacet
  facet normal -0 0 1
    outer loop
      vertex 12.5729 -30.6468 3.5
      vertex 13.2528 -32.7392 3.5
      vertex 12.9379 -30.5531 3.5
    endloop
  endfacet
  facet normal 0 0 1
    outer loop
      vertex 13.2528 -32.7392 3.5
      vertex 12.5729 -30.6468 3.5
      vertex 13.1594 -32.7761 3.5
    endloop
  endfacet
  facet normal -0 0 1
    outer loop
      vertex 12.2227 -30.7855 3.5
      vertex 13.1594 -32.7761 3.5
      vertex 12.5729 -30.6468 3.5
    endloop
  endfacet
  facet normal 0 0 1
    outer loop
      vertex 13.1594 -32.7761 3.5
      vertex 12.2227 -30.7855 3.5
      vertex 13.0713 -32.8245 3.5
    endloop
  endfacet
  facet normal -0 0 1
    outer loop
      vertex 11.8925 -30.967 3.5
      vertex 13.0713 -32.8245 3.5
      vertex 12.2227 -30.7855 3.5
    endloop
  endfacet
  facet normal 0 0 1
    outer loop
      vertex 13.0713 -32.8245 3.5
      vertex 11.8925 -30.967 3.5
      vertex 12.9901 -32.8836 3.5
    endloop
  endfacet
  facet normal -0 0 1
    outer loop
      vertex 11.5877 -31.1885 3.5
      vertex 12.9901 -32.8836 3.5
      vertex 11.8925 -30.967 3.5
    endloop
  endfacet
  facet normal 0 0 1
    outer loop
      vertex 12.9901 -32.8836 3.5
      vertex 11.5877 -31.1885 3.5
      vertex 12.9168 -32.9524 3.5
    endloop
  endfacet
  facet normal -0 0 1
    outer loop
      vertex 11.3131 -31.4464 3.5
      vertex 12.9168 -32.9524 3.5
      vertex 11.5877 -31.1885 3.5
    endloop
  endfacet
  facet normal -0 0 1
    outer loop
      vertex 11.0729 -31.7366 3.5
      vertex 12.8528 -33.0298 3.5
      vertex 11.3131 -31.4464 3.5
    endloop
  endfacet
  facet normal 0 0 1
    outer loop
      vertex 12.9168 -32.9524 3.5
      vertex 11.3131 -31.4464 3.5
      vertex 12.8528 -33.0298 3.5
    endloop
  endfacet
  facet normal 0 0 1
    outer loop
      vertex 14.2937 -33.3997 3.5
      vertex 15.125 -30.9797 3.5
      vertex 15.1075 -30.967 3.5
    endloop
  endfacet
  facet normal 0 0 1
    outer loop
      vertex 14.2937 -33.3997 3.5
      vertex 15.1075 -30.967 3.5
      vertex 14.7773 -30.7855 3.5
    endloop
  endfacet
  facet normal 0 0 1
    outer loop
      vertex 13.8406 -32.7761 3.5
      vertex 14.7773 -30.7855 3.5
      vertex 14.4271 -30.6468 3.5
    endloop
  endfacet
  facet normal -0 0 1
    outer loop
      vertex 14.2937 -33.3997 3.5
      vertex 15.125 -35.125 3.5
      vertex 15.125 -30.9797 3.5
    endloop
  endfacet
  facet normal -0 0 1
    outer loop
      vertex 14.2937 -33.6003 3.5
      vertex 15.125 -35.125 3.5
      vertex 14.3 -33.5 3.5
    endloop
  endfacet
  facet normal -0 0 1
    outer loop
      vertex 14.2749 -33.699 3.5
      vertex 15.125 -35.125 3.5
      vertex 14.2937 -33.6003 3.5
    endloop
  endfacet
  facet normal -0 0 1
    outer loop
      vertex 14.2438 -33.7945 3.5
      vertex 15.125 -35.125 3.5
      vertex 14.2749 -33.699 3.5
    endloop
  endfacet
  facet normal -0 0 1
    outer loop
      vertex 14.201 -33.8854 3.5
      vertex 15.125 -35.125 3.5
      vertex 14.2438 -33.7945 3.5
    endloop
  endfacet
  facet normal -0 0 1
    outer loop
      vertex 14.1472 -33.9702 3.5
      vertex 15.125 -35.125 3.5
      vertex 14.201 -33.8854 3.5
    endloop
  endfacet
  facet normal -0 0 1
    outer loop
      vertex 14.0832 -34.0476 3.5
      vertex 15.125 -35.125 3.5
      vertex 14.1472 -33.9702 3.5
    endloop
  endfacet
  facet normal -0 0 1
    outer loop
      vertex 14.0099 -34.1164 3.5
      vertex 15.125 -35.125 3.5
      vertex 14.0832 -34.0476 3.5
    endloop
  endfacet
  facet normal -0 0 1
    outer loop
      vertex 13.9287 -34.1755 3.5
      vertex 15.125 -35.125 3.5
      vertex 14.0099 -34.1164 3.5
    endloop
  endfacet
  facet normal -0 0 1
    outer loop
      vertex 13.8406 -34.2239 3.5
      vertex 15.125 -35.125 3.5
      vertex 13.9287 -34.1755 3.5
    endloop
  endfacet
  facet normal -0 0 1
    outer loop
      vertex 13.7472 -34.2608 3.5
      vertex 15.125 -35.125 3.5
      vertex 13.8406 -34.2239 3.5
    endloop
  endfacet
  facet normal -0 0 1
    outer loop
      vertex 13.6499 -34.2858 3.5
      vertex 15.125 -35.125 3.5
      vertex 13.7472 -34.2608 3.5
    endloop
  endfacet
  facet normal -0 0 1
    outer loop
      vertex 13.5502 -34.2984 3.5
      vertex 15.125 -35.125 3.5
      vertex 13.6499 -34.2858 3.5
    endloop
  endfacet
  facet normal -0 0 1
    outer loop
      vertex 13.4498 -34.2984 3.5
      vertex 15.125 -35.125 3.5
      vertex 13.5502 -34.2984 3.5
    endloop
  endfacet
  facet normal 0 0 1
    outer loop
      vertex 13.3501 -34.2858 3.5
      vertex 15.125 -35.125 3.5
      vertex 13.4498 -34.2984 3.5
    endloop
  endfacet
  facet normal 0 0 1
    outer loop
      vertex 10.9851 -35.125 3.5
      vertex 13.3501 -34.2858 3.5
      vertex 13.2528 -34.2608 3.5
    endloop
  endfacet
  facet normal 0 0 1
    outer loop
      vertex 10.9851 -35.125 3.5
      vertex 13.2528 -34.2608 3.5
      vertex 13.1594 -34.2239 3.5
    endloop
  endfacet
  facet normal 0 0 1
    outer loop
      vertex 12.8528 -33.0298 3.5
      vertex 11.0729 -31.7366 3.5
      vertex 12.799 -33.1146 3.5
    endloop
  endfacet
  facet normal -0 0 1
    outer loop
      vertex 10.8711 -32.0547 3.5
      vertex 12.799 -33.1146 3.5
      vertex 11.0729 -31.7366 3.5
    endloop
  endfacet
  facet normal 0 0 1
    outer loop
      vertex 12.799 -33.1146 3.5
      vertex 10.8711 -32.0547 3.5
      vertex 12.7562 -33.2055 3.5
    endloop
  endfacet
  facet normal -0 0 1
    outer loop
      vertex 10.7107 -32.3956 3.5
      vertex 12.7562 -33.2055 3.5
      vertex 10.8711 -32.0547 3.5
    endloop
  endfacet
  facet normal 0 0 1
    outer loop
      vertex 12.7562 -33.2055 3.5
      vertex 10.7107 -32.3956 3.5
      vertex 12.7251 -33.301 3.5
    endloop
  endfacet
  facet normal -0 0 1
    outer loop
      vertex 10.5942 -32.7539 3.5
      vertex 12.7251 -33.301 3.5
      vertex 10.7107 -32.3956 3.5
    endloop
  endfacet
  facet normal 0 0 1
    outer loop
      vertex 12.7251 -33.301 3.5
      vertex 10.5942 -32.7539 3.5
      vertex 12.7063 -33.3997 3.5
    endloop
  endfacet
  facet normal -0 0 1
    outer loop
      vertex 10.5237 -33.124 3.5
      vertex 12.7063 -33.3997 3.5
      vertex 10.5942 -32.7539 3.5
    endloop
  endfacet
  facet normal 0 0 1
    outer loop
      vertex 12.7063 -33.3997 3.5
      vertex 10.5237 -33.124 3.5
      vertex 12.7 -33.5 3.5
    endloop
  endfacet
  facet normal 0 0 1
    outer loop
      vertex 10.5 -33.5 3.5
      vertex 12.7 -33.5 3.5
      vertex 10.5237 -33.124 3.5
    endloop
  endfacet
  facet normal 0 0 1
    outer loop
      vertex 13.3501 -34.2858 3.5
      vertex 10.9851 -35.125 3.5
      vertex 15.125 -35.125 3.5
    endloop
  endfacet
  facet normal 0 0 1
    outer loop
      vertex 13.0713 -34.1755 3.5
      vertex 10.9851 -35.125 3.5
      vertex 13.1594 -34.2239 3.5
    endloop
  endfacet
  facet normal 0 0 1
    outer loop
      vertex 12.9901 -34.1164 3.5
      vertex 10.9851 -35.125 3.5
      vertex 13.0713 -34.1755 3.5
    endloop
  endfacet
  facet normal 0 0 1
    outer loop
      vertex 12.9168 -34.0476 3.5
      vertex 10.9851 -35.125 3.5
      vertex 12.9901 -34.1164 3.5
    endloop
  endfacet
  facet normal 0 0 1
    outer loop
      vertex 12.8528 -33.9702 3.5
      vertex 10.9851 -35.125 3.5
      vertex 12.9168 -34.0476 3.5
    endloop
  endfacet
  facet normal 0 0 1
    outer loop
      vertex 12.7 -33.5 3.5
      vertex 10.5 -33.5 3.5
      vertex 12.7063 -33.6003 3.5
    endloop
  endfacet
  facet normal 0 -0 1
    outer loop
      vertex 10.5237 -33.876 3.5
      vertex 12.7063 -33.6003 3.5
      vertex 10.5 -33.5 3.5
    endloop
  endfacet
  facet normal 0 0 1
    outer loop
      vertex 12.7063 -33.6003 3.5
      vertex 10.5237 -33.876 3.5
      vertex 12.7251 -33.699 3.5
    endloop
  endfacet
  facet normal 0 -0 1
    outer loop
      vertex 10.9851 -35.125 3.5
      vertex 12.799 -33.8854 3.5
      vertex 10.8711 -34.9453 3.5
    endloop
  endfacet
  facet normal 0 0 1
    outer loop
      vertex 12.799 -33.8854 3.5
      vertex 10.9851 -35.125 3.5
      vertex 12.8528 -33.9702 3.5
    endloop
  endfacet
  facet normal 0 -0 1
    outer loop
      vertex 10.5942 -34.2461 3.5
      vertex 12.7251 -33.699 3.5
      vertex 10.5237 -33.876 3.5
    endloop
  endfacet
  facet normal 0 -0 1
    outer loop
      vertex 10.8711 -34.9453 3.5
      vertex 12.799 -33.8854 3.5
      vertex 10.7107 -34.6044 3.5
    endloop
  endfacet
  facet normal 0 0 1
    outer loop
      vertex 12.7251 -33.699 3.5
      vertex 10.5942 -34.2461 3.5
      vertex 12.7562 -33.7945 3.5
    endloop
  endfacet
  facet normal 0 0 1
    outer loop
      vertex 12.7562 -33.7945 3.5
      vertex 10.7107 -34.6044 3.5
      vertex 12.799 -33.8854 3.5
    endloop
  endfacet
  facet normal 0 -0 1
    outer loop
      vertex 10.7107 -34.6044 3.5
      vertex 12.7562 -33.7945 3.5
      vertex 10.5942 -34.2461 3.5
    endloop
  endfacet
  facet normal -0.844415 0.53569 0
    outer loop
      vertex 10.8711 -32.0547 0.5
      vertex 11.0729 -31.7366 3.5
      vertex 11.0729 -31.7366 0.5
    endloop
  endfacet
  facet normal -0.844415 0.53569 0
    outer loop
      vertex 11.0729 -31.7366 3.5
      vertex 10.8711 -32.0547 0.5
      vertex 10.8711 -32.0547 3.5
    endloop
  endfacet
  facet normal 0.125309 0.992118 -0
    outer loop
      vertex 14.0621 -30.5531 0.5
      vertex 13.6884 -30.5059 3.5
      vertex 14.0621 -30.5531 3.5
    endloop
  endfacet
  facet normal 0.125309 0.992118 0
    outer loop
      vertex 13.6884 -30.5059 3.5
      vertex 14.0621 -30.5531 0.5
      vertex 13.6884 -30.5059 0.5
    endloop
  endfacet
  facet normal -0.950993 -0.309212 0
    outer loop
      vertex 10.7107 -34.6044 0.5
      vertex 10.5942 -34.2461 3.5
      vertex 10.5942 -34.2461 0.5
    endloop
  endfacet
  facet normal -0.950993 -0.309212 0
    outer loop
      vertex 10.5942 -34.2461 3.5
      vertex 10.7107 -34.6044 0.5
      vertex 10.7107 -34.6044 3.5
    endloop
  endfacet
  facet normal -0.998019 -0.0629071 0
    outer loop
      vertex 10.5237 -33.876 0.5
      vertex 10.5 -33.5 3.5
      vertex 10.5 -33.5 0.5
    endloop
  endfacet
  facet normal -0.998019 -0.0629071 0
    outer loop
      vertex 10.5 -33.5 3.5
      vertex 10.5237 -33.876 0.5
      vertex 10.5237 -33.876 3.5
    endloop
  endfacet
  facet normal -0.116091 0.919134 -0.376451
    outer loop
      vertex 15.125 -32.3193 -4.48677
      vertex 12.9379 -30.5531 0.5
      vertex 13.3116 -30.5059 0.5
    endloop
  endfacet
  facet normal -0.116109 0.919129 -0.376458
    outer loop
      vertex 12.9379 -30.5531 0.5
      vertex 15.125 -32.3193 -4.48677
      vertex 15.125 -32.7403 -5.51465
    endloop
  endfacet
  facet normal -0.839146 -0.532346 -0.111539
    outer loop
      vertex 10.9851 -35.125 0.5
      vertex 10.8711 -34.9453 0.5
      vertex 11.0508 -35.125 0.00571775
    endloop
  endfacet
  facet normal 0.240541 0.937008 -0.253291
    outer loop
      vertex 15.125 -31.3448 -1.41936
      vertex 14.0621 -30.5531 0.5
      vertex 14.4271 -30.6468 0.5
    endloop
  endfacet
  facet normal 0.240649 0.936997 -0.253227
    outer loop
      vertex 14.0621 -30.5531 0.5
      vertex 15.125 -31.3448 -1.41936
      vertex 15.125 -31.616 -2.42286
    endloop
  endfacet
  facet normal 0.24865 0.968593 -0
    outer loop
      vertex 14.4271 -30.6468 0.5
      vertex 14.0621 -30.5531 3.5
      vertex 14.4271 -30.6468 3.5
    endloop
  endfacet
  facet normal 0.24865 0.968593 0
    outer loop
      vertex 14.0621 -30.5531 3.5
      vertex 14.4271 -30.6468 0.5
      vertex 14.0621 -30.5531 0.5
    endloop
  endfacet
  facet normal 0.585446 0.806717 -0.0803704
    outer loop
      vertex 15.125 -30.9845 0.45182
      vertex 15.1075 -30.967 0.5
      vertex 15.125 -30.9797 0.5
    endloop
  endfacet
  facet normal 0.476821 0.867472 -0.141893
    outer loop
      vertex 15.125 -30.9845 0.45182
      vertex 14.7773 -30.7855 0.5
      vertex 15.1075 -30.967 0.5
    endloop
  endfacet
  facet normal 0.476788 0.86746 -0.142078
    outer loop
      vertex 14.7773 -30.7855 0.5
      vertex 15.125 -30.9845 0.45182
      vertex 15.125 -31.1332 -0.456073
    endloop
  endfacet
  facet normal -0.904843 -0.425746 0
    outer loop
      vertex 10.8711 -34.9453 0.5
      vertex 10.7107 -34.6044 3.5
      vertex 10.7107 -34.6044 0.5
    endloop
  endfacet
  facet normal -0.904843 -0.425746 0
    outer loop
      vertex 10.7107 -34.6044 3.5
      vertex 10.8711 -34.9453 0.5
      vertex 10.8711 -34.9453 3.5
    endloop
  endfacet
  facet normal -0.926135 -0.300962 -0.227366
    outer loop
      vertex 11.2313 -35.125 -0.931724
      vertex 10.5942 -34.2461 0.5
      vertex 11.4732 -35.125 -1.91706
    endloop
  endfacet
  facet normal -0.92611 -0.301122 -0.227257
    outer loop
      vertex 10.5942 -34.2461 0.5
      vertex 11.2313 -35.125 -0.931724
      vertex 10.7107 -34.6044 0.5
    endloop
  endfacet
  facet normal -0.864631 0.280894 -0.416547
    outer loop
      vertex 12.9653 -35.125 -6.02044
      vertex 10.7107 -32.3956 0.5
      vertex 13.44 -35.125 -7.00578
    endloop
  endfacet
  facet normal -0.864538 0.281101 -0.416601
    outer loop
      vertex 10.7107 -32.3956 0.5
      vertex 12.9653 -35.125 -6.02044
      vertex 10.5942 -32.7539 0.5
    endloop
  endfacet
  facet normal -0.93113 0.0586909 -0.359935
    outer loop
      vertex 12.125 -35.125 -3.96875
      vertex 10.5237 -33.124 0.5
      vertex 12.5247 -35.125 -5.00275
    endloop
  endfacet
  facet normal -0.93113 0.0586909 -0.359935
    outer loop
      vertex 10.5237 -33.124 0.5
      vertex 12.125 -35.125 -3.96875
      vertex 10.5 -33.5 0.5
    endloop
  endfacet
  facet normal 0.92611 -0.301122 -0.227257
    outer loop
      vertex -11.2313 -35.125 -0.931724
      vertex -10.5942 -34.2461 0.5
      vertex -10.7107 -34.6044 0.5
    endloop
  endfacet
  facet normal 0.926135 -0.300962 -0.227366
    outer loop
      vertex -10.5942 -34.2461 0.5
      vertex -11.2313 -35.125 -0.931724
      vertex -11.4732 -35.125 -1.91706
    endloop
  endfacet
  facet normal 0.814512 0.383243 -0.43554
    outer loop
      vertex -13.44 -35.125 -7.00578
      vertex -10.8711 -32.0547 0.5
      vertex -10.7107 -32.3956 0.5
    endloop
  endfacet
  facet normal 0.814486 0.383288 -0.43555
    outer loop
      vertex -10.8711 -32.0547 0.5
      vertex -13.44 -35.125 -7.00578
      vertex -13.9413 -35.125 -7.94322
    endloop
  endfacet
  facet normal 0.587872 0.808954 -0
    outer loop
      vertex -11.5877 -31.1885 0.5
      vertex -11.8925 -30.967 3.5
      vertex -11.5877 -31.1885 3.5
    endloop
  endfacet
  facet normal 0.587872 0.808954 0
    outer loop
      vertex -11.8925 -30.967 3.5
      vertex -11.5877 -31.1885 0.5
      vertex -11.8925 -30.967 0.5
    endloop
  endfacet
  facet normal 0.125309 0.992118 -0
    outer loop
      vertex -12.9379 -30.5531 0.5
      vertex -13.3116 -30.5059 3.5
      vertex -12.9379 -30.5531 3.5
    endloop
  endfacet
  facet normal 0.125309 0.992118 0
    outer loop
      vertex -13.3116 -30.5059 3.5
      vertex -12.9379 -30.5531 0.5
      vertex -13.3116 -30.5059 0.5
    endloop
  endfacet
  facet normal 0 0 1
    outer loop
      vertex -10.5237 -33.124 3.5
      vertex -12.7063 -33.3997 3.5
      vertex -12.7 -33.5 3.5
    endloop
  endfacet
  facet normal 0 0 1
    outer loop
      vertex -12.2227 -30.7855 3.5
      vertex -12.7251 -33.301 3.5
      vertex -12.7063 -33.3997 3.5
    endloop
  endfacet
  facet normal 0 0 1
    outer loop
      vertex -12.2227 -30.7855 3.5
      vertex -12.7562 -33.2055 3.5
      vertex -12.7251 -33.301 3.5
    endloop
  endfacet
  facet normal 0 0 1
    outer loop
      vertex -12.2227 -30.7855 3.5
      vertex -12.799 -33.1146 3.5
      vertex -12.7562 -33.2055 3.5
    endloop
  endfacet
  facet normal 0 0 1
    outer loop
      vertex -12.2227 -30.7855 3.5
      vertex -12.8528 -33.0298 3.5
      vertex -12.799 -33.1146 3.5
    endloop
  endfacet
  facet normal 0 0 1
    outer loop
      vertex -12.2227 -30.7855 3.5
      vertex -12.9168 -32.9524 3.5
      vertex -12.8528 -33.0298 3.5
    endloop
  endfacet
  facet normal 0 0 1
    outer loop
      vertex -13.2528 -32.7392 3.5
      vertex -12.5729 -30.6468 3.5
      vertex -12.9379 -30.5531 3.5
    endloop
  endfacet
  facet normal 0 0 1
    outer loop
      vertex -12.2227 -30.7855 3.5
      vertex -12.9901 -32.8836 3.5
      vertex -12.9168 -32.9524 3.5
    endloop
  endfacet
  facet normal 0 0 1
    outer loop
      vertex -12.2227 -30.7855 3.5
      vertex -13.0713 -32.8245 3.5
      vertex -12.9901 -32.8836 3.5
    endloop
  endfacet
  facet normal 0 0 1
    outer loop
      vertex -12.2227 -30.7855 3.5
      vertex -13.1594 -32.7761 3.5
      vertex -13.0713 -32.8245 3.5
    endloop
  endfacet
  facet normal 0 0 1
    outer loop
      vertex -12.5729 -30.6468 3.5
      vertex -13.2528 -32.7392 3.5
      vertex -13.1594 -32.7761 3.5
    endloop
  endfacet
  facet normal 0 0 1
    outer loop
      vertex -13.3501 -32.7142 3.5
      vertex -12.9379 -30.5531 3.5
      vertex -13.3116 -30.5059 3.5
    endloop
  endfacet
  facet normal 0 0 1
    outer loop
      vertex -12.9379 -30.5531 3.5
      vertex -13.3501 -32.7142 3.5
      vertex -13.2528 -32.7392 3.5
    endloop
  endfacet
  facet normal 0 0 1
    outer loop
      vertex -13.3116 -30.5059 3.5
      vertex -13.4498 -32.7016 3.5
      vertex -13.3501 -32.7142 3.5
    endloop
  endfacet
  facet normal 0 0 1
    outer loop
      vertex -13.3116 -30.5059 3.5
      vertex -13.5502 -32.7016 3.5
      vertex -13.4498 -32.7016 3.5
    endloop
  endfacet
  facet normal -0 0 1
    outer loop
      vertex -13.6884 -30.5059 3.5
      vertex -13.5502 -32.7016 3.5
      vertex -13.3116 -30.5059 3.5
    endloop
  endfacet
  facet normal 0 0 1
    outer loop
      vertex -13.5502 -32.7016 3.5
      vertex -13.6884 -30.5059 3.5
      vertex -13.6499 -32.7142 3.5
    endloop
  endfacet
  facet normal -0 0 1
    outer loop
      vertex -14.0621 -30.5531 3.5
      vertex -13.6499 -32.7142 3.5
      vertex -13.6884 -30.5059 3.5
    endloop
  endfacet
  facet normal 0 0 1
    outer loop
      vertex -13.6499 -32.7142 3.5
      vertex -14.0621 -30.5531 3.5
      vertex -13.7472 -32.7392 3.5
    endloop
  endfacet
  facet normal -0 0 1
    outer loop
      vertex -14.4271 -30.6468 3.5
      vertex -13.7472 -32.7392 3.5
      vertex -14.0621 -30.5531 3.5
    endloop
  endfacet
  facet normal 0 0 1
    outer loop
      vertex -13.7472 -32.7392 3.5
      vertex -14.4271 -30.6468 3.5
      vertex -13.8406 -32.7761 3.5
    endloop
  endfacet
  facet normal -0 0 1
    outer loop
      vertex -14.7773 -30.7855 3.5
      vertex -13.8406 -32.7761 3.5
      vertex -14.4271 -30.6468 3.5
    endloop
  endfacet
  facet normal 0 0 1
    outer loop
      vertex -13.8406 -32.7761 3.5
      vertex -14.7773 -30.7855 3.5
      vertex -13.9287 -32.8245 3.5
    endloop
  endfacet
  facet normal -0 0 1
    outer loop
      vertex -15.1075 -30.967 3.5
      vertex -13.9287 -32.8245 3.5
      vertex -14.7773 -30.7855 3.5
    endloop
  endfacet
  facet normal -0 0 1
    outer loop
      vertex -15.125 -30.9797 3.5
      vertex -13.9287 -32.8245 3.5
      vertex -15.1075 -30.967 3.5
    endloop
  endfacet
  facet normal 0 0 1
    outer loop
      vertex -13.9287 -32.8245 3.5
      vertex -15.125 -30.9797 3.5
      vertex -14.0099 -32.8836 3.5
    endloop
  endfacet
  facet normal 0 0 1
    outer loop
      vertex -14.0099 -32.8836 3.5
      vertex -15.125 -30.9797 3.5
      vertex -14.0832 -32.9524 3.5
    endloop
  endfacet
  facet normal 0 0 1
    outer loop
      vertex -14.0832 -32.9524 3.5
      vertex -15.125 -30.9797 3.5
      vertex -14.1472 -33.0298 3.5
    endloop
  endfacet
  facet normal 0 0 1
    outer loop
      vertex -14.201 -33.1146 3.5
      vertex -15.125 -30.9797 3.5
      vertex -14.2438 -33.2055 3.5
    endloop
  endfacet
  facet normal 0 0 1
    outer loop
      vertex -14.1472 -33.0298 3.5
      vertex -15.125 -30.9797 3.5
      vertex -14.201 -33.1146 3.5
    endloop
  endfacet
  facet normal 0 0 1
    outer loop
      vertex -12.7 -33.5 3.5
      vertex -10.5 -33.5 3.5
      vertex -10.5237 -33.124 3.5
    endloop
  endfacet
  facet normal 0 0 1
    outer loop
      vertex -12.7063 -33.3997 3.5
      vertex -10.5237 -33.124 3.5
      vertex -10.5942 -32.7539 3.5
    endloop
  endfacet
  facet normal 0 0 1
    outer loop
      vertex -10.5 -33.5 3.5
      vertex -12.7 -33.5 3.5
      vertex -10.5237 -33.876 3.5
    endloop
  endfacet
  facet normal 0 0 1
    outer loop
      vertex -12.7063 -33.3997 3.5
      vertex -10.5942 -32.7539 3.5
      vertex -10.7107 -32.3956 3.5
    endloop
  endfacet
  facet normal -0 0 1
    outer loop
      vertex -12.7063 -33.6003 3.5
      vertex -10.5237 -33.876 3.5
      vertex -12.7 -33.5 3.5
    endloop
  endfacet
  facet normal 0 0 1
    outer loop
      vertex -12.7063 -33.3997 3.5
      vertex -10.7107 -32.3956 3.5
      vertex -10.8711 -32.0547 3.5
    endloop
  endfacet
  facet normal 0 0 1
    outer loop
      vertex -10.5237 -33.876 3.5
      vertex -12.7063 -33.6003 3.5
      vertex -10.5942 -34.2461 3.5
    endloop
  endfacet
  facet normal -0 0 1
    outer loop
      vertex -12.7251 -33.699 3.5
      vertex -10.5942 -34.2461 3.5
      vertex -12.7063 -33.6003 3.5
    endloop
  endfacet
  facet normal 0 0 1
    outer loop
      vertex -12.7063 -33.3997 3.5
      vertex -10.8711 -32.0547 3.5
      vertex -11.0729 -31.7366 3.5
    endloop
  endfacet
  facet normal 0 0 1
    outer loop
      vertex -12.7063 -33.3997 3.5
      vertex -11.0729 -31.7366 3.5
      vertex -11.3131 -31.4464 3.5
    endloop
  endfacet
  facet normal 0 0 1
    outer loop
      vertex -12.7063 -33.3997 3.5
      vertex -11.3131 -31.4464 3.5
      vertex -11.5877 -31.1885 3.5
    endloop
  endfacet
  facet normal 0 0 1
    outer loop
      vertex -12.7063 -33.3997 3.5
      vertex -11.5877 -31.1885 3.5
      vertex -11.8925 -30.967 3.5
    endloop
  endfacet
  facet normal 0 0 1
    outer loop
      vertex -12.7063 -33.3997 3.5
      vertex -11.8925 -30.967 3.5
      vertex -12.2227 -30.7855 3.5
    endloop
  endfacet
  facet normal 0 0 1
    outer loop
      vertex -13.1594 -32.7761 3.5
      vertex -12.2227 -30.7855 3.5
      vertex -12.5729 -30.6468 3.5
    endloop
  endfacet
  facet normal 0 0 1
    outer loop
      vertex -10.5942 -34.2461 3.5
      vertex -12.7251 -33.699 3.5
      vertex -10.7107 -34.6044 3.5
    endloop
  endfacet
  facet normal -0 0 1
    outer loop
      vertex -12.7562 -33.7945 3.5
      vertex -10.7107 -34.6044 3.5
      vertex -12.7251 -33.699 3.5
    endloop
  endfacet
  facet normal 0 0 1
    outer loop
      vertex -10.7107 -34.6044 3.5
      vertex -12.7562 -33.7945 3.5
      vertex -10.8711 -34.9453 3.5
    endloop
  endfacet
  facet normal -0 0 1
    outer loop
      vertex -12.799 -33.8854 3.5
      vertex -10.8711 -34.9453 3.5
      vertex -12.7562 -33.7945 3.5
    endloop
  endfacet
  facet normal 0 0 1
    outer loop
      vertex -10.8711 -34.9453 3.5
      vertex -12.799 -33.8854 3.5
      vertex -10.9851 -35.125 3.5
    endloop
  endfacet
  facet normal -0 0 1
    outer loop
      vertex -12.8528 -33.9702 3.5
      vertex -10.9851 -35.125 3.5
      vertex -12.799 -33.8854 3.5
    endloop
  endfacet
  facet normal -0 0 1
    outer loop
      vertex -12.9168 -34.0476 3.5
      vertex -10.9851 -35.125 3.5
      vertex -12.8528 -33.9702 3.5
    endloop
  endfacet
  facet normal -0 0 1
    outer loop
      vertex -12.9901 -34.1164 3.5
      vertex -10.9851 -35.125 3.5
      vertex -12.9168 -34.0476 3.5
    endloop
  endfacet
  facet normal -0 0 1
    outer loop
      vertex -13.0713 -34.1755 3.5
      vertex -10.9851 -35.125 3.5
      vertex -12.9901 -34.1164 3.5
    endloop
  endfacet
  facet normal -0 0 1
    outer loop
      vertex -13.1594 -34.2239 3.5
      vertex -10.9851 -35.125 3.5
      vertex -13.0713 -34.1755 3.5
    endloop
  endfacet
  facet normal -0 0 1
    outer loop
      vertex -13.2528 -34.2608 3.5
      vertex -10.9851 -35.125 3.5
      vertex -13.1594 -34.2239 3.5
    endloop
  endfacet
  facet normal -0 0 1
    outer loop
      vertex -13.3501 -34.2858 3.5
      vertex -10.9851 -35.125 3.5
      vertex -13.2528 -34.2608 3.5
    endloop
  endfacet
  facet normal -0 0 1
    outer loop
      vertex -13.4498 -34.2984 3.5
      vertex -10.9851 -35.125 3.5
      vertex -13.3501 -34.2858 3.5
    endloop
  endfacet
  facet normal 0 0 1
    outer loop
      vertex -15.125 -35.125 3.5
      vertex -13.4498 -34.2984 3.5
      vertex -13.5502 -34.2984 3.5
    endloop
  endfacet
  facet normal 0 0 1
    outer loop
      vertex -15.125 -35.125 3.5
      vertex -13.5502 -34.2984 3.5
      vertex -13.6499 -34.2858 3.5
    endloop
  endfacet
  facet normal 0 0 1
    outer loop
      vertex -15.125 -35.125 3.5
      vertex -13.6499 -34.2858 3.5
      vertex -13.7472 -34.2608 3.5
    endloop
  endfacet
  facet normal 0 0 1
    outer loop
      vertex -14.2438 -33.2055 3.5
      vertex -15.125 -30.9797 3.5
      vertex -14.2749 -33.301 3.5
    endloop
  endfacet
  facet normal 0 0 1
    outer loop
      vertex -14.2749 -33.301 3.5
      vertex -15.125 -30.9797 3.5
      vertex -14.2937 -33.3997 3.5
    endloop
  endfacet
  facet normal 0 0 1
    outer loop
      vertex -15.125 -35.125 3.5
      vertex -14.2937 -33.3997 3.5
      vertex -15.125 -30.9797 3.5
    endloop
  endfacet
  facet normal 0 0 1
    outer loop
      vertex -14.2937 -33.3997 3.5
      vertex -15.125 -35.125 3.5
      vertex -14.3 -33.5 3.5
    endloop
  endfacet
  facet normal 0 0 1
    outer loop
      vertex -14.3 -33.5 3.5
      vertex -15.125 -35.125 3.5
      vertex -14.2937 -33.6003 3.5
    endloop
  endfacet
  facet normal 0 0 1
    outer loop
      vertex -13.4498 -34.2984 3.5
      vertex -15.125 -35.125 3.5
      vertex -10.9851 -35.125 3.5
    endloop
  endfacet
  facet normal 0 0 1
    outer loop
      vertex -13.8406 -34.2239 3.5
      vertex -15.125 -35.125 3.5
      vertex -13.7472 -34.2608 3.5
    endloop
  endfacet
  facet normal 0 0 1
    outer loop
      vertex -13.9287 -34.1755 3.5
      vertex -15.125 -35.125 3.5
      vertex -13.8406 -34.2239 3.5
    endloop
  endfacet
  facet normal 0 0 1
    outer loop
      vertex -14.0099 -34.1164 3.5
      vertex -15.125 -35.125 3.5
      vertex -13.9287 -34.1755 3.5
    endloop
  endfacet
  facet normal 0 0 1
    outer loop
      vertex -14.0832 -34.0476 3.5
      vertex -15.125 -35.125 3.5
      vertex -14.0099 -34.1164 3.5
    endloop
  endfacet
  facet normal 0 0 1
    outer loop
      vertex -14.1472 -33.9702 3.5
      vertex -15.125 -35.125 3.5
      vertex -14.0832 -34.0476 3.5
    endloop
  endfacet
  facet normal 0 0 1
    outer loop
      vertex -14.201 -33.8854 3.5
      vertex -15.125 -35.125 3.5
      vertex -14.1472 -33.9702 3.5
    endloop
  endfacet
  facet normal 0 0 1
    outer loop
      vertex -14.2438 -33.7945 3.5
      vertex -15.125 -35.125 3.5
      vertex -14.201 -33.8854 3.5
    endloop
  endfacet
  facet normal 0 0 1
    outer loop
      vertex -14.2749 -33.699 3.5
      vertex -15.125 -35.125 3.5
      vertex -14.2438 -33.7945 3.5
    endloop
  endfacet
  facet normal 0 0 1
    outer loop
      vertex -14.2937 -33.6003 3.5
      vertex -15.125 -35.125 3.5
      vertex -14.2749 -33.699 3.5
    endloop
  endfacet
  facet normal 0.770349 0.637622 0
    outer loop
      vertex -11.0729 -31.7366 3.5
      vertex -11.3131 -31.4464 0.5
      vertex -11.3131 -31.4464 3.5
    endloop
  endfacet
  facet normal 0.770349 0.637622 0
    outer loop
      vertex -11.3131 -31.4464 0.5
      vertex -11.0729 -31.7366 3.5
      vertex -11.0729 -31.7366 0.5
    endloop
  endfacet
  facet normal 0.754699 0.478775 -0.448558
    outer loop
      vertex -10.8711 -32.0547 0.5
      vertex -12.7111 -33.3748 -4.00483
      vertex -11.0729 -31.7366 0.5
    endloop
  endfacet
  facet normal 0.753119 0.481196 -0.448622
    outer loop
      vertex -10.8711 -32.0547 0.5
      vertex -12.7063 -33.3997 -4.02348
      vertex -12.7111 -33.3748 -4.00483
    endloop
  endfacet
  facet normal 0.754762 0.478689 -0.448543
    outer loop
      vertex -10.8711 -32.0547 0.5
      vertex -12.7 -33.5 -4.11992
      vertex -12.7063 -33.3997 -4.02348
    endloop
  endfacet
  facet normal 0.754703 0.478779 -0.448548
    outer loop
      vertex -10.8711 -32.0547 0.5
      vertex -12.7063 -33.6003 -4.23758
      vertex -12.7 -33.5 -4.11992
    endloop
  endfacet
  facet normal 0.754522 0.479046 -0.448565
    outer loop
      vertex -10.8711 -32.0547 0.5
      vertex -12.7251 -33.699 -4.37461
      vertex -12.7063 -33.6003 -4.23758
    endloop
  endfacet
  facet normal 0.754827 0.478598 -0.44853
    outer loop
      vertex -10.8711 -32.0547 0.5
      vertex -12.7562 -33.7945 -4.52885
      vertex -12.7251 -33.699 -4.37461
    endloop
  endfacet
  facet normal 0.754837 0.478584 -0.448529
    outer loop
      vertex -10.8711 -32.0547 0.5
      vertex -12.799 -33.8854 -4.69787
      vertex -12.7562 -33.7945 -4.52885
    endloop
  endfacet
  facet normal 0.753743 0.480165 -0.44868
    outer loop
      vertex -10.8711 -32.0547 0.5
      vertex -12.8528 -33.9702 -4.879
      vertex -12.799 -33.8854 -4.69787
    endloop
  endfacet
  facet normal 0.754627 0.478893 -0.448553
    outer loop
      vertex -10.8711 -32.0547 0.5
      vertex -12.8935 -34.0194 -5
      vertex -12.8528 -33.9702 -4.879
    endloop
  endfacet
  facet normal 0.754392 0.479231 -0.448587
    outer loop
      vertex -12.8935 -34.0194 -5
      vertex -10.8711 -32.0547 0.5
      vertex -13.9413 -35.125 -7.94322
    endloop
  endfacet
  facet normal 0.754718 0.478771 -0.44853
    outer loop
      vertex -13.9413 -35.125 -7.94322
      vertex -13.0729 -33.7366 -5
      vertex -12.8935 -34.0194 -5
    endloop
  endfacet
  facet normal 0.754595 0.478929 -0.448568
    outer loop
      vertex -13.0729 -33.7366 -5
      vertex -13.9413 -35.125 -7.94322
      vertex -14.4613 -35.125 -8.81798
    endloop
  endfacet
  facet normal 0.891422 -0.419431 -0.171596
    outer loop
      vertex -11.0508 -35.125 0.00571775
      vertex -10.7107 -34.6044 0.5
      vertex -10.8711 -34.9453 0.5
    endloop
  endfacet
  facet normal 0.89143 -0.419394 -0.171641
    outer loop
      vertex -10.7107 -34.6044 0.5
      vertex -11.0508 -35.125 0.00571775
      vertex -11.2313 -35.125 -0.931724
    endloop
  endfacet
  facet normal -0.24865 0.968593 0
    outer loop
      vertex -14.0621 -30.5531 0.5
      vertex -14.4271 -30.6468 3.5
      vertex -14.0621 -30.5531 3.5
    endloop
  endfacet
  facet normal -0.24865 0.968593 0
    outer loop
      vertex -14.4271 -30.6468 3.5
      vertex -14.0621 -30.5531 0.5
      vertex -14.4271 -30.6468 0.5
    endloop
  endfacet
  facet normal 0.982336 -0.187124 0
    outer loop
      vertex -10.5942 -34.2461 3.5
      vertex -10.5237 -33.876 0.5
      vertex -10.5237 -33.876 3.5
    endloop
  endfacet
  facet normal 0.982336 -0.187124 0
    outer loop
      vertex -10.5237 -33.876 0.5
      vertex -10.5942 -34.2461 3.5
      vertex -10.5942 -34.2461 0.5
    endloop
  endfacet
  facet normal 0.998019 0.0629071 0
    outer loop
      vertex -10.5 -33.5 3.5
      vertex -10.5237 -33.124 0.5
      vertex -10.5237 -33.124 3.5
    endloop
  endfacet
  facet normal 0.998019 0.0629071 0
    outer loop
      vertex -10.5237 -33.124 0.5
      vertex -10.5 -33.5 3.5
      vertex -10.5 -33.5 0.5
    endloop
  endfacet
  facet normal -0.585446 0.806717 -0.0803704
    outer loop
      vertex -15.125 -30.9845 0.45182
      vertex -15.125 -30.9797 0.5
      vertex -15.1075 -30.967 0.5
    endloop
  endfacet
  facet normal -0.476821 0.867472 -0.141893
    outer loop
      vertex -14.7773 -30.7855 0.5
      vertex -15.125 -30.9845 0.45182
      vertex -15.1075 -30.967 0.5
    endloop
  endfacet
  facet normal -0.476788 0.86746 -0.142078
    outer loop
      vertex -15.125 -30.9845 0.45182
      vertex -14.7773 -30.7855 0.5
      vertex -15.125 -31.1332 -0.456073
    endloop
  endfacet
  facet normal 0.982336 0.187124 0
    outer loop
      vertex -10.5237 -33.124 3.5
      vertex -10.5942 -32.7539 0.5
      vertex -10.5942 -32.7539 3.5
    endloop
  endfacet
  facet normal 0.982336 0.187124 0
    outer loop
      vertex -10.5942 -32.7539 0.5
      vertex -10.5237 -33.124 3.5
      vertex -10.5237 -33.124 0.5
    endloop
  endfacet
  facet normal -0.360785 0.910936 -0.200076
    outer loop
      vertex -14.4271 -30.6468 0.5
      vertex -15.125 -31.1332 -0.456073
      vertex -14.7773 -30.7855 0.5
    endloop
  endfacet
  facet normal -0.360754 0.910942 -0.200102
    outer loop
      vertex -15.125 -31.1332 -0.456073
      vertex -14.4271 -30.6468 0.5
      vertex -15.125 -31.3448 -1.41936
    endloop
  endfacet
  facet normal 0.844415 -0.535689 0
    outer loop
      vertex -10.9851 -35.125 3.5
      vertex -10.8711 -34.9453 0.5
      vertex -10.8711 -34.9453 3.5
    endloop
  endfacet
  facet normal 0.844415 -0.535689 0
    outer loop
      vertex -10.8711 -34.9453 0.5
      vertex -10.9851 -35.125 3.5
      vertex -10.9851 -35.125 0.5
    endloop
  endfacet
  facet normal -0.481695 0.876339 0
    outer loop
      vertex -14.7773 -30.7855 0.5
      vertex -15.1075 -30.967 3.5
      vertex -14.7773 -30.7855 3.5
    endloop
  endfacet
  facet normal -0.481695 0.876339 0
    outer loop
      vertex -15.1075 -30.967 3.5
      vertex -14.7773 -30.7855 0.5
      vertex -15.1075 -30.967 0.5
    endloop
  endfacet
  facet normal -0.587346 0.809336 0
    outer loop
      vertex -15.1075 -30.967 0.5
      vertex -15.125 -30.9797 3.5
      vertex -15.1075 -30.967 3.5
    endloop
  endfacet
  facet normal -0.587346 0.809336 0
    outer loop
      vertex -15.125 -30.9797 3.5
      vertex -15.1075 -30.967 0.5
      vertex -15.125 -30.9797 0.5
    endloop
  endfacet
  facet normal 0.950993 0.309212 0
    outer loop
      vertex -10.5942 -32.7539 3.5
      vertex -10.7107 -32.3956 0.5
      vertex -10.7107 -32.3956 3.5
    endloop
  endfacet
  facet normal 0.950993 0.309212 0
    outer loop
      vertex -10.7107 -32.3956 0.5
      vertex -10.5942 -32.7539 3.5
      vertex -10.5942 -32.7539 0.5
    endloop
  endfacet
  facet normal 0.24865 0.968593 -0
    outer loop
      vertex -12.5729 -30.6468 0.5
      vertex -12.9379 -30.5531 3.5
      vertex -12.5729 -30.6468 3.5
    endloop
  endfacet
  facet normal 0.24865 0.968593 0
    outer loop
      vertex -12.9379 -30.5531 3.5
      vertex -12.5729 -30.6468 0.5
      vertex -12.9379 -30.5531 0.5
    endloop
  endfacet
  facet normal 0.333001 0.840785 -0.426839
    outer loop
      vertex -12.2227 -30.7855 0.5
      vertex -15.125 -33.1989 -6.51814
      vertex -12.5729 -30.6468 0.5
    endloop
  endfacet
  facet normal 0.332946 0.840813 -0.426826
    outer loop
      vertex -15.125 -33.1989 -6.51814
      vertex -12.2227 -30.7855 0.5
      vertex -15.125 -33.6879 -7.48143
    endloop
  endfacet
  facet normal 0.481695 0.876339 -0
    outer loop
      vertex -11.8925 -30.967 0.5
      vertex -12.2227 -30.7855 3.5
      vertex -11.8925 -30.967 3.5
    endloop
  endfacet
  facet normal 0.481695 0.876339 0
    outer loop
      vertex -12.2227 -30.7855 3.5
      vertex -11.8925 -30.967 0.5
      vertex -12.2227 -30.7855 0.5
    endloop
  endfacet
  facet normal 0.950993 -0.309212 0
    outer loop
      vertex -10.7107 -34.6044 3.5
      vertex -10.5942 -34.2461 0.5
      vertex -10.5942 -34.2461 3.5
    endloop
  endfacet
  facet normal 0.950993 -0.309212 0
    outer loop
      vertex -10.5942 -34.2461 0.5
      vertex -10.7107 -34.6044 3.5
      vertex -10.7107 -34.6044 0.5
    endloop
  endfacet
  facet normal 0.904843 -0.425746 0
    outer loop
      vertex -10.8711 -34.9453 3.5
      vertex -10.7107 -34.6044 0.5
      vertex -10.7107 -34.6044 3.5
    endloop
  endfacet
  facet normal 0.904843 -0.425746 0
    outer loop
      vertex -10.7107 -34.6044 0.5
      vertex -10.8711 -34.9453 3.5
      vertex -10.8711 -34.9453 0.5
    endloop
  endfacet
  facet normal 0.93113 0.0586909 -0.359935
    outer loop
      vertex -12.125 -35.125 -3.96875
      vertex -10.5237 -33.124 0.5
      vertex -10.5 -33.5 0.5
    endloop
  endfacet
  facet normal 0.93113 0.0586909 -0.359935
    outer loop
      vertex -10.5237 -33.124 0.5
      vertex -12.125 -35.125 -3.96875
      vertex -12.5247 -35.125 -5.00275
    endloop
  endfacet
  facet normal -0.36823 0.929735 0
    outer loop
      vertex -14.4271 -30.6468 0.5
      vertex -14.7773 -30.7855 3.5
      vertex -14.4271 -30.6468 3.5
    endloop
  endfacet
  facet normal -0.36823 0.929735 0
    outer loop
      vertex -14.7773 -30.7855 3.5
      vertex -14.4271 -30.6468 0.5
      vertex -14.7773 -30.7855 0.5
    endloop
  endfacet
  facet normal 0.684594 0.728924 -0
    outer loop
      vertex -11.3131 -31.4464 0.5
      vertex -11.5877 -31.1885 3.5
      vertex -11.3131 -31.4464 3.5
    endloop
  endfacet
  facet normal 0.684594 0.728924 0
    outer loop
      vertex -11.5877 -31.1885 3.5
      vertex -11.3131 -31.4464 0.5
      vertex -11.5877 -31.1885 0.5
    endloop
  endfacet
  facet normal 0.116091 0.919134 -0.376451
    outer loop
      vertex -12.9379 -30.5531 0.5
      vertex -15.125 -32.3193 -4.48677
      vertex -13.3116 -30.5059 0.5
    endloop
  endfacet
  facet normal 0.116109 0.919129 -0.376458
    outer loop
      vertex -15.125 -32.3193 -4.48677
      vertex -12.9379 -30.5531 0.5
      vertex -15.125 -32.7403 -5.51465
    endloop
  endfacet
  facet normal 0.844415 0.53569 0
    outer loop
      vertex -10.8711 -32.0547 3.5
      vertex -11.0729 -31.7366 0.5
      vertex -11.0729 -31.7366 3.5
    endloop
  endfacet
  facet normal 0.844415 0.53569 0
    outer loop
      vertex -11.0729 -31.7366 0.5
      vertex -10.8711 -32.0547 3.5
      vertex -10.8711 -32.0547 0.5
    endloop
  endfacet
  facet normal 0.227371 0.885704 -0.404761
    outer loop
      vertex -12.5729 -30.6468 0.5
      vertex -15.125 -32.7403 -5.51465
      vertex -12.9379 -30.5531 0.5
    endloop
  endfacet
  facet normal 0.227393 0.885695 -0.404767
    outer loop
      vertex -15.125 -32.7403 -5.51465
      vertex -12.5729 -30.6468 0.5
      vertex -15.125 -33.1989 -6.51814
    endloop
  endfacet
  facet normal 0.839146 -0.532346 -0.111539
    outer loop
      vertex -10.9851 -35.125 0.5
      vertex -11.0508 -35.125 0.00571775
      vertex -10.8711 -34.9453 0.5
    endloop
  endfacet
  facet normal 0.944886 -0.059558 -0.321937
    outer loop
      vertex -11.7727 -35.125 -2.93475
      vertex -10.5 -33.5 0.5
      vertex -10.5237 -33.876 0.5
    endloop
  endfacet
  facet normal 0.944886 -0.059558 -0.321937
    outer loop
      vertex -10.5 -33.5 0.5
      vertex -11.7727 -35.125 -2.93475
      vertex -12.125 -35.125 -3.96875
    endloop
  endfacet
  facet normal 0.431848 0.785783 -0.442778
    outer loop
      vertex -13.8925 -32.967 -5
      vertex -15.125 -33.6879 -7.48143
      vertex -14.0226 -32.8955 -5
    endloop
  endfacet
  facet normal 0.431868 0.785769 -0.442784
    outer loop
      vertex -15.125 -33.6879 -7.48143
      vertex -13.8925 -32.967 -5
      vertex -15.125 -34.1995 -8.38932
    endloop
  endfacet
  facet normal 0.4319 0.785749 -0.442788
    outer loop
      vertex -13.6382 -32.7127 -4.3006
      vertex -12.2227 -30.7855 0.5
      vertex -11.8925 -30.967 0.5
    endloop
  endfacet
  facet normal 0.430829 0.786373 -0.442723
    outer loop
      vertex -13.6499 -32.7142 -4.31465
      vertex -12.2227 -30.7855 0.5
      vertex -13.6382 -32.7127 -4.3006
    endloop
  endfacet
  facet normal 0.431838 0.785784 -0.442786
    outer loop
      vertex -13.7472 -32.7392 -4.45391
      vertex -12.2227 -30.7855 0.5
      vertex -13.6499 -32.7142 -4.31465
    endloop
  endfacet
  facet normal 0.433208 0.784972 -0.442888
    outer loop
      vertex -13.8406 -32.7761 -4.61067
      vertex -12.2227 -30.7855 0.5
      vertex -13.7472 -32.7392 -4.45391
    endloop
  endfacet
  facet normal 0.431245 0.786145 -0.442723
    outer loop
      vertex -13.9287 -32.8245 -4.78243
      vertex -12.2227 -30.7855 0.5
      vertex -13.8406 -32.7761 -4.61067
    endloop
  endfacet
  facet normal 0.431874 0.785767 -0.44278
    outer loop
      vertex -14.0099 -32.8836 -4.96651
      vertex -12.2227 -30.7855 0.5
      vertex -13.9287 -32.8245 -4.78243
    endloop
  endfacet
  facet normal 0.434062 0.784278 -0.443281
    outer loop
      vertex -15.125 -33.6879 -7.48143
      vertex -14.0099 -32.8836 -4.96651
      vertex -14.0226 -32.8955 -5
    endloop
  endfacet
  facet normal 0.431828 0.785795 -0.442776
    outer loop
      vertex -14.0099 -32.8836 -4.96651
      vertex -15.125 -33.6879 -7.48143
      vertex -12.2227 -30.7855 0.5
    endloop
  endfacet
  facet normal 0.90399 0.1722 -0.391342
    outer loop
      vertex -12.5247 -35.125 -5.00275
      vertex -10.5942 -32.7539 0.5
      vertex -10.5237 -33.124 0.5
    endloop
  endfacet
  facet normal 0.903967 0.172272 -0.391365
    outer loop
      vertex -10.5942 -32.7539 0.5
      vertex -12.5247 -35.125 -5.00275
      vertex -12.9653 -35.125 -6.02044
    endloop
  endfacet
  facet normal 0.685704 0.567561 -0.455723
    outer loop
      vertex -11.0729 -31.7366 0.5
      vertex -12.8726 -33.0058 -3.78859
      vertex -11.3131 -31.4464 0.5
    endloop
  endfacet
  facet normal 0.686598 0.566444 -0.455768
    outer loop
      vertex -11.0729 -31.7366 0.5
      vertex -12.8528 -33.0298 -3.78859
      vertex -12.8726 -33.0058 -3.78859
    endloop
  endfacet
  facet normal 0.6859 0.567312 -0.45574
    outer loop
      vertex -11.0729 -31.7366 0.5
      vertex -12.799 -33.1146 -3.81318
      vertex -12.8528 -33.0298 -3.78859
    endloop
  endfacet
  facet normal 0.685718 0.567533 -0.455738
    outer loop
      vertex -11.0729 -31.7366 0.5
      vertex -12.7562 -33.2055 -3.86198
      vertex -12.799 -33.1146 -3.81318
    endloop
  endfacet
  facet normal 0.685378 0.567939 -0.455743
    outer loop
      vertex -11.0729 -31.7366 0.5
      vertex -12.7251 -33.301 -3.93422
      vertex -12.7562 -33.2055 -3.86198
    endloop
  endfacet
  facet normal 0.686795 0.566273 -0.455683
    outer loop
      vertex -12.7251 -33.301 -3.93422
      vertex -11.0729 -31.7366 0.5
      vertex -12.7111 -33.3748 -4.00483
    endloop
  endfacet
  facet normal 0.685697 0.567555 -0.455742
    outer loop
      vertex -14.4613 -35.125 -8.81798
      vertex -13.3131 -33.4464 -5
      vertex -13.0729 -33.7366 -5
    endloop
  endfacet
  facet normal 0.685871 0.567368 -0.455713
    outer loop
      vertex -13.3131 -33.4464 -5
      vertex -14.4613 -35.125 -8.81798
      vertex -14.9917 -35.125 -9.61626
    endloop
  endfacet
  facet normal -0.125309 0.992118 0
    outer loop
      vertex -13.6884 -30.5059 0.5
      vertex -14.0621 -30.5531 3.5
      vertex -13.6884 -30.5059 3.5
    endloop
  endfacet
  facet normal -0.125309 0.992118 0
    outer loop
      vertex -14.0621 -30.5531 3.5
      vertex -13.6884 -30.5059 0.5
      vertex -14.0621 -30.5531 0.5
    endloop
  endfacet
  facet normal 0 1 -0
    outer loop
      vertex -13.3116 -30.5059 0.5
      vertex -13.6884 -30.5059 3.5
      vertex -13.3116 -30.5059 3.5
    endloop
  endfacet
  facet normal 0 1 0
    outer loop
      vertex -13.6884 -30.5059 3.5
      vertex -13.3116 -30.5059 0.5
      vertex -13.6884 -30.5059 0.5
    endloop
  endfacet
  facet normal 0.36823 0.929735 -0
    outer loop
      vertex -12.2227 -30.7855 0.5
      vertex -12.5729 -30.6468 3.5
      vertex -12.2227 -30.7855 3.5
    endloop
  endfacet
  facet normal 0.36823 0.929735 0
    outer loop
      vertex -12.5729 -30.6468 3.5
      vertex -12.2227 -30.7855 0.5
      vertex -12.5729 -30.6468 0.5
    endloop
  endfacet
  facet normal 0.904843 0.425746 0
    outer loop
      vertex -10.7107 -32.3956 3.5
      vertex -10.8711 -32.0547 0.5
      vertex -10.8711 -32.0547 3.5
    endloop
  endfacet
  facet normal 0.904843 0.425746 0
    outer loop
      vertex -10.8711 -32.0547 0.5
      vertex -10.7107 -32.3956 3.5
      vertex -10.7107 -32.3956 0.5
    endloop
  endfacet
  facet normal -0.240541 0.937008 -0.253291
    outer loop
      vertex -14.0621 -30.5531 0.5
      vertex -15.125 -31.3448 -1.41936
      vertex -14.4271 -30.6468 0.5
    endloop
  endfacet
  facet normal -0.240649 0.936997 -0.253227
    outer loop
      vertex -15.125 -31.3448 -1.41936
      vertex -14.0621 -30.5531 0.5
      vertex -15.125 -31.616 -2.42286
    endloop
  endfacet
  facet normal 0.524133 0.721245 -0.452868
    outer loop
      vertex -13.1709 -32.7716 -3.85361
      vertex -11.8925 -30.967 0.5
      vertex -11.5877 -31.1885 0.5
    endloop
  endfacet
  facet normal 0.52393 0.721392 -0.452869
    outer loop
      vertex -13.2528 -32.7392 -3.89675
      vertex -11.8925 -30.967 0.5
      vertex -13.1709 -32.7716 -3.85361
    endloop
  endfacet
  facet normal 0.52423 0.721172 -0.452873
    outer loop
      vertex -13.3501 -32.7142 -3.96957
      vertex -11.8925 -30.967 0.5
      vertex -13.2528 -32.7392 -3.89675
    endloop
  endfacet
  facet normal 0.523954 0.721378 -0.452864
    outer loop
      vertex -13.4498 -32.7016 -4.06485
      vertex -11.8925 -30.967 0.5
      vertex -13.3501 -32.7142 -3.96957
    endloop
  endfacet
  facet normal 0.524431 0.721016 -0.452889
    outer loop
      vertex -13.5502 -32.7016 -4.18111
      vertex -11.8925 -30.967 0.5
      vertex -13.4498 -32.7016 -4.06485
    endloop
  endfacet
  facet normal 0.523905 0.721421 -0.452853
    outer loop
      vertex -11.8925 -30.967 0.5
      vertex -13.5502 -32.7016 -4.18111
      vertex -13.6382 -32.7127 -4.3006
    endloop
  endfacet
  facet normal 0.524132 0.721244 -0.452871
    outer loop
      vertex -13.5877 -33.1885 -5
      vertex -15.125 -34.1995 -8.38932
      vertex -13.8925 -32.967 -5
    endloop
  endfacet
  facet normal 0.52402 0.72134 -0.452849
    outer loop
      vertex -15.125 -34.1995 -8.38932
      vertex -13.5877 -33.1885 -5
      vertex -15.125 -34.7257 -9.2275
    endloop
  endfacet
  facet normal 0.864538 0.281101 -0.416601
    outer loop
      vertex -12.9653 -35.125 -6.02044
      vertex -10.7107 -32.3956 0.5
      vertex -10.5942 -32.7539 0.5
    endloop
  endfacet
  facet normal 0.864631 0.280894 -0.416547
    outer loop
      vertex -10.7107 -32.3956 0.5
      vertex -12.9653 -35.125 -6.02044
      vertex -13.44 -35.125 -7.00578
    endloop
  endfacet
  facet normal 0.608874 0.6483 -0.457143
    outer loop
      vertex -12.8726 -33.0058 -3.78859
      vertex -11.5877 -31.1885 0.5
      vertex -11.3131 -31.4464 0.5
    endloop
  endfacet
  facet normal 0.608514 0.648618 -0.45717
    outer loop
      vertex -11.5877 -31.1885 0.5
      vertex -12.8726 -33.0058 -3.78859
      vertex -12.9168 -32.9524 -3.77166
    endloop
  endfacet
  facet normal 0.608669 0.64848 -0.457161
    outer loop
      vertex -12.9901 -32.8836 -3.77166
      vertex -11.5877 -31.1885 0.5
      vertex -12.9168 -32.9524 -3.77166
    endloop
  endfacet
  facet normal 0.609416 0.647796 -0.457135
    outer loop
      vertex -13.0713 -32.8245 -3.79616
      vertex -11.5877 -31.1885 0.5
      vertex -12.9901 -32.8836 -3.77166
    endloop
  endfacet
  facet normal 0.608557 0.648598 -0.457143
    outer loop
      vertex -13.1594 -32.7761 -3.84477
      vertex -11.5877 -31.1885 0.5
      vertex -13.0713 -32.8245 -3.79616
    endloop
  endfacet
  facet normal 0.606087 0.650934 -0.457104
    outer loop
      vertex -11.5877 -31.1885 0.5
      vertex -13.1594 -32.7761 -3.84477
      vertex -13.1709 -32.7716 -3.85361
    endloop
  endfacet
  facet normal 0.608872 0.648299 -0.457146
    outer loop
      vertex -13.3131 -33.4464 -5
      vertex -15.125 -34.7257 -9.2275
      vertex -13.5877 -33.1885 -5
    endloop
  endfacet
  facet normal 0.608844 0.648329 -0.457143
    outer loop
      vertex -14.9917 -35.125 -9.61626
      vertex -15.125 -34.7257 -9.2275
      vertex -13.3131 -33.4464 -5
    endloop
  endfacet
  facet normal 0.608767 0.64836 -0.457201
    outer loop
      vertex -15.125 -34.7257 -9.2275
      vertex -14.9917 -35.125 -9.61626
      vertex -15.125 -35.125 -9.79375
    endloop
  endfacet
  facet normal -0.119512 0.946222 -0.300634
    outer loop
      vertex -13.6884 -30.5059 0.5
      vertex -15.125 -31.616 -2.42286
      vertex -14.0621 -30.5531 0.5
    endloop
  endfacet
  facet normal -0.119653 0.946226 -0.300566
    outer loop
      vertex -15.125 -31.616 -2.42286
      vertex -13.6884 -30.5059 0.5
      vertex -15.125 -31.9425 -3.45073
    endloop
  endfacet
  facet normal 0 0.939796 -0.341737
    outer loop
      vertex -13.3116 -30.5059 0.5
      vertex -15.125 -31.9425 -3.45073
      vertex -13.6884 -30.5059 0.5
    endloop
  endfacet
  facet normal 0.000130055 0.939776 -0.34179
    outer loop
      vertex -15.125 -31.9425 -3.45073
      vertex -13.3116 -30.5059 0.5
      vertex -15.125 -32.3193 -4.48677
    endloop
  endfacet
  facet normal 0.943666 -0.179758 -0.277814
    outer loop
      vertex -11.4732 -35.125 -1.91706
      vertex -10.5237 -33.876 0.5
      vertex -10.5942 -34.2461 0.5
    endloop
  endfacet
  facet normal 0.94366 -0.179948 -0.277713
    outer loop
      vertex -10.5237 -33.876 0.5
      vertex -11.4732 -35.125 -1.91706
      vertex -11.7727 -35.125 -2.93475
    endloop
  endfacet
  facet normal 0.998019 -0.0629071 0
    outer loop
      vertex -10.5237 -33.876 3.5
      vertex -10.5 -33.5 0.5
      vertex -10.5 -33.5 3.5
    endloop
  endfacet
  facet normal 0.998019 -0.0629071 0
    outer loop
      vertex -10.5 -33.5 0.5
      vertex -10.5237 -33.876 3.5
      vertex -10.5237 -33.876 0.5
    endloop
  endfacet
  facet normal -0.684594 -0.728924 0
    outer loop
      vertex 11.3131 31.4464 0.5
      vertex 11.5877 31.1885 3.5
      vertex 11.3131 31.4464 3.5
    endloop
  endfacet
  facet normal -0.684594 -0.728924 -0
    outer loop
      vertex 11.5877 31.1885 3.5
      vertex 11.3131 31.4464 0.5
      vertex 11.5877 31.1885 0.5
    endloop
  endfacet
  facet normal -0.814486 -0.383288 -0.43555
    outer loop
      vertex 10.8711 32.0547 0.5
      vertex 13.44 35.125 -7.00578
      vertex 13.9413 35.125 -7.94322
    endloop
  endfacet
  facet normal -0.814512 -0.383243 -0.43554
    outer loop
      vertex 13.44 35.125 -7.00578
      vertex 10.8711 32.0547 0.5
      vertex 10.7107 32.3956 0.5
    endloop
  endfacet
  facet normal -0.844415 -0.53569 0
    outer loop
      vertex 11.0729 31.7366 0.5
      vertex 10.8711 32.0547 3.5
      vertex 10.8711 32.0547 0.5
    endloop
  endfacet
  facet normal -0.844415 -0.53569 0
    outer loop
      vertex 10.8711 32.0547 3.5
      vertex 11.0729 31.7366 0.5
      vertex 11.0729 31.7366 3.5
    endloop
  endfacet
  facet normal -0.904843 -0.425746 0
    outer loop
      vertex 10.8711 32.0547 0.5
      vertex 10.7107 32.3956 3.5
      vertex 10.7107 32.3956 0.5
    endloop
  endfacet
  facet normal -0.904843 -0.425746 0
    outer loop
      vertex 10.7107 32.3956 3.5
      vertex 10.8711 32.0547 0.5
      vertex 10.8711 32.0547 3.5
    endloop
  endfacet
  facet normal -0.686795 -0.566273 -0.455683
    outer loop
      vertex 12.7251 33.301 -3.93422
      vertex 11.0729 31.7366 0.5
      vertex 12.7111 33.3748 -4.00483
    endloop
  endfacet
  facet normal -0.685378 -0.567939 -0.455743
    outer loop
      vertex 12.7562 33.2055 -3.86198
      vertex 11.0729 31.7366 0.5
      vertex 12.7251 33.301 -3.93422
    endloop
  endfacet
  facet normal -0.685718 -0.567533 -0.455738
    outer loop
      vertex 12.799 33.1146 -3.81318
      vertex 11.0729 31.7366 0.5
      vertex 12.7562 33.2055 -3.86198
    endloop
  endfacet
  facet normal -0.6859 -0.567312 -0.45574
    outer loop
      vertex 12.8528 33.0298 -3.78859
      vertex 11.0729 31.7366 0.5
      vertex 12.799 33.1146 -3.81318
    endloop
  endfacet
  facet normal -0.686598 -0.566444 -0.455768
    outer loop
      vertex 12.8726 33.0058 -3.78859
      vertex 11.0729 31.7366 0.5
      vertex 12.8528 33.0298 -3.78859
    endloop
  endfacet
  facet normal -0.685704 -0.567561 -0.455723
    outer loop
      vertex 11.0729 31.7366 0.5
      vertex 12.8726 33.0058 -3.78859
      vertex 11.3131 31.4464 0.5
    endloop
  endfacet
  facet normal -0.685871 -0.567368 -0.455713
    outer loop
      vertex 13.3131 33.4464 -5
      vertex 14.4613 35.125 -8.81798
      vertex 14.9917 35.125 -9.61626
    endloop
  endfacet
  facet normal -0.685697 -0.567555 -0.455742
    outer loop
      vertex 14.4613 35.125 -8.81798
      vertex 13.3131 33.4464 -5
      vertex 13.0729 33.7366 -5
    endloop
  endfacet
  facet normal -0.950993 0.309212 0
    outer loop
      vertex 10.5942 34.2461 0.5
      vertex 10.7107 34.6044 3.5
      vertex 10.7107 34.6044 0.5
    endloop
  endfacet
  facet normal -0.950993 0.309212 0
    outer loop
      vertex 10.7107 34.6044 3.5
      vertex 10.5942 34.2461 0.5
      vertex 10.5942 34.2461 3.5
    endloop
  endfacet
  facet normal -0.94366 0.179948 -0.277713
    outer loop
      vertex 10.5237 33.876 0.5
      vertex 11.4732 35.125 -1.91706
      vertex 11.7727 35.125 -2.93475
    endloop
  endfacet
  facet normal -0.943666 0.179758 -0.277814
    outer loop
      vertex 11.4732 35.125 -1.91706
      vertex 10.5237 33.876 0.5
      vertex 10.5942 34.2461 0.5
    endloop
  endfacet
  facet normal 0 -1 0
    outer loop
      vertex 13.3116 30.5059 0.5
      vertex 13.6884 30.5059 3.5
      vertex 13.3116 30.5059 3.5
    endloop
  endfacet
  facet normal 0 -1 -0
    outer loop
      vertex 13.6884 30.5059 3.5
      vertex 13.3116 30.5059 0.5
      vertex 13.6884 30.5059 0.5
    endloop
  endfacet
  facet normal -0.982336 -0.187124 0
    outer loop
      vertex 10.5942 32.7539 0.5
      vertex 10.5237 33.124 3.5
      vertex 10.5237 33.124 0.5
    endloop
  endfacet
  facet normal -0.982336 -0.187124 0
    outer loop
      vertex 10.5237 33.124 3.5
      vertex 10.5942 32.7539 0.5
      vertex 10.5942 32.7539 3.5
    endloop
  endfacet
  facet normal -0.998019 -0.0629071 0
    outer loop
      vertex 10.5237 33.124 0.5
      vertex 10.5 33.5 3.5
      vertex 10.5 33.5 0.5
    endloop
  endfacet
  facet normal -0.998019 -0.0629071 0
    outer loop
      vertex 10.5 33.5 3.5
      vertex 10.5237 33.124 0.5
      vertex 10.5237 33.124 3.5
    endloop
  endfacet
  facet normal -0.431848 -0.785783 -0.442778
    outer loop
      vertex 13.8925 32.967 -5
      vertex 15.125 33.6879 -7.48143
      vertex 14.0226 32.8955 -5
    endloop
  endfacet
  facet normal -0.431868 -0.785769 -0.442784
    outer loop
      vertex 15.125 33.6879 -7.48143
      vertex 13.8925 32.967 -5
      vertex 15.125 34.1995 -8.38932
    endloop
  endfacet
  facet normal -0.4319 -0.785749 -0.442788
    outer loop
      vertex 13.6382 32.7127 -4.3006
      vertex 12.2227 30.7855 0.5
      vertex 11.8925 30.967 0.5
    endloop
  endfacet
  facet normal -0.430829 -0.786373 -0.442723
    outer loop
      vertex 13.6499 32.7142 -4.31465
      vertex 12.2227 30.7855 0.5
      vertex 13.6382 32.7127 -4.3006
    endloop
  endfacet
  facet normal -0.431838 -0.785784 -0.442786
    outer loop
      vertex 13.7472 32.7392 -4.45391
      vertex 12.2227 30.7855 0.5
      vertex 13.6499 32.7142 -4.31465
    endloop
  endfacet
  facet normal -0.433208 -0.784972 -0.442888
    outer loop
      vertex 13.8406 32.7761 -4.61067
      vertex 12.2227 30.7855 0.5
      vertex 13.7472 32.7392 -4.45391
    endloop
  endfacet
  facet normal -0.431245 -0.786145 -0.442723
    outer loop
      vertex 13.9287 32.8245 -4.78243
      vertex 12.2227 30.7855 0.5
      vertex 13.8406 32.7761 -4.61067
    endloop
  endfacet
  facet normal -0.431874 -0.785767 -0.44278
    outer loop
      vertex 14.0099 32.8836 -4.96651
      vertex 12.2227 30.7855 0.5
      vertex 13.9287 32.8245 -4.78243
    endloop
  endfacet
  facet normal -0.434062 -0.784278 -0.443281
    outer loop
      vertex 15.125 33.6879 -7.48143
      vertex 14.0099 32.8836 -4.96651
      vertex 14.0226 32.8955 -5
    endloop
  endfacet
  facet normal -0.431828 -0.785795 -0.442776
    outer loop
      vertex 14.0099 32.8836 -4.96651
      vertex 15.125 33.6879 -7.48143
      vertex 12.2227 30.7855 0.5
    endloop
  endfacet
  facet normal 0.360785 -0.910936 -0.200076
    outer loop
      vertex 14.4271 30.6468 0.5
      vertex 15.125 31.1332 -0.456073
      vertex 14.7773 30.7855 0.5
    endloop
  endfacet
  facet normal 0.360754 -0.910942 -0.200102
    outer loop
      vertex 15.125 31.1332 -0.456073
      vertex 14.4271 30.6468 0.5
      vertex 15.125 31.3448 -1.41936
    endloop
  endfacet
  facet normal -0.36823 -0.929735 0
    outer loop
      vertex 12.2227 30.7855 0.5
      vertex 12.5729 30.6468 3.5
      vertex 12.2227 30.7855 3.5
    endloop
  endfacet
  facet normal -0.36823 -0.929735 -0
    outer loop
      vertex 12.5729 30.6468 3.5
      vertex 12.2227 30.7855 0.5
      vertex 12.5729 30.6468 0.5
    endloop
  endfacet
  facet normal -0.116091 -0.919134 -0.376451
    outer loop
      vertex 12.9379 30.5531 0.5
      vertex 15.125 32.3193 -4.48677
      vertex 13.3116 30.5059 0.5
    endloop
  endfacet
  facet normal -0.116109 -0.919129 -0.376458
    outer loop
      vertex 15.125 32.3193 -4.48677
      vertex 12.9379 30.5531 0.5
      vertex 15.125 32.7403 -5.51465
    endloop
  endfacet
  facet normal -0.93113 -0.0586909 -0.359935
    outer loop
      vertex 10.5237 33.124 0.5
      vertex 12.125 35.125 -3.96875
      vertex 12.5247 35.125 -5.00275
    endloop
  endfacet
  facet normal -0.93113 -0.0586909 -0.359935
    outer loop
      vertex 12.125 35.125 -3.96875
      vertex 10.5237 33.124 0.5
      vertex 10.5 33.5 0.5
    endloop
  endfacet
  facet normal -0.608874 -0.6483 -0.457143
    outer loop
      vertex 12.8726 33.0058 -3.78859
      vertex 11.5877 31.1885 0.5
      vertex 11.3131 31.4464 0.5
    endloop
  endfacet
  facet normal -0.608514 -0.648618 -0.45717
    outer loop
      vertex 11.5877 31.1885 0.5
      vertex 12.8726 33.0058 -3.78859
      vertex 12.9168 32.9524 -3.77166
    endloop
  endfacet
  facet normal -0.608669 -0.64848 -0.457161
    outer loop
      vertex 12.9901 32.8836 -3.77166
      vertex 11.5877 31.1885 0.5
      vertex 12.9168 32.9524 -3.77166
    endloop
  endfacet
  facet normal -0.609416 -0.647796 -0.457135
    outer loop
      vertex 13.0713 32.8245 -3.79616
      vertex 11.5877 31.1885 0.5
      vertex 12.9901 32.8836 -3.77166
    endloop
  endfacet
  facet normal -0.608557 -0.648598 -0.457143
    outer loop
      vertex 13.1594 32.7761 -3.84477
      vertex 11.5877 31.1885 0.5
      vertex 13.0713 32.8245 -3.79616
    endloop
  endfacet
  facet normal -0.606087 -0.650934 -0.457104
    outer loop
      vertex 11.5877 31.1885 0.5
      vertex 13.1594 32.7761 -3.84477
      vertex 13.1709 32.7716 -3.85361
    endloop
  endfacet
  facet normal -0.608872 -0.648299 -0.457146
    outer loop
      vertex 13.3131 33.4464 -5
      vertex 15.125 34.7257 -9.2275
      vertex 13.5877 33.1885 -5
    endloop
  endfacet
  facet normal -0.608844 -0.648329 -0.457143
    outer loop
      vertex 14.9917 35.125 -9.61626
      vertex 15.125 34.7257 -9.2275
      vertex 13.3131 33.4464 -5
    endloop
  endfacet
  facet normal -0.608767 -0.64836 -0.457201
    outer loop
      vertex 15.125 34.7257 -9.2275
      vertex 14.9917 35.125 -9.61626
      vertex 15.125 35.125 -9.79375
    endloop
  endfacet
  facet normal -0.125309 -0.992118 0
    outer loop
      vertex 12.9379 30.5531 0.5
      vertex 13.3116 30.5059 3.5
      vertex 12.9379 30.5531 3.5
    endloop
  endfacet
  facet normal -0.125309 -0.992118 -0
    outer loop
      vertex 13.3116 30.5059 3.5
      vertex 12.9379 30.5531 0.5
      vertex 13.3116 30.5059 0.5
    endloop
  endfacet
  facet normal 0.587346 -0.809336 0
    outer loop
      vertex 15.1075 30.967 0.5
      vertex 15.125 30.9797 3.5
      vertex 15.1075 30.967 3.5
    endloop
  endfacet
  facet normal 0.587346 -0.809336 0
    outer loop
      vertex 15.125 30.9797 3.5
      vertex 15.1075 30.967 0.5
      vertex 15.125 30.9797 0.5
    endloop
  endfacet
  facet normal -0.950993 -0.309212 0
    outer loop
      vertex 10.7107 32.3956 0.5
      vertex 10.5942 32.7539 3.5
      vertex 10.5942 32.7539 0.5
    endloop
  endfacet
  facet normal -0.950993 -0.309212 0
    outer loop
      vertex 10.5942 32.7539 3.5
      vertex 10.7107 32.3956 0.5
      vertex 10.7107 32.3956 3.5
    endloop
  endfacet
  facet normal -0.770349 -0.637622 0
    outer loop
      vertex 11.3131 31.4464 0.5
      vertex 11.0729 31.7366 3.5
      vertex 11.0729 31.7366 0.5
    endloop
  endfacet
  facet normal -0.770349 -0.637622 0
    outer loop
      vertex 11.0729 31.7366 3.5
      vertex 11.3131 31.4464 0.5
      vertex 11.3131 31.4464 3.5
    endloop
  endfacet
  facet normal 0.240541 -0.937008 -0.253291
    outer loop
      vertex 14.0621 30.5531 0.5
      vertex 15.125 31.3448 -1.41936
      vertex 14.4271 30.6468 0.5
    endloop
  endfacet
  facet normal 0.240649 -0.936997 -0.253227
    outer loop
      vertex 15.125 31.3448 -1.41936
      vertex 14.0621 30.5531 0.5
      vertex 15.125 31.616 -2.42286
    endloop
  endfacet
  facet normal 0 -0.939796 -0.341737
    outer loop
      vertex 13.3116 30.5059 0.5
      vertex 15.125 31.9425 -3.45073
      vertex 13.6884 30.5059 0.5
    endloop
  endfacet
  facet normal -0.000130055 -0.939776 -0.34179
    outer loop
      vertex 15.125 31.9425 -3.45073
      vertex 13.3116 30.5059 0.5
      vertex 15.125 32.3193 -4.48677
    endloop
  endfacet
  facet normal 0.119512 -0.946222 -0.300634
    outer loop
      vertex 13.6884 30.5059 0.5
      vertex 15.125 31.616 -2.42286
      vertex 14.0621 30.5531 0.5
    endloop
  endfacet
  facet normal 0.119653 -0.946226 -0.300566
    outer loop
      vertex 15.125 31.616 -2.42286
      vertex 13.6884 30.5059 0.5
      vertex 15.125 31.9425 -3.45073
    endloop
  endfacet
  facet normal -0.24865 -0.968593 0
    outer loop
      vertex 12.5729 30.6468 0.5
      vertex 12.9379 30.5531 3.5
      vertex 12.5729 30.6468 3.5
    endloop
  endfacet
  facet normal -0.24865 -0.968593 -0
    outer loop
      vertex 12.9379 30.5531 3.5
      vertex 12.5729 30.6468 0.5
      vertex 12.9379 30.5531 0.5
    endloop
  endfacet
  facet normal 0.585446 -0.806717 -0.0803704
    outer loop
      vertex 15.125 30.9797 0.5
      vertex 15.1075 30.967 0.5
      vertex 15.125 30.9845 0.45182
    endloop
  endfacet
  facet normal -0.481695 -0.876339 0
    outer loop
      vertex 11.8925 30.967 0.5
      vertex 12.2227 30.7855 3.5
      vertex 11.8925 30.967 3.5
    endloop
  endfacet
  facet normal -0.481695 -0.876339 -0
    outer loop
      vertex 12.2227 30.7855 3.5
      vertex 11.8925 30.967 0.5
      vertex 12.2227 30.7855 0.5
    endloop
  endfacet
  facet normal 0.24865 -0.968593 0
    outer loop
      vertex 14.0621 30.5531 0.5
      vertex 14.4271 30.6468 3.5
      vertex 14.0621 30.5531 3.5
    endloop
  endfacet
  facet normal 0.24865 -0.968593 0
    outer loop
      vertex 14.4271 30.6468 3.5
      vertex 14.0621 30.5531 0.5
      vertex 14.4271 30.6468 0.5
    endloop
  endfacet
  facet normal 0.476821 -0.867472 -0.141893
    outer loop
      vertex 14.7773 30.7855 0.5
      vertex 15.125 30.9845 0.45182
      vertex 15.1075 30.967 0.5
    endloop
  endfacet
  facet normal 0.476788 -0.86746 -0.142078
    outer loop
      vertex 15.125 30.9845 0.45182
      vertex 14.7773 30.7855 0.5
      vertex 15.125 31.1332 -0.456073
    endloop
  endfacet
  facet normal -0.864631 -0.280894 -0.416547
    outer loop
      vertex 10.7107 32.3956 0.5
      vertex 12.9653 35.125 -6.02044
      vertex 13.44 35.125 -7.00578
    endloop
  endfacet
  facet normal -0.864538 -0.281101 -0.416601
    outer loop
      vertex 12.9653 35.125 -6.02044
      vertex 10.7107 32.3956 0.5
      vertex 10.5942 32.7539 0.5
    endloop
  endfacet
  facet normal -0.904843 0.425746 0
    outer loop
      vertex 10.7107 34.6044 0.5
      vertex 10.8711 34.9453 3.5
      vertex 10.8711 34.9453 0.5
    endloop
  endfacet
  facet normal -0.904843 0.425746 0
    outer loop
      vertex 10.8711 34.9453 3.5
      vertex 10.7107 34.6044 0.5
      vertex 10.7107 34.6044 3.5
    endloop
  endfacet
  facet normal -0.844415 0.535689 0
    outer loop
      vertex 10.8711 34.9453 0.5
      vertex 10.9851 35.125 3.5
      vertex 10.9851 35.125 0.5
    endloop
  endfacet
  facet normal -0.844415 0.535689 0
    outer loop
      vertex 10.9851 35.125 3.5
      vertex 10.8711 34.9453 0.5
      vertex 10.8711 34.9453 3.5
    endloop
  endfacet
  facet normal -0.227371 -0.885704 -0.404761
    outer loop
      vertex 12.5729 30.6468 0.5
      vertex 15.125 32.7403 -5.51465
      vertex 12.9379 30.5531 0.5
    endloop
  endfacet
  facet normal -0.227393 -0.885695 -0.404767
    outer loop
      vertex 15.125 32.7403 -5.51465
      vertex 12.5729 30.6468 0.5
      vertex 15.125 33.1989 -6.51814
    endloop
  endfacet
  facet normal -0.524133 -0.721245 -0.452868
    outer loop
      vertex 13.1709 32.7716 -3.85361
      vertex 11.8925 30.967 0.5
      vertex 11.5877 31.1885 0.5
    endloop
  endfacet
  facet normal -0.52393 -0.721392 -0.452869
    outer loop
      vertex 13.2528 32.7392 -3.89675
      vertex 11.8925 30.967 0.5
      vertex 13.1709 32.7716 -3.85361
    endloop
  endfacet
  facet normal -0.52423 -0.721172 -0.452873
    outer loop
      vertex 13.3501 32.7142 -3.96957
      vertex 11.8925 30.967 0.5
      vertex 13.2528 32.7392 -3.89675
    endloop
  endfacet
  facet normal -0.523954 -0.721378 -0.452864
    outer loop
      vertex 13.4498 32.7016 -4.06485
      vertex 11.8925 30.967 0.5
      vertex 13.3501 32.7142 -3.96957
    endloop
  endfacet
  facet normal -0.524431 -0.721016 -0.452889
    outer loop
      vertex 13.5502 32.7016 -4.18111
      vertex 11.8925 30.967 0.5
      vertex 13.4498 32.7016 -4.06485
    endloop
  endfacet
  facet normal -0.523905 -0.721421 -0.452853
    outer loop
      vertex 11.8925 30.967 0.5
      vertex 13.5502 32.7016 -4.18111
      vertex 13.6382 32.7127 -4.3006
    endloop
  endfacet
  facet normal -0.524132 -0.721244 -0.452871
    outer loop
      vertex 13.5877 33.1885 -5
      vertex 15.125 34.1995 -8.38932
      vertex 13.8925 32.967 -5
    endloop
  endfacet
  facet normal -0.52402 -0.72134 -0.452849
    outer loop
      vertex 15.125 34.1995 -8.38932
      vertex 13.5877 33.1885 -5
      vertex 15.125 34.7257 -9.2275
    endloop
  endfacet
  facet normal -0.903967 -0.172272 -0.391365
    outer loop
      vertex 10.5942 32.7539 0.5
      vertex 12.5247 35.125 -5.00275
      vertex 12.9653 35.125 -6.02044
    endloop
  endfacet
  facet normal -0.90399 -0.1722 -0.391342
    outer loop
      vertex 12.5247 35.125 -5.00275
      vertex 10.5942 32.7539 0.5
      vertex 10.5237 33.124 0.5
    endloop
  endfacet
  facet normal 0.125309 -0.992118 0
    outer loop
      vertex 13.6884 30.5059 0.5
      vertex 14.0621 30.5531 3.5
      vertex 13.6884 30.5059 3.5
    endloop
  endfacet
  facet normal 0.125309 -0.992118 0
    outer loop
      vertex 14.0621 30.5531 3.5
      vertex 13.6884 30.5059 0.5
      vertex 14.0621 30.5531 0.5
    endloop
  endfacet
  facet normal -0.944886 0.059558 -0.321937
    outer loop
      vertex 10.5 33.5 0.5
      vertex 11.7727 35.125 -2.93475
      vertex 12.125 35.125 -3.96875
    endloop
  endfacet
  facet normal -0.944886 0.059558 -0.321937
    outer loop
      vertex 11.7727 35.125 -2.93475
      vertex 10.5 33.5 0.5
      vertex 10.5237 33.876 0.5
    endloop
  endfacet
  facet normal 0.36823 -0.929735 0
    outer loop
      vertex 14.4271 30.6468 0.5
      vertex 14.7773 30.7855 3.5
      vertex 14.4271 30.6468 3.5
    endloop
  endfacet
  facet normal 0.36823 -0.929735 0
    outer loop
      vertex 14.7773 30.7855 3.5
      vertex 14.4271 30.6468 0.5
      vertex 14.7773 30.7855 0.5
    endloop
  endfacet
  facet normal -0.839146 0.532346 -0.111539
    outer loop
      vertex 11.0508 35.125 0.00571775
      vertex 10.8711 34.9453 0.5
      vertex 10.9851 35.125 0.5
    endloop
  endfacet
  facet normal -0.998019 0.0629071 0
    outer loop
      vertex 10.5 33.5 0.5
      vertex 10.5237 33.876 3.5
      vertex 10.5237 33.876 0.5
    endloop
  endfacet
  facet normal -0.998019 0.0629071 0
    outer loop
      vertex 10.5237 33.876 3.5
      vertex 10.5 33.5 0.5
      vertex 10.5 33.5 3.5
    endloop
  endfacet
  facet normal -0.982336 0.187124 0
    outer loop
      vertex 10.5237 33.876 0.5
      vertex 10.5942 34.2461 3.5
      vertex 10.5942 34.2461 0.5
    endloop
  endfacet
  facet normal -0.982336 0.187124 0
    outer loop
      vertex 10.5942 34.2461 3.5
      vertex 10.5237 33.876 0.5
      vertex 10.5237 33.876 3.5
    endloop
  endfacet
  facet normal 0.481695 -0.876339 0
    outer loop
      vertex 14.7773 30.7855 0.5
      vertex 15.1075 30.967 3.5
      vertex 14.7773 30.7855 3.5
    endloop
  endfacet
  facet normal 0.481695 -0.876339 0
    outer loop
      vertex 15.1075 30.967 3.5
      vertex 14.7773 30.7855 0.5
      vertex 15.1075 30.967 0.5
    endloop
  endfacet
  facet normal -0.587872 -0.808954 0
    outer loop
      vertex 11.5877 31.1885 0.5
      vertex 11.8925 30.967 3.5
      vertex 11.5877 31.1885 3.5
    endloop
  endfacet
  facet normal -0.587872 -0.808954 -0
    outer loop
      vertex 11.8925 30.967 3.5
      vertex 11.5877 31.1885 0.5
      vertex 11.8925 30.967 0.5
    endloop
  endfacet
  facet normal -0 0 1
    outer loop
      vertex 14.2937 33.3997 3.5
      vertex 15.125 30.9797 3.5
      vertex 15.125 35.125 3.5
    endloop
  endfacet
  facet normal -0 0 1
    outer loop
      vertex 14.2749 33.301 3.5
      vertex 15.125 30.9797 3.5
      vertex 14.2937 33.3997 3.5
    endloop
  endfacet
  facet normal -0 0 1
    outer loop
      vertex 14.2438 33.2055 3.5
      vertex 15.125 30.9797 3.5
      vertex 14.2749 33.301 3.5
    endloop
  endfacet
  facet normal 0 0 1
    outer loop
      vertex 14.2937 33.3997 3.5
      vertex 15.125 35.125 3.5
      vertex 14.3 33.5 3.5
    endloop
  endfacet
  facet normal 0 0 1
    outer loop
      vertex 15.125 35.125 3.5
      vertex 14.2937 33.6003 3.5
      vertex 14.3 33.5 3.5
    endloop
  endfacet
  facet normal 0 0 1
    outer loop
      vertex 15.125 35.125 3.5
      vertex 14.2749 33.699 3.5
      vertex 14.2937 33.6003 3.5
    endloop
  endfacet
  facet normal 0 0 1
    outer loop
      vertex 15.125 35.125 3.5
      vertex 14.2438 33.7945 3.5
      vertex 14.2749 33.699 3.5
    endloop
  endfacet
  facet normal 0 0 1
    outer loop
      vertex 15.125 35.125 3.5
      vertex 14.201 33.8854 3.5
      vertex 14.2438 33.7945 3.5
    endloop
  endfacet
  facet normal 0 0 1
    outer loop
      vertex 15.125 35.125 3.5
      vertex 14.1472 33.9702 3.5
      vertex 14.201 33.8854 3.5
    endloop
  endfacet
  facet normal 0 0 1
    outer loop
      vertex 15.125 35.125 3.5
      vertex 14.0832 34.0476 3.5
      vertex 14.1472 33.9702 3.5
    endloop
  endfacet
  facet normal 0 0 1
    outer loop
      vertex 15.125 35.125 3.5
      vertex 14.0099 34.1164 3.5
      vertex 14.0832 34.0476 3.5
    endloop
  endfacet
  facet normal 0 0 1
    outer loop
      vertex 15.125 35.125 3.5
      vertex 13.9287 34.1755 3.5
      vertex 14.0099 34.1164 3.5
    endloop
  endfacet
  facet normal 0 0 1
    outer loop
      vertex 15.125 35.125 3.5
      vertex 13.8406 34.2239 3.5
      vertex 13.9287 34.1755 3.5
    endloop
  endfacet
  facet normal 0 0 1
    outer loop
      vertex 15.125 35.125 3.5
      vertex 13.7472 34.2608 3.5
      vertex 13.8406 34.2239 3.5
    endloop
  endfacet
  facet normal 0 0 1
    outer loop
      vertex 15.125 35.125 3.5
      vertex 13.6499 34.2858 3.5
      vertex 13.7472 34.2608 3.5
    endloop
  endfacet
  facet normal 0 0 1
    outer loop
      vertex 15.125 35.125 3.5
      vertex 13.5502 34.2984 3.5
      vertex 13.6499 34.2858 3.5
    endloop
  endfacet
  facet normal 0 0 1
    outer loop
      vertex 15.125 35.125 3.5
      vertex 13.4498 34.2984 3.5
      vertex 13.5502 34.2984 3.5
    endloop
  endfacet
  facet normal 0 0 1
    outer loop
      vertex 15.125 35.125 3.5
      vertex 13.3501 34.2858 3.5
      vertex 13.4498 34.2984 3.5
    endloop
  endfacet
  facet normal -0 0 1
    outer loop
      vertex 10.9851 35.125 3.5
      vertex 13.3501 34.2858 3.5
      vertex 15.125 35.125 3.5
    endloop
  endfacet
  facet normal 0 0 1
    outer loop
      vertex 13.3501 34.2858 3.5
      vertex 10.9851 35.125 3.5
      vertex 13.2528 34.2608 3.5
    endloop
  endfacet
  facet normal 0 0 1
    outer loop
      vertex 13.1594 32.7761 3.5
      vertex 12.2227 30.7855 3.5
      vertex 12.5729 30.6468 3.5
    endloop
  endfacet
  facet normal 0 0 1
    outer loop
      vertex 10.5 33.5 3.5
      vertex 12.7 33.5 3.5
      vertex 12.7063 33.6003 3.5
    endloop
  endfacet
  facet normal 0 0 1
    outer loop
      vertex 12.7063 33.3997 3.5
      vertex 11.8925 30.967 3.5
      vertex 12.2227 30.7855 3.5
    endloop
  endfacet
  facet normal 0 0 1
    outer loop
      vertex 10.5237 33.876 3.5
      vertex 12.7063 33.6003 3.5
      vertex 12.7251 33.699 3.5
    endloop
  endfacet
  facet normal 0 0 1
    outer loop
      vertex 12.7063 33.3997 3.5
      vertex 11.5877 31.1885 3.5
      vertex 11.8925 30.967 3.5
    endloop
  endfacet
  facet normal 0 0 1
    outer loop
      vertex 10.5942 34.2461 3.5
      vertex 12.7251 33.699 3.5
      vertex 12.7562 33.7945 3.5
    endloop
  endfacet
  facet normal 0 0 1
    outer loop
      vertex 12.7063 33.3997 3.5
      vertex 11.3131 31.4464 3.5
      vertex 11.5877 31.1885 3.5
    endloop
  endfacet
  facet normal 0 0 1
    outer loop
      vertex 10.7107 34.6044 3.5
      vertex 12.7562 33.7945 3.5
      vertex 12.799 33.8854 3.5
    endloop
  endfacet
  facet normal 0 0 1
    outer loop
      vertex 12.7063 33.3997 3.5
      vertex 11.0729 31.7366 3.5
      vertex 11.3131 31.4464 3.5
    endloop
  endfacet
  facet normal 0 0 1
    outer loop
      vertex 10.9851 35.125 3.5
      vertex 12.799 33.8854 3.5
      vertex 12.8528 33.9702 3.5
    endloop
  endfacet
  facet normal 0 0 1
    outer loop
      vertex 13.2528 34.2608 3.5
      vertex 10.9851 35.125 3.5
      vertex 13.1594 34.2239 3.5
    endloop
  endfacet
  facet normal 0 0 1
    outer loop
      vertex 10.9851 35.125 3.5
      vertex 13.0713 34.1755 3.5
      vertex 13.1594 34.2239 3.5
    endloop
  endfacet
  facet normal 0 0 1
    outer loop
      vertex 10.9851 35.125 3.5
      vertex 12.9901 34.1164 3.5
      vertex 13.0713 34.1755 3.5
    endloop
  endfacet
  facet normal 0 0 1
    outer loop
      vertex 10.9851 35.125 3.5
      vertex 12.9168 34.0476 3.5
      vertex 12.9901 34.1164 3.5
    endloop
  endfacet
  facet normal 0 0 1
    outer loop
      vertex 10.9851 35.125 3.5
      vertex 12.8528 33.9702 3.5
      vertex 12.9168 34.0476 3.5
    endloop
  endfacet
  facet normal 0 0 1
    outer loop
      vertex 12.799 33.8854 3.5
      vertex 10.9851 35.125 3.5
      vertex 10.8711 34.9453 3.5
    endloop
  endfacet
  facet normal 0 0 1
    outer loop
      vertex 12.799 33.8854 3.5
      vertex 10.8711 34.9453 3.5
      vertex 10.7107 34.6044 3.5
    endloop
  endfacet
  facet normal 0 0 1
    outer loop
      vertex 12.7063 33.3997 3.5
      vertex 10.8711 32.0547 3.5
      vertex 11.0729 31.7366 3.5
    endloop
  endfacet
  facet normal 0 0 1
    outer loop
      vertex 12.7562 33.7945 3.5
      vertex 10.7107 34.6044 3.5
      vertex 10.5942 34.2461 3.5
    endloop
  endfacet
  facet normal 0 0 1
    outer loop
      vertex 12.7063 33.3997 3.5
      vertex 10.7107 32.3956 3.5
      vertex 10.8711 32.0547 3.5
    endloop
  endfacet
  facet normal 0 0 1
    outer loop
      vertex 12.7251 33.699 3.5
      vertex 10.5942 34.2461 3.5
      vertex 10.5237 33.876 3.5
    endloop
  endfacet
  facet normal 0 0 1
    outer loop
      vertex 12.7063 33.3997 3.5
      vertex 10.5942 32.7539 3.5
      vertex 10.7107 32.3956 3.5
    endloop
  endfacet
  facet normal 0 0 1
    outer loop
      vertex 12.7063 33.6003 3.5
      vertex 10.5237 33.876 3.5
      vertex 10.5 33.5 3.5
    endloop
  endfacet
  facet normal 0 0 1
    outer loop
      vertex 12.7063 33.3997 3.5
      vertex 10.5237 33.124 3.5
      vertex 10.5942 32.7539 3.5
    endloop
  endfacet
  facet normal 0 0 1
    outer loop
      vertex 12.7 33.5 3.5
      vertex 10.5 33.5 3.5
      vertex 10.5237 33.124 3.5
    endloop
  endfacet
  facet normal -0 0 1
    outer loop
      vertex 14.201 33.1146 3.5
      vertex 15.125 30.9797 3.5
      vertex 14.2438 33.2055 3.5
    endloop
  endfacet
  facet normal -0 0 1
    outer loop
      vertex 14.1472 33.0298 3.5
      vertex 15.125 30.9797 3.5
      vertex 14.201 33.1146 3.5
    endloop
  endfacet
  facet normal -0 0 1
    outer loop
      vertex 14.0832 32.9524 3.5
      vertex 15.125 30.9797 3.5
      vertex 14.1472 33.0298 3.5
    endloop
  endfacet
  facet normal -0 0 1
    outer loop
      vertex 14.0099 32.8836 3.5
      vertex 15.125 30.9797 3.5
      vertex 14.0832 32.9524 3.5
    endloop
  endfacet
  facet normal -0 0 1
    outer loop
      vertex 13.9287 32.8245 3.5
      vertex 15.125 30.9797 3.5
      vertex 14.0099 32.8836 3.5
    endloop
  endfacet
  facet normal 0 0 1
    outer loop
      vertex 15.125 30.9797 3.5
      vertex 13.9287 32.8245 3.5
      vertex 15.1075 30.967 3.5
    endloop
  endfacet
  facet normal 0 0 1
    outer loop
      vertex 15.1075 30.967 3.5
      vertex 13.9287 32.8245 3.5
      vertex 14.7773 30.7855 3.5
    endloop
  endfacet
  facet normal -0 0 1
    outer loop
      vertex 13.8406 32.7761 3.5
      vertex 14.7773 30.7855 3.5
      vertex 13.9287 32.8245 3.5
    endloop
  endfacet
  facet normal 0 0 1
    outer loop
      vertex 14.7773 30.7855 3.5
      vertex 13.8406 32.7761 3.5
      vertex 14.4271 30.6468 3.5
    endloop
  endfacet
  facet normal -0 0 1
    outer loop
      vertex 13.7472 32.7392 3.5
      vertex 14.4271 30.6468 3.5
      vertex 13.8406 32.7761 3.5
    endloop
  endfacet
  facet normal 0 0 1
    outer loop
      vertex 14.4271 30.6468 3.5
      vertex 13.7472 32.7392 3.5
      vertex 14.0621 30.5531 3.5
    endloop
  endfacet
  facet normal -0 0 1
    outer loop
      vertex 13.6499 32.7142 3.5
      vertex 14.0621 30.5531 3.5
      vertex 13.7472 32.7392 3.5
    endloop
  endfacet
  facet normal 0 0 1
    outer loop
      vertex 14.0621 30.5531 3.5
      vertex 13.6499 32.7142 3.5
      vertex 13.6884 30.5059 3.5
    endloop
  endfacet
  facet normal -0 0 1
    outer loop
      vertex 13.5502 32.7016 3.5
      vertex 13.6884 30.5059 3.5
      vertex 13.6499 32.7142 3.5
    endloop
  endfacet
  facet normal -0 0 1
    outer loop
      vertex 13.4498 32.7016 3.5
      vertex 13.6884 30.5059 3.5
      vertex 13.5502 32.7016 3.5
    endloop
  endfacet
  facet normal 0 0 1
    outer loop
      vertex 13.3116 30.5059 3.5
      vertex 13.4498 32.7016 3.5
      vertex 13.3501 32.7142 3.5
    endloop
  endfacet
  facet normal 0 0 1
    outer loop
      vertex 13.4498 32.7016 3.5
      vertex 13.3116 30.5059 3.5
      vertex 13.6884 30.5059 3.5
    endloop
  endfacet
  facet normal 0 0 1
    outer loop
      vertex 12.9379 30.5531 3.5
      vertex 13.3501 32.7142 3.5
      vertex 13.2528 32.7392 3.5
    endloop
  endfacet
  facet normal 0 0 1
    outer loop
      vertex 12.5729 30.6468 3.5
      vertex 13.2528 32.7392 3.5
      vertex 13.1594 32.7761 3.5
    endloop
  endfacet
  facet normal 0 0 1
    outer loop
      vertex 12.2227 30.7855 3.5
      vertex 13.1594 32.7761 3.5
      vertex 13.0713 32.8245 3.5
    endloop
  endfacet
  facet normal 0 0 1
    outer loop
      vertex 12.2227 30.7855 3.5
      vertex 13.0713 32.8245 3.5
      vertex 12.9901 32.8836 3.5
    endloop
  endfacet
  facet normal 0 0 1
    outer loop
      vertex 13.3501 32.7142 3.5
      vertex 12.9379 30.5531 3.5
      vertex 13.3116 30.5059 3.5
    endloop
  endfacet
  facet normal 0 0 1
    outer loop
      vertex 12.2227 30.7855 3.5
      vertex 12.9901 32.8836 3.5
      vertex 12.9168 32.9524 3.5
    endloop
  endfacet
  facet normal 0 0 1
    outer loop
      vertex 12.2227 30.7855 3.5
      vertex 12.9168 32.9524 3.5
      vertex 12.8528 33.0298 3.5
    endloop
  endfacet
  facet normal 0 0 1
    outer loop
      vertex 12.2227 30.7855 3.5
      vertex 12.8528 33.0298 3.5
      vertex 12.799 33.1146 3.5
    endloop
  endfacet
  facet normal 0 0 1
    outer loop
      vertex 12.2227 30.7855 3.5
      vertex 12.799 33.1146 3.5
      vertex 12.7562 33.2055 3.5
    endloop
  endfacet
  facet normal 0 0 1
    outer loop
      vertex 12.2227 30.7855 3.5
      vertex 12.7562 33.2055 3.5
      vertex 12.7251 33.301 3.5
    endloop
  endfacet
  facet normal 0 0 1
    outer loop
      vertex 12.2227 30.7855 3.5
      vertex 12.7251 33.301 3.5
      vertex 12.7063 33.3997 3.5
    endloop
  endfacet
  facet normal 0 0 1
    outer loop
      vertex 13.2528 32.7392 3.5
      vertex 12.5729 30.6468 3.5
      vertex 12.9379 30.5531 3.5
    endloop
  endfacet
  facet normal 0 0 1
    outer loop
      vertex 10.5237 33.124 3.5
      vertex 12.7063 33.3997 3.5
      vertex 12.7 33.5 3.5
    endloop
  endfacet
  facet normal -0.926135 0.300962 -0.227366
    outer loop
      vertex 10.5942 34.2461 0.5
      vertex 11.2313 35.125 -0.931724
      vertex 11.4732 35.125 -1.91706
    endloop
  endfacet
  facet normal -0.92611 0.301122 -0.227257
    outer loop
      vertex 11.2313 35.125 -0.931724
      vertex 10.5942 34.2461 0.5
      vertex 10.7107 34.6044 0.5
    endloop
  endfacet
  facet normal -0.89143 0.419394 -0.171641
    outer loop
      vertex 10.7107 34.6044 0.5
      vertex 11.0508 35.125 0.00571775
      vertex 11.2313 35.125 -0.931724
    endloop
  endfacet
  facet normal -0.891422 0.419431 -0.171596
    outer loop
      vertex 11.0508 35.125 0.00571775
      vertex 10.7107 34.6044 0.5
      vertex 10.8711 34.9453 0.5
    endloop
  endfacet
  facet normal -0.754595 -0.478929 -0.448568
    outer loop
      vertex 13.0729 33.7366 -5
      vertex 13.9413 35.125 -7.94322
      vertex 14.4613 35.125 -8.81798
    endloop
  endfacet
  facet normal -0.754718 -0.478771 -0.44853
    outer loop
      vertex 13.9413 35.125 -7.94322
      vertex 13.0729 33.7366 -5
      vertex 12.8935 34.0194 -5
    endloop
  endfacet
  facet normal -0.754392 -0.479231 -0.448587
    outer loop
      vertex 12.8935 34.0194 -5
      vertex 10.8711 32.0547 0.5
      vertex 13.9413 35.125 -7.94322
    endloop
  endfacet
  facet normal -0.754627 -0.478893 -0.448553
    outer loop
      vertex 12.8528 33.9702 -4.879
      vertex 10.8711 32.0547 0.5
      vertex 12.8935 34.0194 -5
    endloop
  endfacet
  facet normal -0.753743 -0.480165 -0.44868
    outer loop
      vertex 12.799 33.8854 -4.69787
      vertex 10.8711 32.0547 0.5
      vertex 12.8528 33.9702 -4.879
    endloop
  endfacet
  facet normal -0.754837 -0.478584 -0.448529
    outer loop
      vertex 12.7562 33.7945 -4.52885
      vertex 10.8711 32.0547 0.5
      vertex 12.799 33.8854 -4.69787
    endloop
  endfacet
  facet normal -0.754827 -0.478598 -0.44853
    outer loop
      vertex 12.7251 33.699 -4.37461
      vertex 10.8711 32.0547 0.5
      vertex 12.7562 33.7945 -4.52885
    endloop
  endfacet
  facet normal -0.754522 -0.479046 -0.448565
    outer loop
      vertex 12.7063 33.6003 -4.23758
      vertex 10.8711 32.0547 0.5
      vertex 12.7251 33.699 -4.37461
    endloop
  endfacet
  facet normal -0.754703 -0.478779 -0.448548
    outer loop
      vertex 12.7 33.5 -4.11992
      vertex 10.8711 32.0547 0.5
      vertex 12.7063 33.6003 -4.23758
    endloop
  endfacet
  facet normal -0.754762 -0.478689 -0.448543
    outer loop
      vertex 12.7063 33.3997 -4.02348
      vertex 10.8711 32.0547 0.5
      vertex 12.7 33.5 -4.11992
    endloop
  endfacet
  facet normal -0.753119 -0.481196 -0.448622
    outer loop
      vertex 12.7111 33.3748 -4.00483
      vertex 10.8711 32.0547 0.5
      vertex 12.7063 33.3997 -4.02348
    endloop
  endfacet
  facet normal -0.754699 -0.478775 -0.448558
    outer loop
      vertex 10.8711 32.0547 0.5
      vertex 12.7111 33.3748 -4.00483
      vertex 11.0729 31.7366 0.5
    endloop
  endfacet
  facet normal -0.333001 -0.840785 -0.426839
    outer loop
      vertex 12.2227 30.7855 0.5
      vertex 15.125 33.1989 -6.51814
      vertex 12.5729 30.6468 0.5
    endloop
  endfacet
  facet normal -0.332946 -0.840813 -0.426826
    outer loop
      vertex 15.125 33.1989 -6.51814
      vertex 12.2227 30.7855 0.5
      vertex 15.125 33.6879 -7.48143
    endloop
  endfacet
  facet normal 0 0 1
    outer loop
      vertex -12.7 33.5 3.5
      vertex -10.5 33.5 3.5
      vertex -10.5237 33.876 3.5
    endloop
  endfacet
  facet normal 0 0 1
    outer loop
      vertex -12.7063 33.6003 3.5
      vertex -10.5237 33.876 3.5
      vertex -10.5942 34.2461 3.5
    endloop
  endfacet
  facet normal 0 0 1
    outer loop
      vertex -10.5 33.5 3.5
      vertex -12.7 33.5 3.5
      vertex -10.5237 33.124 3.5
    endloop
  endfacet
  facet normal 0 0 1
    outer loop
      vertex -12.7251 33.699 3.5
      vertex -10.5942 34.2461 3.5
      vertex -10.7107 34.6044 3.5
    endloop
  endfacet
  facet normal -0 0 1
    outer loop
      vertex -12.7063 33.3997 3.5
      vertex -10.5237 33.124 3.5
      vertex -12.7 33.5 3.5
    endloop
  endfacet
  facet normal 0 0 1
    outer loop
      vertex -12.7562 33.7945 3.5
      vertex -10.7107 34.6044 3.5
      vertex -10.8711 34.9453 3.5
    endloop
  endfacet
  facet normal 0 0 1
    outer loop
      vertex -10.5237 33.124 3.5
      vertex -12.7063 33.3997 3.5
      vertex -10.5942 32.7539 3.5
    endloop
  endfacet
  facet normal 0 0 1
    outer loop
      vertex -12.799 33.8854 3.5
      vertex -10.8711 34.9453 3.5
      vertex -10.9851 35.125 3.5
    endloop
  endfacet
  facet normal -0 0 1
    outer loop
      vertex -12.7251 33.301 3.5
      vertex -10.5942 32.7539 3.5
      vertex -12.7063 33.3997 3.5
    endloop
  endfacet
  facet normal 0 0 1
    outer loop
      vertex -10.5942 32.7539 3.5
      vertex -12.7251 33.301 3.5
      vertex -10.7107 32.3956 3.5
    endloop
  endfacet
  facet normal 0 0 1
    outer loop
      vertex -10.7107 32.3956 3.5
      vertex -12.7562 33.2055 3.5
      vertex -10.8711 32.0547 3.5
    endloop
  endfacet
  facet normal -0 0 1
    outer loop
      vertex -12.799 33.1146 3.5
      vertex -10.8711 32.0547 3.5
      vertex -12.7562 33.2055 3.5
    endloop
  endfacet
  facet normal -0 0 1
    outer loop
      vertex -12.8528 33.0298 3.5
      vertex -11.0729 31.7366 3.5
      vertex -12.799 33.1146 3.5
    endloop
  endfacet
  facet normal 0 0 1
    outer loop
      vertex -11.0729 31.7366 3.5
      vertex -12.8528 33.0298 3.5
      vertex -11.3131 31.4464 3.5
    endloop
  endfacet
  facet normal -0 0 1
    outer loop
      vertex -12.7562 33.2055 3.5
      vertex -10.7107 32.3956 3.5
      vertex -12.7251 33.301 3.5
    endloop
  endfacet
  facet normal 0 0 1
    outer loop
      vertex -10.5237 33.876 3.5
      vertex -12.7063 33.6003 3.5
      vertex -12.7 33.5 3.5
    endloop
  endfacet
  facet normal 0 0 1
    outer loop
      vertex -10.5942 34.2461 3.5
      vertex -12.7251 33.699 3.5
      vertex -12.7063 33.6003 3.5
    endloop
  endfacet
  facet normal 0 0 1
    outer loop
      vertex -10.7107 34.6044 3.5
      vertex -12.7562 33.7945 3.5
      vertex -12.7251 33.699 3.5
    endloop
  endfacet
  facet normal 0 0 1
    outer loop
      vertex -10.8711 34.9453 3.5
      vertex -12.799 33.8854 3.5
      vertex -12.7562 33.7945 3.5
    endloop
  endfacet
  facet normal 0 0 1
    outer loop
      vertex -10.9851 35.125 3.5
      vertex -12.8528 33.9702 3.5
      vertex -12.799 33.8854 3.5
    endloop
  endfacet
  facet normal 0 0 1
    outer loop
      vertex -10.9851 35.125 3.5
      vertex -12.9168 34.0476 3.5
      vertex -12.8528 33.9702 3.5
    endloop
  endfacet
  facet normal 0 0 1
    outer loop
      vertex -10.9851 35.125 3.5
      vertex -12.9901 34.1164 3.5
      vertex -12.9168 34.0476 3.5
    endloop
  endfacet
  facet normal 0 0 1
    outer loop
      vertex -10.9851 35.125 3.5
      vertex -13.0713 34.1755 3.5
      vertex -12.9901 34.1164 3.5
    endloop
  endfacet
  facet normal 0 0 1
    outer loop
      vertex -10.9851 35.125 3.5
      vertex -13.1594 34.2239 3.5
      vertex -13.0713 34.1755 3.5
    endloop
  endfacet
  facet normal 0 0 1
    outer loop
      vertex -10.9851 35.125 3.5
      vertex -13.2528 34.2608 3.5
      vertex -13.1594 34.2239 3.5
    endloop
  endfacet
  facet normal 0 0 1
    outer loop
      vertex -10.9851 35.125 3.5
      vertex -13.3501 34.2858 3.5
      vertex -13.2528 34.2608 3.5
    endloop
  endfacet
  facet normal 0 0 1
    outer loop
      vertex -10.9851 35.125 3.5
      vertex -13.4498 34.2984 3.5
      vertex -13.3501 34.2858 3.5
    endloop
  endfacet
  facet normal -0 0 1
    outer loop
      vertex -15.125 35.125 3.5
      vertex -13.4498 34.2984 3.5
      vertex -10.9851 35.125 3.5
    endloop
  endfacet
  facet normal 0 0 1
    outer loop
      vertex -13.4498 34.2984 3.5
      vertex -15.125 35.125 3.5
      vertex -13.5502 34.2984 3.5
    endloop
  endfacet
  facet normal 0 0 1
    outer loop
      vertex -13.5502 34.2984 3.5
      vertex -15.125 35.125 3.5
      vertex -13.6499 34.2858 3.5
    endloop
  endfacet
  facet normal 0 0 1
    outer loop
      vertex -13.8406 32.7761 3.5
      vertex -14.7773 30.7855 3.5
      vertex -14.4271 30.6468 3.5
    endloop
  endfacet
  facet normal 0 0 1
    outer loop
      vertex -15.125 35.125 3.5
      vertex -14.3 33.5 3.5
      vertex -14.2937 33.6003 3.5
    endloop
  endfacet
  facet normal 0 0 1
    outer loop
      vertex -14.2937 33.3997 3.5
      vertex -15.1075 30.967 3.5
      vertex -14.7773 30.7855 3.5
    endloop
  endfacet
  facet normal 0 0 1
    outer loop
      vertex -15.125 35.125 3.5
      vertex -14.2937 33.6003 3.5
      vertex -14.2749 33.699 3.5
    endloop
  endfacet
  facet normal 0 0 1
    outer loop
      vertex -13.6499 34.2858 3.5
      vertex -15.125 35.125 3.5
      vertex -13.7472 34.2608 3.5
    endloop
  endfacet
  facet normal 0 0 1
    outer loop
      vertex -15.125 35.125 3.5
      vertex -13.8406 34.2239 3.5
      vertex -13.7472 34.2608 3.5
    endloop
  endfacet
  facet normal 0 0 1
    outer loop
      vertex -15.125 35.125 3.5
      vertex -13.9287 34.1755 3.5
      vertex -13.8406 34.2239 3.5
    endloop
  endfacet
  facet normal 0 0 1
    outer loop
      vertex -15.125 35.125 3.5
      vertex -14.0099 34.1164 3.5
      vertex -13.9287 34.1755 3.5
    endloop
  endfacet
  facet normal 0 0 1
    outer loop
      vertex -15.125 35.125 3.5
      vertex -14.0832 34.0476 3.5
      vertex -14.0099 34.1164 3.5
    endloop
  endfacet
  facet normal 0 0 1
    outer loop
      vertex -15.125 35.125 3.5
      vertex -14.1472 33.9702 3.5
      vertex -14.0832 34.0476 3.5
    endloop
  endfacet
  facet normal 0 0 1
    outer loop
      vertex -15.125 35.125 3.5
      vertex -14.201 33.8854 3.5
      vertex -14.1472 33.9702 3.5
    endloop
  endfacet
  facet normal 0 0 1
    outer loop
      vertex -15.125 35.125 3.5
      vertex -14.2438 33.7945 3.5
      vertex -14.201 33.8854 3.5
    endloop
  endfacet
  facet normal 0 0 1
    outer loop
      vertex -15.125 35.125 3.5
      vertex -14.2749 33.699 3.5
      vertex -14.2438 33.7945 3.5
    endloop
  endfacet
  facet normal 0 0 1
    outer loop
      vertex -14.2937 33.3997 3.5
      vertex -15.125 35.125 3.5
      vertex -15.125 30.9797 3.5
    endloop
  endfacet
  facet normal 0 0 1
    outer loop
      vertex -14.2937 33.3997 3.5
      vertex -15.125 30.9797 3.5
      vertex -15.1075 30.967 3.5
    endloop
  endfacet
  facet normal 0 0 1
    outer loop
      vertex -10.8711 32.0547 3.5
      vertex -12.799 33.1146 3.5
      vertex -11.0729 31.7366 3.5
    endloop
  endfacet
  facet normal -0 0 1
    outer loop
      vertex -12.9168 32.9524 3.5
      vertex -11.3131 31.4464 3.5
      vertex -12.8528 33.0298 3.5
    endloop
  endfacet
  facet normal 0 0 1
    outer loop
      vertex -11.3131 31.4464 3.5
      vertex -12.9168 32.9524 3.5
      vertex -11.5877 31.1885 3.5
    endloop
  endfacet
  facet normal -0 0 1
    outer loop
      vertex -12.9901 32.8836 3.5
      vertex -11.5877 31.1885 3.5
      vertex -12.9168 32.9524 3.5
    endloop
  endfacet
  facet normal 0 0 1
    outer loop
      vertex -11.5877 31.1885 3.5
      vertex -12.9901 32.8836 3.5
      vertex -11.8925 30.967 3.5
    endloop
  endfacet
  facet normal -0 0 1
    outer loop
      vertex -13.0713 32.8245 3.5
      vertex -11.8925 30.967 3.5
      vertex -12.9901 32.8836 3.5
    endloop
  endfacet
  facet normal 0 0 1
    outer loop
      vertex -11.8925 30.967 3.5
      vertex -13.0713 32.8245 3.5
      vertex -12.2227 30.7855 3.5
    endloop
  endfacet
  facet normal -0 0 1
    outer loop
      vertex -13.1594 32.7761 3.5
      vertex -12.2227 30.7855 3.5
      vertex -13.0713 32.8245 3.5
    endloop
  endfacet
  facet normal 0 0 1
    outer loop
      vertex -12.2227 30.7855 3.5
      vertex -13.1594 32.7761 3.5
      vertex -12.5729 30.6468 3.5
    endloop
  endfacet
  facet normal -0 0 1
    outer loop
      vertex -13.2528 32.7392 3.5
      vertex -12.5729 30.6468 3.5
      vertex -13.1594 32.7761 3.5
    endloop
  endfacet
  facet normal 0 0 1
    outer loop
      vertex -12.5729 30.6468 3.5
      vertex -13.2528 32.7392 3.5
      vertex -12.9379 30.5531 3.5
    endloop
  endfacet
  facet normal -0 0 1
    outer loop
      vertex -13.3501 32.7142 3.5
      vertex -12.9379 30.5531 3.5
      vertex -13.2528 32.7392 3.5
    endloop
  endfacet
  facet normal 0 0 1
    outer loop
      vertex -12.9379 30.5531 3.5
      vertex -13.3501 32.7142 3.5
      vertex -13.3116 30.5059 3.5
    endloop
  endfacet
  facet normal -0 0 1
    outer loop
      vertex -13.4498 32.7016 3.5
      vertex -13.3116 30.5059 3.5
      vertex -13.3501 32.7142 3.5
    endloop
  endfacet
  facet normal -0 0 1
    outer loop
      vertex -13.5502 32.7016 3.5
      vertex -13.3116 30.5059 3.5
      vertex -13.4498 32.7016 3.5
    endloop
  endfacet
  facet normal 0 0 1
    outer loop
      vertex -13.6884 30.5059 3.5
      vertex -13.5502 32.7016 3.5
      vertex -13.6499 32.7142 3.5
    endloop
  endfacet
  facet normal 0 0 1
    outer loop
      vertex -13.5502 32.7016 3.5
      vertex -13.6884 30.5059 3.5
      vertex -13.3116 30.5059 3.5
    endloop
  endfacet
  facet normal 0 0 1
    outer loop
      vertex -14.0621 30.5531 3.5
      vertex -13.6499 32.7142 3.5
      vertex -13.7472 32.7392 3.5
    endloop
  endfacet
  facet normal 0 0 1
    outer loop
      vertex -14.4271 30.6468 3.5
      vertex -13.7472 32.7392 3.5
      vertex -13.8406 32.7761 3.5
    endloop
  endfacet
  facet normal 0 0 1
    outer loop
      vertex -14.7773 30.7855 3.5
      vertex -13.8406 32.7761 3.5
      vertex -13.9287 32.8245 3.5
    endloop
  endfacet
  facet normal 0 0 1
    outer loop
      vertex -14.7773 30.7855 3.5
      vertex -13.9287 32.8245 3.5
      vertex -14.0099 32.8836 3.5
    endloop
  endfacet
  facet normal 0 0 1
    outer loop
      vertex -13.6499 32.7142 3.5
      vertex -14.0621 30.5531 3.5
      vertex -13.6884 30.5059 3.5
    endloop
  endfacet
  facet normal 0 0 1
    outer loop
      vertex -14.7773 30.7855 3.5
      vertex -14.0099 32.8836 3.5
      vertex -14.0832 32.9524 3.5
    endloop
  endfacet
  facet normal 0 0 1
    outer loop
      vertex -14.7773 30.7855 3.5
      vertex -14.0832 32.9524 3.5
      vertex -14.1472 33.0298 3.5
    endloop
  endfacet
  facet normal 0 0 1
    outer loop
      vertex -14.7773 30.7855 3.5
      vertex -14.1472 33.0298 3.5
      vertex -14.201 33.1146 3.5
    endloop
  endfacet
  facet normal 0 0 1
    outer loop
      vertex -14.7773 30.7855 3.5
      vertex -14.201 33.1146 3.5
      vertex -14.2438 33.2055 3.5
    endloop
  endfacet
  facet normal 0 0 1
    outer loop
      vertex -14.7773 30.7855 3.5
      vertex -14.2438 33.2055 3.5
      vertex -14.2749 33.301 3.5
    endloop
  endfacet
  facet normal 0 0 1
    outer loop
      vertex -14.7773 30.7855 3.5
      vertex -14.2749 33.301 3.5
      vertex -14.2937 33.3997 3.5
    endloop
  endfacet
  facet normal 0 0 1
    outer loop
      vertex -13.7472 32.7392 3.5
      vertex -14.4271 30.6468 3.5
      vertex -14.0621 30.5531 3.5
    endloop
  endfacet
  facet normal 0 0 1
    outer loop
      vertex -15.125 35.125 3.5
      vertex -14.2937 33.3997 3.5
      vertex -14.3 33.5 3.5
    endloop
  endfacet
  facet normal 0.686795 -0.566273 -0.455683
    outer loop
      vertex -11.0729 31.7366 0.5
      vertex -12.7251 33.301 -3.93422
      vertex -12.7111 33.3748 -4.00483
    endloop
  endfacet
  facet normal 0.685378 -0.567939 -0.455743
    outer loop
      vertex -11.0729 31.7366 0.5
      vertex -12.7562 33.2055 -3.86198
      vertex -12.7251 33.301 -3.93422
    endloop
  endfacet
  facet normal 0.685718 -0.567533 -0.455738
    outer loop
      vertex -11.0729 31.7366 0.5
      vertex -12.799 33.1146 -3.81318
      vertex -12.7562 33.2055 -3.86198
    endloop
  endfacet
  facet normal 0.6859 -0.567312 -0.45574
    outer loop
      vertex -11.0729 31.7366 0.5
      vertex -12.8528 33.0298 -3.78859
      vertex -12.799 33.1146 -3.81318
    endloop
  endfacet
  facet normal 0.686598 -0.566444 -0.455768
    outer loop
      vertex -11.0729 31.7366 0.5
      vertex -12.8726 33.0058 -3.78859
      vertex -12.8528 33.0298 -3.78859
    endloop
  endfacet
  facet normal 0.685704 -0.567561 -0.455723
    outer loop
      vertex -12.8726 33.0058 -3.78859
      vertex -11.0729 31.7366 0.5
      vertex -11.3131 31.4464 0.5
    endloop
  endfacet
  facet normal 0.685697 -0.567555 -0.455742
    outer loop
      vertex -13.3131 33.4464 -5
      vertex -14.4613 35.125 -8.81798
      vertex -13.0729 33.7366 -5
    endloop
  endfacet
  facet normal 0.685871 -0.567368 -0.455713
    outer loop
      vertex -14.4613 35.125 -8.81798
      vertex -13.3131 33.4464 -5
      vertex -14.9917 35.125 -9.61626
    endloop
  endfacet
  facet normal 0.844415 -0.53569 0
    outer loop
      vertex -11.0729 31.7366 3.5
      vertex -10.8711 32.0547 0.5
      vertex -10.8711 32.0547 3.5
    endloop
  endfacet
  facet normal 0.844415 -0.53569 0
    outer loop
      vertex -10.8711 32.0547 0.5
      vertex -11.0729 31.7366 3.5
      vertex -11.0729 31.7366 0.5
    endloop
  endfacet
  facet normal 0.608514 -0.648618 -0.45717
    outer loop
      vertex -12.8726 33.0058 -3.78859
      vertex -11.5877 31.1885 0.5
      vertex -12.9168 32.9524 -3.77166
    endloop
  endfacet
  facet normal 0.608669 -0.64848 -0.457161
    outer loop
      vertex -11.5877 31.1885 0.5
      vertex -12.9901 32.8836 -3.77166
      vertex -12.9168 32.9524 -3.77166
    endloop
  endfacet
  facet normal 0.609416 -0.647796 -0.457135
    outer loop
      vertex -11.5877 31.1885 0.5
      vertex -13.0713 32.8245 -3.79616
      vertex -12.9901 32.8836 -3.77166
    endloop
  endfacet
  facet normal 0.608557 -0.648598 -0.457143
    outer loop
      vertex -11.5877 31.1885 0.5
      vertex -13.1594 32.7761 -3.84477
      vertex -13.0713 32.8245 -3.79616
    endloop
  endfacet
  facet normal 0.606087 -0.650934 -0.457104
    outer loop
      vertex -13.1594 32.7761 -3.84477
      vertex -11.5877 31.1885 0.5
      vertex -13.1709 32.7716 -3.85361
    endloop
  endfacet
  facet normal 0.608874 -0.6483 -0.457143
    outer loop
      vertex -11.5877 31.1885 0.5
      vertex -12.8726 33.0058 -3.78859
      vertex -11.3131 31.4464 0.5
    endloop
  endfacet
  facet normal 0.608872 -0.648299 -0.457146
    outer loop
      vertex -15.125 34.7257 -9.2275
      vertex -13.3131 33.4464 -5
      vertex -13.5877 33.1885 -5
    endloop
  endfacet
  facet normal 0.608844 -0.648329 -0.457143
    outer loop
      vertex -15.125 34.7257 -9.2275
      vertex -14.9917 35.125 -9.61626
      vertex -13.3131 33.4464 -5
    endloop
  endfacet
  facet normal 0.608767 -0.64836 -0.457201
    outer loop
      vertex -14.9917 35.125 -9.61626
      vertex -15.125 34.7257 -9.2275
      vertex -15.125 35.125 -9.79375
    endloop
  endfacet
  facet normal 0.814512 -0.383243 -0.43554
    outer loop
      vertex -10.8711 32.0547 0.5
      vertex -13.44 35.125 -7.00578
      vertex -10.7107 32.3956 0.5
    endloop
  endfacet
  facet normal 0.814486 -0.383288 -0.43555
    outer loop
      vertex -13.44 35.125 -7.00578
      vertex -10.8711 32.0547 0.5
      vertex -13.9413 35.125 -7.94322
    endloop
  endfacet
  facet normal 0.90399 -0.1722 -0.391342
    outer loop
      vertex -10.5942 32.7539 0.5
      vertex -12.5247 35.125 -5.00275
      vertex -10.5237 33.124 0.5
    endloop
  endfacet
  facet normal 0.903967 -0.172272 -0.391365
    outer loop
      vertex -12.5247 35.125 -5.00275
      vertex -10.5942 32.7539 0.5
      vertex -12.9653 35.125 -6.02044
    endloop
  endfacet
  facet normal -0.36823 -0.929735 0
    outer loop
      vertex -14.7773 30.7855 0.5
      vertex -14.4271 30.6468 3.5
      vertex -14.7773 30.7855 3.5
    endloop
  endfacet
  facet normal -0.36823 -0.929735 -0
    outer loop
      vertex -14.4271 30.6468 3.5
      vertex -14.7773 30.7855 0.5
      vertex -14.4271 30.6468 0.5
    endloop
  endfacet
  facet normal 0.524133 -0.721245 -0.452868
    outer loop
      vertex -11.8925 30.967 0.5
      vertex -13.1709 32.7716 -3.85361
      vertex -11.5877 31.1885 0.5
    endloop
  endfacet
  facet normal 0.52393 -0.721392 -0.452869
    outer loop
      vertex -11.8925 30.967 0.5
      vertex -13.2528 32.7392 -3.89675
      vertex -13.1709 32.7716 -3.85361
    endloop
  endfacet
  facet normal 0.52423 -0.721172 -0.452873
    outer loop
      vertex -11.8925 30.967 0.5
      vertex -13.3501 32.7142 -3.96957
      vertex -13.2528 32.7392 -3.89675
    endloop
  endfacet
  facet normal 0.523954 -0.721378 -0.452864
    outer loop
      vertex -11.8925 30.967 0.5
      vertex -13.4498 32.7016 -4.06485
      vertex -13.3501 32.7142 -3.96957
    endloop
  endfacet
  facet normal 0.524431 -0.721016 -0.452889
    outer loop
      vertex -11.8925 30.967 0.5
      vertex -13.5502 32.7016 -4.18111
      vertex -13.4498 32.7016 -4.06485
    endloop
  endfacet
  facet normal 0.523905 -0.721421 -0.452853
    outer loop
      vertex -13.5502 32.7016 -4.18111
      vertex -11.8925 30.967 0.5
      vertex -13.6382 32.7127 -4.3006
    endloop
  endfacet
  facet normal 0.524132 -0.721244 -0.452871
    outer loop
      vertex -15.125 34.1995 -8.38932
      vertex -13.5877 33.1885 -5
      vertex -13.8925 32.967 -5
    endloop
  endfacet
  facet normal 0.52402 -0.72134 -0.452849
    outer loop
      vertex -13.5877 33.1885 -5
      vertex -15.125 34.1995 -8.38932
      vertex -15.125 34.7257 -9.2275
    endloop
  endfacet
  facet normal -0.119512 -0.946222 -0.300634
    outer loop
      vertex -15.125 31.616 -2.42286
      vertex -13.6884 30.5059 0.5
      vertex -14.0621 30.5531 0.5
    endloop
  endfacet
  facet normal -0.119653 -0.946226 -0.300566
    outer loop
      vertex -13.6884 30.5059 0.5
      vertex -15.125 31.616 -2.42286
      vertex -15.125 31.9425 -3.45073
    endloop
  endfacet
  facet normal 0.839146 0.532346 -0.111539
    outer loop
      vertex -10.8711 34.9453 0.5
      vertex -11.0508 35.125 0.00571775
      vertex -10.9851 35.125 0.5
    endloop
  endfacet
  facet normal 0.24865 -0.968593 0
    outer loop
      vertex -12.9379 30.5531 0.5
      vertex -12.5729 30.6468 3.5
      vertex -12.9379 30.5531 3.5
    endloop
  endfacet
  facet normal 0.24865 -0.968593 0
    outer loop
      vertex -12.5729 30.6468 3.5
      vertex -12.9379 30.5531 0.5
      vertex -12.5729 30.6468 0.5
    endloop
  endfacet
  facet normal 0.982336 0.187124 0
    outer loop
      vertex -10.5237 33.876 3.5
      vertex -10.5942 34.2461 0.5
      vertex -10.5942 34.2461 3.5
    endloop
  endfacet
  facet normal 0.982336 0.187124 0
    outer loop
      vertex -10.5942 34.2461 0.5
      vertex -10.5237 33.876 3.5
      vertex -10.5237 33.876 0.5
    endloop
  endfacet
  facet normal 0.92611 0.301122 -0.227257
    outer loop
      vertex -10.5942 34.2461 0.5
      vertex -11.2313 35.125 -0.931724
      vertex -10.7107 34.6044 0.5
    endloop
  endfacet
  facet normal 0.926135 0.300962 -0.227366
    outer loop
      vertex -11.2313 35.125 -0.931724
      vertex -10.5942 34.2461 0.5
      vertex -11.4732 35.125 -1.91706
    endloop
  endfacet
  facet normal 0.116091 -0.919134 -0.376451
    outer loop
      vertex -15.125 32.3193 -4.48677
      vertex -12.9379 30.5531 0.5
      vertex -13.3116 30.5059 0.5
    endloop
  endfacet
  facet normal 0.116109 -0.919129 -0.376458
    outer loop
      vertex -12.9379 30.5531 0.5
      vertex -15.125 32.3193 -4.48677
      vertex -15.125 32.7403 -5.51465
    endloop
  endfacet
  facet normal 0.864538 -0.281101 -0.416601
    outer loop
      vertex -10.7107 32.3956 0.5
      vertex -12.9653 35.125 -6.02044
      vertex -10.5942 32.7539 0.5
    endloop
  endfacet
  facet normal 0.864631 -0.280894 -0.416547
    outer loop
      vertex -12.9653 35.125 -6.02044
      vertex -10.7107 32.3956 0.5
      vertex -13.44 35.125 -7.00578
    endloop
  endfacet
  facet normal 0.770349 -0.637622 0
    outer loop
      vertex -11.3131 31.4464 3.5
      vertex -11.0729 31.7366 0.5
      vertex -11.0729 31.7366 3.5
    endloop
  endfacet
  facet normal 0.770349 -0.637622 0
    outer loop
      vertex -11.0729 31.7366 0.5
      vertex -11.3131 31.4464 3.5
      vertex -11.3131 31.4464 0.5
    endloop
  endfacet
  facet normal 0.844415 0.535689 0
    outer loop
      vertex -10.8711 34.9453 3.5
      vertex -10.9851 35.125 0.5
      vertex -10.9851 35.125 3.5
    endloop
  endfacet
  facet normal 0.844415 0.535689 0
    outer loop
      vertex -10.9851 35.125 0.5
      vertex -10.8711 34.9453 3.5
      vertex -10.8711 34.9453 0.5
    endloop
  endfacet
  facet normal -0.587346 -0.809336 0
    outer loop
      vertex -15.125 30.9797 0.5
      vertex -15.1075 30.967 3.5
      vertex -15.125 30.9797 3.5
    endloop
  endfacet
  facet normal -0.587346 -0.809336 -0
    outer loop
      vertex -15.1075 30.967 3.5
      vertex -15.125 30.9797 0.5
      vertex -15.1075 30.967 0.5
    endloop
  endfacet
  facet normal 0.998019 -0.0629071 0
    outer loop
      vertex -10.5237 33.124 3.5
      vertex -10.5 33.5 0.5
      vertex -10.5 33.5 3.5
    endloop
  endfacet
  facet normal 0.998019 -0.0629071 0
    outer loop
      vertex -10.5 33.5 0.5
      vertex -10.5237 33.124 3.5
      vertex -10.5237 33.124 0.5
    endloop
  endfacet
  facet normal 0.125309 -0.992118 0
    outer loop
      vertex -13.3116 30.5059 0.5
      vertex -12.9379 30.5531 3.5
      vertex -13.3116 30.5059 3.5
    endloop
  endfacet
  facet normal 0.125309 -0.992118 0
    outer loop
      vertex -12.9379 30.5531 3.5
      vertex -13.3116 30.5059 0.5
      vertex -12.9379 30.5531 0.5
    endloop
  endfacet
  facet normal 0.684594 -0.728924 0
    outer loop
      vertex -11.5877 31.1885 0.5
      vertex -11.3131 31.4464 3.5
      vertex -11.5877 31.1885 3.5
    endloop
  endfacet
  facet normal 0.684594 -0.728924 0
    outer loop
      vertex -11.3131 31.4464 3.5
      vertex -11.5877 31.1885 0.5
      vertex -11.3131 31.4464 0.5
    endloop
  endfacet
  facet normal 0.944886 0.059558 -0.321937
    outer loop
      vertex -10.5 33.5 0.5
      vertex -11.7727 35.125 -2.93475
      vertex -10.5237 33.876 0.5
    endloop
  endfacet
  facet normal 0.944886 0.059558 -0.321937
    outer loop
      vertex -11.7727 35.125 -2.93475
      vertex -10.5 33.5 0.5
      vertex -12.125 35.125 -3.96875
    endloop
  endfacet
  facet normal 0.904843 0.425746 0
    outer loop
      vertex -10.7107 34.6044 3.5
      vertex -10.8711 34.9453 0.5
      vertex -10.8711 34.9453 3.5
    endloop
  endfacet
  facet normal 0.904843 0.425746 0
    outer loop
      vertex -10.8711 34.9453 0.5
      vertex -10.7107 34.6044 3.5
      vertex -10.7107 34.6044 0.5
    endloop
  endfacet
  facet normal 0 -0.939796 -0.341737
    outer loop
      vertex -15.125 31.9425 -3.45073
      vertex -13.3116 30.5059 0.5
      vertex -13.6884 30.5059 0.5
    endloop
  endfacet
  facet normal 0.000130055 -0.939776 -0.34179
    outer loop
      vertex -13.3116 30.5059 0.5
      vertex -15.125 31.9425 -3.45073
      vertex -15.125 32.3193 -4.48677
    endloop
  endfacet
  facet normal 0.36823 -0.929735 0
    outer loop
      vertex -12.5729 30.6468 0.5
      vertex -12.2227 30.7855 3.5
      vertex -12.5729 30.6468 3.5
    endloop
  endfacet
  facet normal 0.36823 -0.929735 0
    outer loop
      vertex -12.2227 30.7855 3.5
      vertex -12.5729 30.6468 0.5
      vertex -12.2227 30.7855 0.5
    endloop
  endfacet
  facet normal 0.481695 -0.876339 0
    outer loop
      vertex -12.2227 30.7855 0.5
      vertex -11.8925 30.967 3.5
      vertex -12.2227 30.7855 3.5
    endloop
  endfacet
  facet normal 0.481695 -0.876339 0
    outer loop
      vertex -11.8925 30.967 3.5
      vertex -12.2227 30.7855 0.5
      vertex -11.8925 30.967 0.5
    endloop
  endfacet
  facet normal -0.585446 -0.806717 -0.0803704
    outer loop
      vertex -15.125 30.9797 0.5
      vertex -15.125 30.9845 0.45182
      vertex -15.1075 30.967 0.5
    endloop
  endfacet
  facet normal 0.891422 0.419431 -0.171596
    outer loop
      vertex -10.7107 34.6044 0.5
      vertex -11.0508 35.125 0.00571775
      vertex -10.8711 34.9453 0.5
    endloop
  endfacet
  facet normal 0.89143 0.419394 -0.171641
    outer loop
      vertex -11.0508 35.125 0.00571775
      vertex -10.7107 34.6044 0.5
      vertex -11.2313 35.125 -0.931724
    endloop
  endfacet
  facet normal -0.476821 -0.867472 -0.141893
    outer loop
      vertex -15.125 30.9845 0.45182
      vertex -14.7773 30.7855 0.5
      vertex -15.1075 30.967 0.5
    endloop
  endfacet
  facet normal -0.476788 -0.86746 -0.142078
    outer loop
      vertex -14.7773 30.7855 0.5
      vertex -15.125 30.9845 0.45182
      vertex -15.125 31.1332 -0.456073
    endloop
  endfacet
  facet normal 0.998019 0.0629071 0
    outer loop
      vertex -10.5 33.5 3.5
      vertex -10.5237 33.876 0.5
      vertex -10.5237 33.876 3.5
    endloop
  endfacet
  facet normal 0.998019 0.0629071 0
    outer loop
      vertex -10.5237 33.876 0.5
      vertex -10.5 33.5 3.5
      vertex -10.5 33.5 0.5
    endloop
  endfacet
  facet normal 0.982336 -0.187124 0
    outer loop
      vertex -10.5942 32.7539 3.5
      vertex -10.5237 33.124 0.5
      vertex -10.5237 33.124 3.5
    endloop
  endfacet
  facet normal 0.982336 -0.187124 0
    outer loop
      vertex -10.5237 33.124 0.5
      vertex -10.5942 32.7539 3.5
      vertex -10.5942 32.7539 0.5
    endloop
  endfacet
  facet normal 0.943666 0.179758 -0.277814
    outer loop
      vertex -10.5237 33.876 0.5
      vertex -11.4732 35.125 -1.91706
      vertex -10.5942 34.2461 0.5
    endloop
  endfacet
  facet normal 0.94366 0.179948 -0.277713
    outer loop
      vertex -11.4732 35.125 -1.91706
      vertex -10.5237 33.876 0.5
      vertex -11.7727 35.125 -2.93475
    endloop
  endfacet
  facet normal 0 -1 0
    outer loop
      vertex -13.6884 30.5059 0.5
      vertex -13.3116 30.5059 3.5
      vertex -13.6884 30.5059 3.5
    endloop
  endfacet
  facet normal 0 -1 -0
    outer loop
      vertex -13.3116 30.5059 3.5
      vertex -13.6884 30.5059 0.5
      vertex -13.3116 30.5059 0.5
    endloop
  endfacet
  facet normal 0.950993 -0.309212 0
    outer loop
      vertex -10.7107 32.3956 3.5
      vertex -10.5942 32.7539 0.5
      vertex -10.5942 32.7539 3.5
    endloop
  endfacet
  facet normal 0.950993 -0.309212 0
    outer loop
      vertex -10.5942 32.7539 0.5
      vertex -10.7107 32.3956 3.5
      vertex -10.7107 32.3956 0.5
    endloop
  endfacet
  facet normal 0.904843 -0.425746 0
    outer loop
      vertex -10.8711 32.0547 3.5
      vertex -10.7107 32.3956 0.5
      vertex -10.7107 32.3956 3.5
    endloop
  endfacet
  facet normal 0.904843 -0.425746 0
    outer loop
      vertex -10.7107 32.3956 0.5
      vertex -10.8711 32.0547 3.5
      vertex -10.8711 32.0547 0.5
    endloop
  endfacet
  facet normal -0.360785 -0.910936 -0.200076
    outer loop
      vertex -15.125 31.1332 -0.456073
      vertex -14.4271 30.6468 0.5
      vertex -14.7773 30.7855 0.5
    endloop
  endfacet
  facet normal -0.360754 -0.910942 -0.200102
    outer loop
      vertex -14.4271 30.6468 0.5
      vertex -15.125 31.1332 -0.456073
      vertex -15.125 31.3448 -1.41936
    endloop
  endfacet
  facet normal -0.240541 -0.937008 -0.253291
    outer loop
      vertex -15.125 31.3448 -1.41936
      vertex -14.0621 30.5531 0.5
      vertex -14.4271 30.6468 0.5
    endloop
  endfacet
  facet normal -0.240649 -0.936997 -0.253227
    outer loop
      vertex -14.0621 30.5531 0.5
      vertex -15.125 31.3448 -1.41936
      vertex -15.125 31.616 -2.42286
    endloop
  endfacet
  facet normal -0.125309 -0.992118 0
    outer loop
      vertex -14.0621 30.5531 0.5
      vertex -13.6884 30.5059 3.5
      vertex -14.0621 30.5531 3.5
    endloop
  endfacet
  facet normal -0.125309 -0.992118 -0
    outer loop
      vertex -13.6884 30.5059 3.5
      vertex -14.0621 30.5531 0.5
      vertex -13.6884 30.5059 0.5
    endloop
  endfacet
  facet normal 0.4319 -0.785749 -0.442788
    outer loop
      vertex -12.2227 30.7855 0.5
      vertex -13.6382 32.7127 -4.3006
      vertex -11.8925 30.967 0.5
    endloop
  endfacet
  facet normal 0.430829 -0.786373 -0.442723
    outer loop
      vertex -12.2227 30.7855 0.5
      vertex -13.6499 32.7142 -4.31465
      vertex -13.6382 32.7127 -4.3006
    endloop
  endfacet
  facet normal 0.431838 -0.785784 -0.442786
    outer loop
      vertex -12.2227 30.7855 0.5
      vertex -13.7472 32.7392 -4.45391
      vertex -13.6499 32.7142 -4.31465
    endloop
  endfacet
  facet normal 0.433208 -0.784972 -0.442888
    outer loop
      vertex -12.2227 30.7855 0.5
      vertex -13.8406 32.7761 -4.61067
      vertex -13.7472 32.7392 -4.45391
    endloop
  endfacet
  facet normal 0.431245 -0.786145 -0.442723
    outer loop
      vertex -12.2227 30.7855 0.5
      vertex -13.9287 32.8245 -4.78243
      vertex -13.8406 32.7761 -4.61067
    endloop
  endfacet
  facet normal 0.431874 -0.785767 -0.44278
    outer loop
      vertex -12.2227 30.7855 0.5
      vertex -14.0099 32.8836 -4.96651
      vertex -13.9287 32.8245 -4.78243
    endloop
  endfacet
  facet normal 0.431828 -0.785795 -0.442776
    outer loop
      vertex -15.125 33.6879 -7.48143
      vertex -14.0099 32.8836 -4.96651
      vertex -12.2227 30.7855 0.5
    endloop
  endfacet
  facet normal 0.434062 -0.784278 -0.443281
    outer loop
      vertex -14.0099 32.8836 -4.96651
      vertex -15.125 33.6879 -7.48143
      vertex -14.0226 32.8955 -5
    endloop
  endfacet
  facet normal 0.431848 -0.785783 -0.442778
    outer loop
      vertex -15.125 33.6879 -7.48143
      vertex -13.8925 32.967 -5
      vertex -14.0226 32.8955 -5
    endloop
  endfacet
  facet normal 0.431868 -0.785769 -0.442784
    outer loop
      vertex -13.8925 32.967 -5
      vertex -15.125 33.6879 -7.48143
      vertex -15.125 34.1995 -8.38932
    endloop
  endfacet
  facet normal 0.950993 0.309212 0
    outer loop
      vertex -10.5942 34.2461 3.5
      vertex -10.7107 34.6044 0.5
      vertex -10.7107 34.6044 3.5
    endloop
  endfacet
  facet normal 0.950993 0.309212 0
    outer loop
      vertex -10.7107 34.6044 0.5
      vertex -10.5942 34.2461 3.5
      vertex -10.5942 34.2461 0.5
    endloop
  endfacet
  facet normal -0.24865 -0.968593 0
    outer loop
      vertex -14.4271 30.6468 0.5
      vertex -14.0621 30.5531 3.5
      vertex -14.4271 30.6468 3.5
    endloop
  endfacet
  facet normal -0.24865 -0.968593 -0
    outer loop
      vertex -14.0621 30.5531 3.5
      vertex -14.4271 30.6468 0.5
      vertex -14.0621 30.5531 0.5
    endloop
  endfacet
  facet normal 0.227371 -0.885704 -0.404761
    outer loop
      vertex -15.125 32.7403 -5.51465
      vertex -12.5729 30.6468 0.5
      vertex -12.9379 30.5531 0.5
    endloop
  endfacet
  facet normal 0.227393 -0.885695 -0.404767
    outer loop
      vertex -12.5729 30.6468 0.5
      vertex -15.125 32.7403 -5.51465
      vertex -15.125 33.1989 -6.51814
    endloop
  endfacet
  facet normal 0.333001 -0.840785 -0.426839
    outer loop
      vertex -15.125 33.1989 -6.51814
      vertex -12.2227 30.7855 0.5
      vertex -12.5729 30.6468 0.5
    endloop
  endfacet
  facet normal 0.332946 -0.840813 -0.426826
    outer loop
      vertex -12.2227 30.7855 0.5
      vertex -15.125 33.1989 -6.51814
      vertex -15.125 33.6879 -7.48143
    endloop
  endfacet
  facet normal -0.481695 -0.876339 0
    outer loop
      vertex -15.1075 30.967 0.5
      vertex -14.7773 30.7855 3.5
      vertex -15.1075 30.967 3.5
    endloop
  endfacet
  facet normal -0.481695 -0.876339 -0
    outer loop
      vertex -14.7773 30.7855 3.5
      vertex -15.1075 30.967 0.5
      vertex -14.7773 30.7855 0.5
    endloop
  endfacet
  facet normal 0.754718 -0.478771 -0.44853
    outer loop
      vertex -13.0729 33.7366 -5
      vertex -13.9413 35.125 -7.94322
      vertex -12.8935 34.0194 -5
    endloop
  endfacet
  facet normal 0.754392 -0.479231 -0.448587
    outer loop
      vertex -10.8711 32.0547 0.5
      vertex -12.8935 34.0194 -5
      vertex -13.9413 35.125 -7.94322
    endloop
  endfacet
  facet normal 0.754627 -0.478893 -0.448553
    outer loop
      vertex -10.8711 32.0547 0.5
      vertex -12.8528 33.9702 -4.879
      vertex -12.8935 34.0194 -5
    endloop
  endfacet
  facet normal 0.753743 -0.480165 -0.44868
    outer loop
      vertex -10.8711 32.0547 0.5
      vertex -12.799 33.8854 -4.69787
      vertex -12.8528 33.9702 -4.879
    endloop
  endfacet
  facet normal 0.754837 -0.478584 -0.448529
    outer loop
      vertex -10.8711 32.0547 0.5
      vertex -12.7562 33.7945 -4.52885
      vertex -12.799 33.8854 -4.69787
    endloop
  endfacet
  facet normal 0.754827 -0.478598 -0.44853
    outer loop
      vertex -10.8711 32.0547 0.5
      vertex -12.7251 33.699 -4.37461
      vertex -12.7562 33.7945 -4.52885
    endloop
  endfacet
  facet normal 0.754522 -0.479046 -0.448565
    outer loop
      vertex -10.8711 32.0547 0.5
      vertex -12.7063 33.6003 -4.23758
      vertex -12.7251 33.699 -4.37461
    endloop
  endfacet
  facet normal 0.754703 -0.478779 -0.448548
    outer loop
      vertex -10.8711 32.0547 0.5
      vertex -12.7 33.5 -4.11992
      vertex -12.7063 33.6003 -4.23758
    endloop
  endfacet
  facet normal 0.754762 -0.478689 -0.448543
    outer loop
      vertex -10.8711 32.0547 0.5
      vertex -12.7063 33.3997 -4.02348
      vertex -12.7 33.5 -4.11992
    endloop
  endfacet
  facet normal 0.753119 -0.481196 -0.448622
    outer loop
      vertex -10.8711 32.0547 0.5
      vertex -12.7111 33.3748 -4.00483
      vertex -12.7063 33.3997 -4.02348
    endloop
  endfacet
  facet normal 0.754699 -0.478775 -0.448558
    outer loop
      vertex -12.7111 33.3748 -4.00483
      vertex -10.8711 32.0547 0.5
      vertex -11.0729 31.7366 0.5
    endloop
  endfacet
  facet normal 0.754595 -0.478929 -0.448568
    outer loop
      vertex -13.9413 35.125 -7.94322
      vertex -13.0729 33.7366 -5
      vertex -14.4613 35.125 -8.81798
    endloop
  endfacet
  facet normal 0.93113 -0.0586909 -0.359935
    outer loop
      vertex -10.5237 33.124 0.5
      vertex -12.125 35.125 -3.96875
      vertex -10.5 33.5 0.5
    endloop
  endfacet
  facet normal 0.93113 -0.0586909 -0.359935
    outer loop
      vertex -12.125 35.125 -3.96875
      vertex -10.5237 33.124 0.5
      vertex -12.5247 35.125 -5.00275
    endloop
  endfacet
  facet normal 0.587872 -0.808954 0
    outer loop
      vertex -11.8925 30.967 0.5
      vertex -11.5877 31.1885 3.5
      vertex -11.8925 30.967 3.5
    endloop
  endfacet
  facet normal 0.587872 -0.808954 0
    outer loop
      vertex -11.5877 31.1885 3.5
      vertex -11.8925 30.967 0.5
      vertex -11.5877 31.1885 0.5
    endloop
  endfacet
  facet normal 0.950851 0.309649 0
    outer loop
      vertex 12.7562 -33.7945 3.5
      vertex 12.7251 -33.699 -4.37461
      vertex 12.7251 -33.699 3.5
    endloop
  endfacet
  facet normal 0.950851 0.309649 0
    outer loop
      vertex 12.7251 -33.699 -4.37461
      vertex 12.7562 -33.7945 3.5
      vertex 12.7562 -33.7945 -4.52885
    endloop
  endfacet
  facet normal -0.982339 0.187112 0
    outer loop
      vertex 14.2749 -33.699 -5
      vertex 14.2937 -33.6003 3.5
      vertex 14.2937 -33.6003 -5
    endloop
  endfacet
  facet normal -0.982339 0.187112 0
    outer loop
      vertex 14.2937 -33.6003 3.5
      vertex 14.2749 -33.699 -5
      vertex 14.2749 -33.699 3.5
    endloop
  endfacet
  facet normal -0.998033 0.062688 0
    outer loop
      vertex 14.2937 -33.6003 -5
      vertex 14.3 -33.5 3.5
      vertex 14.3 -33.5 -5
    endloop
  endfacet
  facet normal -0.998033 0.062688 0
    outer loop
      vertex 14.3 -33.5 3.5
      vertex 14.2937 -33.6003 -5
      vertex 14.2937 -33.6003 3.5
    endloop
  endfacet
  facet normal -0.950851 0.309649 0
    outer loop
      vertex 14.2438 -33.7945 -5
      vertex 14.2749 -33.699 3.5
      vertex 14.2749 -33.699 -5
    endloop
  endfacet
  facet normal -0.950851 0.309649 0
    outer loop
      vertex 14.2749 -33.699 3.5
      vertex 14.2438 -33.7945 -5
      vertex 14.2438 -33.7945 3.5
    endloop
  endfacet
  facet normal -0.904728 -0.425989 0
    outer loop
      vertex 14.2438 -33.2055 -5
      vertex 14.201 -33.1146 3.5
      vertex 14.201 -33.1146 -5
    endloop
  endfacet
  facet normal -0.904728 -0.425989 0
    outer loop
      vertex 14.201 -33.1146 3.5
      vertex 14.2438 -33.2055 -5
      vertex 14.2438 -33.2055 3.5
    endloop
  endfacet
  facet normal 0.770664 -0.637242 0
    outer loop
      vertex 12.8528 -33.0298 3.5
      vertex 12.9168 -32.9524 -3.77166
      vertex 12.9168 -32.9524 3.5
    endloop
  endfacet
  facet normal 0.770664 -0.637242 0
    outer loop
      vertex 12.8528 -33.0298 -3.78859
      vertex 12.9168 -32.9524 -3.77166
      vertex 12.8528 -33.0298 3.5
    endloop
  endfacet
  facet normal 0.771356 -0.636369 -0.00660642
    outer loop
      vertex 12.9168 -32.9524 -3.77166
      vertex 12.8528 -33.0298 -3.78859
      vertex 12.8726 -33.0058 -3.78859
    endloop
  endfacet
  facet normal -0.248854 0.968541 0
    outer loop
      vertex 13.7472 -34.2608 -5
      vertex 13.6499 -34.2858 3.5
      vertex 13.7472 -34.2608 3.5
    endloop
  endfacet
  facet normal -0.248854 0.968541 0
    outer loop
      vertex 13.6499 -34.2858 3.5
      vertex 13.7472 -34.2608 -5
      vertex 13.6499 -34.2858 -5
    endloop
  endfacet
  facet normal 0.248854 -0.968541 0
    outer loop
      vertex 13.2528 -32.7392 -3.89675
      vertex 13.3501 -32.7142 3.5
      vertex 13.2528 -32.7392 3.5
    endloop
  endfacet
  facet normal 0.248854 -0.968541 0
    outer loop
      vertex 13.3501 -32.7142 3.5
      vertex 13.2528 -32.7392 -3.89675
      vertex 13.3501 -32.7142 -3.96957
    endloop
  endfacet
  facet normal -0.998033 -0.062688 0
    outer loop
      vertex 14.3 -33.5 -5
      vertex 14.2937 -33.3997 3.5
      vertex 14.2937 -33.3997 -5
    endloop
  endfacet
  facet normal -0.998033 -0.062688 0
    outer loop
      vertex 14.2937 -33.3997 3.5
      vertex 14.3 -33.5 -5
      vertex 14.3 -33.5 3.5
    endloop
  endfacet
  facet normal 0.998033 -0.062688 0
    outer loop
      vertex 12.7 -33.5 3.5
      vertex 12.7063 -33.3997 -4.02348
      vertex 12.7063 -33.3997 3.5
    endloop
  endfacet
  facet normal 0.998033 -0.062688 0
    outer loop
      vertex 12.7063 -33.3997 -4.02348
      vertex 12.7 -33.5 3.5
      vertex 12.7 -33.5 -4.11992
    endloop
  endfacet
  facet normal -0.481499 -0.876447 0
    outer loop
      vertex 13.8406 -32.7761 -4.61067
      vertex 13.9287 -32.8245 3.5
      vertex 13.8406 -32.7761 3.5
    endloop
  endfacet
  facet normal -0.481499 -0.876447 -0
    outer loop
      vertex 13.9287 -32.8245 3.5
      vertex 13.8406 -32.7761 -4.61067
      vertex 13.9287 -32.8245 -4.78243
    endloop
  endfacet
  facet normal 0.982339 0.187112 0
    outer loop
      vertex 12.7251 -33.699 3.5
      vertex 12.7063 -33.6003 -4.23758
      vertex 12.7063 -33.6003 3.5
    endloop
  endfacet
  facet normal 0.982339 0.187112 0
    outer loop
      vertex 12.7063 -33.6003 -4.23758
      vertex 12.7251 -33.699 3.5
      vertex 12.7251 -33.699 -4.37461
    endloop
  endfacet
  facet normal -0.367439 -0.930048 0
    outer loop
      vertex 13.7472 -32.7392 -4.45391
      vertex 13.8406 -32.7761 3.5
      vertex 13.7472 -32.7392 3.5
    endloop
  endfacet
  facet normal -0.367439 -0.930048 -0
    outer loop
      vertex 13.8406 -32.7761 3.5
      vertex 13.7472 -32.7392 -4.45391
      vertex 13.8406 -32.7761 -4.61067
    endloop
  endfacet
  facet normal -0.125382 -0.992109 0
    outer loop
      vertex 13.5502 -32.7016 -4.18111
      vertex 13.6499 -32.7142 3.5
      vertex 13.5502 -32.7016 3.5
    endloop
  endfacet
  facet normal -0.142547 -0.989702 -0.0130423
    outer loop
      vertex 13.6499 -32.7142 -4.31465
      vertex 13.5502 -32.7016 -4.18111
      vertex 13.6382 -32.7127 -4.3006
    endloop
  endfacet
  facet normal -0.125382 -0.992109 0
    outer loop
      vertex 13.5502 -32.7016 -4.18111
      vertex 13.6499 -32.7142 -4.31465
      vertex 13.6499 -32.7142 3.5
    endloop
  endfacet
  facet normal -0.904728 0.425989 0
    outer loop
      vertex 14.201 -33.8854 -5
      vertex 14.2438 -33.7945 3.5
      vertex 14.2438 -33.7945 -5
    endloop
  endfacet
  facet normal -0.904728 0.425989 0
    outer loop
      vertex 14.2438 -33.7945 3.5
      vertex 14.201 -33.8854 -5
      vertex 14.201 -33.8854 3.5
    endloop
  endfacet
  facet normal 0.248854 0.968541 -0
    outer loop
      vertex 13.3501 -34.2858 -5
      vertex 13.2528 -34.2608 3.5
      vertex 13.3501 -34.2858 3.5
    endloop
  endfacet
  facet normal 0.248854 0.968541 0
    outer loop
      vertex 13.2528 -34.2608 3.5
      vertex 13.3501 -34.2858 -5
      vertex 13.2528 -34.2608 -5
    endloop
  endfacet
  facet normal -0.770664 0.637242 0
    outer loop
      vertex 14.0832 -34.0476 -5
      vertex 14.1472 -33.9702 3.5
      vertex 14.1472 -33.9702 -5
    endloop
  endfacet
  facet normal -0.770664 0.637242 0
    outer loop
      vertex 14.1472 -33.9702 3.5
      vertex 14.0832 -34.0476 -5
      vertex 14.0832 -34.0476 3.5
    endloop
  endfacet
  facet normal -0.950851 -0.309649 0
    outer loop
      vertex 14.2749 -33.301 -5
      vertex 14.2438 -33.2055 3.5
      vertex 14.2438 -33.2055 -5
    endloop
  endfacet
  facet normal -0.950851 -0.309649 0
    outer loop
      vertex 14.2438 -33.2055 3.5
      vertex 14.2749 -33.301 -5
      vertex 14.2749 -33.301 3.5
    endloop
  endfacet
  facet normal 0.684371 -0.729134 0
    outer loop
      vertex 12.9168 -32.9524 -3.77166
      vertex 12.9901 -32.8836 3.5
      vertex 12.9168 -32.9524 3.5
    endloop
  endfacet
  facet normal 0.684371 -0.729134 0
    outer loop
      vertex 12.9901 -32.8836 3.5
      vertex 12.9168 -32.9524 -3.77166
      vertex 12.9901 -32.8836 -3.77166
    endloop
  endfacet
  facet normal 0.588468 0.808521 -0
    outer loop
      vertex 13.0713 -34.1755 -5
      vertex 12.9901 -34.1164 3.5
      vertex 13.0713 -34.1755 3.5
    endloop
  endfacet
  facet normal 0.588468 0.808521 0
    outer loop
      vertex 12.9901 -34.1164 3.5
      vertex 13.0713 -34.1755 -5
      vertex 12.9901 -34.1164 -5
    endloop
  endfacet
  facet normal 0.770664 0.637242 0
    outer loop
      vertex 12.9168 -34.0476 3.5
      vertex 12.8528 -33.9702 -4.879
      vertex 12.8528 -33.9702 3.5
    endloop
  endfacet
  facet normal 0.770664 0.637242 -0
    outer loop
      vertex 12.9168 -34.0476 -5
      vertex 12.8528 -33.9702 -4.879
      vertex 12.9168 -34.0476 3.5
    endloop
  endfacet
  facet normal 0.770903 0.636952 0.000311777
    outer loop
      vertex 12.8528 -33.9702 -4.879
      vertex 12.9168 -34.0476 -5
      vertex 12.8935 -34.0194 -5
    endloop
  endfacet
  facet normal 0.588468 -0.808521 0
    outer loop
      vertex 12.9901 -32.8836 -3.77166
      vertex 13.0713 -32.8245 3.5
      vertex 12.9901 -32.8836 3.5
    endloop
  endfacet
  facet normal 0.588468 -0.808521 0
    outer loop
      vertex 13.0713 -32.8245 3.5
      vertex 12.9901 -32.8836 -3.77166
      vertex 13.0713 -32.8245 -3.79616
    endloop
  endfacet
  facet normal -0.770664 -0.637242 0
    outer loop
      vertex 14.1472 -33.0298 -5
      vertex 14.0832 -32.9524 3.5
      vertex 14.0832 -32.9524 -5
    endloop
  endfacet
  facet normal -0.770664 -0.637242 0
    outer loop
      vertex 14.0832 -32.9524 3.5
      vertex 14.1472 -33.0298 -5
      vertex 14.1472 -33.0298 3.5
    endloop
  endfacet
  facet normal 0.950851 -0.309649 0
    outer loop
      vertex 12.7251 -33.301 3.5
      vertex 12.7562 -33.2055 -3.86198
      vertex 12.7562 -33.2055 3.5
    endloop
  endfacet
  facet normal 0.950851 -0.309649 0
    outer loop
      vertex 12.7562 -33.2055 -3.86198
      vertex 12.7251 -33.301 3.5
      vertex 12.7251 -33.301 -3.93422
    endloop
  endfacet
  facet normal -0.481499 0.876447 0
    outer loop
      vertex 13.9287 -34.1755 -5
      vertex 13.8406 -34.2239 3.5
      vertex 13.9287 -34.1755 3.5
    endloop
  endfacet
  facet normal -0.481499 0.876447 0
    outer loop
      vertex 13.8406 -34.2239 3.5
      vertex 13.9287 -34.1755 -5
      vertex 13.8406 -34.2239 -5
    endloop
  endfacet
  facet normal 0 -1 0
    outer loop
      vertex 13.4498 -32.7016 -4.06485
      vertex 13.5502 -32.7016 3.5
      vertex 13.4498 -32.7016 3.5
    endloop
  endfacet
  facet normal 0 -1 -0
    outer loop
      vertex 13.5502 -32.7016 3.5
      vertex 13.4498 -32.7016 -4.06485
      vertex 13.5502 -32.7016 -4.18111
    endloop
  endfacet
  facet normal 0.125382 0.992109 -0
    outer loop
      vertex 13.4498 -34.2984 -5
      vertex 13.3501 -34.2858 3.5
      vertex 13.4498 -34.2984 3.5
    endloop
  endfacet
  facet normal 0.125382 0.992109 0
    outer loop
      vertex 13.3501 -34.2858 3.5
      vertex 13.4498 -34.2984 -5
      vertex 13.3501 -34.2858 -5
    endloop
  endfacet
  facet normal -0.248854 -0.968541 0
    outer loop
      vertex 13.6499 -32.7142 -4.31465
      vertex 13.7472 -32.7392 3.5
      vertex 13.6499 -32.7142 3.5
    endloop
  endfacet
  facet normal -0.248854 -0.968541 -0
    outer loop
      vertex 13.7472 -32.7392 3.5
      vertex 13.6499 -32.7142 -4.31465
      vertex 13.7472 -32.7392 -4.45391
    endloop
  endfacet
  facet normal 0 0 1
    outer loop
      vertex 13.5877 -33.1885 -5
      vertex 14.3 -33.5 -5
      vertex 14.2937 -33.3997 -5
    endloop
  endfacet
  facet normal 0 0 1
    outer loop
      vertex 13.5877 -33.1885 -5
      vertex 14.2937 -33.3997 -5
      vertex 14.2749 -33.301 -5
    endloop
  endfacet
  facet normal 0 0 1
    outer loop
      vertex 14.3 -33.5 -5
      vertex 13.5877 -33.1885 -5
      vertex 14.2937 -33.6003 -5
    endloop
  endfacet
  facet normal 0 0 1
    outer loop
      vertex 13.5877 -33.1885 -5
      vertex 14.2749 -33.301 -5
      vertex 14.2438 -33.2055 -5
    endloop
  endfacet
  facet normal 0 0 1
    outer loop
      vertex 14.2937 -33.6003 -5
      vertex 13.5877 -33.1885 -5
      vertex 14.2749 -33.699 -5
    endloop
  endfacet
  facet normal 0 0 1
    outer loop
      vertex 13.8925 -32.967 -5
      vertex 14.2438 -33.2055 -5
      vertex 14.201 -33.1146 -5
    endloop
  endfacet
  facet normal 0 0 1
    outer loop
      vertex 14.2749 -33.699 -5
      vertex 13.5877 -33.1885 -5
      vertex 14.2438 -33.7945 -5
    endloop
  endfacet
  facet normal 0 0 1
    outer loop
      vertex 13.8925 -32.967 -5
      vertex 14.201 -33.1146 -5
      vertex 14.1472 -33.0298 -5
    endloop
  endfacet
  facet normal 0 0 1
    outer loop
      vertex 14.2438 -33.7945 -5
      vertex 13.5877 -33.1885 -5
      vertex 14.201 -33.8854 -5
    endloop
  endfacet
  facet normal -0 0 1
    outer loop
      vertex 13.8925 -32.967 -5
      vertex 14.1472 -33.0298 -5
      vertex 14.0832 -32.9524 -5
    endloop
  endfacet
  facet normal -0 0 1
    outer loop
      vertex 13.3131 -33.4464 -5
      vertex 14.201 -33.8854 -5
      vertex 13.5877 -33.1885 -5
    endloop
  endfacet
  facet normal 0 0 1
    outer loop
      vertex 13.8925 -32.967 -5
      vertex 14.0832 -32.9524 -5
      vertex 14.0226 -32.8955 -5
    endloop
  endfacet
  facet normal 0 0 1
    outer loop
      vertex 14.2438 -33.2055 -5
      vertex 13.8925 -32.967 -5
      vertex 13.5877 -33.1885 -5
    endloop
  endfacet
  facet normal 0 0 1
    outer loop
      vertex 14.201 -33.8854 -5
      vertex 13.3131 -33.4464 -5
      vertex 14.1472 -33.9702 -5
    endloop
  endfacet
  facet normal 0 0 1
    outer loop
      vertex 14.1472 -33.9702 -5
      vertex 13.3131 -33.4464 -5
      vertex 14.0832 -34.0476 -5
    endloop
  endfacet
  facet normal 0 0 1
    outer loop
      vertex 14.0832 -34.0476 -5
      vertex 13.3131 -33.4464 -5
      vertex 14.0099 -34.1164 -5
    endloop
  endfacet
  facet normal 0 0 1
    outer loop
      vertex 14.0099 -34.1164 -5
      vertex 13.3131 -33.4464 -5
      vertex 13.9287 -34.1755 -5
    endloop
  endfacet
  facet normal 0 0 1
    outer loop
      vertex 13.9287 -34.1755 -5
      vertex 13.3131 -33.4464 -5
      vertex 13.8406 -34.2239 -5
    endloop
  endfacet
  facet normal 0 0 1
    outer loop
      vertex 13.8406 -34.2239 -5
      vertex 13.3131 -33.4464 -5
      vertex 13.7472 -34.2608 -5
    endloop
  endfacet
  facet normal 0 0 1
    outer loop
      vertex 13.7472 -34.2608 -5
      vertex 13.3131 -33.4464 -5
      vertex 13.6499 -34.2858 -5
    endloop
  endfacet
  facet normal 0 0 1
    outer loop
      vertex 13.6499 -34.2858 -5
      vertex 13.3131 -33.4464 -5
      vertex 13.5502 -34.2984 -5
    endloop
  endfacet
  facet normal -0 0 1
    outer loop
      vertex 13.0729 -33.7366 -5
      vertex 13.5502 -34.2984 -5
      vertex 13.3131 -33.4464 -5
    endloop
  endfacet
  facet normal 0 0 1
    outer loop
      vertex 13.5502 -34.2984 -5
      vertex 13.0729 -33.7366 -5
      vertex 13.4498 -34.2984 -5
    endloop
  endfacet
  facet normal 0 0 1
    outer loop
      vertex 13.4498 -34.2984 -5
      vertex 13.0729 -33.7366 -5
      vertex 13.3501 -34.2858 -5
    endloop
  endfacet
  facet normal 0 0 1
    outer loop
      vertex 13.3501 -34.2858 -5
      vertex 13.0729 -33.7366 -5
      vertex 13.2528 -34.2608 -5
    endloop
  endfacet
  facet normal 0 0 1
    outer loop
      vertex 13.2528 -34.2608 -5
      vertex 13.0729 -33.7366 -5
      vertex 13.1594 -34.2239 -5
    endloop
  endfacet
  facet normal 0 0 1
    outer loop
      vertex 13.0729 -33.7366 -5
      vertex 13.0713 -34.1755 -5
      vertex 13.1594 -34.2239 -5
    endloop
  endfacet
  facet normal 0 0 1
    outer loop
      vertex 13.0729 -33.7366 -5
      vertex 12.9901 -34.1164 -5
      vertex 13.0713 -34.1755 -5
    endloop
  endfacet
  facet normal 0 0 1
    outer loop
      vertex 13.0729 -33.7366 -5
      vertex 12.9168 -34.0476 -5
      vertex 12.9901 -34.1164 -5
    endloop
  endfacet
  facet normal 0 -0 1
    outer loop
      vertex 12.9168 -34.0476 -5
      vertex 13.0729 -33.7366 -5
      vertex 12.8935 -34.0194 -5
    endloop
  endfacet
  facet normal 0.982339 -0.187112 0
    outer loop
      vertex 12.7063 -33.3997 3.5
      vertex 12.7251 -33.301 -3.93422
      vertex 12.7251 -33.301 3.5
    endloop
  endfacet
  facet normal 0.982339 -0.187112 0
    outer loop
      vertex 12.7063 -33.3997 -4.02348
      vertex 12.7251 -33.301 -3.93422
      vertex 12.7063 -33.3997 3.5
    endloop
  endfacet
  facet normal 0.979749 -0.199707 0.0144723
    outer loop
      vertex 12.7251 -33.301 -3.93422
      vertex 12.7063 -33.3997 -4.02348
      vertex 12.7111 -33.3748 -4.00483
    endloop
  endfacet
  facet normal -0.982339 -0.187112 0
    outer loop
      vertex 14.2937 -33.3997 -5
      vertex 14.2749 -33.301 3.5
      vertex 14.2749 -33.301 -5
    endloop
  endfacet
  facet normal -0.982339 -0.187112 0
    outer loop
      vertex 14.2749 -33.301 3.5
      vertex 14.2937 -33.3997 -5
      vertex 14.2937 -33.3997 3.5
    endloop
  endfacet
  facet normal 0.125382 -0.992109 0
    outer loop
      vertex 13.3501 -32.7142 -3.96957
      vertex 13.4498 -32.7016 3.5
      vertex 13.3501 -32.7142 3.5
    endloop
  endfacet
  facet normal 0.125382 -0.992109 0
    outer loop
      vertex 13.4498 -32.7016 3.5
      vertex 13.3501 -32.7142 -3.96957
      vertex 13.4498 -32.7016 -4.06485
    endloop
  endfacet
  facet normal 0.481499 0.876447 -0
    outer loop
      vertex 13.1594 -34.2239 -5
      vertex 13.0713 -34.1755 3.5
      vertex 13.1594 -34.2239 3.5
    endloop
  endfacet
  facet normal 0.481499 0.876447 0
    outer loop
      vertex 13.0713 -34.1755 3.5
      vertex 13.1594 -34.2239 -5
      vertex 13.0713 -34.1755 -5
    endloop
  endfacet
  facet normal 0.367439 0.930048 -0
    outer loop
      vertex 13.2528 -34.2608 -5
      vertex 13.1594 -34.2239 3.5
      vertex 13.2528 -34.2608 3.5
    endloop
  endfacet
  facet normal 0.367439 0.930048 0
    outer loop
      vertex 13.1594 -34.2239 3.5
      vertex 13.2528 -34.2608 -5
      vertex 13.1594 -34.2239 -5
    endloop
  endfacet
  facet normal 0.904728 0.425989 0
    outer loop
      vertex 12.799 -33.8854 3.5
      vertex 12.7562 -33.7945 -4.52885
      vertex 12.7562 -33.7945 3.5
    endloop
  endfacet
  facet normal 0.904728 0.425989 0
    outer loop
      vertex 12.7562 -33.7945 -4.52885
      vertex 12.799 -33.8854 3.5
      vertex 12.799 -33.8854 -4.69787
    endloop
  endfacet
  facet normal -0.588468 0.808521 0
    outer loop
      vertex 14.0099 -34.1164 -5
      vertex 13.9287 -34.1755 3.5
      vertex 14.0099 -34.1164 3.5
    endloop
  endfacet
  facet normal -0.588468 0.808521 0
    outer loop
      vertex 13.9287 -34.1755 3.5
      vertex 14.0099 -34.1164 -5
      vertex 13.9287 -34.1755 -5
    endloop
  endfacet
  facet normal -0.844399 -0.535715 0
    outer loop
      vertex 14.201 -33.1146 -5
      vertex 14.1472 -33.0298 3.5
      vertex 14.1472 -33.0298 -5
    endloop
  endfacet
  facet normal -0.844399 -0.535715 0
    outer loop
      vertex 14.1472 -33.0298 3.5
      vertex 14.201 -33.1146 -5
      vertex 14.201 -33.1146 3.5
    endloop
  endfacet
  facet normal -0.684371 -0.729134 0
    outer loop
      vertex 14.0099 -32.8836 -4.96651
      vertex 14.0832 -32.9524 3.5
      vertex 14.0099 -32.8836 3.5
    endloop
  endfacet
  facet normal -0.684501 -0.729012 -0.000535221
    outer loop
      vertex 14.0832 -32.9524 -5
      vertex 14.0099 -32.8836 -4.96651
      vertex 14.0226 -32.8955 -5
    endloop
  endfacet
  facet normal -0.684371 -0.729134 0
    outer loop
      vertex 14.0099 -32.8836 -4.96651
      vertex 14.0832 -32.9524 -5
      vertex 14.0832 -32.9524 3.5
    endloop
  endfacet
  facet normal -0.125382 0.992109 0
    outer loop
      vertex 13.6499 -34.2858 -5
      vertex 13.5502 -34.2984 3.5
      vertex 13.6499 -34.2858 3.5
    endloop
  endfacet
  facet normal -0.125382 0.992109 0
    outer loop
      vertex 13.5502 -34.2984 3.5
      vertex 13.6499 -34.2858 -5
      vertex 13.5502 -34.2984 -5
    endloop
  endfacet
  facet normal 0.844399 -0.535715 0
    outer loop
      vertex 12.799 -33.1146 3.5
      vertex 12.8528 -33.0298 -3.78859
      vertex 12.8528 -33.0298 3.5
    endloop
  endfacet
  facet normal 0.844399 -0.535715 0
    outer loop
      vertex 12.8528 -33.0298 -3.78859
      vertex 12.799 -33.1146 3.5
      vertex 12.799 -33.1146 -3.81318
    endloop
  endfacet
  facet normal 0 1 -0
    outer loop
      vertex 13.5502 -34.2984 -5
      vertex 13.4498 -34.2984 3.5
      vertex 13.5502 -34.2984 3.5
    endloop
  endfacet
  facet normal 0 1 0
    outer loop
      vertex 13.4498 -34.2984 3.5
      vertex 13.5502 -34.2984 -5
      vertex 13.4498 -34.2984 -5
    endloop
  endfacet
  facet normal -0.844399 0.535715 0
    outer loop
      vertex 14.1472 -33.9702 -5
      vertex 14.201 -33.8854 3.5
      vertex 14.201 -33.8854 -5
    endloop
  endfacet
  facet normal -0.844399 0.535715 0
    outer loop
      vertex 14.201 -33.8854 3.5
      vertex 14.1472 -33.9702 -5
      vertex 14.1472 -33.9702 3.5
    endloop
  endfacet
  facet normal -0.684371 0.729134 0
    outer loop
      vertex 14.0832 -34.0476 -5
      vertex 14.0099 -34.1164 3.5
      vertex 14.0832 -34.0476 3.5
    endloop
  endfacet
  facet normal -0.684371 0.729134 0
    outer loop
      vertex 14.0099 -34.1164 3.5
      vertex 14.0832 -34.0476 -5
      vertex 14.0099 -34.1164 -5
    endloop
  endfacet
  facet normal -0.367439 0.930048 0
    outer loop
      vertex 13.8406 -34.2239 -5
      vertex 13.7472 -34.2608 3.5
      vertex 13.8406 -34.2239 3.5
    endloop
  endfacet
  facet normal -0.367439 0.930048 0
    outer loop
      vertex 13.7472 -34.2608 3.5
      vertex 13.8406 -34.2239 -5
      vertex 13.7472 -34.2608 -5
    endloop
  endfacet
  facet normal -0.588468 -0.808521 0
    outer loop
      vertex 13.9287 -32.8245 -4.78243
      vertex 14.0099 -32.8836 3.5
      vertex 13.9287 -32.8245 3.5
    endloop
  endfacet
  facet normal -0.588468 -0.808521 -0
    outer loop
      vertex 14.0099 -32.8836 3.5
      vertex 13.9287 -32.8245 -4.78243
      vertex 14.0099 -32.8836 -4.96651
    endloop
  endfacet
  facet normal 0.904728 -0.425989 0
    outer loop
      vertex 12.7562 -33.2055 3.5
      vertex 12.799 -33.1146 -3.81318
      vertex 12.799 -33.1146 3.5
    endloop
  endfacet
  facet normal 0.904728 -0.425989 0
    outer loop
      vertex 12.799 -33.1146 -3.81318
      vertex 12.7562 -33.2055 3.5
      vertex 12.7562 -33.2055 -3.86198
    endloop
  endfacet
  facet normal 0.844399 0.535715 0
    outer loop
      vertex 12.8528 -33.9702 3.5
      vertex 12.799 -33.8854 -4.69787
      vertex 12.799 -33.8854 3.5
    endloop
  endfacet
  facet normal 0.844399 0.535715 0
    outer loop
      vertex 12.799 -33.8854 -4.69787
      vertex 12.8528 -33.9702 3.5
      vertex 12.8528 -33.9702 -4.879
    endloop
  endfacet
  facet normal 0.998033 0.062688 0
    outer loop
      vertex 12.7063 -33.6003 3.5
      vertex 12.7 -33.5 -4.11992
      vertex 12.7 -33.5 3.5
    endloop
  endfacet
  facet normal 0.998033 0.062688 0
    outer loop
      vertex 12.7 -33.5 -4.11992
      vertex 12.7063 -33.6003 3.5
      vertex 12.7063 -33.6003 -4.23758
    endloop
  endfacet
  facet normal 0.684371 0.729134 -0
    outer loop
      vertex 12.9901 -34.1164 -5
      vertex 12.9168 -34.0476 3.5
      vertex 12.9901 -34.1164 3.5
    endloop
  endfacet
  facet normal 0.684371 0.729134 0
    outer loop
      vertex 12.9168 -34.0476 3.5
      vertex 12.9901 -34.1164 -5
      vertex 12.9168 -34.0476 -5
    endloop
  endfacet
  facet normal 0.481499 -0.876447 0
    outer loop
      vertex 13.0713 -32.8245 -3.79616
      vertex 13.1594 -32.7761 3.5
      vertex 13.0713 -32.8245 3.5
    endloop
  endfacet
  facet normal 0.481499 -0.876447 0
    outer loop
      vertex 13.1594 -32.7761 3.5
      vertex 13.0713 -32.8245 -3.79616
      vertex 13.1594 -32.7761 -3.84477
    endloop
  endfacet
  facet normal 0.367439 -0.930048 0
    outer loop
      vertex 13.1594 -32.7761 -3.84477
      vertex 13.2528 -32.7392 3.5
      vertex 13.1594 -32.7761 3.5
    endloop
  endfacet
  facet normal 0.375304 -0.926755 0.0164703
    outer loop
      vertex 13.2528 -32.7392 -3.89675
      vertex 13.1594 -32.7761 -3.84477
      vertex 13.1709 -32.7716 -3.85361
    endloop
  endfacet
  facet normal 0.367439 -0.930048 0
    outer loop
      vertex 13.1594 -32.7761 -3.84477
      vertex 13.2528 -32.7392 -3.89675
      vertex 13.2528 -32.7392 3.5
    endloop
  endfacet
  facet normal -0.248854 -0.968541 0
    outer loop
      vertex -13.3501 -32.7142 3.5
      vertex -13.2528 -32.7392 -3.89675
      vertex -13.2528 -32.7392 3.5
    endloop
  endfacet
  facet normal -0.248854 -0.968541 0
    outer loop
      vertex -13.2528 -32.7392 -3.89675
      vertex -13.3501 -32.7142 3.5
      vertex -13.3501 -32.7142 -3.96957
    endloop
  endfacet
  facet normal -0.770903 0.636952 0.000311777
    outer loop
      vertex -12.9168 -34.0476 -5
      vertex -12.8528 -33.9702 -4.879
      vertex -12.8935 -34.0194 -5
    endloop
  endfacet
  facet normal -0.770664 0.637242 0
    outer loop
      vertex -12.9168 -34.0476 3.5
      vertex -12.8528 -33.9702 -4.879
      vertex -12.9168 -34.0476 -5
    endloop
  endfacet
  facet normal -0.770664 0.637242 0
    outer loop
      vertex -12.8528 -33.9702 -4.879
      vertex -12.9168 -34.0476 3.5
      vertex -12.8528 -33.9702 3.5
    endloop
  endfacet
  facet normal 0.982339 0.187112 0
    outer loop
      vertex -14.2749 -33.699 3.5
      vertex -14.2937 -33.6003 -5
      vertex -14.2937 -33.6003 3.5
    endloop
  endfacet
  facet normal 0.982339 0.187112 0
    outer loop
      vertex -14.2937 -33.6003 -5
      vertex -14.2749 -33.699 3.5
      vertex -14.2749 -33.699 -5
    endloop
  endfacet
  facet normal 0.125382 -0.992109 0
    outer loop
      vertex -13.6499 -32.7142 3.5
      vertex -13.5502 -32.7016 -4.18111
      vertex -13.5502 -32.7016 3.5
    endloop
  endfacet
  facet normal 0.125382 -0.992109 0
    outer loop
      vertex -13.6499 -32.7142 -4.31465
      vertex -13.5502 -32.7016 -4.18111
      vertex -13.6499 -32.7142 3.5
    endloop
  endfacet
  facet normal 0.142547 -0.989702 -0.0130423
    outer loop
      vertex -13.5502 -32.7016 -4.18111
      vertex -13.6499 -32.7142 -4.31465
      vertex -13.6382 -32.7127 -4.3006
    endloop
  endfacet
  facet normal -0.904728 0.425989 0
    outer loop
      vertex -12.799 -33.8854 3.5
      vertex -12.7562 -33.7945 -4.52885
      vertex -12.799 -33.8854 -4.69787
    endloop
  endfacet
  facet normal -0.904728 0.425989 0
    outer loop
      vertex -12.7562 -33.7945 -4.52885
      vertex -12.799 -33.8854 3.5
      vertex -12.7562 -33.7945 3.5
    endloop
  endfacet
  facet normal 0.588468 -0.808521 0
    outer loop
      vertex -14.0099 -32.8836 3.5
      vertex -13.9287 -32.8245 -4.78243
      vertex -13.9287 -32.8245 3.5
    endloop
  endfacet
  facet normal 0.588468 -0.808521 0
    outer loop
      vertex -13.9287 -32.8245 -4.78243
      vertex -14.0099 -32.8836 3.5
      vertex -14.0099 -32.8836 -4.96651
    endloop
  endfacet
  facet normal 0.950851 -0.309649 0
    outer loop
      vertex -14.2749 -33.301 3.5
      vertex -14.2438 -33.2055 -5
      vertex -14.2438 -33.2055 3.5
    endloop
  endfacet
  facet normal 0.950851 -0.309649 0
    outer loop
      vertex -14.2438 -33.2055 -5
      vertex -14.2749 -33.301 3.5
      vertex -14.2749 -33.301 -5
    endloop
  endfacet
  facet normal 0.367439 0.930048 -0
    outer loop
      vertex -13.7472 -34.2608 -5
      vertex -13.8406 -34.2239 3.5
      vertex -13.7472 -34.2608 3.5
    endloop
  endfacet
  facet normal 0.367439 0.930048 0
    outer loop
      vertex -13.8406 -34.2239 3.5
      vertex -13.7472 -34.2608 -5
      vertex -13.8406 -34.2239 -5
    endloop
  endfacet
  facet normal 0.367439 -0.930048 0
    outer loop
      vertex -13.8406 -32.7761 3.5
      vertex -13.7472 -32.7392 -4.45391
      vertex -13.7472 -32.7392 3.5
    endloop
  endfacet
  facet normal 0.367439 -0.930048 0
    outer loop
      vertex -13.7472 -32.7392 -4.45391
      vertex -13.8406 -32.7761 3.5
      vertex -13.8406 -32.7761 -4.61067
    endloop
  endfacet
  facet normal 0.248854 0.968541 -0
    outer loop
      vertex -13.6499 -34.2858 -5
      vertex -13.7472 -34.2608 3.5
      vertex -13.6499 -34.2858 3.5
    endloop
  endfacet
  facet normal 0.248854 0.968541 0
    outer loop
      vertex -13.7472 -34.2608 3.5
      vertex -13.6499 -34.2858 -5
      vertex -13.7472 -34.2608 -5
    endloop
  endfacet
  facet normal 0 -1 0
    outer loop
      vertex -13.5502 -32.7016 3.5
      vertex -13.4498 -32.7016 -4.06485
      vertex -13.4498 -32.7016 3.5
    endloop
  endfacet
  facet normal -0 -1 0
    outer loop
      vertex -13.4498 -32.7016 -4.06485
      vertex -13.5502 -32.7016 3.5
      vertex -13.5502 -32.7016 -4.18111
    endloop
  endfacet
  facet normal 0.125382 0.992109 -0
    outer loop
      vertex -13.5502 -34.2984 -5
      vertex -13.6499 -34.2858 3.5
      vertex -13.5502 -34.2984 3.5
    endloop
  endfacet
  facet normal 0.125382 0.992109 0
    outer loop
      vertex -13.6499 -34.2858 3.5
      vertex -13.5502 -34.2984 -5
      vertex -13.6499 -34.2858 -5
    endloop
  endfacet
  facet normal -0.588468 0.808521 0
    outer loop
      vertex -12.9901 -34.1164 -5
      vertex -13.0713 -34.1755 3.5
      vertex -12.9901 -34.1164 3.5
    endloop
  endfacet
  facet normal -0.588468 0.808521 0
    outer loop
      vertex -13.0713 -34.1755 3.5
      vertex -12.9901 -34.1164 -5
      vertex -13.0713 -34.1755 -5
    endloop
  endfacet
  facet normal -0.982339 0.187112 0
    outer loop
      vertex -12.7251 -33.699 3.5
      vertex -12.7063 -33.6003 -4.23758
      vertex -12.7251 -33.699 -4.37461
    endloop
  endfacet
  facet normal -0.982339 0.187112 0
    outer loop
      vertex -12.7063 -33.6003 -4.23758
      vertex -12.7251 -33.699 3.5
      vertex -12.7063 -33.6003 3.5
    endloop
  endfacet
  facet normal 0.904728 -0.425989 0
    outer loop
      vertex -14.2438 -33.2055 3.5
      vertex -14.201 -33.1146 -5
      vertex -14.201 -33.1146 3.5
    endloop
  endfacet
  facet normal 0.904728 -0.425989 0
    outer loop
      vertex -14.201 -33.1146 -5
      vertex -14.2438 -33.2055 3.5
      vertex -14.2438 -33.2055 -5
    endloop
  endfacet
  facet normal -0.367439 -0.930048 0
    outer loop
      vertex -13.2528 -32.7392 3.5
      vertex -13.1594 -32.7761 -3.84477
      vertex -13.1594 -32.7761 3.5
    endloop
  endfacet
  facet normal -0.367439 -0.930048 0
    outer loop
      vertex -13.2528 -32.7392 -3.89675
      vertex -13.1594 -32.7761 -3.84477
      vertex -13.2528 -32.7392 3.5
    endloop
  endfacet
  facet normal -0.375304 -0.926755 0.0164703
    outer loop
      vertex -13.1594 -32.7761 -3.84477
      vertex -13.2528 -32.7392 -3.89675
      vertex -13.1709 -32.7716 -3.85361
    endloop
  endfacet
  facet normal -0.998033 0.062688 0
    outer loop
      vertex -12.7063 -33.6003 3.5
      vertex -12.7 -33.5 -4.11992
      vertex -12.7063 -33.6003 -4.23758
    endloop
  endfacet
  facet normal -0.998033 0.062688 0
    outer loop
      vertex -12.7 -33.5 -4.11992
      vertex -12.7063 -33.6003 3.5
      vertex -12.7 -33.5 3.5
    endloop
  endfacet
  facet normal 0.481499 0.876447 -0
    outer loop
      vertex -13.8406 -34.2239 -5
      vertex -13.9287 -34.1755 3.5
      vertex -13.8406 -34.2239 3.5
    endloop
  endfacet
  facet normal 0.481499 0.876447 0
    outer loop
      vertex -13.9287 -34.1755 3.5
      vertex -13.8406 -34.2239 -5
      vertex -13.9287 -34.1755 -5
    endloop
  endfacet
  facet normal -0.844399 -0.535715 -0
    outer loop
      vertex -12.799 -33.1146 3.5
      vertex -12.8528 -33.0298 -3.78859
      vertex -12.799 -33.1146 -3.81318
    endloop
  endfacet
  facet normal -0.844399 -0.535715 0
    outer loop
      vertex -12.8528 -33.0298 -3.78859
      vertex -12.799 -33.1146 3.5
      vertex -12.8528 -33.0298 3.5
    endloop
  endfacet
  facet normal 0.248854 -0.968541 0
    outer loop
      vertex -13.7472 -32.7392 3.5
      vertex -13.6499 -32.7142 -4.31465
      vertex -13.6499 -32.7142 3.5
    endloop
  endfacet
  facet normal 0.248854 -0.968541 0
    outer loop
      vertex -13.6499 -32.7142 -4.31465
      vertex -13.7472 -32.7392 3.5
      vertex -13.7472 -32.7392 -4.45391
    endloop
  endfacet
  facet normal 0.770664 0.637242 0
    outer loop
      vertex -14.0832 -34.0476 3.5
      vertex -14.1472 -33.9702 -5
      vertex -14.1472 -33.9702 3.5
    endloop
  endfacet
  facet normal 0.770664 0.637242 0
    outer loop
      vertex -14.1472 -33.9702 -5
      vertex -14.0832 -34.0476 3.5
      vertex -14.0832 -34.0476 -5
    endloop
  endfacet
  facet normal -0.950851 -0.309649 -0
    outer loop
      vertex -12.7251 -33.301 3.5
      vertex -12.7562 -33.2055 -3.86198
      vertex -12.7251 -33.301 -3.93422
    endloop
  endfacet
  facet normal -0.950851 -0.309649 0
    outer loop
      vertex -12.7562 -33.2055 -3.86198
      vertex -12.7251 -33.301 3.5
      vertex -12.7562 -33.2055 3.5
    endloop
  endfacet
  facet normal 0.481499 -0.876447 0
    outer loop
      vertex -13.9287 -32.8245 3.5
      vertex -13.8406 -32.7761 -4.61067
      vertex -13.8406 -32.7761 3.5
    endloop
  endfacet
  facet normal 0.481499 -0.876447 0
    outer loop
      vertex -13.8406 -32.7761 -4.61067
      vertex -13.9287 -32.8245 3.5
      vertex -13.9287 -32.8245 -4.78243
    endloop
  endfacet
  facet normal -0.950851 0.309649 0
    outer loop
      vertex -12.7562 -33.7945 3.5
      vertex -12.7251 -33.699 -4.37461
      vertex -12.7562 -33.7945 -4.52885
    endloop
  endfacet
  facet normal -0.950851 0.309649 0
    outer loop
      vertex -12.7251 -33.699 -4.37461
      vertex -12.7562 -33.7945 3.5
      vertex -12.7251 -33.699 3.5
    endloop
  endfacet
  facet normal -0.684371 -0.729134 0
    outer loop
      vertex -12.9901 -32.8836 3.5
      vertex -12.9168 -32.9524 -3.77166
      vertex -12.9168 -32.9524 3.5
    endloop
  endfacet
  facet normal -0.684371 -0.729134 0
    outer loop
      vertex -12.9168 -32.9524 -3.77166
      vertex -12.9901 -32.8836 3.5
      vertex -12.9901 -32.8836 -3.77166
    endloop
  endfacet
  facet normal 0.844399 0.535715 0
    outer loop
      vertex -14.1472 -33.9702 3.5
      vertex -14.201 -33.8854 -5
      vertex -14.201 -33.8854 3.5
    endloop
  endfacet
  facet normal 0.844399 0.535715 0
    outer loop
      vertex -14.201 -33.8854 -5
      vertex -14.1472 -33.9702 3.5
      vertex -14.1472 -33.9702 -5
    endloop
  endfacet
  facet normal -0.248854 0.968541 0
    outer loop
      vertex -13.2528 -34.2608 -5
      vertex -13.3501 -34.2858 3.5
      vertex -13.2528 -34.2608 3.5
    endloop
  endfacet
  facet normal -0.248854 0.968541 0
    outer loop
      vertex -13.3501 -34.2858 3.5
      vertex -13.2528 -34.2608 -5
      vertex -13.3501 -34.2858 -5
    endloop
  endfacet
  facet normal -0.998033 -0.062688 -0
    outer loop
      vertex -12.7 -33.5 3.5
      vertex -12.7063 -33.3997 -4.02348
      vertex -12.7 -33.5 -4.11992
    endloop
  endfacet
  facet normal -0.998033 -0.062688 0
    outer loop
      vertex -12.7063 -33.3997 -4.02348
      vertex -12.7 -33.5 3.5
      vertex -12.7063 -33.3997 3.5
    endloop
  endfacet
  facet normal 0.998033 -0.062688 0
    outer loop
      vertex -14.3 -33.5 3.5
      vertex -14.2937 -33.3997 -5
      vertex -14.2937 -33.3997 3.5
    endloop
  endfacet
  facet normal 0.998033 -0.062688 0
    outer loop
      vertex -14.2937 -33.3997 -5
      vertex -14.3 -33.5 3.5
      vertex -14.3 -33.5 -5
    endloop
  endfacet
  facet normal -0.844399 0.535715 0
    outer loop
      vertex -12.8528 -33.9702 3.5
      vertex -12.799 -33.8854 -4.69787
      vertex -12.8528 -33.9702 -4.879
    endloop
  endfacet
  facet normal -0.844399 0.535715 0
    outer loop
      vertex -12.799 -33.8854 -4.69787
      vertex -12.8528 -33.9702 3.5
      vertex -12.799 -33.8854 3.5
    endloop
  endfacet
  facet normal 0.982339 -0.187112 0
    outer loop
      vertex -14.2937 -33.3997 3.5
      vertex -14.2749 -33.301 -5
      vertex -14.2749 -33.301 3.5
    endloop
  endfacet
  facet normal 0.982339 -0.187112 0
    outer loop
      vertex -14.2749 -33.301 -5
      vertex -14.2937 -33.3997 3.5
      vertex -14.2937 -33.3997 -5
    endloop
  endfacet
  facet normal -0.481499 -0.876447 0
    outer loop
      vertex -13.1594 -32.7761 3.5
      vertex -13.0713 -32.8245 -3.79616
      vertex -13.0713 -32.8245 3.5
    endloop
  endfacet
  facet normal -0.481499 -0.876447 0
    outer loop
      vertex -13.0713 -32.8245 -3.79616
      vertex -13.1594 -32.7761 3.5
      vertex -13.1594 -32.7761 -3.84477
    endloop
  endfacet
  facet normal 0.770664 -0.637242 0
    outer loop
      vertex -14.1472 -33.0298 3.5
      vertex -14.0832 -32.9524 -5
      vertex -14.0832 -32.9524 3.5
    endloop
  endfacet
  facet normal 0.770664 -0.637242 0
    outer loop
      vertex -14.0832 -32.9524 -5
      vertex -14.1472 -33.0298 3.5
      vertex -14.1472 -33.0298 -5
    endloop
  endfacet
  facet normal -0.979749 -0.199707 0.0144723
    outer loop
      vertex -12.7063 -33.3997 -4.02348
      vertex -12.7251 -33.301 -3.93422
      vertex -12.7111 -33.3748 -4.00483
    endloop
  endfacet
  facet normal -0.982339 -0.187112 0
    outer loop
      vertex -12.7251 -33.301 -3.93422
      vertex -12.7063 -33.3997 -4.02348
      vertex -12.7063 -33.3997 3.5
    endloop
  endfacet
  facet normal -0.982339 -0.187112 0
    outer loop
      vertex -12.7251 -33.301 -3.93422
      vertex -12.7063 -33.3997 3.5
      vertex -12.7251 -33.301 3.5
    endloop
  endfacet
  facet normal 0 1 -0
    outer loop
      vertex -13.4498 -34.2984 -5
      vertex -13.5502 -34.2984 3.5
      vertex -13.4498 -34.2984 3.5
    endloop
  endfacet
  facet normal 0 1 0
    outer loop
      vertex -13.5502 -34.2984 3.5
      vertex -13.4498 -34.2984 -5
      vertex -13.5502 -34.2984 -5
    endloop
  endfacet
  facet normal 0 0 1
    outer loop
      vertex -13.0729 -33.7366 -5
      vertex -12.9168 -34.0476 -5
      vertex -12.8935 -34.0194 -5
    endloop
  endfacet
  facet normal 0 0 1
    outer loop
      vertex -12.9168 -34.0476 -5
      vertex -13.0729 -33.7366 -5
      vertex -12.9901 -34.1164 -5
    endloop
  endfacet
  facet normal 0 0 1
    outer loop
      vertex -12.9901 -34.1164 -5
      vertex -13.0729 -33.7366 -5
      vertex -13.0713 -34.1755 -5
    endloop
  endfacet
  facet normal 0 0 1
    outer loop
      vertex -13.0729 -33.7366 -5
      vertex -13.1594 -34.2239 -5
      vertex -13.0713 -34.1755 -5
    endloop
  endfacet
  facet normal 0 0 1
    outer loop
      vertex -13.0729 -33.7366 -5
      vertex -13.2528 -34.2608 -5
      vertex -13.1594 -34.2239 -5
    endloop
  endfacet
  facet normal 0 0 1
    outer loop
      vertex -13.5502 -34.2984 -5
      vertex -13.0729 -33.7366 -5
      vertex -13.3131 -33.4464 -5
    endloop
  endfacet
  facet normal 0 0 1
    outer loop
      vertex -13.0729 -33.7366 -5
      vertex -13.3501 -34.2858 -5
      vertex -13.2528 -34.2608 -5
    endloop
  endfacet
  facet normal 0 0 1
    outer loop
      vertex -13.0729 -33.7366 -5
      vertex -13.4498 -34.2984 -5
      vertex -13.3501 -34.2858 -5
    endloop
  endfacet
  facet normal 0 0 1
    outer loop
      vertex -13.0729 -33.7366 -5
      vertex -13.5502 -34.2984 -5
      vertex -13.4498 -34.2984 -5
    endloop
  endfacet
  facet normal 0 0 1
    outer loop
      vertex -14.201 -33.8854 -5
      vertex -13.3131 -33.4464 -5
      vertex -13.5877 -33.1885 -5
    endloop
  endfacet
  facet normal 0 0 1
    outer loop
      vertex -13.3131 -33.4464 -5
      vertex -13.6499 -34.2858 -5
      vertex -13.5502 -34.2984 -5
    endloop
  endfacet
  facet normal 0 0 1
    outer loop
      vertex -13.3131 -33.4464 -5
      vertex -13.7472 -34.2608 -5
      vertex -13.6499 -34.2858 -5
    endloop
  endfacet
  facet normal 0 0 1
    outer loop
      vertex -13.3131 -33.4464 -5
      vertex -13.8406 -34.2239 -5
      vertex -13.7472 -34.2608 -5
    endloop
  endfacet
  facet normal 0 0 1
    outer loop
      vertex -14.2438 -33.2055 -5
      vertex -13.5877 -33.1885 -5
      vertex -13.8925 -32.967 -5
    endloop
  endfacet
  facet normal 0 0 1
    outer loop
      vertex -13.3131 -33.4464 -5
      vertex -13.9287 -34.1755 -5
      vertex -13.8406 -34.2239 -5
    endloop
  endfacet
  facet normal 0 0 1
    outer loop
      vertex -13.3131 -33.4464 -5
      vertex -14.0099 -34.1164 -5
      vertex -13.9287 -34.1755 -5
    endloop
  endfacet
  facet normal -0 0 1
    outer loop
      vertex -14.0832 -32.9524 -5
      vertex -13.8925 -32.967 -5
      vertex -14.0226 -32.8955 -5
    endloop
  endfacet
  facet normal 0 0 1
    outer loop
      vertex -13.8925 -32.967 -5
      vertex -14.0832 -32.9524 -5
      vertex -14.1472 -33.0298 -5
    endloop
  endfacet
  facet normal 0 0 1
    outer loop
      vertex -13.3131 -33.4464 -5
      vertex -14.0832 -34.0476 -5
      vertex -14.0099 -34.1164 -5
    endloop
  endfacet
  facet normal 0 0 1
    outer loop
      vertex -14.201 -33.1146 -5
      vertex -13.8925 -32.967 -5
      vertex -14.1472 -33.0298 -5
    endloop
  endfacet
  facet normal 0 0 1
    outer loop
      vertex -13.3131 -33.4464 -5
      vertex -14.1472 -33.9702 -5
      vertex -14.0832 -34.0476 -5
    endloop
  endfacet
  facet normal 0 0 1
    outer loop
      vertex -14.2438 -33.2055 -5
      vertex -13.8925 -32.967 -5
      vertex -14.201 -33.1146 -5
    endloop
  endfacet
  facet normal 0 0 1
    outer loop
      vertex -13.3131 -33.4464 -5
      vertex -14.201 -33.8854 -5
      vertex -14.1472 -33.9702 -5
    endloop
  endfacet
  facet normal 0 0 1
    outer loop
      vertex -13.5877 -33.1885 -5
      vertex -14.2438 -33.2055 -5
      vertex -14.2749 -33.301 -5
    endloop
  endfacet
  facet normal 0 0 1
    outer loop
      vertex -13.5877 -33.1885 -5
      vertex -14.2438 -33.7945 -5
      vertex -14.201 -33.8854 -5
    endloop
  endfacet
  facet normal 0 0 1
    outer loop
      vertex -13.5877 -33.1885 -5
      vertex -14.2749 -33.301 -5
      vertex -14.2937 -33.3997 -5
    endloop
  endfacet
  facet normal 0 0 1
    outer loop
      vertex -13.5877 -33.1885 -5
      vertex -14.2749 -33.699 -5
      vertex -14.2438 -33.7945 -5
    endloop
  endfacet
  facet normal 0 0 1
    outer loop
      vertex -13.5877 -33.1885 -5
      vertex -14.2937 -33.3997 -5
      vertex -14.3 -33.5 -5
    endloop
  endfacet
  facet normal 0 0 1
    outer loop
      vertex -13.5877 -33.1885 -5
      vertex -14.2937 -33.6003 -5
      vertex -14.2749 -33.699 -5
    endloop
  endfacet
  facet normal 0 0 1
    outer loop
      vertex -13.5877 -33.1885 -5
      vertex -14.3 -33.5 -5
      vertex -14.2937 -33.6003 -5
    endloop
  endfacet
  facet normal -0.904728 -0.425989 -0
    outer loop
      vertex -12.7562 -33.2055 3.5
      vertex -12.799 -33.1146 -3.81318
      vertex -12.7562 -33.2055 -3.86198
    endloop
  endfacet
  facet normal -0.904728 -0.425989 0
    outer loop
      vertex -12.799 -33.1146 -3.81318
      vertex -12.7562 -33.2055 3.5
      vertex -12.799 -33.1146 3.5
    endloop
  endfacet
  facet normal 0.844399 -0.535715 0
    outer loop
      vertex -14.201 -33.1146 3.5
      vertex -14.1472 -33.0298 -5
      vertex -14.1472 -33.0298 3.5
    endloop
  endfacet
  facet normal 0.844399 -0.535715 0
    outer loop
      vertex -14.1472 -33.0298 -5
      vertex -14.201 -33.1146 3.5
      vertex -14.201 -33.1146 -5
    endloop
  endfacet
  facet normal -0.481499 0.876447 0
    outer loop
      vertex -13.0713 -34.1755 -5
      vertex -13.1594 -34.2239 3.5
      vertex -13.0713 -34.1755 3.5
    endloop
  endfacet
  facet normal -0.481499 0.876447 0
    outer loop
      vertex -13.1594 -34.2239 3.5
      vertex -13.0713 -34.1755 -5
      vertex -13.1594 -34.2239 -5
    endloop
  endfacet
  facet normal 0.684371 -0.729134 0
    outer loop
      vertex -14.0832 -32.9524 3.5
      vertex -14.0099 -32.8836 -4.96651
      vertex -14.0099 -32.8836 3.5
    endloop
  endfacet
  facet normal 0.684371 -0.729134 0
    outer loop
      vertex -14.0832 -32.9524 -5
      vertex -14.0099 -32.8836 -4.96651
      vertex -14.0832 -32.9524 3.5
    endloop
  endfacet
  facet normal 0.684501 -0.729012 -0.000535221
    outer loop
      vertex -14.0099 -32.8836 -4.96651
      vertex -14.0832 -32.9524 -5
      vertex -14.0226 -32.8955 -5
    endloop
  endfacet
  facet normal 0.588468 0.808521 -0
    outer loop
      vertex -13.9287 -34.1755 -5
      vertex -14.0099 -34.1164 3.5
      vertex -13.9287 -34.1755 3.5
    endloop
  endfacet
  facet normal 0.588468 0.808521 0
    outer loop
      vertex -14.0099 -34.1164 3.5
      vertex -13.9287 -34.1755 -5
      vertex -14.0099 -34.1164 -5
    endloop
  endfacet
  facet normal 0.684371 0.729134 -0
    outer loop
      vertex -14.0099 -34.1164 -5
      vertex -14.0832 -34.0476 3.5
      vertex -14.0099 -34.1164 3.5
    endloop
  endfacet
  facet normal 0.684371 0.729134 0
    outer loop
      vertex -14.0832 -34.0476 3.5
      vertex -14.0099 -34.1164 -5
      vertex -14.0832 -34.0476 -5
    endloop
  endfacet
  facet normal -0.367439 0.930048 0
    outer loop
      vertex -13.1594 -34.2239 -5
      vertex -13.2528 -34.2608 3.5
      vertex -13.1594 -34.2239 3.5
    endloop
  endfacet
  facet normal -0.367439 0.930048 0
    outer loop
      vertex -13.2528 -34.2608 3.5
      vertex -13.1594 -34.2239 -5
      vertex -13.2528 -34.2608 -5
    endloop
  endfacet
  facet normal -0.125382 -0.992109 0
    outer loop
      vertex -13.4498 -32.7016 3.5
      vertex -13.3501 -32.7142 -3.96957
      vertex -13.3501 -32.7142 3.5
    endloop
  endfacet
  facet normal -0.125382 -0.992109 0
    outer loop
      vertex -13.3501 -32.7142 -3.96957
      vertex -13.4498 -32.7016 3.5
      vertex -13.4498 -32.7016 -4.06485
    endloop
  endfacet
  facet normal -0.771356 -0.636369 -0.00660642
    outer loop
      vertex -12.8528 -33.0298 -3.78859
      vertex -12.9168 -32.9524 -3.77166
      vertex -12.8726 -33.0058 -3.78859
    endloop
  endfacet
  facet normal -0.770664 -0.637242 -0
    outer loop
      vertex -12.8528 -33.0298 3.5
      vertex -12.9168 -32.9524 -3.77166
      vertex -12.8528 -33.0298 -3.78859
    endloop
  endfacet
  facet normal -0.770664 -0.637242 0
    outer loop
      vertex -12.9168 -32.9524 -3.77166
      vertex -12.8528 -33.0298 3.5
      vertex -12.9168 -32.9524 3.5
    endloop
  endfacet
  facet normal -0.684371 0.729134 0
    outer loop
      vertex -12.9168 -34.0476 -5
      vertex -12.9901 -34.1164 3.5
      vertex -12.9168 -34.0476 3.5
    endloop
  endfacet
  facet normal -0.684371 0.729134 0
    outer loop
      vertex -12.9901 -34.1164 3.5
      vertex -12.9168 -34.0476 -5
      vertex -12.9901 -34.1164 -5
    endloop
  endfacet
  facet normal 0.904728 0.425989 0
    outer loop
      vertex -14.201 -33.8854 3.5
      vertex -14.2438 -33.7945 -5
      vertex -14.2438 -33.7945 3.5
    endloop
  endfacet
  facet normal 0.904728 0.425989 0
    outer loop
      vertex -14.2438 -33.7945 -5
      vertex -14.201 -33.8854 3.5
      vertex -14.201 -33.8854 -5
    endloop
  endfacet
  facet normal 0.950851 0.309649 0
    outer loop
      vertex -14.2438 -33.7945 3.5
      vertex -14.2749 -33.699 -5
      vertex -14.2749 -33.699 3.5
    endloop
  endfacet
  facet normal 0.950851 0.309649 0
    outer loop
      vertex -14.2749 -33.699 -5
      vertex -14.2438 -33.7945 3.5
      vertex -14.2438 -33.7945 -5
    endloop
  endfacet
  facet normal -0.125382 0.992109 0
    outer loop
      vertex -13.3501 -34.2858 -5
      vertex -13.4498 -34.2984 3.5
      vertex -13.3501 -34.2858 3.5
    endloop
  endfacet
  facet normal -0.125382 0.992109 0
    outer loop
      vertex -13.4498 -34.2984 3.5
      vertex -13.3501 -34.2858 -5
      vertex -13.4498 -34.2984 -5
    endloop
  endfacet
  facet normal 0.998033 0.062688 0
    outer loop
      vertex -14.2937 -33.6003 3.5
      vertex -14.3 -33.5 -5
      vertex -14.3 -33.5 3.5
    endloop
  endfacet
  facet normal 0.998033 0.062688 0
    outer loop
      vertex -14.3 -33.5 -5
      vertex -14.2937 -33.6003 3.5
      vertex -14.2937 -33.6003 -5
    endloop
  endfacet
  facet normal -0.588468 -0.808521 0
    outer loop
      vertex -13.0713 -32.8245 3.5
      vertex -12.9901 -32.8836 -3.77166
      vertex -12.9901 -32.8836 3.5
    endloop
  endfacet
  facet normal -0.588468 -0.808521 0
    outer loop
      vertex -12.9901 -32.8836 -3.77166
      vertex -13.0713 -32.8245 3.5
      vertex -13.0713 -32.8245 -3.79616
    endloop
  endfacet
  facet normal 0.770664 0.637242 0
    outer loop
      vertex 12.9168 32.9524 -3.77166
      vertex 12.8528 33.0298 -3.78859
      vertex 12.8528 33.0298 3.5
    endloop
  endfacet
  facet normal 0.770664 0.637242 -0
    outer loop
      vertex 12.9168 32.9524 -3.77166
      vertex 12.8528 33.0298 3.5
      vertex 12.9168 32.9524 3.5
    endloop
  endfacet
  facet normal 0.771356 0.636369 -0.00660642
    outer loop
      vertex 12.8528 33.0298 -3.78859
      vertex 12.9168 32.9524 -3.77166
      vertex 12.8726 33.0058 -3.78859
    endloop
  endfacet
  facet normal -0.684371 -0.729134 0
    outer loop
      vertex 14.0099 34.1164 -5
      vertex 14.0832 34.0476 3.5
      vertex 14.0099 34.1164 3.5
    endloop
  endfacet
  facet normal -0.684371 -0.729134 -0
    outer loop
      vertex 14.0832 34.0476 3.5
      vertex 14.0099 34.1164 -5
      vertex 14.0832 34.0476 -5
    endloop
  endfacet
  facet normal -0.248854 -0.968541 0
    outer loop
      vertex 13.6499 34.2858 -5
      vertex 13.7472 34.2608 3.5
      vertex 13.6499 34.2858 3.5
    endloop
  endfacet
  facet normal -0.248854 -0.968541 -0
    outer loop
      vertex 13.7472 34.2608 3.5
      vertex 13.6499 34.2858 -5
      vertex 13.7472 34.2608 -5
    endloop
  endfacet
  facet normal -0.588468 0.808521 0
    outer loop
      vertex 14.0099 32.8836 3.5
      vertex 13.9287 32.8245 -4.78243
      vertex 13.9287 32.8245 3.5
    endloop
  endfacet
  facet normal -0.588468 0.808521 0
    outer loop
      vertex 13.9287 32.8245 -4.78243
      vertex 14.0099 32.8836 3.5
      vertex 14.0099 32.8836 -4.96651
    endloop
  endfacet
  facet normal -0.125382 -0.992109 0
    outer loop
      vertex 13.5502 34.2984 -5
      vertex 13.6499 34.2858 3.5
      vertex 13.5502 34.2984 3.5
    endloop
  endfacet
  facet normal -0.125382 -0.992109 -0
    outer loop
      vertex 13.6499 34.2858 3.5
      vertex 13.5502 34.2984 -5
      vertex 13.6499 34.2858 -5
    endloop
  endfacet
  facet normal -0.904728 0.425989 0
    outer loop
      vertex 14.201 33.1146 -5
      vertex 14.2438 33.2055 3.5
      vertex 14.2438 33.2055 -5
    endloop
  endfacet
  facet normal -0.904728 0.425989 0
    outer loop
      vertex 14.2438 33.2055 3.5
      vertex 14.201 33.1146 -5
      vertex 14.201 33.1146 3.5
    endloop
  endfacet
  facet normal 0.844399 -0.535715 0
    outer loop
      vertex 12.799 33.8854 -4.69787
      vertex 12.8528 33.9702 3.5
      vertex 12.799 33.8854 3.5
    endloop
  endfacet
  facet normal 0.844399 -0.535715 0
    outer loop
      vertex 12.8528 33.9702 3.5
      vertex 12.799 33.8854 -4.69787
      vertex 12.8528 33.9702 -4.879
    endloop
  endfacet
  facet normal 0.125382 -0.992109 0
    outer loop
      vertex 13.3501 34.2858 -5
      vertex 13.4498 34.2984 3.5
      vertex 13.3501 34.2858 3.5
    endloop
  endfacet
  facet normal 0.125382 -0.992109 0
    outer loop
      vertex 13.4498 34.2984 3.5
      vertex 13.3501 34.2858 -5
      vertex 13.4498 34.2984 -5
    endloop
  endfacet
  facet normal -0.125382 0.992109 0
    outer loop
      vertex 13.6499 32.7142 3.5
      vertex 13.5502 32.7016 -4.18111
      vertex 13.5502 32.7016 3.5
    endloop
  endfacet
  facet normal -0.125382 0.992109 0
    outer loop
      vertex 13.6499 32.7142 -4.31465
      vertex 13.5502 32.7016 -4.18111
      vertex 13.6499 32.7142 3.5
    endloop
  endfacet
  facet normal -0.142547 0.989702 -0.0130423
    outer loop
      vertex 13.5502 32.7016 -4.18111
      vertex 13.6499 32.7142 -4.31465
      vertex 13.6382 32.7127 -4.3006
    endloop
  endfacet
  facet normal -0.481499 -0.876447 0
    outer loop
      vertex 13.8406 34.2239 -5
      vertex 13.9287 34.1755 3.5
      vertex 13.8406 34.2239 3.5
    endloop
  endfacet
  facet normal -0.481499 -0.876447 -0
    outer loop
      vertex 13.9287 34.1755 3.5
      vertex 13.8406 34.2239 -5
      vertex 13.9287 34.1755 -5
    endloop
  endfacet
  facet normal 0.684371 0.729134 0
    outer loop
      vertex 12.9901 32.8836 3.5
      vertex 12.9168 32.9524 -3.77166
      vertex 12.9168 32.9524 3.5
    endloop
  endfacet
  facet normal 0.684371 0.729134 0
    outer loop
      vertex 12.9168 32.9524 -3.77166
      vertex 12.9901 32.8836 3.5
      vertex 12.9901 32.8836 -3.77166
    endloop
  endfacet
  facet normal 0.950851 0.309649 -0
    outer loop
      vertex 12.7562 33.2055 -3.86198
      vertex 12.7251 33.301 3.5
      vertex 12.7562 33.2055 3.5
    endloop
  endfacet
  facet normal 0.950851 0.309649 0
    outer loop
      vertex 12.7251 33.301 3.5
      vertex 12.7562 33.2055 -3.86198
      vertex 12.7251 33.301 -3.93422
    endloop
  endfacet
  facet normal -0.982339 0.187112 0
    outer loop
      vertex 14.2749 33.301 -5
      vertex 14.2937 33.3997 3.5
      vertex 14.2937 33.3997 -5
    endloop
  endfacet
  facet normal -0.982339 0.187112 0
    outer loop
      vertex 14.2937 33.3997 3.5
      vertex 14.2749 33.301 -5
      vertex 14.2749 33.301 3.5
    endloop
  endfacet
  facet normal 0 1 0
    outer loop
      vertex 13.5502 32.7016 3.5
      vertex 13.4498 32.7016 -4.06485
      vertex 13.4498 32.7016 3.5
    endloop
  endfacet
  facet normal -0 1 0
    outer loop
      vertex 13.4498 32.7016 -4.06485
      vertex 13.5502 32.7016 3.5
      vertex 13.5502 32.7016 -4.18111
    endloop
  endfacet
  facet normal 0.367439 -0.930048 0
    outer loop
      vertex 13.1594 34.2239 -5
      vertex 13.2528 34.2608 3.5
      vertex 13.1594 34.2239 3.5
    endloop
  endfacet
  facet normal 0.367439 -0.930048 0
    outer loop
      vertex 13.2528 34.2608 3.5
      vertex 13.1594 34.2239 -5
      vertex 13.2528 34.2608 -5
    endloop
  endfacet
  facet normal 0.481499 0.876447 0
    outer loop
      vertex 13.1594 32.7761 3.5
      vertex 13.0713 32.8245 -3.79616
      vertex 13.0713 32.8245 3.5
    endloop
  endfacet
  facet normal 0.481499 0.876447 0
    outer loop
      vertex 13.0713 32.8245 -3.79616
      vertex 13.1594 32.7761 3.5
      vertex 13.1594 32.7761 -3.84477
    endloop
  endfacet
  facet normal 0.770664 -0.637242 0
    outer loop
      vertex 12.8528 33.9702 -4.879
      vertex 12.9168 34.0476 -5
      vertex 12.9168 34.0476 3.5
    endloop
  endfacet
  facet normal 0.770664 -0.637242 0
    outer loop
      vertex 12.8528 33.9702 -4.879
      vertex 12.9168 34.0476 3.5
      vertex 12.8528 33.9702 3.5
    endloop
  endfacet
  facet normal 0.770903 -0.636952 0.000311777
    outer loop
      vertex 12.9168 34.0476 -5
      vertex 12.8528 33.9702 -4.879
      vertex 12.8935 34.0194 -5
    endloop
  endfacet
  facet normal 0.950851 -0.309649 0
    outer loop
      vertex 12.7251 33.699 -4.37461
      vertex 12.7562 33.7945 3.5
      vertex 12.7251 33.699 3.5
    endloop
  endfacet
  facet normal 0.950851 -0.309649 0
    outer loop
      vertex 12.7562 33.7945 3.5
      vertex 12.7251 33.699 -4.37461
      vertex 12.7562 33.7945 -4.52885
    endloop
  endfacet
  facet normal 0.588468 -0.808521 0
    outer loop
      vertex 12.9901 34.1164 -5
      vertex 13.0713 34.1755 3.5
      vertex 12.9901 34.1164 3.5
    endloop
  endfacet
  facet normal 0.588468 -0.808521 0
    outer loop
      vertex 13.0713 34.1755 3.5
      vertex 12.9901 34.1164 -5
      vertex 13.0713 34.1755 -5
    endloop
  endfacet
  facet normal -0.844399 0.535715 0
    outer loop
      vertex 14.1472 33.0298 -5
      vertex 14.201 33.1146 3.5
      vertex 14.201 33.1146 -5
    endloop
  endfacet
  facet normal -0.844399 0.535715 0
    outer loop
      vertex 14.201 33.1146 3.5
      vertex 14.1472 33.0298 -5
      vertex 14.1472 33.0298 3.5
    endloop
  endfacet
  facet normal -0.998033 0.062688 0
    outer loop
      vertex 14.2937 33.3997 -5
      vertex 14.3 33.5 3.5
      vertex 14.3 33.5 -5
    endloop
  endfacet
  facet normal -0.998033 0.062688 0
    outer loop
      vertex 14.3 33.5 3.5
      vertex 14.2937 33.3997 -5
      vertex 14.2937 33.3997 3.5
    endloop
  endfacet
  facet normal -0.904728 -0.425989 0
    outer loop
      vertex 14.2438 33.7945 -5
      vertex 14.201 33.8854 3.5
      vertex 14.201 33.8854 -5
    endloop
  endfacet
  facet normal -0.904728 -0.425989 0
    outer loop
      vertex 14.201 33.8854 3.5
      vertex 14.2438 33.7945 -5
      vertex 14.2438 33.7945 3.5
    endloop
  endfacet
  facet normal -0.998033 -0.062688 0
    outer loop
      vertex 14.3 33.5 -5
      vertex 14.2937 33.6003 3.5
      vertex 14.2937 33.6003 -5
    endloop
  endfacet
  facet normal -0.998033 -0.062688 0
    outer loop
      vertex 14.2937 33.6003 3.5
      vertex 14.3 33.5 -5
      vertex 14.3 33.5 3.5
    endloop
  endfacet
  facet normal -0.684371 0.729134 0
    outer loop
      vertex 14.0832 32.9524 3.5
      vertex 14.0099 32.8836 -4.96651
      vertex 14.0099 32.8836 3.5
    endloop
  endfacet
  facet normal -0.684371 0.729134 0
    outer loop
      vertex 14.0832 32.9524 -5
      vertex 14.0099 32.8836 -4.96651
      vertex 14.0832 32.9524 3.5
    endloop
  endfacet
  facet normal -0.684501 0.729012 -0.000535221
    outer loop
      vertex 14.0099 32.8836 -4.96651
      vertex 14.0832 32.9524 -5
      vertex 14.0226 32.8955 -5
    endloop
  endfacet
  facet normal -0.950851 -0.309649 0
    outer loop
      vertex 14.2749 33.699 -5
      vertex 14.2438 33.7945 3.5
      vertex 14.2438 33.7945 -5
    endloop
  endfacet
  facet normal -0.950851 -0.309649 0
    outer loop
      vertex 14.2438 33.7945 3.5
      vertex 14.2749 33.699 -5
      vertex 14.2749 33.699 3.5
    endloop
  endfacet
  facet normal -0.950851 0.309649 0
    outer loop
      vertex 14.2438 33.2055 -5
      vertex 14.2749 33.301 3.5
      vertex 14.2749 33.301 -5
    endloop
  endfacet
  facet normal -0.950851 0.309649 0
    outer loop
      vertex 14.2749 33.301 3.5
      vertex 14.2438 33.2055 -5
      vertex 14.2438 33.2055 3.5
    endloop
  endfacet
  facet normal 0.248854 -0.968541 0
    outer loop
      vertex 13.2528 34.2608 -5
      vertex 13.3501 34.2858 3.5
      vertex 13.2528 34.2608 3.5
    endloop
  endfacet
  facet normal 0.248854 -0.968541 0
    outer loop
      vertex 13.3501 34.2858 3.5
      vertex 13.2528 34.2608 -5
      vertex 13.3501 34.2858 -5
    endloop
  endfacet
  facet normal 0.248854 0.968541 0
    outer loop
      vertex 13.3501 32.7142 3.5
      vertex 13.2528 32.7392 -3.89675
      vertex 13.2528 32.7392 3.5
    endloop
  endfacet
  facet normal 0.248854 0.968541 0
    outer loop
      vertex 13.2528 32.7392 -3.89675
      vertex 13.3501 32.7142 3.5
      vertex 13.3501 32.7142 -3.96957
    endloop
  endfacet
  facet normal -0.367439 0.930048 0
    outer loop
      vertex 13.8406 32.7761 3.5
      vertex 13.7472 32.7392 -4.45391
      vertex 13.7472 32.7392 3.5
    endloop
  endfacet
  facet normal -0.367439 0.930048 0
    outer loop
      vertex 13.7472 32.7392 -4.45391
      vertex 13.8406 32.7761 3.5
      vertex 13.8406 32.7761 -4.61067
    endloop
  endfacet
  facet normal -0.770664 -0.637242 0
    outer loop
      vertex 14.1472 33.9702 -5
      vertex 14.0832 34.0476 3.5
      vertex 14.0832 34.0476 -5
    endloop
  endfacet
  facet normal -0.770664 -0.637242 0
    outer loop
      vertex 14.0832 34.0476 3.5
      vertex 14.1472 33.9702 -5
      vertex 14.1472 33.9702 3.5
    endloop
  endfacet
  facet normal 0.125382 0.992109 0
    outer loop
      vertex 13.4498 32.7016 3.5
      vertex 13.3501 32.7142 -3.96957
      vertex 13.3501 32.7142 3.5
    endloop
  endfacet
  facet normal 0.125382 0.992109 0
    outer loop
      vertex 13.3501 32.7142 -3.96957
      vertex 13.4498 32.7016 3.5
      vertex 13.4498 32.7016 -4.06485
    endloop
  endfacet
  facet normal -0.367439 -0.930048 0
    outer loop
      vertex 13.7472 34.2608 -5
      vertex 13.8406 34.2239 3.5
      vertex 13.7472 34.2608 3.5
    endloop
  endfacet
  facet normal -0.367439 -0.930048 -0
    outer loop
      vertex 13.8406 34.2239 3.5
      vertex 13.7472 34.2608 -5
      vertex 13.8406 34.2239 -5
    endloop
  endfacet
  facet normal -0.588468 -0.808521 0
    outer loop
      vertex 13.9287 34.1755 -5
      vertex 14.0099 34.1164 3.5
      vertex 13.9287 34.1755 3.5
    endloop
  endfacet
  facet normal -0.588468 -0.808521 -0
    outer loop
      vertex 14.0099 34.1164 3.5
      vertex 13.9287 34.1755 -5
      vertex 14.0099 34.1164 -5
    endloop
  endfacet
  facet normal 0.481499 -0.876447 0
    outer loop
      vertex 13.0713 34.1755 -5
      vertex 13.1594 34.2239 3.5
      vertex 13.0713 34.1755 3.5
    endloop
  endfacet
  facet normal 0.481499 -0.876447 0
    outer loop
      vertex 13.1594 34.2239 3.5
      vertex 13.0713 34.1755 -5
      vertex 13.1594 34.2239 -5
    endloop
  endfacet
  facet normal 0.998033 0.062688 -0
    outer loop
      vertex 12.7063 33.3997 -4.02348
      vertex 12.7 33.5 3.5
      vertex 12.7063 33.3997 3.5
    endloop
  endfacet
  facet normal 0.998033 0.062688 0
    outer loop
      vertex 12.7 33.5 3.5
      vertex 12.7063 33.3997 -4.02348
      vertex 12.7 33.5 -4.11992
    endloop
  endfacet
  facet normal -0.770664 0.637242 0
    outer loop
      vertex 14.0832 32.9524 -5
      vertex 14.1472 33.0298 3.5
      vertex 14.1472 33.0298 -5
    endloop
  endfacet
  facet normal -0.770664 0.637242 0
    outer loop
      vertex 14.1472 33.0298 3.5
      vertex 14.0832 32.9524 -5
      vertex 14.0832 32.9524 3.5
    endloop
  endfacet
  facet normal 0.367439 0.930048 0
    outer loop
      vertex 13.2528 32.7392 3.5
      vertex 13.1594 32.7761 -3.84477
      vertex 13.1594 32.7761 3.5
    endloop
  endfacet
  facet normal 0.367439 0.930048 -0
    outer loop
      vertex 13.2528 32.7392 -3.89675
      vertex 13.1594 32.7761 -3.84477
      vertex 13.2528 32.7392 3.5
    endloop
  endfacet
  facet normal 0.375304 0.926755 0.0164703
    outer loop
      vertex 13.1594 32.7761 -3.84477
      vertex 13.2528 32.7392 -3.89675
      vertex 13.1709 32.7716 -3.85361
    endloop
  endfacet
  facet normal -0.982339 -0.187112 0
    outer loop
      vertex 14.2937 33.6003 -5
      vertex 14.2749 33.699 3.5
      vertex 14.2749 33.699 -5
    endloop
  endfacet
  facet normal -0.982339 -0.187112 0
    outer loop
      vertex 14.2749 33.699 3.5
      vertex 14.2937 33.6003 -5
      vertex 14.2937 33.6003 3.5
    endloop
  endfacet
  facet normal 0.904728 0.425989 -0
    outer loop
      vertex 12.799 33.1146 -3.81318
      vertex 12.7562 33.2055 3.5
      vertex 12.799 33.1146 3.5
    endloop
  endfacet
  facet normal 0.904728 0.425989 0
    outer loop
      vertex 12.7562 33.2055 3.5
      vertex 12.799 33.1146 -3.81318
      vertex 12.7562 33.2055 -3.86198
    endloop
  endfacet
  facet normal 0.998033 -0.062688 0
    outer loop
      vertex 12.7 33.5 -4.11992
      vertex 12.7063 33.6003 3.5
      vertex 12.7 33.5 3.5
    endloop
  endfacet
  facet normal 0.998033 -0.062688 0
    outer loop
      vertex 12.7063 33.6003 3.5
      vertex 12.7 33.5 -4.11992
      vertex 12.7063 33.6003 -4.23758
    endloop
  endfacet
  facet normal -0.248854 0.968541 0
    outer loop
      vertex 13.7472 32.7392 3.5
      vertex 13.6499 32.7142 -4.31465
      vertex 13.6499 32.7142 3.5
    endloop
  endfacet
  facet normal -0.248854 0.968541 0
    outer loop
      vertex 13.6499 32.7142 -4.31465
      vertex 13.7472 32.7392 3.5
      vertex 13.7472 32.7392 -4.45391
    endloop
  endfacet
  facet normal -0.481499 0.876447 0
    outer loop
      vertex 13.9287 32.8245 3.5
      vertex 13.8406 32.7761 -4.61067
      vertex 13.8406 32.7761 3.5
    endloop
  endfacet
  facet normal -0.481499 0.876447 0
    outer loop
      vertex 13.8406 32.7761 -4.61067
      vertex 13.9287 32.8245 3.5
      vertex 13.9287 32.8245 -4.78243
    endloop
  endfacet
  facet normal 0.982339 0.187112 0
    outer loop
      vertex 12.7251 33.301 -3.93422
      vertex 12.7063 33.3997 -4.02348
      vertex 12.7063 33.3997 3.5
    endloop
  endfacet
  facet normal 0.982339 0.187112 -0
    outer loop
      vertex 12.7251 33.301 -3.93422
      vertex 12.7063 33.3997 3.5
      vertex 12.7251 33.301 3.5
    endloop
  endfacet
  facet normal 0.979749 0.199707 0.0144723
    outer loop
      vertex 12.7063 33.3997 -4.02348
      vertex 12.7251 33.301 -3.93422
      vertex 12.7111 33.3748 -4.00483
    endloop
  endfacet
  facet normal 0 -1 0
    outer loop
      vertex 13.4498 34.2984 -5
      vertex 13.5502 34.2984 3.5
      vertex 13.4498 34.2984 3.5
    endloop
  endfacet
  facet normal 0 -1 -0
    outer loop
      vertex 13.5502 34.2984 3.5
      vertex 13.4498 34.2984 -5
      vertex 13.5502 34.2984 -5
    endloop
  endfacet
  facet normal 0.684371 -0.729134 0
    outer loop
      vertex 12.9168 34.0476 -5
      vertex 12.9901 34.1164 3.5
      vertex 12.9168 34.0476 3.5
    endloop
  endfacet
  facet normal 0.684371 -0.729134 0
    outer loop
      vertex 12.9901 34.1164 3.5
      vertex 12.9168 34.0476 -5
      vertex 12.9901 34.1164 -5
    endloop
  endfacet
  facet normal 0.588468 0.808521 0
    outer loop
      vertex 13.0713 32.8245 3.5
      vertex 12.9901 32.8836 -3.77166
      vertex 12.9901 32.8836 3.5
    endloop
  endfacet
  facet normal 0.588468 0.808521 0
    outer loop
      vertex 12.9901 32.8836 -3.77166
      vertex 13.0713 32.8245 3.5
      vertex 13.0713 32.8245 -3.79616
    endloop
  endfacet
  facet normal -0.844399 -0.535715 0
    outer loop
      vertex 14.201 33.8854 -5
      vertex 14.1472 33.9702 3.5
      vertex 14.1472 33.9702 -5
    endloop
  endfacet
  facet normal -0.844399 -0.535715 0
    outer loop
      vertex 14.1472 33.9702 3.5
      vertex 14.201 33.8854 -5
      vertex 14.201 33.8854 3.5
    endloop
  endfacet
  facet normal 0.982339 -0.187112 0
    outer loop
      vertex 12.7063 33.6003 -4.23758
      vertex 12.7251 33.699 3.5
      vertex 12.7063 33.6003 3.5
    endloop
  endfacet
  facet normal 0.982339 -0.187112 0
    outer loop
      vertex 12.7251 33.699 3.5
      vertex 12.7063 33.6003 -4.23758
      vertex 12.7251 33.699 -4.37461
    endloop
  endfacet
  facet normal 0.844399 0.535715 -0
    outer loop
      vertex 12.8528 33.0298 -3.78859
      vertex 12.799 33.1146 3.5
      vertex 12.8528 33.0298 3.5
    endloop
  endfacet
  facet normal 0.844399 0.535715 0
    outer loop
      vertex 12.799 33.1146 3.5
      vertex 12.8528 33.0298 -3.78859
      vertex 12.799 33.1146 -3.81318
    endloop
  endfacet
  facet normal 0.904728 -0.425989 0
    outer loop
      vertex 12.7562 33.7945 -4.52885
      vertex 12.799 33.8854 3.5
      vertex 12.7562 33.7945 3.5
    endloop
  endfacet
  facet normal 0.904728 -0.425989 0
    outer loop
      vertex 12.799 33.8854 3.5
      vertex 12.7562 33.7945 -4.52885
      vertex 12.799 33.8854 -4.69787
    endloop
  endfacet
  facet normal 0 0 1
    outer loop
      vertex 13.5877 33.1885 -5
      vertex 14.3 33.5 -5
      vertex 14.2937 33.6003 -5
    endloop
  endfacet
  facet normal 0 0 1
    outer loop
      vertex 13.5877 33.1885 -5
      vertex 14.2937 33.6003 -5
      vertex 14.2749 33.699 -5
    endloop
  endfacet
  facet normal 0 0 1
    outer loop
      vertex 14.3 33.5 -5
      vertex 13.5877 33.1885 -5
      vertex 14.2937 33.3997 -5
    endloop
  endfacet
  facet normal 0 0 1
    outer loop
      vertex 13.5877 33.1885 -5
      vertex 14.2749 33.699 -5
      vertex 14.2438 33.7945 -5
    endloop
  endfacet
  facet normal 0 0 1
    outer loop
      vertex 14.2937 33.3997 -5
      vertex 13.5877 33.1885 -5
      vertex 14.2749 33.301 -5
    endloop
  endfacet
  facet normal 0 0 1
    outer loop
      vertex 13.5877 33.1885 -5
      vertex 14.2438 33.7945 -5
      vertex 14.201 33.8854 -5
    endloop
  endfacet
  facet normal 0 0 1
    outer loop
      vertex 14.2749 33.301 -5
      vertex 13.5877 33.1885 -5
      vertex 14.2438 33.2055 -5
    endloop
  endfacet
  facet normal 0 0 1
    outer loop
      vertex 13.3131 33.4464 -5
      vertex 14.201 33.8854 -5
      vertex 14.1472 33.9702 -5
    endloop
  endfacet
  facet normal 0 -0 1
    outer loop
      vertex 13.8925 32.967 -5
      vertex 14.2438 33.2055 -5
      vertex 13.5877 33.1885 -5
    endloop
  endfacet
  facet normal 0 0 1
    outer loop
      vertex 13.3131 33.4464 -5
      vertex 14.1472 33.9702 -5
      vertex 14.0832 34.0476 -5
    endloop
  endfacet
  facet normal 0 0 1
    outer loop
      vertex 14.2438 33.2055 -5
      vertex 13.8925 32.967 -5
      vertex 14.201 33.1146 -5
    endloop
  endfacet
  facet normal 0 0 1
    outer loop
      vertex 14.201 33.1146 -5
      vertex 13.8925 32.967 -5
      vertex 14.1472 33.0298 -5
    endloop
  endfacet
  facet normal 0 0 1
    outer loop
      vertex 13.3131 33.4464 -5
      vertex 14.0832 34.0476 -5
      vertex 14.0099 34.1164 -5
    endloop
  endfacet
  facet normal 0 0 1
    outer loop
      vertex 13.3131 33.4464 -5
      vertex 14.0099 34.1164 -5
      vertex 13.9287 34.1755 -5
    endloop
  endfacet
  facet normal 0 0 1
    outer loop
      vertex 14.0832 32.9524 -5
      vertex 13.8925 32.967 -5
      vertex 14.0226 32.8955 -5
    endloop
  endfacet
  facet normal 0 0 1
    outer loop
      vertex 13.3131 33.4464 -5
      vertex 13.9287 34.1755 -5
      vertex 13.8406 34.2239 -5
    endloop
  endfacet
  facet normal 0 0 1
    outer loop
      vertex 13.3131 33.4464 -5
      vertex 13.8406 34.2239 -5
      vertex 13.7472 34.2608 -5
    endloop
  endfacet
  facet normal 0 0 1
    outer loop
      vertex 13.3131 33.4464 -5
      vertex 13.7472 34.2608 -5
      vertex 13.6499 34.2858 -5
    endloop
  endfacet
  facet normal 0 0 1
    outer loop
      vertex 14.1472 33.0298 -5
      vertex 13.8925 32.967 -5
      vertex 14.0832 32.9524 -5
    endloop
  endfacet
  facet normal 0 0 1
    outer loop
      vertex 13.3131 33.4464 -5
      vertex 13.6499 34.2858 -5
      vertex 13.5502 34.2984 -5
    endloop
  endfacet
  facet normal 0 0 1
    outer loop
      vertex 13.0729 33.7366 -5
      vertex 13.5502 34.2984 -5
      vertex 13.4498 34.2984 -5
    endloop
  endfacet
  facet normal 0 0 1
    outer loop
      vertex 13.0729 33.7366 -5
      vertex 13.4498 34.2984 -5
      vertex 13.3501 34.2858 -5
    endloop
  endfacet
  facet normal 0 0 1
    outer loop
      vertex 14.201 33.8854 -5
      vertex 13.3131 33.4464 -5
      vertex 13.5877 33.1885 -5
    endloop
  endfacet
  facet normal 0 0 1
    outer loop
      vertex 13.0729 33.7366 -5
      vertex 13.3501 34.2858 -5
      vertex 13.2528 34.2608 -5
    endloop
  endfacet
  facet normal 0 0 1
    outer loop
      vertex 13.0729 33.7366 -5
      vertex 13.2528 34.2608 -5
      vertex 13.1594 34.2239 -5
    endloop
  endfacet
  facet normal 0 0 1
    outer loop
      vertex 13.5502 34.2984 -5
      vertex 13.0729 33.7366 -5
      vertex 13.3131 33.4464 -5
    endloop
  endfacet
  facet normal -0 0 1
    outer loop
      vertex 13.0713 34.1755 -5
      vertex 13.0729 33.7366 -5
      vertex 13.1594 34.2239 -5
    endloop
  endfacet
  facet normal -0 0 1
    outer loop
      vertex 12.9901 34.1164 -5
      vertex 13.0729 33.7366 -5
      vertex 13.0713 34.1755 -5
    endloop
  endfacet
  facet normal -0 0 1
    outer loop
      vertex 12.9168 34.0476 -5
      vertex 13.0729 33.7366 -5
      vertex 12.9901 34.1164 -5
    endloop
  endfacet
  facet normal 0 0 1
    outer loop
      vertex 13.0729 33.7366 -5
      vertex 12.9168 34.0476 -5
      vertex 12.8935 34.0194 -5
    endloop
  endfacet
  facet normal 0.904728 -0.425989 0
    outer loop
      vertex -14.2438 33.7945 3.5
      vertex -14.201 33.8854 -5
      vertex -14.201 33.8854 3.5
    endloop
  endfacet
  facet normal 0.904728 -0.425989 0
    outer loop
      vertex -14.201 33.8854 -5
      vertex -14.2438 33.7945 3.5
      vertex -14.2438 33.7945 -5
    endloop
  endfacet
  facet normal -0.979749 0.199707 0.0144723
    outer loop
      vertex -12.7251 33.301 -3.93422
      vertex -12.7063 33.3997 -4.02348
      vertex -12.7111 33.3748 -4.00483
    endloop
  endfacet
  facet normal -0.982339 0.187112 0
    outer loop
      vertex -12.7063 33.3997 -4.02348
      vertex -12.7251 33.301 -3.93422
      vertex -12.7063 33.3997 3.5
    endloop
  endfacet
  facet normal -0.982339 0.187112 0
    outer loop
      vertex -12.7063 33.3997 3.5
      vertex -12.7251 33.301 -3.93422
      vertex -12.7251 33.301 3.5
    endloop
  endfacet
  facet normal -0.998033 0.062688 0
    outer loop
      vertex -12.7063 33.3997 -4.02348
      vertex -12.7 33.5 3.5
      vertex -12.7 33.5 -4.11992
    endloop
  endfacet
  facet normal -0.998033 0.062688 0
    outer loop
      vertex -12.7 33.5 3.5
      vertex -12.7063 33.3997 -4.02348
      vertex -12.7063 33.3997 3.5
    endloop
  endfacet
  facet normal -0.950851 0.309649 0
    outer loop
      vertex -12.7562 33.2055 -3.86198
      vertex -12.7251 33.301 3.5
      vertex -12.7251 33.301 -3.93422
    endloop
  endfacet
  facet normal -0.950851 0.309649 0
    outer loop
      vertex -12.7251 33.301 3.5
      vertex -12.7562 33.2055 -3.86198
      vertex -12.7562 33.2055 3.5
    endloop
  endfacet
  facet normal 0.125382 0.992109 -0
    outer loop
      vertex -13.5502 32.7016 -4.18111
      vertex -13.6499 32.7142 3.5
      vertex -13.5502 32.7016 3.5
    endloop
  endfacet
  facet normal 0.142547 0.989702 -0.0130423
    outer loop
      vertex -13.6499 32.7142 -4.31465
      vertex -13.5502 32.7016 -4.18111
      vertex -13.6382 32.7127 -4.3006
    endloop
  endfacet
  facet normal 0.125382 0.992109 0
    outer loop
      vertex -13.5502 32.7016 -4.18111
      vertex -13.6499 32.7142 -4.31465
      vertex -13.6499 32.7142 3.5
    endloop
  endfacet
  facet normal -0.367439 0.930048 0
    outer loop
      vertex -13.1594 32.7761 -3.84477
      vertex -13.2528 32.7392 3.5
      vertex -13.1594 32.7761 3.5
    endloop
  endfacet
  facet normal -0.375304 0.926755 0.0164703
    outer loop
      vertex -13.2528 32.7392 -3.89675
      vertex -13.1594 32.7761 -3.84477
      vertex -13.1709 32.7716 -3.85361
    endloop
  endfacet
  facet normal -0.367439 0.930048 0
    outer loop
      vertex -13.1594 32.7761 -3.84477
      vertex -13.2528 32.7392 -3.89675
      vertex -13.2528 32.7392 3.5
    endloop
  endfacet
  facet normal -0.770903 -0.636952 0.000311777
    outer loop
      vertex -12.8528 33.9702 -4.879
      vertex -12.9168 34.0476 -5
      vertex -12.8935 34.0194 -5
    endloop
  endfacet
  facet normal -0.770664 -0.637242 0
    outer loop
      vertex -12.9168 34.0476 -5
      vertex -12.8528 33.9702 -4.879
      vertex -12.9168 34.0476 3.5
    endloop
  endfacet
  facet normal -0.770664 -0.637242 0
    outer loop
      vertex -12.9168 34.0476 3.5
      vertex -12.8528 33.9702 -4.879
      vertex -12.8528 33.9702 3.5
    endloop
  endfacet
  facet normal 0.367439 0.930048 -0
    outer loop
      vertex -13.7472 32.7392 -4.45391
      vertex -13.8406 32.7761 3.5
      vertex -13.7472 32.7392 3.5
    endloop
  endfacet
  facet normal 0.367439 0.930048 0
    outer loop
      vertex -13.8406 32.7761 3.5
      vertex -13.7472 32.7392 -4.45391
      vertex -13.8406 32.7761 -4.61067
    endloop
  endfacet
  facet normal 0.248854 -0.968541 0
    outer loop
      vertex -13.7472 34.2608 -5
      vertex -13.6499 34.2858 3.5
      vertex -13.7472 34.2608 3.5
    endloop
  endfacet
  facet normal 0.248854 -0.968541 0
    outer loop
      vertex -13.6499 34.2858 3.5
      vertex -13.7472 34.2608 -5
      vertex -13.6499 34.2858 -5
    endloop
  endfacet
  facet normal -0.904728 0.425989 0
    outer loop
      vertex -12.799 33.1146 -3.81318
      vertex -12.7562 33.2055 3.5
      vertex -12.7562 33.2055 -3.86198
    endloop
  endfacet
  facet normal -0.904728 0.425989 0
    outer loop
      vertex -12.7562 33.2055 3.5
      vertex -12.799 33.1146 -3.81318
      vertex -12.799 33.1146 3.5
    endloop
  endfacet
  facet normal 0.950851 -0.309649 0
    outer loop
      vertex -14.2749 33.699 3.5
      vertex -14.2438 33.7945 -5
      vertex -14.2438 33.7945 3.5
    endloop
  endfacet
  facet normal 0.950851 -0.309649 0
    outer loop
      vertex -14.2438 33.7945 -5
      vertex -14.2749 33.699 3.5
      vertex -14.2749 33.699 -5
    endloop
  endfacet
  facet normal 0.248854 0.968541 -0
    outer loop
      vertex -13.6499 32.7142 -4.31465
      vertex -13.7472 32.7392 3.5
      vertex -13.6499 32.7142 3.5
    endloop
  endfacet
  facet normal 0.248854 0.968541 0
    outer loop
      vertex -13.7472 32.7392 3.5
      vertex -13.6499 32.7142 -4.31465
      vertex -13.7472 32.7392 -4.45391
    endloop
  endfacet
  facet normal -0.950851 -0.309649 0
    outer loop
      vertex -12.7251 33.699 -4.37461
      vertex -12.7562 33.7945 3.5
      vertex -12.7562 33.7945 -4.52885
    endloop
  endfacet
  facet normal -0.950851 -0.309649 0
    outer loop
      vertex -12.7562 33.7945 3.5
      vertex -12.7251 33.699 -4.37461
      vertex -12.7251 33.699 3.5
    endloop
  endfacet
  facet normal -0.481499 -0.876447 0
    outer loop
      vertex -13.1594 34.2239 -5
      vertex -13.0713 34.1755 3.5
      vertex -13.1594 34.2239 3.5
    endloop
  endfacet
  facet normal -0.481499 -0.876447 -0
    outer loop
      vertex -13.0713 34.1755 3.5
      vertex -13.1594 34.2239 -5
      vertex -13.0713 34.1755 -5
    endloop
  endfacet
  facet normal 0.684371 -0.729134 0
    outer loop
      vertex -14.0832 34.0476 -5
      vertex -14.0099 34.1164 3.5
      vertex -14.0832 34.0476 3.5
    endloop
  endfacet
  facet normal 0.684371 -0.729134 0
    outer loop
      vertex -14.0099 34.1164 3.5
      vertex -14.0832 34.0476 -5
      vertex -14.0099 34.1164 -5
    endloop
  endfacet
  facet normal 0 1 -0
    outer loop
      vertex -13.4498 32.7016 -4.06485
      vertex -13.5502 32.7016 3.5
      vertex -13.4498 32.7016 3.5
    endloop
  endfacet
  facet normal 0 1 0
    outer loop
      vertex -13.5502 32.7016 3.5
      vertex -13.4498 32.7016 -4.06485
      vertex -13.5502 32.7016 -4.18111
    endloop
  endfacet
  facet normal -0.844399 0.535715 0
    outer loop
      vertex -12.8528 33.0298 -3.78859
      vertex -12.799 33.1146 3.5
      vertex -12.799 33.1146 -3.81318
    endloop
  endfacet
  facet normal -0.844399 0.535715 0
    outer loop
      vertex -12.799 33.1146 3.5
      vertex -12.8528 33.0298 -3.78859
      vertex -12.8528 33.0298 3.5
    endloop
  endfacet
  facet normal -0.588468 0.808521 0
    outer loop
      vertex -12.9901 32.8836 -3.77166
      vertex -13.0713 32.8245 3.5
      vertex -12.9901 32.8836 3.5
    endloop
  endfacet
  facet normal -0.588468 0.808521 0
    outer loop
      vertex -13.0713 32.8245 3.5
      vertex -12.9901 32.8836 -3.77166
      vertex -13.0713 32.8245 -3.79616
    endloop
  endfacet
  facet normal -0.481499 0.876447 0
    outer loop
      vertex -13.0713 32.8245 -3.79616
      vertex -13.1594 32.7761 3.5
      vertex -13.0713 32.8245 3.5
    endloop
  endfacet
  facet normal -0.481499 0.876447 0
    outer loop
      vertex -13.1594 32.7761 3.5
      vertex -13.0713 32.8245 -3.79616
      vertex -13.1594 32.7761 -3.84477
    endloop
  endfacet
  facet normal -0.125382 -0.992109 0
    outer loop
      vertex -13.4498 34.2984 -5
      vertex -13.3501 34.2858 3.5
      vertex -13.4498 34.2984 3.5
    endloop
  endfacet
  facet normal -0.125382 -0.992109 -0
    outer loop
      vertex -13.3501 34.2858 3.5
      vertex -13.4498 34.2984 -5
      vertex -13.3501 34.2858 -5
    endloop
  endfacet
  facet normal -0.684371 0.729134 0
    outer loop
      vertex -12.9168 32.9524 -3.77166
      vertex -12.9901 32.8836 3.5
      vertex -12.9168 32.9524 3.5
    endloop
  endfacet
  facet normal -0.684371 0.729134 0
    outer loop
      vertex -12.9901 32.8836 3.5
      vertex -12.9168 32.9524 -3.77166
      vertex -12.9901 32.8836 -3.77166
    endloop
  endfacet
  facet normal 0.481499 0.876447 -0
    outer loop
      vertex -13.8406 32.7761 -4.61067
      vertex -13.9287 32.8245 3.5
      vertex -13.8406 32.7761 3.5
    endloop
  endfacet
  facet normal 0.481499 0.876447 0
    outer loop
      vertex -13.9287 32.8245 3.5
      vertex -13.8406 32.7761 -4.61067
      vertex -13.9287 32.8245 -4.78243
    endloop
  endfacet
  facet normal -0.248854 0.968541 0
    outer loop
      vertex -13.2528 32.7392 -3.89675
      vertex -13.3501 32.7142 3.5
      vertex -13.2528 32.7392 3.5
    endloop
  endfacet
  facet normal -0.248854 0.968541 0
    outer loop
      vertex -13.3501 32.7142 3.5
      vertex -13.2528 32.7392 -3.89675
      vertex -13.3501 32.7142 -3.96957
    endloop
  endfacet
  facet normal -0.771356 0.636369 -0.00660642
    outer loop
      vertex -12.9168 32.9524 -3.77166
      vertex -12.8528 33.0298 -3.78859
      vertex -12.8726 33.0058 -3.78859
    endloop
  endfacet
  facet normal -0.770664 0.637242 0
    outer loop
      vertex -12.8528 33.0298 -3.78859
      vertex -12.9168 32.9524 -3.77166
      vertex -12.8528 33.0298 3.5
    endloop
  endfacet
  facet normal -0.770664 0.637242 0
    outer loop
      vertex -12.8528 33.0298 3.5
      vertex -12.9168 32.9524 -3.77166
      vertex -12.9168 32.9524 3.5
    endloop
  endfacet
  facet normal -0.684371 -0.729134 0
    outer loop
      vertex -12.9901 34.1164 -5
      vertex -12.9168 34.0476 3.5
      vertex -12.9901 34.1164 3.5
    endloop
  endfacet
  facet normal -0.684371 -0.729134 -0
    outer loop
      vertex -12.9168 34.0476 3.5
      vertex -12.9901 34.1164 -5
      vertex -12.9168 34.0476 -5
    endloop
  endfacet
  facet normal 0.125382 -0.992109 0
    outer loop
      vertex -13.6499 34.2858 -5
      vertex -13.5502 34.2984 3.5
      vertex -13.6499 34.2858 3.5
    endloop
  endfacet
  facet normal 0.125382 -0.992109 0
    outer loop
      vertex -13.5502 34.2984 3.5
      vertex -13.6499 34.2858 -5
      vertex -13.5502 34.2984 -5
    endloop
  endfacet
  facet normal 0.367439 -0.930048 0
    outer loop
      vertex -13.8406 34.2239 -5
      vertex -13.7472 34.2608 3.5
      vertex -13.8406 34.2239 3.5
    endloop
  endfacet
  facet normal 0.367439 -0.930048 0
    outer loop
      vertex -13.7472 34.2608 3.5
      vertex -13.8406 34.2239 -5
      vertex -13.7472 34.2608 -5
    endloop
  endfacet
  facet normal -0.982339 -0.187112 0
    outer loop
      vertex -12.7063 33.6003 -4.23758
      vertex -12.7251 33.699 3.5
      vertex -12.7251 33.699 -4.37461
    endloop
  endfacet
  facet normal -0.982339 -0.187112 0
    outer loop
      vertex -12.7251 33.699 3.5
      vertex -12.7063 33.6003 -4.23758
      vertex -12.7063 33.6003 3.5
    endloop
  endfacet
  facet normal -0.998033 -0.062688 0
    outer loop
      vertex -12.7 33.5 -4.11992
      vertex -12.7063 33.6003 3.5
      vertex -12.7063 33.6003 -4.23758
    endloop
  endfacet
  facet normal -0.998033 -0.062688 0
    outer loop
      vertex -12.7063 33.6003 3.5
      vertex -12.7 33.5 -4.11992
      vertex -12.7 33.5 3.5
    endloop
  endfacet
  facet normal 0.770664 -0.637242 0
    outer loop
      vertex -14.1472 33.9702 3.5
      vertex -14.0832 34.0476 -5
      vertex -14.0832 34.0476 3.5
    endloop
  endfacet
  facet normal 0.770664 -0.637242 0
    outer loop
      vertex -14.0832 34.0476 -5
      vertex -14.1472 33.9702 3.5
      vertex -14.1472 33.9702 -5
    endloop
  endfacet
  facet normal -0.904728 -0.425989 0
    outer loop
      vertex -12.7562 33.7945 -4.52885
      vertex -12.799 33.8854 3.5
      vertex -12.799 33.8854 -4.69787
    endloop
  endfacet
  facet normal -0.904728 -0.425989 0
    outer loop
      vertex -12.799 33.8854 3.5
      vertex -12.7562 33.7945 -4.52885
      vertex -12.7562 33.7945 3.5
    endloop
  endfacet
  facet normal -0.844399 -0.535715 0
    outer loop
      vertex -12.799 33.8854 -4.69787
      vertex -12.8528 33.9702 3.5
      vertex -12.8528 33.9702 -4.879
    endloop
  endfacet
  facet normal -0.844399 -0.535715 0
    outer loop
      vertex -12.8528 33.9702 3.5
      vertex -12.799 33.8854 -4.69787
      vertex -12.799 33.8854 3.5
    endloop
  endfacet
  facet normal -0.248854 -0.968541 0
    outer loop
      vertex -13.3501 34.2858 -5
      vertex -13.2528 34.2608 3.5
      vertex -13.3501 34.2858 3.5
    endloop
  endfacet
  facet normal -0.248854 -0.968541 -0
    outer loop
      vertex -13.2528 34.2608 3.5
      vertex -13.3501 34.2858 -5
      vertex -13.2528 34.2608 -5
    endloop
  endfacet
  facet normal 0.998033 -0.062688 0
    outer loop
      vertex -14.3 33.5 3.5
      vertex -14.2937 33.6003 -5
      vertex -14.2937 33.6003 3.5
    endloop
  endfacet
  facet normal 0.998033 -0.062688 0
    outer loop
      vertex -14.2937 33.6003 -5
      vertex -14.3 33.5 3.5
      vertex -14.3 33.5 -5
    endloop
  endfacet
  facet normal 0.950851 0.309649 0
    outer loop
      vertex -14.2438 33.2055 3.5
      vertex -14.2749 33.301 -5
      vertex -14.2749 33.301 3.5
    endloop
  endfacet
  facet normal 0.950851 0.309649 0
    outer loop
      vertex -14.2749 33.301 -5
      vertex -14.2438 33.2055 3.5
      vertex -14.2438 33.2055 -5
    endloop
  endfacet
  facet normal 0.684371 0.729134 -0
    outer loop
      vertex -14.0099 32.8836 -4.96651
      vertex -14.0832 32.9524 3.5
      vertex -14.0099 32.8836 3.5
    endloop
  endfacet
  facet normal 0.684501 0.729012 -0.000535221
    outer loop
      vertex -14.0832 32.9524 -5
      vertex -14.0099 32.8836 -4.96651
      vertex -14.0226 32.8955 -5
    endloop
  endfacet
  facet normal 0.684371 0.729134 0
    outer loop
      vertex -14.0099 32.8836 -4.96651
      vertex -14.0832 32.9524 -5
      vertex -14.0832 32.9524 3.5
    endloop
  endfacet
  facet normal 0.588468 0.808521 -0
    outer loop
      vertex -13.9287 32.8245 -4.78243
      vertex -14.0099 32.8836 3.5
      vertex -13.9287 32.8245 3.5
    endloop
  endfacet
  facet normal 0.588468 0.808521 0
    outer loop
      vertex -14.0099 32.8836 3.5
      vertex -13.9287 32.8245 -4.78243
      vertex -14.0099 32.8836 -4.96651
    endloop
  endfacet
  facet normal 0.982339 0.187112 0
    outer loop
      vertex -14.2749 33.301 3.5
      vertex -14.2937 33.3997 -5
      vertex -14.2937 33.3997 3.5
    endloop
  endfacet
  facet normal 0.982339 0.187112 0
    outer loop
      vertex -14.2937 33.3997 -5
      vertex -14.2749 33.301 3.5
      vertex -14.2749 33.301 -5
    endloop
  endfacet
  facet normal -0.588468 -0.808521 0
    outer loop
      vertex -13.0713 34.1755 -5
      vertex -12.9901 34.1164 3.5
      vertex -13.0713 34.1755 3.5
    endloop
  endfacet
  facet normal -0.588468 -0.808521 -0
    outer loop
      vertex -12.9901 34.1164 3.5
      vertex -13.0713 34.1755 -5
      vertex -12.9901 34.1164 -5
    endloop
  endfacet
  facet normal -0.125382 0.992109 0
    outer loop
      vertex -13.3501 32.7142 -3.96957
      vertex -13.4498 32.7016 3.5
      vertex -13.3501 32.7142 3.5
    endloop
  endfacet
  facet normal -0.125382 0.992109 0
    outer loop
      vertex -13.4498 32.7016 3.5
      vertex -13.3501 32.7142 -3.96957
      vertex -13.4498 32.7016 -4.06485
    endloop
  endfacet
  facet normal 0.844399 -0.535715 0
    outer loop
      vertex -14.201 33.8854 3.5
      vertex -14.1472 33.9702 -5
      vertex -14.1472 33.9702 3.5
    endloop
  endfacet
  facet normal 0.844399 -0.535715 0
    outer loop
      vertex -14.1472 33.9702 -5
      vertex -14.201 33.8854 3.5
      vertex -14.201 33.8854 -5
    endloop
  endfacet
  facet normal 0 -1 0
    outer loop
      vertex -13.5502 34.2984 -5
      vertex -13.4498 34.2984 3.5
      vertex -13.5502 34.2984 3.5
    endloop
  endfacet
  facet normal 0 -1 -0
    outer loop
      vertex -13.4498 34.2984 3.5
      vertex -13.5502 34.2984 -5
      vertex -13.4498 34.2984 -5
    endloop
  endfacet
  facet normal 0.982339 -0.187112 0
    outer loop
      vertex -14.2937 33.6003 3.5
      vertex -14.2749 33.699 -5
      vertex -14.2749 33.699 3.5
    endloop
  endfacet
  facet normal 0.982339 -0.187112 0
    outer loop
      vertex -14.2749 33.699 -5
      vertex -14.2937 33.6003 3.5
      vertex -14.2937 33.6003 -5
    endloop
  endfacet
  facet normal 0 0 1
    outer loop
      vertex -13.0729 33.7366 -5
      vertex -12.9168 34.0476 -5
      vertex -12.9901 34.1164 -5
    endloop
  endfacet
  facet normal 0 0 1
    outer loop
      vertex -13.0729 33.7366 -5
      vertex -12.9901 34.1164 -5
      vertex -13.0713 34.1755 -5
    endloop
  endfacet
  facet normal 0 0 1
    outer loop
      vertex -12.9168 34.0476 -5
      vertex -13.0729 33.7366 -5
      vertex -12.8935 34.0194 -5
    endloop
  endfacet
  facet normal 0 0 1
    outer loop
      vertex -13.1594 34.2239 -5
      vertex -13.0729 33.7366 -5
      vertex -13.0713 34.1755 -5
    endloop
  endfacet
  facet normal 0 0 1
    outer loop
      vertex -13.2528 34.2608 -5
      vertex -13.0729 33.7366 -5
      vertex -13.1594 34.2239 -5
    endloop
  endfacet
  facet normal 0 0 1
    outer loop
      vertex -13.3501 34.2858 -5
      vertex -13.0729 33.7366 -5
      vertex -13.2528 34.2608 -5
    endloop
  endfacet
  facet normal 0 0 1
    outer loop
      vertex -13.4498 34.2984 -5
      vertex -13.0729 33.7366 -5
      vertex -13.3501 34.2858 -5
    endloop
  endfacet
  facet normal -0 0 1
    outer loop
      vertex -13.5502 34.2984 -5
      vertex -13.0729 33.7366 -5
      vertex -13.4498 34.2984 -5
    endloop
  endfacet
  facet normal 0 0 1
    outer loop
      vertex -13.0729 33.7366 -5
      vertex -13.5502 34.2984 -5
      vertex -13.3131 33.4464 -5
    endloop
  endfacet
  facet normal -0 0 1
    outer loop
      vertex -13.6499 34.2858 -5
      vertex -13.3131 33.4464 -5
      vertex -13.5502 34.2984 -5
    endloop
  endfacet
  facet normal -0 0 1
    outer loop
      vertex -13.7472 34.2608 -5
      vertex -13.3131 33.4464 -5
      vertex -13.6499 34.2858 -5
    endloop
  endfacet
  facet normal -0 0 1
    outer loop
      vertex -13.8406 34.2239 -5
      vertex -13.3131 33.4464 -5
      vertex -13.7472 34.2608 -5
    endloop
  endfacet
  facet normal -0 0 1
    outer loop
      vertex -13.9287 34.1755 -5
      vertex -13.3131 33.4464 -5
      vertex -13.8406 34.2239 -5
    endloop
  endfacet
  facet normal -0 0 1
    outer loop
      vertex -14.0099 34.1164 -5
      vertex -13.3131 33.4464 -5
      vertex -13.9287 34.1755 -5
    endloop
  endfacet
  facet normal -0 0 1
    outer loop
      vertex -14.0832 34.0476 -5
      vertex -13.3131 33.4464 -5
      vertex -14.0099 34.1164 -5
    endloop
  endfacet
  facet normal -0 0 1
    outer loop
      vertex -14.1472 33.9702 -5
      vertex -13.3131 33.4464 -5
      vertex -14.0832 34.0476 -5
    endloop
  endfacet
  facet normal -0 0 1
    outer loop
      vertex -14.201 33.8854 -5
      vertex -13.3131 33.4464 -5
      vertex -14.1472 33.9702 -5
    endloop
  endfacet
  facet normal 0 0 1
    outer loop
      vertex -13.3131 33.4464 -5
      vertex -14.201 33.8854 -5
      vertex -13.5877 33.1885 -5
    endloop
  endfacet
  facet normal -0 0 1
    outer loop
      vertex -14.2438 33.7945 -5
      vertex -13.5877 33.1885 -5
      vertex -14.201 33.8854 -5
    endloop
  endfacet
  facet normal 0 -0 1
    outer loop
      vertex -14.0832 32.9524 -5
      vertex -13.8925 32.967 -5
      vertex -14.1472 33.0298 -5
    endloop
  endfacet
  facet normal 0 0 1
    outer loop
      vertex -13.8925 32.967 -5
      vertex -14.0832 32.9524 -5
      vertex -14.0226 32.8955 -5
    endloop
  endfacet
  facet normal -0 0 1
    outer loop
      vertex -14.2749 33.699 -5
      vertex -13.5877 33.1885 -5
      vertex -14.2438 33.7945 -5
    endloop
  endfacet
  facet normal 0 0 1
    outer loop
      vertex -13.8925 32.967 -5
      vertex -14.201 33.1146 -5
      vertex -14.1472 33.0298 -5
    endloop
  endfacet
  facet normal -0 0 1
    outer loop
      vertex -14.2937 33.6003 -5
      vertex -13.5877 33.1885 -5
      vertex -14.2749 33.699 -5
    endloop
  endfacet
  facet normal 0 0 1
    outer loop
      vertex -13.8925 32.967 -5
      vertex -14.2438 33.2055 -5
      vertex -14.201 33.1146 -5
    endloop
  endfacet
  facet normal -0 0 1
    outer loop
      vertex -14.3 33.5 -5
      vertex -13.5877 33.1885 -5
      vertex -14.2937 33.6003 -5
    endloop
  endfacet
  facet normal 0 0 1
    outer loop
      vertex -13.5877 33.1885 -5
      vertex -14.2438 33.2055 -5
      vertex -13.8925 32.967 -5
    endloop
  endfacet
  facet normal -0 -0 1
    outer loop
      vertex -14.2937 33.3997 -5
      vertex -13.5877 33.1885 -5
      vertex -14.3 33.5 -5
    endloop
  endfacet
  facet normal -0 -0 1
    outer loop
      vertex -14.2438 33.2055 -5
      vertex -13.5877 33.1885 -5
      vertex -14.2749 33.301 -5
    endloop
  endfacet
  facet normal -0 -0 1
    outer loop
      vertex -14.2749 33.301 -5
      vertex -13.5877 33.1885 -5
      vertex -14.2937 33.3997 -5
    endloop
  endfacet
  facet normal 0.481499 -0.876447 0
    outer loop
      vertex -13.9287 34.1755 -5
      vertex -13.8406 34.2239 3.5
      vertex -13.9287 34.1755 3.5
    endloop
  endfacet
  facet normal 0.481499 -0.876447 0
    outer loop
      vertex -13.8406 34.2239 3.5
      vertex -13.9287 34.1755 -5
      vertex -13.8406 34.2239 -5
    endloop
  endfacet
  facet normal 0.998033 0.062688 0
    outer loop
      vertex -14.2937 33.3997 3.5
      vertex -14.3 33.5 -5
      vertex -14.3 33.5 3.5
    endloop
  endfacet
  facet normal 0.998033 0.062688 0
    outer loop
      vertex -14.3 33.5 -5
      vertex -14.2937 33.3997 3.5
      vertex -14.2937 33.3997 -5
    endloop
  endfacet
  facet normal 0.844399 0.535715 0
    outer loop
      vertex -14.1472 33.0298 3.5
      vertex -14.201 33.1146 -5
      vertex -14.201 33.1146 3.5
    endloop
  endfacet
  facet normal 0.844399 0.535715 0
    outer loop
      vertex -14.201 33.1146 -5
      vertex -14.1472 33.0298 3.5
      vertex -14.1472 33.0298 -5
    endloop
  endfacet
  facet normal -0.367439 -0.930048 0
    outer loop
      vertex -13.2528 34.2608 -5
      vertex -13.1594 34.2239 3.5
      vertex -13.2528 34.2608 3.5
    endloop
  endfacet
  facet normal -0.367439 -0.930048 -0
    outer loop
      vertex -13.1594 34.2239 3.5
      vertex -13.2528 34.2608 -5
      vertex -13.1594 34.2239 -5
    endloop
  endfacet
  facet normal 0.770664 0.637242 0
    outer loop
      vertex -14.0832 32.9524 3.5
      vertex -14.1472 33.0298 -5
      vertex -14.1472 33.0298 3.5
    endloop
  endfacet
  facet normal 0.770664 0.637242 0
    outer loop
      vertex -14.1472 33.0298 -5
      vertex -14.0832 32.9524 3.5
      vertex -14.0832 32.9524 -5
    endloop
  endfacet
  facet normal 0.588468 -0.808521 0
    outer loop
      vertex -14.0099 34.1164 -5
      vertex -13.9287 34.1755 3.5
      vertex -14.0099 34.1164 3.5
    endloop
  endfacet
  facet normal 0.588468 -0.808521 0
    outer loop
      vertex -13.9287 34.1755 3.5
      vertex -14.0099 34.1164 -5
      vertex -13.9287 34.1755 -5
    endloop
  endfacet
  facet normal 0.904728 0.425989 0
    outer loop
      vertex -14.201 33.1146 3.5
      vertex -14.2438 33.2055 -5
      vertex -14.2438 33.2055 3.5
    endloop
  endfacet
  facet normal 0.904728 0.425989 0
    outer loop
      vertex -14.2438 33.2055 -5
      vertex -14.201 33.1146 3.5
      vertex -14.201 33.1146 -5
    endloop
  endfacet
endsolid OpenSCAD_Model
