solid OpenSCAD_Model
  facet normal 1 -0 0
    outer loop
      vertex 17.125 -37.125 -8
      vertex 17.125 37.125 -14.5
      vertex 17.125 37.125 -8
    endloop
  endfacet
  facet normal 1 0 0
    outer loop
      vertex 17.125 37.125 -14.5
      vertex 17.125 -37.125 -8
      vertex 17.125 -37.125 -14.5
    endloop
  endfacet
  facet normal 0 0 -1
    outer loop
      vertex -11.6047 -31.7202 -14.5
      vertex 11.6047 -31.7202 -14.5
      vertex -11.3966 -31.9718 -14.5
    endloop
  endfacet
  facet normal 0 0 -1
    outer loop
      vertex 12.393 31.1474 -14.5
      vertex -10.9205 33.1741 -14.5
      vertex -10.9 33.5 -14.5
    endloop
  endfacet
  facet normal 0 0 -1
    outer loop
      vertex 11.6047 -31.7202 -14.5
      vertex -11.6047 -31.7202 -14.5
      vertex 11.8427 -31.4967 -14.5
    endloop
  endfacet
  facet normal 0 0 -1
    outer loop
      vertex 12.393 31.1474 -14.5
      vertex -10.9817 32.8534 -14.5
      vertex -10.9205 33.1741 -14.5
    endloop
  endfacet
  facet normal 0 0 -1
    outer loop
      vertex -11.8427 -31.4967 -14.5
      vertex 11.8427 -31.4967 -14.5
      vertex -11.6047 -31.7202 -14.5
    endloop
  endfacet
  facet normal 0 0 -1
    outer loop
      vertex 12.393 31.1474 -14.5
      vertex -11.0826 32.5429 -14.5
      vertex -10.9817 32.8534 -14.5
    endloop
  endfacet
  facet normal 0 0 -1
    outer loop
      vertex 11.8427 -31.4967 -14.5
      vertex -11.8427 -31.4967 -14.5
      vertex 12.1069 -31.3047 -14.5
    endloop
  endfacet
  facet normal 0 0 -1
    outer loop
      vertex 12.393 31.1474 -14.5
      vertex -11.2216 32.2474 -14.5
      vertex -11.0826 32.5429 -14.5
    endloop
  endfacet
  facet normal 0 0 -1
    outer loop
      vertex -12.1069 -31.3047 -14.5
      vertex 12.1069 -31.3047 -14.5
      vertex -11.8427 -31.4967 -14.5
    endloop
  endfacet
  facet normal 0 0 -1
    outer loop
      vertex 12.393 31.1474 -14.5
      vertex -11.3966 31.9718 -14.5
      vertex -11.2216 32.2474 -14.5
    endloop
  endfacet
  facet normal 0 0 -1
    outer loop
      vertex 12.1069 -31.3047 -14.5
      vertex -12.1069 -31.3047 -14.5
      vertex 12.393 -31.1474 -14.5
    endloop
  endfacet
  facet normal 0 0 -1
    outer loop
      vertex 12.393 31.1474 -14.5
      vertex -11.6047 31.7202 -14.5
      vertex -11.3966 31.9718 -14.5
    endloop
  endfacet
  facet normal 0 0 -1
    outer loop
      vertex -12.393 -31.1474 -14.5
      vertex 12.393 -31.1474 -14.5
      vertex -12.1069 -31.3047 -14.5
    endloop
  endfacet
  facet normal 0 0 -1
    outer loop
      vertex 12.393 31.1474 -14.5
      vertex -11.8427 31.4967 -14.5
      vertex -11.6047 31.7202 -14.5
    endloop
  endfacet
  facet normal 0 0 -1
    outer loop
      vertex 12.393 -31.1474 -14.5
      vertex -12.393 -31.1474 -14.5
      vertex 12.393 31.1474 -14.5
    endloop
  endfacet
  facet normal 0 0 -1
    outer loop
      vertex 12.393 31.1474 -14.5
      vertex -12.1069 31.3047 -14.5
      vertex -11.8427 31.4967 -14.5
    endloop
  endfacet
  facet normal 0 0 -1
    outer loop
      vertex -12.393 31.1474 -14.5
      vertex 12.393 31.1474 -14.5
      vertex -12.393 -31.1474 -14.5
    endloop
  endfacet
  facet normal 0 0 -1
    outer loop
      vertex 12.393 31.1474 -14.5
      vertex -12.393 31.1474 -14.5
      vertex -12.1069 31.3047 -14.5
    endloop
  endfacet
  facet normal 0 0 -1
    outer loop
      vertex -12.6966 -31.0273 -14.5
      vertex -12.393 31.1474 -14.5
      vertex -12.393 -31.1474 -14.5
    endloop
  endfacet
  facet normal 0 0 -1
    outer loop
      vertex -12.6966 -31.0273 -14.5
      vertex -12.6966 31.0273 -14.5
      vertex -12.393 31.1474 -14.5
    endloop
  endfacet
  facet normal 0 0 -1
    outer loop
      vertex -13.0128 -30.9461 -14.5
      vertex -12.6966 31.0273 -14.5
      vertex -12.6966 -31.0273 -14.5
    endloop
  endfacet
  facet normal 0 0 -1
    outer loop
      vertex -13.0128 -30.9461 -14.5
      vertex -13.0128 30.9461 -14.5
      vertex -12.6966 31.0273 -14.5
    endloop
  endfacet
  facet normal 0 0 -1
    outer loop
      vertex -13.3367 -30.9051 -14.5
      vertex -13.0128 30.9461 -14.5
      vertex -13.0128 -30.9461 -14.5
    endloop
  endfacet
  facet normal 0 0 -1
    outer loop
      vertex -13.3367 -30.9051 -14.5
      vertex -13.3367 30.9051 -14.5
      vertex -13.0128 30.9461 -14.5
    endloop
  endfacet
  facet normal 0 0 -1
    outer loop
      vertex -13.6633 -30.9051 -14.5
      vertex -13.3367 30.9051 -14.5
      vertex -13.3367 -30.9051 -14.5
    endloop
  endfacet
  facet normal 0 0 -1
    outer loop
      vertex -13.6633 -30.9051 -14.5
      vertex -13.6633 30.9051 -14.5
      vertex -13.3367 30.9051 -14.5
    endloop
  endfacet
  facet normal 0 0 -1
    outer loop
      vertex -13.9872 -30.9461 -14.5
      vertex -13.6633 30.9051 -14.5
      vertex -13.6633 -30.9051 -14.5
    endloop
  endfacet
  facet normal 0 0 -1
    outer loop
      vertex -13.9872 -30.9461 -14.5
      vertex -13.9872 30.9461 -14.5
      vertex -13.6633 30.9051 -14.5
    endloop
  endfacet
  facet normal 0 0 -1
    outer loop
      vertex -14.3034 -31.0273 -14.5
      vertex -13.9872 30.9461 -14.5
      vertex -13.9872 -30.9461 -14.5
    endloop
  endfacet
  facet normal 0 0 -1
    outer loop
      vertex -14.3034 -31.0273 -14.5
      vertex -14.3034 31.0273 -14.5
      vertex -13.9872 30.9461 -14.5
    endloop
  endfacet
  facet normal 0 0 -1
    outer loop
      vertex -14.607 -31.1474 -14.5
      vertex -14.3034 31.0273 -14.5
      vertex -14.3034 -31.0273 -14.5
    endloop
  endfacet
  facet normal 0 0 -1
    outer loop
      vertex -14.607 -31.1474 -14.5
      vertex -14.607 31.1474 -14.5
      vertex -14.3034 31.0273 -14.5
    endloop
  endfacet
  facet normal 0 0 -1
    outer loop
      vertex -14.8931 -31.3047 -14.5
      vertex -14.607 31.1474 -14.5
      vertex -14.607 -31.1474 -14.5
    endloop
  endfacet
  facet normal 0 0 -1
    outer loop
      vertex -14.8931 -31.3047 -14.5
      vertex -14.8931 31.3047 -14.5
      vertex -14.607 31.1474 -14.5
    endloop
  endfacet
  facet normal 0 0 -1
    outer loop
      vertex -15.1573 -31.4967 -14.5
      vertex -14.8931 31.3047 -14.5
      vertex -14.8931 -31.3047 -14.5
    endloop
  endfacet
  facet normal 0 0 -1
    outer loop
      vertex -15.1573 -31.4967 -14.5
      vertex -15.1573 31.4967 -14.5
      vertex -14.8931 31.3047 -14.5
    endloop
  endfacet
  facet normal 0 0 -1
    outer loop
      vertex -15.3953 -31.7202 -14.5
      vertex -15.1573 31.4967 -14.5
      vertex -15.1573 -31.4967 -14.5
    endloop
  endfacet
  facet normal 0 0 -1
    outer loop
      vertex -15.3953 -31.7202 -14.5
      vertex -15.3953 31.7202 -14.5
      vertex -15.1573 31.4967 -14.5
    endloop
  endfacet
  facet normal 0 0 -1
    outer loop
      vertex -15.6034 -31.9718 -14.5
      vertex -15.3953 31.7202 -14.5
      vertex -15.3953 -31.7202 -14.5
    endloop
  endfacet
  facet normal 0 0 -1
    outer loop
      vertex -15.6034 -31.9718 -14.5
      vertex -15.6034 31.9718 -14.5
      vertex -15.3953 31.7202 -14.5
    endloop
  endfacet
  facet normal 0 0 -1
    outer loop
      vertex -15.7784 -32.2474 -14.5
      vertex -15.6034 31.9718 -14.5
      vertex -15.6034 -31.9718 -14.5
    endloop
  endfacet
  facet normal 0 0 -1
    outer loop
      vertex -15.7784 -32.2474 -14.5
      vertex -15.7784 32.2474 -14.5
      vertex -15.6034 31.9718 -14.5
    endloop
  endfacet
  facet normal 0 0 -1
    outer loop
      vertex -15.9174 -32.5429 -14.5
      vertex -15.7784 32.2474 -14.5
      vertex -15.7784 -32.2474 -14.5
    endloop
  endfacet
  facet normal 0 0 -1
    outer loop
      vertex -15.9174 -32.5429 -14.5
      vertex -15.9174 32.5429 -14.5
      vertex -15.7784 32.2474 -14.5
    endloop
  endfacet
  facet normal 0 0 -1
    outer loop
      vertex -16.0183 -32.8534 -14.5
      vertex -15.9174 32.5429 -14.5
      vertex -15.9174 -32.5429 -14.5
    endloop
  endfacet
  facet normal 0 0 -1
    outer loop
      vertex -16.0183 -32.8534 -14.5
      vertex -16.0183 32.8534 -14.5
      vertex -15.9174 32.5429 -14.5
    endloop
  endfacet
  facet normal 0 0 -1
    outer loop
      vertex -17.125 -37.125 -14.5
      vertex -16.0183 -32.8534 -14.5
      vertex -16.0795 -33.1741 -14.5
    endloop
  endfacet
  facet normal -0 0 -1
    outer loop
      vertex -16.0183 -32.8534 -14.5
      vertex -17.125 -37.125 -14.5
      vertex -16.0183 32.8534 -14.5
    endloop
  endfacet
  facet normal 0 0 -1
    outer loop
      vertex -17.125 -37.125 -14.5
      vertex -16.0795 -33.1741 -14.5
      vertex -16.1 -33.5 -14.5
    endloop
  endfacet
  facet normal 0 0 -1
    outer loop
      vertex -17.125 37.125 -14.5
      vertex -16.0183 32.8534 -14.5
      vertex -17.125 -37.125 -14.5
    endloop
  endfacet
  facet normal 0 0 -1
    outer loop
      vertex 17.125 -37.125 -14.5
      vertex 16.0183 -32.8534 -14.5
      vertex 17.125 37.125 -14.5
    endloop
  endfacet
  facet normal 0 0 -1
    outer loop
      vertex 17.125 37.125 -14.5
      vertex 16.0795 33.1741 -14.5
      vertex 16.1 33.5 -14.5
    endloop
  endfacet
  facet normal 0 0 -1
    outer loop
      vertex 16.0183 32.8534 -14.5
      vertex 17.125 37.125 -14.5
      vertex 16.0183 -32.8534 -14.5
    endloop
  endfacet
  facet normal 0 0 -1
    outer loop
      vertex 17.125 37.125 -14.5
      vertex 16.0183 32.8534 -14.5
      vertex 16.0795 33.1741 -14.5
    endloop
  endfacet
  facet normal 0 0 -1
    outer loop
      vertex 15.9174 -32.5429 -14.5
      vertex 16.0183 32.8534 -14.5
      vertex 16.0183 -32.8534 -14.5
    endloop
  endfacet
  facet normal 0 0 -1
    outer loop
      vertex 15.9174 -32.5429 -14.5
      vertex 15.9174 32.5429 -14.5
      vertex 16.0183 32.8534 -14.5
    endloop
  endfacet
  facet normal 0 0 -1
    outer loop
      vertex 15.7784 -32.2474 -14.5
      vertex 15.9174 32.5429 -14.5
      vertex 15.9174 -32.5429 -14.5
    endloop
  endfacet
  facet normal 0 0 -1
    outer loop
      vertex 15.7784 -32.2474 -14.5
      vertex 15.7784 32.2474 -14.5
      vertex 15.9174 32.5429 -14.5
    endloop
  endfacet
  facet normal 0 0 -1
    outer loop
      vertex 15.6034 -31.9718 -14.5
      vertex 15.7784 32.2474 -14.5
      vertex 15.7784 -32.2474 -14.5
    endloop
  endfacet
  facet normal 0 0 -1
    outer loop
      vertex 15.6034 -31.9718 -14.5
      vertex 15.6034 31.9718 -14.5
      vertex 15.7784 32.2474 -14.5
    endloop
  endfacet
  facet normal 0 0 -1
    outer loop
      vertex 15.3953 -31.7202 -14.5
      vertex 15.6034 31.9718 -14.5
      vertex 15.6034 -31.9718 -14.5
    endloop
  endfacet
  facet normal 0 0 -1
    outer loop
      vertex 15.3953 -31.7202 -14.5
      vertex 15.3953 31.7202 -14.5
      vertex 15.6034 31.9718 -14.5
    endloop
  endfacet
  facet normal 0 0 -1
    outer loop
      vertex 15.1573 -31.4967 -14.5
      vertex 15.3953 31.7202 -14.5
      vertex 15.3953 -31.7202 -14.5
    endloop
  endfacet
  facet normal 0 0 -1
    outer loop
      vertex 15.1573 -31.4967 -14.5
      vertex 15.1573 31.4967 -14.5
      vertex 15.3953 31.7202 -14.5
    endloop
  endfacet
  facet normal 0 0 -1
    outer loop
      vertex 14.8931 -31.3047 -14.5
      vertex 15.1573 31.4967 -14.5
      vertex 15.1573 -31.4967 -14.5
    endloop
  endfacet
  facet normal 0 0 -1
    outer loop
      vertex 14.8931 -31.3047 -14.5
      vertex 14.8931 31.3047 -14.5
      vertex 15.1573 31.4967 -14.5
    endloop
  endfacet
  facet normal 0 0 -1
    outer loop
      vertex 14.607 -31.1474 -14.5
      vertex 14.8931 31.3047 -14.5
      vertex 14.8931 -31.3047 -14.5
    endloop
  endfacet
  facet normal 0 0 -1
    outer loop
      vertex 14.607 -31.1474 -14.5
      vertex 14.607 31.1474 -14.5
      vertex 14.8931 31.3047 -14.5
    endloop
  endfacet
  facet normal 0 0 -1
    outer loop
      vertex 14.3034 -31.0273 -14.5
      vertex 14.607 31.1474 -14.5
      vertex 14.607 -31.1474 -14.5
    endloop
  endfacet
  facet normal 0 0 -1
    outer loop
      vertex 14.3034 -31.0273 -14.5
      vertex 14.3034 31.0273 -14.5
      vertex 14.607 31.1474 -14.5
    endloop
  endfacet
  facet normal 0 0 -1
    outer loop
      vertex 13.9872 -30.9461 -14.5
      vertex 14.3034 31.0273 -14.5
      vertex 14.3034 -31.0273 -14.5
    endloop
  endfacet
  facet normal 0 0 -1
    outer loop
      vertex 13.9872 -30.9461 -14.5
      vertex 13.9872 30.9461 -14.5
      vertex 14.3034 31.0273 -14.5
    endloop
  endfacet
  facet normal 0 0 -1
    outer loop
      vertex 13.6633 -30.9051 -14.5
      vertex 13.9872 30.9461 -14.5
      vertex 13.9872 -30.9461 -14.5
    endloop
  endfacet
  facet normal 0 0 -1
    outer loop
      vertex 13.6633 -30.9051 -14.5
      vertex 13.6633 30.9051 -14.5
      vertex 13.9872 30.9461 -14.5
    endloop
  endfacet
  facet normal 0 0 -1
    outer loop
      vertex 13.3367 -30.9051 -14.5
      vertex 13.6633 30.9051 -14.5
      vertex 13.6633 -30.9051 -14.5
    endloop
  endfacet
  facet normal 0 0 -1
    outer loop
      vertex 13.3367 -30.9051 -14.5
      vertex 13.3367 30.9051 -14.5
      vertex 13.6633 30.9051 -14.5
    endloop
  endfacet
  facet normal 0 0 -1
    outer loop
      vertex 13.0128 -30.9461 -14.5
      vertex 13.3367 30.9051 -14.5
      vertex 13.3367 -30.9051 -14.5
    endloop
  endfacet
  facet normal 0 0 -1
    outer loop
      vertex 13.0128 -30.9461 -14.5
      vertex 13.0128 30.9461 -14.5
      vertex 13.3367 30.9051 -14.5
    endloop
  endfacet
  facet normal 0 0 -1
    outer loop
      vertex 12.6966 -31.0273 -14.5
      vertex 13.0128 30.9461 -14.5
      vertex 13.0128 -30.9461 -14.5
    endloop
  endfacet
  facet normal 0 0 -1
    outer loop
      vertex 12.6966 -31.0273 -14.5
      vertex 12.6966 31.0273 -14.5
      vertex 13.0128 30.9461 -14.5
    endloop
  endfacet
  facet normal 0 0 -1
    outer loop
      vertex 12.393 -31.1474 -14.5
      vertex 12.6966 31.0273 -14.5
      vertex 12.6966 -31.0273 -14.5
    endloop
  endfacet
  facet normal 0 0 -1
    outer loop
      vertex 12.393 -31.1474 -14.5
      vertex 12.393 31.1474 -14.5
      vertex 12.6966 31.0273 -14.5
    endloop
  endfacet
  facet normal 0 0 -1
    outer loop
      vertex 11.2216 -32.2474 -14.5
      vertex -11.2216 -32.2474 -14.5
      vertex 11.3966 -31.9718 -14.5
    endloop
  endfacet
  facet normal 0 0 -1
    outer loop
      vertex -11.3966 -31.9718 -14.5
      vertex 11.3966 -31.9718 -14.5
      vertex -11.2216 -32.2474 -14.5
    endloop
  endfacet
  facet normal 0 0 -1
    outer loop
      vertex -11.2216 -32.2474 -14.5
      vertex 11.2216 -32.2474 -14.5
      vertex -11.0826 -32.5429 -14.5
    endloop
  endfacet
  facet normal 0 0 -1
    outer loop
      vertex 11.3966 -31.9718 -14.5
      vertex -11.3966 -31.9718 -14.5
      vertex 11.6047 -31.7202 -14.5
    endloop
  endfacet
  facet normal 0 0 -1
    outer loop
      vertex 11.0826 -32.5429 -14.5
      vertex -11.0826 -32.5429 -14.5
      vertex 11.2216 -32.2474 -14.5
    endloop
  endfacet
  facet normal 0 0 -1
    outer loop
      vertex 12.393 31.1474 -14.5
      vertex -10.9 33.5 -14.5
      vertex 12.1069 31.3047 -14.5
    endloop
  endfacet
  facet normal 0 0 -1
    outer loop
      vertex -11.0826 -32.5429 -14.5
      vertex 11.0826 -32.5429 -14.5
      vertex -10.9817 -32.8534 -14.5
    endloop
  endfacet
  facet normal 0 0 -1
    outer loop
      vertex 12.1069 31.3047 -14.5
      vertex -10.9 33.5 -14.5
      vertex 11.8427 31.4967 -14.5
    endloop
  endfacet
  facet normal 0 0 -1
    outer loop
      vertex 10.9817 -32.8534 -14.5
      vertex -10.9817 -32.8534 -14.5
      vertex 11.0826 -32.5429 -14.5
    endloop
  endfacet
  facet normal 0 0 -1
    outer loop
      vertex 11.8427 31.4967 -14.5
      vertex -10.9 33.5 -14.5
      vertex 11.6047 31.7202 -14.5
    endloop
  endfacet
  facet normal 0 0 -1
    outer loop
      vertex -10.9817 -32.8534 -14.5
      vertex 10.9817 -32.8534 -14.5
      vertex -10.9205 -33.1741 -14.5
    endloop
  endfacet
  facet normal 0 0 -1
    outer loop
      vertex 11.6047 31.7202 -14.5
      vertex -10.9 33.5 -14.5
      vertex 11.3966 31.9718 -14.5
    endloop
  endfacet
  facet normal 0 0 -1
    outer loop
      vertex 10.9205 -33.1741 -14.5
      vertex -10.9205 -33.1741 -14.5
      vertex 10.9817 -32.8534 -14.5
    endloop
  endfacet
  facet normal 0 0 -1
    outer loop
      vertex 11.3966 31.9718 -14.5
      vertex -10.9 33.5 -14.5
      vertex 11.2216 32.2474 -14.5
    endloop
  endfacet
  facet normal 0 0 -1
    outer loop
      vertex -10.9205 -33.1741 -14.5
      vertex 10.9205 -33.1741 -14.5
      vertex -10.9 -33.5 -14.5
    endloop
  endfacet
  facet normal 0 0 -1
    outer loop
      vertex 11.2216 32.2474 -14.5
      vertex -10.9 33.5 -14.5
      vertex 11.0826 32.5429 -14.5
    endloop
  endfacet
  facet normal 0 0 -1
    outer loop
      vertex -10.9 -33.5 -14.5
      vertex 10.9205 -33.1741 -14.5
      vertex 10.9 -33.5 -14.5
    endloop
  endfacet
  facet normal 0 0 -1
    outer loop
      vertex 11.0826 32.5429 -14.5
      vertex -10.9 33.5 -14.5
      vertex 10.9817 32.8534 -14.5
    endloop
  endfacet
  facet normal 0 0 -1
    outer loop
      vertex 16.0795 -33.1741 -14.5
      vertex 17.125 -37.125 -14.5
      vertex 16.1 -33.5 -14.5
    endloop
  endfacet
  facet normal 0 0 -1
    outer loop
      vertex 17.125 -37.125 -14.5
      vertex 16.0795 -33.8259 -14.5
      vertex 16.1 -33.5 -14.5
    endloop
  endfacet
  facet normal 0 0 -1
    outer loop
      vertex 17.125 -37.125 -14.5
      vertex 16.0183 -34.1466 -14.5
      vertex 16.0795 -33.8259 -14.5
    endloop
  endfacet
  facet normal 0 0 -1
    outer loop
      vertex 17.125 -37.125 -14.5
      vertex 15.9174 -34.4571 -14.5
      vertex 16.0183 -34.1466 -14.5
    endloop
  endfacet
  facet normal 0 0 -1
    outer loop
      vertex 17.125 -37.125 -14.5
      vertex 15.7784 -34.7526 -14.5
      vertex 15.9174 -34.4571 -14.5
    endloop
  endfacet
  facet normal 0 0 -1
    outer loop
      vertex 17.125 -37.125 -14.5
      vertex 15.6034 -35.0282 -14.5
      vertex 15.7784 -34.7526 -14.5
    endloop
  endfacet
  facet normal 0 0 -1
    outer loop
      vertex 17.125 -37.125 -14.5
      vertex 15.3953 -35.2798 -14.5
      vertex 15.6034 -35.0282 -14.5
    endloop
  endfacet
  facet normal 0 0 -1
    outer loop
      vertex 17.125 -37.125 -14.5
      vertex 15.1573 -35.5033 -14.5
      vertex 15.3953 -35.2798 -14.5
    endloop
  endfacet
  facet normal 0 0 -1
    outer loop
      vertex 17.125 -37.125 -14.5
      vertex 14.8931 -35.6953 -14.5
      vertex 15.1573 -35.5033 -14.5
    endloop
  endfacet
  facet normal 0 0 -1
    outer loop
      vertex 17.125 -37.125 -14.5
      vertex 14.607 -35.8526 -14.5
      vertex 14.8931 -35.6953 -14.5
    endloop
  endfacet
  facet normal 0 0 -1
    outer loop
      vertex 17.125 -37.125 -14.5
      vertex 14.3034 -35.9727 -14.5
      vertex 14.607 -35.8526 -14.5
    endloop
  endfacet
  facet normal 0 0 -1
    outer loop
      vertex 17.125 -37.125 -14.5
      vertex 13.9872 -36.0539 -14.5
      vertex 14.3034 -35.9727 -14.5
    endloop
  endfacet
  facet normal 0 0 -1
    outer loop
      vertex 17.125 -37.125 -14.5
      vertex 13.6633 -36.0949 -14.5
      vertex 13.9872 -36.0539 -14.5
    endloop
  endfacet
  facet normal 0 0 -1
    outer loop
      vertex 17.125 -37.125 -14.5
      vertex 13.3367 -36.0949 -14.5
      vertex 13.6633 -36.0949 -14.5
    endloop
  endfacet
  facet normal 0 0 -1
    outer loop
      vertex 17.125 -37.125 -14.5
      vertex 13.0128 -36.0539 -14.5
      vertex 13.3367 -36.0949 -14.5
    endloop
  endfacet
  facet normal 0 0 -1
    outer loop
      vertex -13.0128 -36.0539 -14.5
      vertex 13.0128 -36.0539 -14.5
      vertex 17.125 -37.125 -14.5
    endloop
  endfacet
  facet normal 0 0 -1
    outer loop
      vertex 10.9817 32.8534 -14.5
      vertex -10.9 33.5 -14.5
      vertex 10.9205 33.1741 -14.5
    endloop
  endfacet
  facet normal 0 0 -1
    outer loop
      vertex 10.9205 -33.8259 -14.5
      vertex -10.9 -33.5 -14.5
      vertex 10.9 -33.5 -14.5
    endloop
  endfacet
  facet normal 0 0 -1
    outer loop
      vertex -10.9205 -33.8259 -14.5
      vertex 10.9205 -33.8259 -14.5
      vertex 10.9817 -34.1466 -14.5
    endloop
  endfacet
  facet normal 0 0 -1
    outer loop
      vertex -10.9817 -34.1466 -14.5
      vertex 10.9817 -34.1466 -14.5
      vertex 11.0826 -34.4571 -14.5
    endloop
  endfacet
  facet normal 0 0 -1
    outer loop
      vertex -11.0826 -34.4571 -14.5
      vertex 11.0826 -34.4571 -14.5
      vertex 11.2216 -34.7526 -14.5
    endloop
  endfacet
  facet normal 0 0 -1
    outer loop
      vertex -11.2216 -34.7526 -14.5
      vertex 11.2216 -34.7526 -14.5
      vertex 11.3966 -35.0282 -14.5
    endloop
  endfacet
  facet normal 0 0 -1
    outer loop
      vertex -11.3966 -35.0282 -14.5
      vertex 11.3966 -35.0282 -14.5
      vertex 11.6047 -35.2798 -14.5
    endloop
  endfacet
  facet normal 0 0 -1
    outer loop
      vertex -11.6047 -35.2798 -14.5
      vertex 11.6047 -35.2798 -14.5
      vertex 11.8427 -35.5033 -14.5
    endloop
  endfacet
  facet normal 0 0 -1
    outer loop
      vertex -11.8427 -35.5033 -14.5
      vertex 11.8427 -35.5033 -14.5
      vertex 12.1069 -35.6953 -14.5
    endloop
  endfacet
  facet normal 0 0 -1
    outer loop
      vertex -12.1069 -35.6953 -14.5
      vertex 12.1069 -35.6953 -14.5
      vertex 12.393 -35.8526 -14.5
    endloop
  endfacet
  facet normal 0 0 -1
    outer loop
      vertex -12.393 -35.8526 -14.5
      vertex 12.393 -35.8526 -14.5
      vertex 12.6966 -35.9727 -14.5
    endloop
  endfacet
  facet normal 0 0 -1
    outer loop
      vertex 13.0128 -36.0539 -14.5
      vertex -13.0128 -36.0539 -14.5
      vertex 12.6966 -35.9727 -14.5
    endloop
  endfacet
  facet normal 0 0 -1
    outer loop
      vertex 10.9205 -33.8259 -14.5
      vertex -10.9205 -33.8259 -14.5
      vertex -10.9 -33.5 -14.5
    endloop
  endfacet
  facet normal 0 0 -1
    outer loop
      vertex 10.9817 -34.1466 -14.5
      vertex -10.9817 -34.1466 -14.5
      vertex -10.9205 -33.8259 -14.5
    endloop
  endfacet
  facet normal 0 0 -1
    outer loop
      vertex 11.0826 -34.4571 -14.5
      vertex -11.0826 -34.4571 -14.5
      vertex -10.9817 -34.1466 -14.5
    endloop
  endfacet
  facet normal 0 0 -1
    outer loop
      vertex 11.2216 -34.7526 -14.5
      vertex -11.2216 -34.7526 -14.5
      vertex -11.0826 -34.4571 -14.5
    endloop
  endfacet
  facet normal 0 0 -1
    outer loop
      vertex 11.3966 -35.0282 -14.5
      vertex -11.3966 -35.0282 -14.5
      vertex -11.2216 -34.7526 -14.5
    endloop
  endfacet
  facet normal 0 0 -1
    outer loop
      vertex 11.6047 -35.2798 -14.5
      vertex -11.6047 -35.2798 -14.5
      vertex -11.3966 -35.0282 -14.5
    endloop
  endfacet
  facet normal 0 0 -1
    outer loop
      vertex 11.8427 -35.5033 -14.5
      vertex -11.8427 -35.5033 -14.5
      vertex -11.6047 -35.2798 -14.5
    endloop
  endfacet
  facet normal 0 0 -1
    outer loop
      vertex 12.1069 -35.6953 -14.5
      vertex -12.1069 -35.6953 -14.5
      vertex -11.8427 -35.5033 -14.5
    endloop
  endfacet
  facet normal 0 0 -1
    outer loop
      vertex 12.393 -35.8526 -14.5
      vertex -12.393 -35.8526 -14.5
      vertex -12.1069 -35.6953 -14.5
    endloop
  endfacet
  facet normal 0 0 -1
    outer loop
      vertex 12.6966 -35.9727 -14.5
      vertex -12.6966 -35.9727 -14.5
      vertex -12.393 -35.8526 -14.5
    endloop
  endfacet
  facet normal -0 0 -1
    outer loop
      vertex 12.6966 -35.9727 -14.5
      vertex -13.0128 -36.0539 -14.5
      vertex -12.6966 -35.9727 -14.5
    endloop
  endfacet
  facet normal 0 0 -1
    outer loop
      vertex -17.125 -37.125 -14.5
      vertex -13.0128 -36.0539 -14.5
      vertex 17.125 -37.125 -14.5
    endloop
  endfacet
  facet normal 0 0 -1
    outer loop
      vertex -13.0128 -36.0539 -14.5
      vertex -17.125 -37.125 -14.5
      vertex -13.3367 -36.0949 -14.5
    endloop
  endfacet
  facet normal 0 0 -1
    outer loop
      vertex -16.0183 32.8534 -14.5
      vertex -17.125 37.125 -14.5
      vertex -16.0795 33.1741 -14.5
    endloop
  endfacet
  facet normal -0 0 -1
    outer loop
      vertex -16.0795 -33.8259 -14.5
      vertex -17.125 -37.125 -14.5
      vertex -16.1 -33.5 -14.5
    endloop
  endfacet
  facet normal -0 0 -1
    outer loop
      vertex -16.0183 -34.1466 -14.5
      vertex -17.125 -37.125 -14.5
      vertex -16.0795 -33.8259 -14.5
    endloop
  endfacet
  facet normal -0 0 -1
    outer loop
      vertex -15.9174 -34.4571 -14.5
      vertex -17.125 -37.125 -14.5
      vertex -16.0183 -34.1466 -14.5
    endloop
  endfacet
  facet normal -0 0 -1
    outer loop
      vertex -15.7784 -34.7526 -14.5
      vertex -17.125 -37.125 -14.5
      vertex -15.9174 -34.4571 -14.5
    endloop
  endfacet
  facet normal -0 0 -1
    outer loop
      vertex -15.6034 -35.0282 -14.5
      vertex -17.125 -37.125 -14.5
      vertex -15.7784 -34.7526 -14.5
    endloop
  endfacet
  facet normal -0 0 -1
    outer loop
      vertex -15.3953 -35.2798 -14.5
      vertex -17.125 -37.125 -14.5
      vertex -15.6034 -35.0282 -14.5
    endloop
  endfacet
  facet normal -0 0 -1
    outer loop
      vertex -15.1573 -35.5033 -14.5
      vertex -17.125 -37.125 -14.5
      vertex -15.3953 -35.2798 -14.5
    endloop
  endfacet
  facet normal -0 0 -1
    outer loop
      vertex -14.8931 -35.6953 -14.5
      vertex -17.125 -37.125 -14.5
      vertex -15.1573 -35.5033 -14.5
    endloop
  endfacet
  facet normal -0 0 -1
    outer loop
      vertex -14.607 -35.8526 -14.5
      vertex -17.125 -37.125 -14.5
      vertex -14.8931 -35.6953 -14.5
    endloop
  endfacet
  facet normal -0 0 -1
    outer loop
      vertex -14.3034 -35.9727 -14.5
      vertex -17.125 -37.125 -14.5
      vertex -14.607 -35.8526 -14.5
    endloop
  endfacet
  facet normal -0 0 -1
    outer loop
      vertex -13.9872 -36.0539 -14.5
      vertex -17.125 -37.125 -14.5
      vertex -14.3034 -35.9727 -14.5
    endloop
  endfacet
  facet normal -0 0 -1
    outer loop
      vertex -13.6633 -36.0949 -14.5
      vertex -17.125 -37.125 -14.5
      vertex -13.9872 -36.0539 -14.5
    endloop
  endfacet
  facet normal -0 0 -1
    outer loop
      vertex -13.3367 -36.0949 -14.5
      vertex -17.125 -37.125 -14.5
      vertex -13.6633 -36.0949 -14.5
    endloop
  endfacet
  facet normal 0 0 -1
    outer loop
      vertex 16.0183 -32.8534 -14.5
      vertex 17.125 -37.125 -14.5
      vertex 16.0795 -33.1741 -14.5
    endloop
  endfacet
  facet normal 0 0 -1
    outer loop
      vertex 16.0795 33.8259 -14.5
      vertex 17.125 37.125 -14.5
      vertex 16.1 33.5 -14.5
    endloop
  endfacet
  facet normal 0 0 -1
    outer loop
      vertex 16.0183 34.1466 -14.5
      vertex 17.125 37.125 -14.5
      vertex 16.0795 33.8259 -14.5
    endloop
  endfacet
  facet normal 0 0 -1
    outer loop
      vertex 15.9174 34.4571 -14.5
      vertex 17.125 37.125 -14.5
      vertex 16.0183 34.1466 -14.5
    endloop
  endfacet
  facet normal 0 0 -1
    outer loop
      vertex 15.7784 34.7526 -14.5
      vertex 17.125 37.125 -14.5
      vertex 15.9174 34.4571 -14.5
    endloop
  endfacet
  facet normal 0 0 -1
    outer loop
      vertex 15.6034 35.0282 -14.5
      vertex 17.125 37.125 -14.5
      vertex 15.7784 34.7526 -14.5
    endloop
  endfacet
  facet normal 0 0 -1
    outer loop
      vertex 15.3953 35.2798 -14.5
      vertex 17.125 37.125 -14.5
      vertex 15.6034 35.0282 -14.5
    endloop
  endfacet
  facet normal 0 0 -1
    outer loop
      vertex 15.1573 35.5033 -14.5
      vertex 17.125 37.125 -14.5
      vertex 15.3953 35.2798 -14.5
    endloop
  endfacet
  facet normal 0 0 -1
    outer loop
      vertex 14.8931 35.6953 -14.5
      vertex 17.125 37.125 -14.5
      vertex 15.1573 35.5033 -14.5
    endloop
  endfacet
  facet normal 0 0 -1
    outer loop
      vertex 14.607 35.8526 -14.5
      vertex 17.125 37.125 -14.5
      vertex 14.8931 35.6953 -14.5
    endloop
  endfacet
  facet normal 0 0 -1
    outer loop
      vertex 14.3034 35.9727 -14.5
      vertex 17.125 37.125 -14.5
      vertex 14.607 35.8526 -14.5
    endloop
  endfacet
  facet normal 0 0 -1
    outer loop
      vertex 13.9872 36.0539 -14.5
      vertex 17.125 37.125 -14.5
      vertex 14.3034 35.9727 -14.5
    endloop
  endfacet
  facet normal 0 0 -1
    outer loop
      vertex 13.6633 36.0949 -14.5
      vertex 17.125 37.125 -14.5
      vertex 13.9872 36.0539 -14.5
    endloop
  endfacet
  facet normal 0 0 -1
    outer loop
      vertex 13.3367 36.0949 -14.5
      vertex 17.125 37.125 -14.5
      vertex 13.6633 36.0949 -14.5
    endloop
  endfacet
  facet normal 0 0 -1
    outer loop
      vertex 13.0128 36.0539 -14.5
      vertex 17.125 37.125 -14.5
      vertex 13.3367 36.0949 -14.5
    endloop
  endfacet
  facet normal 0 0 -1
    outer loop
      vertex -13.0128 36.0539 -14.5
      vertex 13.0128 36.0539 -14.5
      vertex 12.6966 35.9727 -14.5
    endloop
  endfacet
  facet normal 0 0 -1
    outer loop
      vertex 10.9205 33.1741 -14.5
      vertex -10.9 33.5 -14.5
      vertex 10.9 33.5 -14.5
    endloop
  endfacet
  facet normal 0 0 -1
    outer loop
      vertex 10.9 33.5 -14.5
      vertex -10.9 33.5 -14.5
      vertex 10.9205 33.8259 -14.5
    endloop
  endfacet
  facet normal 0 0 -1
    outer loop
      vertex -10.9205 33.8259 -14.5
      vertex 10.9205 33.8259 -14.5
      vertex -10.9 33.5 -14.5
    endloop
  endfacet
  facet normal 0 0 -1
    outer loop
      vertex 10.9205 33.8259 -14.5
      vertex -10.9205 33.8259 -14.5
      vertex 10.9817 34.1466 -14.5
    endloop
  endfacet
  facet normal 0 0 -1
    outer loop
      vertex -10.9817 34.1466 -14.5
      vertex 10.9817 34.1466 -14.5
      vertex -10.9205 33.8259 -14.5
    endloop
  endfacet
  facet normal 0 0 -1
    outer loop
      vertex 10.9817 34.1466 -14.5
      vertex -10.9817 34.1466 -14.5
      vertex 11.0826 34.4571 -14.5
    endloop
  endfacet
  facet normal 0 0 -1
    outer loop
      vertex -11.0826 34.4571 -14.5
      vertex 11.0826 34.4571 -14.5
      vertex -10.9817 34.1466 -14.5
    endloop
  endfacet
  facet normal 0 0 -1
    outer loop
      vertex 11.0826 34.4571 -14.5
      vertex -11.0826 34.4571 -14.5
      vertex 11.2216 34.7526 -14.5
    endloop
  endfacet
  facet normal 0 0 -1
    outer loop
      vertex -11.2216 34.7526 -14.5
      vertex 11.2216 34.7526 -14.5
      vertex -11.0826 34.4571 -14.5
    endloop
  endfacet
  facet normal 0 0 -1
    outer loop
      vertex 11.2216 34.7526 -14.5
      vertex -11.2216 34.7526 -14.5
      vertex 11.3966 35.0282 -14.5
    endloop
  endfacet
  facet normal 0 0 -1
    outer loop
      vertex -11.3966 35.0282 -14.5
      vertex 11.3966 35.0282 -14.5
      vertex -11.2216 34.7526 -14.5
    endloop
  endfacet
  facet normal 0 0 -1
    outer loop
      vertex 11.3966 35.0282 -14.5
      vertex -11.3966 35.0282 -14.5
      vertex 11.6047 35.2798 -14.5
    endloop
  endfacet
  facet normal 0 0 -1
    outer loop
      vertex -11.6047 35.2798 -14.5
      vertex 11.6047 35.2798 -14.5
      vertex -11.3966 35.0282 -14.5
    endloop
  endfacet
  facet normal 0 0 -1
    outer loop
      vertex 11.6047 35.2798 -14.5
      vertex -11.6047 35.2798 -14.5
      vertex 11.8427 35.5033 -14.5
    endloop
  endfacet
  facet normal 0 0 -1
    outer loop
      vertex -11.8427 35.5033 -14.5
      vertex 11.8427 35.5033 -14.5
      vertex -11.6047 35.2798 -14.5
    endloop
  endfacet
  facet normal 0 0 -1
    outer loop
      vertex 11.8427 35.5033 -14.5
      vertex -11.8427 35.5033 -14.5
      vertex 12.1069 35.6953 -14.5
    endloop
  endfacet
  facet normal 0 0 -1
    outer loop
      vertex -12.1069 35.6953 -14.5
      vertex 12.1069 35.6953 -14.5
      vertex -11.8427 35.5033 -14.5
    endloop
  endfacet
  facet normal 0 0 -1
    outer loop
      vertex 12.1069 35.6953 -14.5
      vertex -12.1069 35.6953 -14.5
      vertex 12.393 35.8526 -14.5
    endloop
  endfacet
  facet normal 0 0 -1
    outer loop
      vertex -12.393 35.8526 -14.5
      vertex 12.393 35.8526 -14.5
      vertex -12.1069 35.6953 -14.5
    endloop
  endfacet
  facet normal 0 0 -1
    outer loop
      vertex 12.393 35.8526 -14.5
      vertex -12.393 35.8526 -14.5
      vertex 12.6966 35.9727 -14.5
    endloop
  endfacet
  facet normal 0 0 -1
    outer loop
      vertex -12.6966 35.9727 -14.5
      vertex 12.6966 35.9727 -14.5
      vertex -12.393 35.8526 -14.5
    endloop
  endfacet
  facet normal 0 0 -1
    outer loop
      vertex -13.0128 36.0539 -14.5
      vertex 12.6966 35.9727 -14.5
      vertex -12.6966 35.9727 -14.5
    endloop
  endfacet
  facet normal 0 0 -1
    outer loop
      vertex 13.0128 36.0539 -14.5
      vertex -13.0128 36.0539 -14.5
      vertex 17.125 37.125 -14.5
    endloop
  endfacet
  facet normal 0 0 -1
    outer loop
      vertex -17.125 37.125 -14.5
      vertex -13.0128 36.0539 -14.5
      vertex -13.3367 36.0949 -14.5
    endloop
  endfacet
  facet normal 0 0 -1
    outer loop
      vertex -17.125 37.125 -14.5
      vertex -13.3367 36.0949 -14.5
      vertex -13.6633 36.0949 -14.5
    endloop
  endfacet
  facet normal 0 0 -1
    outer loop
      vertex -13.0128 36.0539 -14.5
      vertex -17.125 37.125 -14.5
      vertex 17.125 37.125 -14.5
    endloop
  endfacet
  facet normal 0 0 -1
    outer loop
      vertex -13.9872 36.0539 -14.5
      vertex -17.125 37.125 -14.5
      vertex -13.6633 36.0949 -14.5
    endloop
  endfacet
  facet normal 0 0 -1
    outer loop
      vertex -14.3034 35.9727 -14.5
      vertex -17.125 37.125 -14.5
      vertex -13.9872 36.0539 -14.5
    endloop
  endfacet
  facet normal 0 0 -1
    outer loop
      vertex -14.607 35.8526 -14.5
      vertex -17.125 37.125 -14.5
      vertex -14.3034 35.9727 -14.5
    endloop
  endfacet
  facet normal 0 0 -1
    outer loop
      vertex -14.8931 35.6953 -14.5
      vertex -17.125 37.125 -14.5
      vertex -14.607 35.8526 -14.5
    endloop
  endfacet
  facet normal 0 0 -1
    outer loop
      vertex -15.1573 35.5033 -14.5
      vertex -17.125 37.125 -14.5
      vertex -14.8931 35.6953 -14.5
    endloop
  endfacet
  facet normal 0 0 -1
    outer loop
      vertex -15.3953 35.2798 -14.5
      vertex -17.125 37.125 -14.5
      vertex -15.1573 35.5033 -14.5
    endloop
  endfacet
  facet normal 0 0 -1
    outer loop
      vertex -15.6034 35.0282 -14.5
      vertex -17.125 37.125 -14.5
      vertex -15.3953 35.2798 -14.5
    endloop
  endfacet
  facet normal 0 0 -1
    outer loop
      vertex -15.7784 34.7526 -14.5
      vertex -17.125 37.125 -14.5
      vertex -15.6034 35.0282 -14.5
    endloop
  endfacet
  facet normal 0 0 -1
    outer loop
      vertex -15.9174 34.4571 -14.5
      vertex -17.125 37.125 -14.5
      vertex -15.7784 34.7526 -14.5
    endloop
  endfacet
  facet normal 0 0 -1
    outer loop
      vertex -16.0183 34.1466 -14.5
      vertex -17.125 37.125 -14.5
      vertex -15.9174 34.4571 -14.5
    endloop
  endfacet
  facet normal 0 0 -1
    outer loop
      vertex -16.0795 33.8259 -14.5
      vertex -17.125 37.125 -14.5
      vertex -16.0183 34.1466 -14.5
    endloop
  endfacet
  facet normal 0 0 -1
    outer loop
      vertex -16.1 33.5 -14.5
      vertex -17.125 37.125 -14.5
      vertex -16.0795 33.8259 -14.5
    endloop
  endfacet
  facet normal 0 0 -1
    outer loop
      vertex -16.0795 33.1741 -14.5
      vertex -17.125 37.125 -14.5
      vertex -16.1 33.5 -14.5
    endloop
  endfacet
  facet normal -1 0 0
    outer loop
      vertex -17.125 -37.125 -14.5
      vertex -17.125 37.125 -8
      vertex -17.125 37.125 -14.5
    endloop
  endfacet
  facet normal -1 -0 0
    outer loop
      vertex -17.125 37.125 -8
      vertex -17.125 -37.125 -14.5
      vertex -17.125 -37.125 -8
    endloop
  endfacet
  facet normal 0 1 -0
    outer loop
      vertex 17.125 37.125 -14.5
      vertex -17.125 37.125 -8
      vertex 17.125 37.125 -8
    endloop
  endfacet
  facet normal 0 1 0
    outer loop
      vertex -17.125 37.125 -8
      vertex 17.125 37.125 -14.5
      vertex -17.125 37.125 -14.5
    endloop
  endfacet
  facet normal 0 -1 0
    outer loop
      vertex -17.125 -37.125 -14.5
      vertex 17.125 -37.125 -8
      vertex -17.125 -37.125 -8
    endloop
  endfacet
  facet normal 0 -1 -0
    outer loop
      vertex 17.125 -37.125 -8
      vertex -17.125 -37.125 -14.5
      vertex 17.125 -37.125 -14.5
    endloop
  endfacet
  facet normal -1 0 0
    outer loop
      vertex 15.125 29.8498 -12.5
      vertex 15.125 -29.8498 -12.5
      vertex 15.125 29.8498 -6.5
    endloop
  endfacet
  facet normal -1 0 0
    outer loop
      vertex 15.125 29.8498 -6.5
      vertex 15.125 35.125 -6
      vertex 15.125 35.125 -6.5
    endloop
  endfacet
  facet normal -1 0 0
    outer loop
      vertex 15.125 -29.8498 -6.5
      vertex 15.125 29.8498 -6.5
      vertex 15.125 -29.8498 -12.5
    endloop
  endfacet
  facet normal -1 0 0
    outer loop
      vertex 15.125 -29.8498 -6.5
      vertex 15.125 35.125 -6
      vertex 15.125 29.8498 -6.5
    endloop
  endfacet
  facet normal -1 0 0
    outer loop
      vertex 15.125 -35.125 -6
      vertex 15.125 -29.8498 -6.5
      vertex 15.125 -35.125 -6.5
    endloop
  endfacet
  facet normal -1 0 0
    outer loop
      vertex 15.125 -29.8498 -6.5
      vertex 15.125 -35.125 -6
      vertex 15.125 35.125 -6
    endloop
  endfacet
  facet normal 0 0 1
    outer loop
      vertex -10.5841 30.7618 -12.5
      vertex 10.5841 30.7618 -12.5
      vertex -10.2639 31.1489 -12.5
    endloop
  endfacet
  facet normal 0 0 1
    outer loop
      vertex 11.7969 -29.8807 -12.5
      vertex -9.53154 -32.9987 -12.5
      vertex -9.5 -33.5 -12.5
    endloop
  endfacet
  facet normal 0 0 1
    outer loop
      vertex 10.5841 30.7618 -12.5
      vertex -10.5841 30.7618 -12.5
      vertex 10.9503 30.4179 -12.5
    endloop
  endfacet
  facet normal 0 0 1
    outer loop
      vertex 11.7969 -29.8807 -12.5
      vertex -9.62567 -32.5052 -12.5
      vertex -9.53154 -32.9987 -12.5
    endloop
  endfacet
  facet normal 0 0 1
    outer loop
      vertex -10.9503 30.4179 -12.5
      vertex 10.9503 30.4179 -12.5
      vertex -10.5841 30.7618 -12.5
    endloop
  endfacet
  facet normal 0 0 1
    outer loop
      vertex 11.7969 -29.8807 -12.5
      vertex -9.78089 -32.0275 -12.5
      vertex -9.62567 -32.5052 -12.5
    endloop
  endfacet
  facet normal 0 0 1
    outer loop
      vertex 10.9503 30.4179 -12.5
      vertex -10.9503 30.4179 -12.5
      vertex 11.3567 30.1227 -12.5
    endloop
  endfacet
  facet normal 0 0 1
    outer loop
      vertex 11.7969 -29.8807 -12.5
      vertex -9.99477 -31.573 -12.5
      vertex -9.78089 -32.0275 -12.5
    endloop
  endfacet
  facet normal 0 0 1
    outer loop
      vertex -11.3567 30.1227 -12.5
      vertex 11.3567 30.1227 -12.5
      vertex -10.9503 30.4179 -12.5
    endloop
  endfacet
  facet normal 0 0 1
    outer loop
      vertex 11.7969 -29.8807 -12.5
      vertex -10.2639 -31.1489 -12.5
      vertex -9.99477 -31.573 -12.5
    endloop
  endfacet
  facet normal 0 0 1
    outer loop
      vertex 11.3567 30.1227 -12.5
      vertex -11.3567 30.1227 -12.5
      vertex 11.7969 29.8807 -12.5
    endloop
  endfacet
  facet normal 0 0 1
    outer loop
      vertex 11.7969 -29.8807 -12.5
      vertex -10.5841 -30.7618 -12.5
      vertex -10.2639 -31.1489 -12.5
    endloop
  endfacet
  facet normal 0 0 1
    outer loop
      vertex -11.7969 29.8807 -12.5
      vertex 11.7969 29.8807 -12.5
      vertex -11.3567 30.1227 -12.5
    endloop
  endfacet
  facet normal 0 0 1
    outer loop
      vertex 11.7969 -29.8807 -12.5
      vertex -10.9503 -30.4179 -12.5
      vertex -10.5841 -30.7618 -12.5
    endloop
  endfacet
  facet normal 0 0 1
    outer loop
      vertex 11.7969 29.8807 -12.5
      vertex -11.7969 29.8807 -12.5
      vertex 11.7969 -29.8807 -12.5
    endloop
  endfacet
  facet normal 0 0 1
    outer loop
      vertex 11.7969 -29.8807 -12.5
      vertex -11.3567 -30.1227 -12.5
      vertex -10.9503 -30.4179 -12.5
    endloop
  endfacet
  facet normal 0 0 1
    outer loop
      vertex -11.7969 -29.8807 -12.5
      vertex 11.7969 -29.8807 -12.5
      vertex -11.7969 29.8807 -12.5
    endloop
  endfacet
  facet normal 0 0 1
    outer loop
      vertex 11.7969 -29.8807 -12.5
      vertex -11.7969 -29.8807 -12.5
      vertex -11.3567 -30.1227 -12.5
    endloop
  endfacet
  facet normal -0 0 1
    outer loop
      vertex -12.2639 29.6958 -12.5
      vertex -11.7969 -29.8807 -12.5
      vertex -11.7969 29.8807 -12.5
    endloop
  endfacet
  facet normal 0 0 1
    outer loop
      vertex -12.2639 29.6958 -12.5
      vertex -12.2639 -29.6958 -12.5
      vertex -11.7969 -29.8807 -12.5
    endloop
  endfacet
  facet normal -0 0 1
    outer loop
      vertex -12.7505 29.5709 -12.5
      vertex -12.2639 -29.6958 -12.5
      vertex -12.2639 29.6958 -12.5
    endloop
  endfacet
  facet normal 0 0 1
    outer loop
      vertex -12.7505 29.5709 -12.5
      vertex -12.7505 -29.5709 -12.5
      vertex -12.2639 -29.6958 -12.5
    endloop
  endfacet
  facet normal -0 0 1
    outer loop
      vertex -13.2488 29.5079 -12.5
      vertex -12.7505 -29.5709 -12.5
      vertex -12.7505 29.5709 -12.5
    endloop
  endfacet
  facet normal 0 0 1
    outer loop
      vertex -13.2488 29.5079 -12.5
      vertex -13.2488 -29.5079 -12.5
      vertex -12.7505 -29.5709 -12.5
    endloop
  endfacet
  facet normal -0 0 1
    outer loop
      vertex -13.7512 29.5079 -12.5
      vertex -13.2488 -29.5079 -12.5
      vertex -13.2488 29.5079 -12.5
    endloop
  endfacet
  facet normal 0 0 1
    outer loop
      vertex -13.7512 29.5079 -12.5
      vertex -13.7512 -29.5079 -12.5
      vertex -13.2488 -29.5079 -12.5
    endloop
  endfacet
  facet normal 0 0 1
    outer loop
      vertex -14.2495 29.5709 -12.5
      vertex -13.7512 -29.5079 -12.5
      vertex -13.7512 29.5079 -12.5
    endloop
  endfacet
  facet normal 0 0 1
    outer loop
      vertex -14.2495 29.5709 -12.5
      vertex -14.2495 -29.5709 -12.5
      vertex -13.7512 -29.5079 -12.5
    endloop
  endfacet
  facet normal 0 0 1
    outer loop
      vertex -14.7361 29.6958 -12.5
      vertex -14.2495 -29.5709 -12.5
      vertex -14.2495 29.5709 -12.5
    endloop
  endfacet
  facet normal 0 0 1
    outer loop
      vertex -14.7361 29.6958 -12.5
      vertex -14.7361 -29.6958 -12.5
      vertex -14.2495 -29.5709 -12.5
    endloop
  endfacet
  facet normal 0 0 1
    outer loop
      vertex -15.125 29.8498 -12.5
      vertex -14.7361 -29.6958 -12.5
      vertex -14.7361 29.6958 -12.5
    endloop
  endfacet
  facet normal 0 0 1
    outer loop
      vertex -14.7361 -29.6958 -12.5
      vertex -15.125 29.8498 -12.5
      vertex -15.125 -29.8498 -12.5
    endloop
  endfacet
  facet normal 0 0 1
    outer loop
      vertex 9.62567 -32.5052 -12.5
      vertex -9.5 -33.5 -12.5
      vertex 9.53154 -32.9987 -12.5
    endloop
  endfacet
  facet normal 0 0 1
    outer loop
      vertex 9.53154 34.0013 -12.5
      vertex -9.5 33.5 -12.5
      vertex 9.5 33.5 -12.5
    endloop
  endfacet
  facet normal 0 0 1
    outer loop
      vertex -9.53154 34.0013 -12.5
      vertex 9.53154 34.0013 -12.5
      vertex 9.62567 34.4948 -12.5
    endloop
  endfacet
  facet normal 0 0 1
    outer loop
      vertex -9.62567 34.4948 -12.5
      vertex 9.62567 34.4948 -12.5
      vertex 9.78089 34.9725 -12.5
    endloop
  endfacet
  facet normal 0 0 1
    outer loop
      vertex -9.78089 34.9725 -12.5
      vertex 9.78089 34.9725 -12.5
      vertex 9.85266 35.125 -12.5
    endloop
  endfacet
  facet normal 0 0 1
    outer loop
      vertex 9.53154 34.0013 -12.5
      vertex -9.53154 34.0013 -12.5
      vertex -9.5 33.5 -12.5
    endloop
  endfacet
  facet normal 0 0 1
    outer loop
      vertex 9.62567 34.4948 -12.5
      vertex -9.62567 34.4948 -12.5
      vertex -9.53154 34.0013 -12.5
    endloop
  endfacet
  facet normal 0 0 1
    outer loop
      vertex 9.78089 34.9725 -12.5
      vertex -9.78089 34.9725 -12.5
      vertex -9.62567 34.4948 -12.5
    endloop
  endfacet
  facet normal 0 -0 1
    outer loop
      vertex -9.78089 34.9725 -12.5
      vertex 9.85266 35.125 -12.5
      vertex -9.85266 35.125 -12.5
    endloop
  endfacet
  facet normal -0 0 1
    outer loop
      vertex 14.7361 29.6958 -12.5
      vertex 15.125 -29.8498 -12.5
      vertex 15.125 29.8498 -12.5
    endloop
  endfacet
  facet normal 0 0 1
    outer loop
      vertex 14.7361 29.6958 -12.5
      vertex 14.7361 -29.6958 -12.5
      vertex 15.125 -29.8498 -12.5
    endloop
  endfacet
  facet normal -0 0 1
    outer loop
      vertex 14.2495 29.5709 -12.5
      vertex 14.7361 -29.6958 -12.5
      vertex 14.7361 29.6958 -12.5
    endloop
  endfacet
  facet normal 0 0 1
    outer loop
      vertex 14.2495 29.5709 -12.5
      vertex 14.2495 -29.5709 -12.5
      vertex 14.7361 -29.6958 -12.5
    endloop
  endfacet
  facet normal -0 0 1
    outer loop
      vertex 13.7512 29.5079 -12.5
      vertex 14.2495 -29.5709 -12.5
      vertex 14.2495 29.5709 -12.5
    endloop
  endfacet
  facet normal 0 0 1
    outer loop
      vertex 13.7512 29.5079 -12.5
      vertex 13.7512 -29.5079 -12.5
      vertex 14.2495 -29.5709 -12.5
    endloop
  endfacet
  facet normal -0 0 1
    outer loop
      vertex 13.2488 29.5079 -12.5
      vertex 13.7512 -29.5079 -12.5
      vertex 13.7512 29.5079 -12.5
    endloop
  endfacet
  facet normal 0 0 1
    outer loop
      vertex 13.2488 29.5079 -12.5
      vertex 13.2488 -29.5079 -12.5
      vertex 13.7512 -29.5079 -12.5
    endloop
  endfacet
  facet normal 0 0 1
    outer loop
      vertex 12.7505 29.5709 -12.5
      vertex 13.2488 -29.5079 -12.5
      vertex 13.2488 29.5079 -12.5
    endloop
  endfacet
  facet normal 0 0 1
    outer loop
      vertex 12.7505 29.5709 -12.5
      vertex 12.7505 -29.5709 -12.5
      vertex 13.2488 -29.5079 -12.5
    endloop
  endfacet
  facet normal 0 0 1
    outer loop
      vertex 12.2639 29.6958 -12.5
      vertex 12.7505 -29.5709 -12.5
      vertex 12.7505 29.5709 -12.5
    endloop
  endfacet
  facet normal 0 0 1
    outer loop
      vertex 12.2639 29.6958 -12.5
      vertex 12.2639 -29.6958 -12.5
      vertex 12.7505 -29.5709 -12.5
    endloop
  endfacet
  facet normal 0 0 1
    outer loop
      vertex 11.7969 29.8807 -12.5
      vertex 12.2639 -29.6958 -12.5
      vertex 12.2639 29.6958 -12.5
    endloop
  endfacet
  facet normal 0 0 1
    outer loop
      vertex 11.7969 29.8807 -12.5
      vertex 11.7969 -29.8807 -12.5
      vertex 12.2639 -29.6958 -12.5
    endloop
  endfacet
  facet normal 0 0 1
    outer loop
      vertex 9.99477 31.573 -12.5
      vertex -9.99477 31.573 -12.5
      vertex 10.2639 31.1489 -12.5
    endloop
  endfacet
  facet normal 0 0 1
    outer loop
      vertex -10.2639 31.1489 -12.5
      vertex 10.2639 31.1489 -12.5
      vertex -9.99477 31.573 -12.5
    endloop
  endfacet
  facet normal 0 0 1
    outer loop
      vertex -9.99477 31.573 -12.5
      vertex 9.99477 31.573 -12.5
      vertex -9.78089 32.0275 -12.5
    endloop
  endfacet
  facet normal 0 0 1
    outer loop
      vertex 10.2639 31.1489 -12.5
      vertex -10.2639 31.1489 -12.5
      vertex 10.5841 30.7618 -12.5
    endloop
  endfacet
  facet normal 0 0 1
    outer loop
      vertex 9.78089 32.0275 -12.5
      vertex -9.78089 32.0275 -12.5
      vertex 9.99477 31.573 -12.5
    endloop
  endfacet
  facet normal 0 0 1
    outer loop
      vertex 11.7969 -29.8807 -12.5
      vertex -9.5 -33.5 -12.5
      vertex 11.3567 -30.1227 -12.5
    endloop
  endfacet
  facet normal 0 0 1
    outer loop
      vertex -9.78089 32.0275 -12.5
      vertex 9.78089 32.0275 -12.5
      vertex -9.62567 32.5052 -12.5
    endloop
  endfacet
  facet normal 0 0 1
    outer loop
      vertex 11.3567 -30.1227 -12.5
      vertex -9.5 -33.5 -12.5
      vertex 10.9503 -30.4179 -12.5
    endloop
  endfacet
  facet normal 0 0 1
    outer loop
      vertex 9.62567 32.5052 -12.5
      vertex -9.62567 32.5052 -12.5
      vertex 9.78089 32.0275 -12.5
    endloop
  endfacet
  facet normal 0 0 1
    outer loop
      vertex 10.9503 -30.4179 -12.5
      vertex -9.5 -33.5 -12.5
      vertex 10.5841 -30.7618 -12.5
    endloop
  endfacet
  facet normal 0 0 1
    outer loop
      vertex -9.62567 32.5052 -12.5
      vertex 9.62567 32.5052 -12.5
      vertex -9.53154 32.9987 -12.5
    endloop
  endfacet
  facet normal 0 0 1
    outer loop
      vertex 10.5841 -30.7618 -12.5
      vertex -9.5 -33.5 -12.5
      vertex 10.2639 -31.1489 -12.5
    endloop
  endfacet
  facet normal 0 0 1
    outer loop
      vertex 9.53154 32.9987 -12.5
      vertex -9.53154 32.9987 -12.5
      vertex 9.62567 32.5052 -12.5
    endloop
  endfacet
  facet normal 0 0 1
    outer loop
      vertex 10.2639 -31.1489 -12.5
      vertex -9.5 -33.5 -12.5
      vertex 9.99477 -31.573 -12.5
    endloop
  endfacet
  facet normal 0 0 1
    outer loop
      vertex -9.53154 32.9987 -12.5
      vertex 9.53154 32.9987 -12.5
      vertex -9.5 33.5 -12.5
    endloop
  endfacet
  facet normal 0 0 1
    outer loop
      vertex 9.99477 -31.573 -12.5
      vertex -9.5 -33.5 -12.5
      vertex 9.78089 -32.0275 -12.5
    endloop
  endfacet
  facet normal -0 0 1
    outer loop
      vertex -9.5 33.5 -12.5
      vertex 9.53154 32.9987 -12.5
      vertex 9.5 33.5 -12.5
    endloop
  endfacet
  facet normal 0 0 1
    outer loop
      vertex 9.78089 -32.0275 -12.5
      vertex -9.5 -33.5 -12.5
      vertex 9.62567 -32.5052 -12.5
    endloop
  endfacet
  facet normal 0 0 1
    outer loop
      vertex 9.53154 -32.9987 -12.5
      vertex -9.5 -33.5 -12.5
      vertex 9.5 -33.5 -12.5
    endloop
  endfacet
  facet normal 0 0 1
    outer loop
      vertex 9.5 -33.5 -12.5
      vertex -9.5 -33.5 -12.5
      vertex 9.53154 -34.0013 -12.5
    endloop
  endfacet
  facet normal 0 0 1
    outer loop
      vertex -9.53154 -34.0013 -12.5
      vertex 9.53154 -34.0013 -12.5
      vertex -9.5 -33.5 -12.5
    endloop
  endfacet
  facet normal 0 0 1
    outer loop
      vertex 9.53154 -34.0013 -12.5
      vertex -9.53154 -34.0013 -12.5
      vertex 9.62567 -34.4948 -12.5
    endloop
  endfacet
  facet normal 0 0 1
    outer loop
      vertex -9.62567 -34.4948 -12.5
      vertex 9.62567 -34.4948 -12.5
      vertex -9.53154 -34.0013 -12.5
    endloop
  endfacet
  facet normal 0 0 1
    outer loop
      vertex 9.62567 -34.4948 -12.5
      vertex -9.62567 -34.4948 -12.5
      vertex 9.78089 -34.9725 -12.5
    endloop
  endfacet
  facet normal 0 0 1
    outer loop
      vertex -9.78089 -34.9725 -12.5
      vertex 9.78089 -34.9725 -12.5
      vertex -9.62567 -34.4948 -12.5
    endloop
  endfacet
  facet normal 0 0 1
    outer loop
      vertex 9.78089 -34.9725 -12.5
      vertex -9.78089 -34.9725 -12.5
      vertex 9.85266 -35.125 -12.5
    endloop
  endfacet
  facet normal 0 0 1
    outer loop
      vertex 9.85266 -35.125 -12.5
      vertex -9.78089 -34.9725 -12.5
      vertex -9.85266 -35.125 -12.5
    endloop
  endfacet
  facet normal 1 0 0
    outer loop
      vertex -15.125 35.125 -6
      vertex -15.125 29.8498 -6.5
      vertex -15.125 35.125 -6.5
    endloop
  endfacet
  facet normal 1 0 0
    outer loop
      vertex -15.125 29.8498 -6.5
      vertex -15.125 -29.8498 -6.5
      vertex -15.125 29.8498 -12.5
    endloop
  endfacet
  facet normal 1 0 0
    outer loop
      vertex -15.125 35.125 -6
      vertex -15.125 -29.8498 -6.5
      vertex -15.125 29.8498 -6.5
    endloop
  endfacet
  facet normal 1 -0 0
    outer loop
      vertex -15.125 -35.125 -6
      vertex -15.125 -29.8498 -6.5
      vertex -15.125 35.125 -6
    endloop
  endfacet
  facet normal 1 0 0
    outer loop
      vertex -15.125 -29.8498 -6.5
      vertex -15.125 -35.125 -6
      vertex -15.125 -35.125 -6.5
    endloop
  endfacet
  facet normal 1 0 0
    outer loop
      vertex -15.125 29.8498 -12.5
      vertex -15.125 -29.8498 -6.5
      vertex -15.125 -29.8498 -12.5
    endloop
  endfacet
  facet normal 0 -1 0
    outer loop
      vertex -9.85266 35.125 -12.5
      vertex 9.85266 35.125 -6.5
      vertex -9.85266 35.125 -6.5
    endloop
  endfacet
  facet normal 0 -1 -0
    outer loop
      vertex 9.85266 35.125 -6.5
      vertex -9.85266 35.125 -12.5
      vertex 9.85266 35.125 -12.5
    endloop
  endfacet
  facet normal 0 -1 0
    outer loop
      vertex -9.85266 35.125 -6.5
      vertex -15.125 35.125 -6
      vertex -15.125 35.125 -6.5
    endloop
  endfacet
  facet normal 0 -1 0
    outer loop
      vertex -15.125 35.125 -6
      vertex -9.85266 35.125 -6.5
      vertex 15.125 35.125 -6
    endloop
  endfacet
  facet normal 0 -1 0
    outer loop
      vertex 9.85266 35.125 -6.5
      vertex 15.125 35.125 -6
      vertex -9.85266 35.125 -6.5
    endloop
  endfacet
  facet normal 0 -1 -0
    outer loop
      vertex 15.125 35.125 -6
      vertex 9.85266 35.125 -6.5
      vertex 15.125 35.125 -6.5
    endloop
  endfacet
  facet normal 0 1 -0
    outer loop
      vertex 9.85266 -35.125 -12.5
      vertex -9.85266 -35.125 -6.5
      vertex 9.85266 -35.125 -6.5
    endloop
  endfacet
  facet normal 0 1 0
    outer loop
      vertex -9.85266 -35.125 -6.5
      vertex 9.85266 -35.125 -12.5
      vertex -9.85266 -35.125 -12.5
    endloop
  endfacet
  facet normal 0 1 0
    outer loop
      vertex 9.85266 -35.125 -6.5
      vertex 15.125 -35.125 -6
      vertex 15.125 -35.125 -6.5
    endloop
  endfacet
  facet normal 0 1 0
    outer loop
      vertex 15.125 -35.125 -6
      vertex 9.85266 -35.125 -6.5
      vertex -15.125 -35.125 -6
    endloop
  endfacet
  facet normal 0 1 -0
    outer loop
      vertex -9.85266 -35.125 -6.5
      vertex -15.125 -35.125 -6
      vertex 9.85266 -35.125 -6.5
    endloop
  endfacet
  facet normal 0 1 0
    outer loop
      vertex -15.125 -35.125 -6
      vertex -9.85266 -35.125 -6.5
      vertex -15.125 -35.125 -6.5
    endloop
  endfacet
  facet normal 1 -0 0
    outer loop
      vertex 16.125 -36.125 -6
      vertex 16.125 36.125 -8
      vertex 16.125 36.125 -6
    endloop
  endfacet
  facet normal 1 0 0
    outer loop
      vertex 16.125 36.125 -8
      vertex 16.125 -36.125 -6
      vertex 16.125 -36.125 -8
    endloop
  endfacet
  facet normal -1 0 0
    outer loop
      vertex -16.125 -36.125 -8
      vertex -16.125 36.125 -6
      vertex -16.125 36.125 -8
    endloop
  endfacet
  facet normal -1 -0 0
    outer loop
      vertex -16.125 36.125 -6
      vertex -16.125 -36.125 -8
      vertex -16.125 -36.125 -6
    endloop
  endfacet
  facet normal 0 1 -0
    outer loop
      vertex 16.125 36.125 -8
      vertex -16.125 36.125 -6
      vertex 16.125 36.125 -6
    endloop
  endfacet
  facet normal 0 1 0
    outer loop
      vertex -16.125 36.125 -6
      vertex 16.125 36.125 -8
      vertex -16.125 36.125 -8
    endloop
  endfacet
  facet normal 0 -1 0
    outer loop
      vertex -16.125 -36.125 -8
      vertex 16.125 -36.125 -6
      vertex -16.125 -36.125 -6
    endloop
  endfacet
  facet normal 0 -1 -0
    outer loop
      vertex 16.125 -36.125 -6
      vertex -16.125 -36.125 -8
      vertex 16.125 -36.125 -8
    endloop
  endfacet
  facet normal 0.24862 -0.968601 0
    outer loop
      vertex 14.2495 29.5709 -12.5
      vertex 14.7361 29.6958 -6.5
      vertex 14.2495 29.5709 -6.5
    endloop
  endfacet
  facet normal 0.24862 -0.968601 0
    outer loop
      vertex 14.7361 29.6958 -6.5
      vertex 14.2495 29.5709 -12.5
      vertex 14.7361 29.6958 -12.5
    endloop
  endfacet
  facet normal -0.998027 -0.0627923 0
    outer loop
      vertex 9.53154 32.9987 -12.5
      vertex 9.5 33.5 -6.5
      vertex 9.5 33.5 -12.5
    endloop
  endfacet
  facet normal -0.998027 -0.0627923 0
    outer loop
      vertex 9.5 33.5 -6.5
      vertex 9.53154 32.9987 -12.5
      vertex 9.53154 32.9987 -6.5
    endloop
  endfacet
  facet normal 0.125431 -0.992102 0
    outer loop
      vertex 13.7512 29.5079 -12.5
      vertex 14.2495 29.5709 -6.5
      vertex 13.7512 29.5079 -6.5
    endloop
  endfacet
  facet normal 0.125431 -0.992102 0
    outer loop
      vertex 14.2495 29.5709 -6.5
      vertex 13.7512 29.5079 -12.5
      vertex 14.2495 29.5709 -12.5
    endloop
  endfacet
  facet normal -0.982291 -0.187362 0
    outer loop
      vertex 9.62567 32.5052 -12.5
      vertex 9.53154 32.9987 -6.5
      vertex 9.53154 32.9987 -12.5
    endloop
  endfacet
  facet normal -0.982291 -0.187362 0
    outer loop
      vertex 9.53154 32.9987 -6.5
      vertex 9.62567 32.5052 -12.5
      vertex 9.62567 32.5052 -6.5
    endloop
  endfacet
  facet normal -0.684563 -0.728953 0
    outer loop
      vertex 10.5841 30.7618 -12.5
      vertex 10.9503 30.4179 -6.5
      vertex 10.5841 30.7618 -6.5
    endloop
  endfacet
  facet normal -0.684563 -0.728953 -0
    outer loop
      vertex 10.9503 30.4179 -6.5
      vertex 10.5841 30.7618 -12.5
      vertex 10.9503 30.4179 -12.5
    endloop
  endfacet
  facet normal -0.982291 0.187362 0
    outer loop
      vertex 9.53154 34.0013 -12.5
      vertex 9.62567 34.4948 -6.5
      vertex 9.62567 34.4948 -12.5
    endloop
  endfacet
  facet normal -0.982291 0.187362 0
    outer loop
      vertex 9.62567 34.4948 -6.5
      vertex 9.53154 34.0013 -12.5
      vertex 9.53154 34.0013 -6.5
    endloop
  endfacet
  facet normal -0 0 1
    outer loop
      vertex 14.4921 33.3747 -6.5
      vertex 15.125 29.8498 -6.5
      vertex 15.125 35.125 -6.5
    endloop
  endfacet
  facet normal 0 0 1
    outer loop
      vertex 14.4921 33.3747 -6.5
      vertex 15.125 35.125 -6.5
      vertex 14.5 33.5 -6.5
    endloop
  endfacet
  facet normal 0 0 1
    outer loop
      vertex 15.125 35.125 -6.5
      vertex 14.4921 33.6253 -6.5
      vertex 14.5 33.5 -6.5
    endloop
  endfacet
  facet normal 0 0 1
    outer loop
      vertex 15.125 35.125 -6.5
      vertex 14.4686 33.7487 -6.5
      vertex 14.4921 33.6253 -6.5
    endloop
  endfacet
  facet normal 0 0 1
    outer loop
      vertex 15.125 35.125 -6.5
      vertex 14.4298 33.8681 -6.5
      vertex 14.4686 33.7487 -6.5
    endloop
  endfacet
  facet normal 0 0 1
    outer loop
      vertex 15.125 35.125 -6.5
      vertex 14.3763 33.9818 -6.5
      vertex 14.4298 33.8681 -6.5
    endloop
  endfacet
  facet normal 0 0 1
    outer loop
      vertex 15.125 35.125 -6.5
      vertex 14.309 34.0878 -6.5
      vertex 14.3763 33.9818 -6.5
    endloop
  endfacet
  facet normal 0 0 1
    outer loop
      vertex 15.125 35.125 -6.5
      vertex 14.229 34.1845 -6.5
      vertex 14.309 34.0878 -6.5
    endloop
  endfacet
  facet normal 0 0 1
    outer loop
      vertex 15.125 35.125 -6.5
      vertex 14.1374 34.2705 -6.5
      vertex 14.229 34.1845 -6.5
    endloop
  endfacet
  facet normal 0 0 1
    outer loop
      vertex 15.125 35.125 -6.5
      vertex 14.0358 34.3443 -6.5
      vertex 14.1374 34.2705 -6.5
    endloop
  endfacet
  facet normal 0 0 1
    outer loop
      vertex 15.125 35.125 -6.5
      vertex 13.9258 34.4048 -6.5
      vertex 14.0358 34.3443 -6.5
    endloop
  endfacet
  facet normal 0 0 1
    outer loop
      vertex 15.125 35.125 -6.5
      vertex 13.809 34.4511 -6.5
      vertex 13.9258 34.4048 -6.5
    endloop
  endfacet
  facet normal 0 0 1
    outer loop
      vertex 15.125 35.125 -6.5
      vertex 13.6874 34.4823 -6.5
      vertex 13.809 34.4511 -6.5
    endloop
  endfacet
  facet normal 0 0 1
    outer loop
      vertex 15.125 35.125 -6.5
      vertex 13.5628 34.498 -6.5
      vertex 13.6874 34.4823 -6.5
    endloop
  endfacet
  facet normal 0 0 1
    outer loop
      vertex 15.125 35.125 -6.5
      vertex 13.4372 34.498 -6.5
      vertex 13.5628 34.498 -6.5
    endloop
  endfacet
  facet normal 0 0 1
    outer loop
      vertex 15.125 35.125 -6.5
      vertex 13.3126 34.4823 -6.5
      vertex 13.4372 34.498 -6.5
    endloop
  endfacet
  facet normal -0 0 1
    outer loop
      vertex 9.85266 35.125 -6.5
      vertex 13.3126 34.4823 -6.5
      vertex 15.125 35.125 -6.5
    endloop
  endfacet
  facet normal 0 0 1
    outer loop
      vertex 13.0742 32.5952 -6.5
      vertex 11.7969 29.8807 -6.5
      vertex 12.2639 29.6958 -6.5
    endloop
  endfacet
  facet normal 0 0 1
    outer loop
      vertex 9.5 33.5 -6.5
      vertex 12.5 33.5 -6.5
      vertex 12.5079 33.6253 -6.5
    endloop
  endfacet
  facet normal 0 0 1
    outer loop
      vertex 12.5079 33.3747 -6.5
      vertex 11.3567 30.1227 -6.5
      vertex 11.7969 29.8807 -6.5
    endloop
  endfacet
  facet normal 0 0 1
    outer loop
      vertex 9.53154 34.0013 -6.5
      vertex 12.5079 33.6253 -6.5
      vertex 12.5314 33.7487 -6.5
    endloop
  endfacet
  facet normal 0 0 1
    outer loop
      vertex 12.5079 33.3747 -6.5
      vertex 10.9503 30.4179 -6.5
      vertex 11.3567 30.1227 -6.5
    endloop
  endfacet
  facet normal 0 0 1
    outer loop
      vertex 9.62567 34.4948 -6.5
      vertex 12.5314 33.7487 -6.5
      vertex 12.5702 33.8681 -6.5
    endloop
  endfacet
  facet normal 0 0 1
    outer loop
      vertex 12.5079 33.3747 -6.5
      vertex 10.5841 30.7618 -6.5
      vertex 10.9503 30.4179 -6.5
    endloop
  endfacet
  facet normal 0 0 1
    outer loop
      vertex 9.85266 35.125 -6.5
      vertex 12.5702 33.8681 -6.5
      vertex 12.6237 33.9818 -6.5
    endloop
  endfacet
  facet normal 0 0 1
    outer loop
      vertex 12.5079 33.3747 -6.5
      vertex 10.2639 31.1489 -6.5
      vertex 10.5841 30.7618 -6.5
    endloop
  endfacet
  facet normal 0 0 1
    outer loop
      vertex 9.85266 35.125 -6.5
      vertex 12.6237 33.9818 -6.5
      vertex 12.691 34.0878 -6.5
    endloop
  endfacet
  facet normal 0 0 1
    outer loop
      vertex 12.5079 33.3747 -6.5
      vertex 9.99477 31.573 -6.5
      vertex 10.2639 31.1489 -6.5
    endloop
  endfacet
  facet normal 0 0 1
    outer loop
      vertex 9.85266 35.125 -6.5
      vertex 12.691 34.0878 -6.5
      vertex 12.771 34.1845 -6.5
    endloop
  endfacet
  facet normal 0 0 1
    outer loop
      vertex 13.3126 34.4823 -6.5
      vertex 9.85266 35.125 -6.5
      vertex 13.191 34.4511 -6.5
    endloop
  endfacet
  facet normal 0 0 1
    outer loop
      vertex 9.85266 35.125 -6.5
      vertex 13.0742 34.4048 -6.5
      vertex 13.191 34.4511 -6.5
    endloop
  endfacet
  facet normal 0 0 1
    outer loop
      vertex 9.85266 35.125 -6.5
      vertex 12.9642 34.3443 -6.5
      vertex 13.0742 34.4048 -6.5
    endloop
  endfacet
  facet normal 0 0 1
    outer loop
      vertex 9.85266 35.125 -6.5
      vertex 12.8626 34.2705 -6.5
      vertex 12.9642 34.3443 -6.5
    endloop
  endfacet
  facet normal 0 0 1
    outer loop
      vertex 9.85266 35.125 -6.5
      vertex 12.771 34.1845 -6.5
      vertex 12.8626 34.2705 -6.5
    endloop
  endfacet
  facet normal 0 0 1
    outer loop
      vertex 12.5702 33.8681 -6.5
      vertex 9.85266 35.125 -6.5
      vertex 9.78089 34.9725 -6.5
    endloop
  endfacet
  facet normal 0 0 1
    outer loop
      vertex 12.5702 33.8681 -6.5
      vertex 9.78089 34.9725 -6.5
      vertex 9.62567 34.4948 -6.5
    endloop
  endfacet
  facet normal 0 0 1
    outer loop
      vertex 12.5079 33.3747 -6.5
      vertex 9.78089 32.0275 -6.5
      vertex 9.99477 31.573 -6.5
    endloop
  endfacet
  facet normal 0 0 1
    outer loop
      vertex 12.5314 33.7487 -6.5
      vertex 9.62567 34.4948 -6.5
      vertex 9.53154 34.0013 -6.5
    endloop
  endfacet
  facet normal 0 0 1
    outer loop
      vertex 12.5079 33.3747 -6.5
      vertex 9.62567 32.5052 -6.5
      vertex 9.78089 32.0275 -6.5
    endloop
  endfacet
  facet normal 0 0 1
    outer loop
      vertex 12.5079 33.6253 -6.5
      vertex 9.53154 34.0013 -6.5
      vertex 9.5 33.5 -6.5
    endloop
  endfacet
  facet normal 0 0 1
    outer loop
      vertex 12.5079 33.3747 -6.5
      vertex 9.53154 32.9987 -6.5
      vertex 9.62567 32.5052 -6.5
    endloop
  endfacet
  facet normal 0 0 1
    outer loop
      vertex 12.5 33.5 -6.5
      vertex 9.5 33.5 -6.5
      vertex 9.53154 32.9987 -6.5
    endloop
  endfacet
  facet normal 0 0 1
    outer loop
      vertex 15.125 29.8498 -6.5
      vertex 14.4921 33.3747 -6.5
      vertex 14.4686 33.2513 -6.5
    endloop
  endfacet
  facet normal -0 0 1
    outer loop
      vertex 14.4298 33.1319 -6.5
      vertex 15.125 29.8498 -6.5
      vertex 14.4686 33.2513 -6.5
    endloop
  endfacet
  facet normal -0 0 1
    outer loop
      vertex 14.3763 33.0182 -6.5
      vertex 15.125 29.8498 -6.5
      vertex 14.4298 33.1319 -6.5
    endloop
  endfacet
  facet normal -0 0 1
    outer loop
      vertex 14.309 32.9122 -6.5
      vertex 15.125 29.8498 -6.5
      vertex 14.3763 33.0182 -6.5
    endloop
  endfacet
  facet normal -0 0 1
    outer loop
      vertex 14.229 32.8155 -6.5
      vertex 15.125 29.8498 -6.5
      vertex 14.309 32.9122 -6.5
    endloop
  endfacet
  facet normal -0 0 1
    outer loop
      vertex 14.1374 32.7295 -6.5
      vertex 15.125 29.8498 -6.5
      vertex 14.229 32.8155 -6.5
    endloop
  endfacet
  facet normal -0 0 1
    outer loop
      vertex 14.0358 32.6557 -6.5
      vertex 15.125 29.8498 -6.5
      vertex 14.1374 32.7295 -6.5
    endloop
  endfacet
  facet normal -0 0 1
    outer loop
      vertex 13.9258 32.5952 -6.5
      vertex 15.125 29.8498 -6.5
      vertex 14.0358 32.6557 -6.5
    endloop
  endfacet
  facet normal -0 0 1
    outer loop
      vertex 13.809 32.5489 -6.5
      vertex 15.125 29.8498 -6.5
      vertex 13.9258 32.5952 -6.5
    endloop
  endfacet
  facet normal 0 0 1
    outer loop
      vertex 15.125 29.8498 -6.5
      vertex 13.809 32.5489 -6.5
      vertex 14.7361 29.6958 -6.5
    endloop
  endfacet
  facet normal 0 0 1
    outer loop
      vertex 14.7361 29.6958 -6.5
      vertex 13.809 32.5489 -6.5
      vertex 14.2495 29.5709 -6.5
    endloop
  endfacet
  facet normal -0 0 1
    outer loop
      vertex 13.6874 32.5177 -6.5
      vertex 14.2495 29.5709 -6.5
      vertex 13.809 32.5489 -6.5
    endloop
  endfacet
  facet normal 0 0 1
    outer loop
      vertex 14.2495 29.5709 -6.5
      vertex 13.6874 32.5177 -6.5
      vertex 13.7512 29.5079 -6.5
    endloop
  endfacet
  facet normal -0 0 1
    outer loop
      vertex 13.5628 32.502 -6.5
      vertex 13.7512 29.5079 -6.5
      vertex 13.6874 32.5177 -6.5
    endloop
  endfacet
  facet normal -0 0 1
    outer loop
      vertex 13.4372 32.502 -6.5
      vertex 13.7512 29.5079 -6.5
      vertex 13.5628 32.502 -6.5
    endloop
  endfacet
  facet normal 0 0 1
    outer loop
      vertex 13.2488 29.5079 -6.5
      vertex 13.4372 32.502 -6.5
      vertex 13.3126 32.5177 -6.5
    endloop
  endfacet
  facet normal 0 0 1
    outer loop
      vertex 13.4372 32.502 -6.5
      vertex 13.2488 29.5079 -6.5
      vertex 13.7512 29.5079 -6.5
    endloop
  endfacet
  facet normal 0 0 1
    outer loop
      vertex 12.7505 29.5709 -6.5
      vertex 13.3126 32.5177 -6.5
      vertex 13.191 32.5489 -6.5
    endloop
  endfacet
  facet normal 0 0 1
    outer loop
      vertex 12.2639 29.6958 -6.5
      vertex 13.191 32.5489 -6.5
      vertex 13.0742 32.5952 -6.5
    endloop
  endfacet
  facet normal 0 0 1
    outer loop
      vertex 11.7969 29.8807 -6.5
      vertex 13.0742 32.5952 -6.5
      vertex 12.9642 32.6557 -6.5
    endloop
  endfacet
  facet normal 0 0 1
    outer loop
      vertex 11.7969 29.8807 -6.5
      vertex 12.9642 32.6557 -6.5
      vertex 12.8626 32.7295 -6.5
    endloop
  endfacet
  facet normal 0 0 1
    outer loop
      vertex 11.7969 29.8807 -6.5
      vertex 12.8626 32.7295 -6.5
      vertex 12.771 32.8155 -6.5
    endloop
  endfacet
  facet normal 0 0 1
    outer loop
      vertex 13.3126 32.5177 -6.5
      vertex 12.7505 29.5709 -6.5
      vertex 13.2488 29.5079 -6.5
    endloop
  endfacet
  facet normal 0 0 1
    outer loop
      vertex 11.7969 29.8807 -6.5
      vertex 12.771 32.8155 -6.5
      vertex 12.691 32.9122 -6.5
    endloop
  endfacet
  facet normal 0 0 1
    outer loop
      vertex 11.7969 29.8807 -6.5
      vertex 12.691 32.9122 -6.5
      vertex 12.6237 33.0182 -6.5
    endloop
  endfacet
  facet normal 0 0 1
    outer loop
      vertex 11.7969 29.8807 -6.5
      vertex 12.6237 33.0182 -6.5
      vertex 12.5702 33.1319 -6.5
    endloop
  endfacet
  facet normal 0 0 1
    outer loop
      vertex 11.7969 29.8807 -6.5
      vertex 12.5702 33.1319 -6.5
      vertex 12.5314 33.2513 -6.5
    endloop
  endfacet
  facet normal 0 0 1
    outer loop
      vertex 11.7969 29.8807 -6.5
      vertex 12.5314 33.2513 -6.5
      vertex 12.5079 33.3747 -6.5
    endloop
  endfacet
  facet normal 0 0 1
    outer loop
      vertex 13.191 32.5489 -6.5
      vertex 12.2639 29.6958 -6.5
      vertex 12.7505 29.5709 -6.5
    endloop
  endfacet
  facet normal 0 0 1
    outer loop
      vertex 9.53154 32.9987 -6.5
      vertex 12.5079 33.3747 -6.5
      vertex 12.5 33.5 -6.5
    endloop
  endfacet
  facet normal -0.844339 -0.53581 0
    outer loop
      vertex 10.2639 31.1489 -12.5
      vertex 9.99477 31.573 -6.5
      vertex 9.99477 31.573 -12.5
    endloop
  endfacet
  facet normal -0.844339 -0.53581 0
    outer loop
      vertex 9.99477 31.573 -6.5
      vertex 10.2639 31.1489 -12.5
      vertex 10.2639 31.1489 -6.5
    endloop
  endfacet
  facet normal -0.24862 -0.968601 0
    outer loop
      vertex 12.2639 29.6958 -12.5
      vertex 12.7505 29.5709 -6.5
      vertex 12.2639 29.6958 -6.5
    endloop
  endfacet
  facet normal -0.24862 -0.968601 -0
    outer loop
      vertex 12.7505 29.5709 -6.5
      vertex 12.2639 29.6958 -12.5
      vertex 12.7505 29.5709 -12.5
    endloop
  endfacet
  facet normal 0 -1 0
    outer loop
      vertex 13.2488 29.5079 -12.5
      vertex 13.7512 29.5079 -6.5
      vertex 13.2488 29.5079 -6.5
    endloop
  endfacet
  facet normal 0 -1 -0
    outer loop
      vertex 13.7512 29.5079 -6.5
      vertex 13.2488 29.5079 -12.5
      vertex 13.7512 29.5079 -12.5
    endloop
  endfacet
  facet normal -0.951053 0.309028 0
    outer loop
      vertex 9.62567 34.4948 -12.5
      vertex 9.78089 34.9725 -6.5
      vertex 9.78089 34.9725 -12.5
    endloop
  endfacet
  facet normal -0.951053 0.309028 0
    outer loop
      vertex 9.78089 34.9725 -6.5
      vertex 9.62567 34.4948 -12.5
      vertex 9.62567 34.4948 -6.5
    endloop
  endfacet
  facet normal -0.587698 -0.80908 0
    outer loop
      vertex 10.9503 30.4179 -12.5
      vertex 11.3567 30.1227 -6.5
      vertex 10.9503 30.4179 -6.5
    endloop
  endfacet
  facet normal -0.587698 -0.80908 -0
    outer loop
      vertex 11.3567 30.1227 -6.5
      vertex 10.9503 30.4179 -12.5
      vertex 11.3567 30.1227 -12.5
    endloop
  endfacet
  facet normal -0.951053 -0.309028 0
    outer loop
      vertex 9.78089 32.0275 -12.5
      vertex 9.62567 32.5052 -6.5
      vertex 9.62567 32.5052 -12.5
    endloop
  endfacet
  facet normal -0.951053 -0.309028 0
    outer loop
      vertex 9.62567 32.5052 -6.5
      vertex 9.78089 32.0275 -12.5
      vertex 9.78089 32.0275 -6.5
    endloop
  endfacet
  facet normal -0.770549 -0.63738 0
    outer loop
      vertex 10.5841 30.7618 -12.5
      vertex 10.2639 31.1489 -6.5
      vertex 10.2639 31.1489 -12.5
    endloop
  endfacet
  facet normal -0.770549 -0.63738 0
    outer loop
      vertex 10.2639 31.1489 -6.5
      vertex 10.5841 30.7618 -12.5
      vertex 10.5841 30.7618 -6.5
    endloop
  endfacet
  facet normal -0.998027 0.0627923 0
    outer loop
      vertex 9.5 33.5 -12.5
      vertex 9.53154 34.0013 -6.5
      vertex 9.53154 34.0013 -12.5
    endloop
  endfacet
  facet normal -0.998027 0.0627923 0
    outer loop
      vertex 9.53154 34.0013 -6.5
      vertex 9.5 33.5 -12.5
      vertex 9.5 33.5 -6.5
    endloop
  endfacet
  facet normal -0.904821 -0.425793 0
    outer loop
      vertex 9.99477 31.573 -12.5
      vertex 9.78089 32.0275 -6.5
      vertex 9.78089 32.0275 -12.5
    endloop
  endfacet
  facet normal -0.904821 -0.425793 0
    outer loop
      vertex 9.78089 32.0275 -6.5
      vertex 9.99477 31.573 -12.5
      vertex 9.99477 31.573 -6.5
    endloop
  endfacet
  facet normal 0.368173 -0.929757 0
    outer loop
      vertex 14.7361 29.6958 -12.5
      vertex 15.125 29.8498 -6.5
      vertex 14.7361 29.6958 -6.5
    endloop
  endfacet
  facet normal 0.368173 -0.929757 0
    outer loop
      vertex 15.125 29.8498 -6.5
      vertex 14.7361 29.6958 -12.5
      vertex 15.125 29.8498 -12.5
    endloop
  endfacet
  facet normal 0 0 -1
    outer loop
      vertex 14.5 33.5 -7.5
      vertex 16.1 33.5 -7.5
      vertex 16.0795 33.1741 -7.5
    endloop
  endfacet
  facet normal 0 0 -1
    outer loop
      vertex 14.4921 33.3747 -7.5
      vertex 16.0795 33.1741 -7.5
      vertex 16.0183 32.8534 -7.5
    endloop
  endfacet
  facet normal 0 0 -1
    outer loop
      vertex 16.1 33.5 -7.5
      vertex 14.5 33.5 -7.5
      vertex 16.0795 33.8259 -7.5
    endloop
  endfacet
  facet normal 0 0 -1
    outer loop
      vertex 14.4686 33.2513 -7.5
      vertex 16.0183 32.8534 -7.5
      vertex 15.9174 32.5429 -7.5
    endloop
  endfacet
  facet normal 0 0 -1
    outer loop
      vertex 14.4921 33.6253 -7.5
      vertex 16.0795 33.8259 -7.5
      vertex 14.5 33.5 -7.5
    endloop
  endfacet
  facet normal 0 0 -1
    outer loop
      vertex 14.4298 33.1319 -7.5
      vertex 15.9174 32.5429 -7.5
      vertex 15.7784 32.2474 -7.5
    endloop
  endfacet
  facet normal -0 0 -1
    outer loop
      vertex 16.0795 33.8259 -7.5
      vertex 14.4921 33.6253 -7.5
      vertex 16.0183 34.1466 -7.5
    endloop
  endfacet
  facet normal 0 0 -1
    outer loop
      vertex 14.3763 33.0182 -7.5
      vertex 15.7784 32.2474 -7.5
      vertex 15.6034 31.9718 -7.5
    endloop
  endfacet
  facet normal 0 0 -1
    outer loop
      vertex 14.4686 33.7487 -7.5
      vertex 16.0183 34.1466 -7.5
      vertex 14.4921 33.6253 -7.5
    endloop
  endfacet
  facet normal 0 0 -1
    outer loop
      vertex 14.309 32.9122 -7.5
      vertex 15.6034 31.9718 -7.5
      vertex 15.3953 31.7202 -7.5
    endloop
  endfacet
  facet normal -0 0 -1
    outer loop
      vertex 16.0183 34.1466 -7.5
      vertex 14.4686 33.7487 -7.5
      vertex 15.9174 34.4571 -7.5
    endloop
  endfacet
  facet normal 0 0 -1
    outer loop
      vertex 14.229 32.8155 -7.5
      vertex 15.3953 31.7202 -7.5
      vertex 15.1573 31.4967 -7.5
    endloop
  endfacet
  facet normal 0 0 -1
    outer loop
      vertex 14.4298 33.8681 -7.5
      vertex 15.9174 34.4571 -7.5
      vertex 14.4686 33.7487 -7.5
    endloop
  endfacet
  facet normal 0 0 -1
    outer loop
      vertex 14.1374 32.7295 -7.5
      vertex 15.1573 31.4967 -7.5
      vertex 14.8931 31.3047 -7.5
    endloop
  endfacet
  facet normal -0 0 -1
    outer loop
      vertex 15.9174 34.4571 -7.5
      vertex 14.4298 33.8681 -7.5
      vertex 15.7784 34.7526 -7.5
    endloop
  endfacet
  facet normal 0 0 -1
    outer loop
      vertex 14.0358 32.6557 -7.5
      vertex 14.8931 31.3047 -7.5
      vertex 14.607 31.1474 -7.5
    endloop
  endfacet
  facet normal 0 0 -1
    outer loop
      vertex 14.3763 33.9818 -7.5
      vertex 15.7784 34.7526 -7.5
      vertex 14.4298 33.8681 -7.5
    endloop
  endfacet
  facet normal -0 0 -1
    outer loop
      vertex 15.7784 34.7526 -7.5
      vertex 14.3763 33.9818 -7.5
      vertex 15.6034 35.0282 -7.5
    endloop
  endfacet
  facet normal 0 0 -1
    outer loop
      vertex 16.0795 33.1741 -7.5
      vertex 14.4921 33.3747 -7.5
      vertex 14.5 33.5 -7.5
    endloop
  endfacet
  facet normal 0 0 -1
    outer loop
      vertex 16.0183 32.8534 -7.5
      vertex 14.4686 33.2513 -7.5
      vertex 14.4921 33.3747 -7.5
    endloop
  endfacet
  facet normal 0 0 -1
    outer loop
      vertex 15.9174 32.5429 -7.5
      vertex 14.4298 33.1319 -7.5
      vertex 14.4686 33.2513 -7.5
    endloop
  endfacet
  facet normal 0 0 -1
    outer loop
      vertex 15.7784 32.2474 -7.5
      vertex 14.3763 33.0182 -7.5
      vertex 14.4298 33.1319 -7.5
    endloop
  endfacet
  facet normal 0 0 -1
    outer loop
      vertex 15.6034 31.9718 -7.5
      vertex 14.309 32.9122 -7.5
      vertex 14.3763 33.0182 -7.5
    endloop
  endfacet
  facet normal 0 0 -1
    outer loop
      vertex 13.9258 32.5952 -7.5
      vertex 14.607 31.1474 -7.5
      vertex 14.3034 31.0273 -7.5
    endloop
  endfacet
  facet normal 0 0 -1
    outer loop
      vertex 15.3953 31.7202 -7.5
      vertex 14.229 32.8155 -7.5
      vertex 14.309 32.9122 -7.5
    endloop
  endfacet
  facet normal 0 0 -1
    outer loop
      vertex 15.1573 31.4967 -7.5
      vertex 14.1374 32.7295 -7.5
      vertex 14.229 32.8155 -7.5
    endloop
  endfacet
  facet normal 0 0 -1
    outer loop
      vertex 14.8931 31.3047 -7.5
      vertex 14.0358 32.6557 -7.5
      vertex 14.1374 32.7295 -7.5
    endloop
  endfacet
  facet normal 0 0 -1
    outer loop
      vertex 13.809 32.5489 -7.5
      vertex 14.3034 31.0273 -7.5
      vertex 13.9872 30.9461 -7.5
    endloop
  endfacet
  facet normal 0 0 -1
    outer loop
      vertex 14.607 31.1474 -7.5
      vertex 13.9258 32.5952 -7.5
      vertex 14.0358 32.6557 -7.5
    endloop
  endfacet
  facet normal 0 0 -1
    outer loop
      vertex 14.3034 31.0273 -7.5
      vertex 13.809 32.5489 -7.5
      vertex 13.9258 32.5952 -7.5
    endloop
  endfacet
  facet normal 0 0 -1
    outer loop
      vertex 13.9872 30.9461 -7.5
      vertex 13.6874 32.5177 -7.5
      vertex 13.809 32.5489 -7.5
    endloop
  endfacet
  facet normal 0 0 -1
    outer loop
      vertex 13.6633 30.9051 -7.5
      vertex 13.6874 32.5177 -7.5
      vertex 13.9872 30.9461 -7.5
    endloop
  endfacet
  facet normal 0 0 -1
    outer loop
      vertex 13.6633 30.9051 -7.5
      vertex 13.5628 32.502 -7.5
      vertex 13.6874 32.5177 -7.5
    endloop
  endfacet
  facet normal 0 0 -1
    outer loop
      vertex 13.6633 30.9051 -7.5
      vertex 13.4372 32.502 -7.5
      vertex 13.5628 32.502 -7.5
    endloop
  endfacet
  facet normal 0 0 -1
    outer loop
      vertex 13.3367 30.9051 -7.5
      vertex 13.4372 32.502 -7.5
      vertex 13.6633 30.9051 -7.5
    endloop
  endfacet
  facet normal 0 0 -1
    outer loop
      vertex 13.3367 30.9051 -7.5
      vertex 13.3126 32.5177 -7.5
      vertex 13.4372 32.502 -7.5
    endloop
  endfacet
  facet normal 0 0 -1
    outer loop
      vertex 13.0128 30.9461 -7.5
      vertex 13.3126 32.5177 -7.5
      vertex 13.3367 30.9051 -7.5
    endloop
  endfacet
  facet normal -0 0 -1
    outer loop
      vertex 13.3126 32.5177 -7.5
      vertex 13.0128 30.9461 -7.5
      vertex 13.191 32.5489 -7.5
    endloop
  endfacet
  facet normal 0 0 -1
    outer loop
      vertex 12.6966 31.0273 -7.5
      vertex 13.191 32.5489 -7.5
      vertex 13.0128 30.9461 -7.5
    endloop
  endfacet
  facet normal -0 0 -1
    outer loop
      vertex 13.191 32.5489 -7.5
      vertex 12.6966 31.0273 -7.5
      vertex 13.0742 32.5952 -7.5
    endloop
  endfacet
  facet normal 0 0 -1
    outer loop
      vertex 12.393 31.1474 -7.5
      vertex 13.0742 32.5952 -7.5
      vertex 12.6966 31.0273 -7.5
    endloop
  endfacet
  facet normal -0 0 -1
    outer loop
      vertex 13.0742 32.5952 -7.5
      vertex 12.393 31.1474 -7.5
      vertex 12.9642 32.6557 -7.5
    endloop
  endfacet
  facet normal 0 0 -1
    outer loop
      vertex 12.1069 31.3047 -7.5
      vertex 12.9642 32.6557 -7.5
      vertex 12.393 31.1474 -7.5
    endloop
  endfacet
  facet normal -0 0 -1
    outer loop
      vertex 12.9642 32.6557 -7.5
      vertex 12.1069 31.3047 -7.5
      vertex 12.8626 32.7295 -7.5
    endloop
  endfacet
  facet normal 0 0 -1
    outer loop
      vertex 11.8427 31.4967 -7.5
      vertex 12.8626 32.7295 -7.5
      vertex 12.1069 31.3047 -7.5
    endloop
  endfacet
  facet normal -0 0 -1
    outer loop
      vertex 12.8626 32.7295 -7.5
      vertex 11.8427 31.4967 -7.5
      vertex 12.771 32.8155 -7.5
    endloop
  endfacet
  facet normal 0 0 -1
    outer loop
      vertex 11.6047 31.7202 -7.5
      vertex 12.771 32.8155 -7.5
      vertex 11.8427 31.4967 -7.5
    endloop
  endfacet
  facet normal -0 0 -1
    outer loop
      vertex 12.771 32.8155 -7.5
      vertex 11.6047 31.7202 -7.5
      vertex 12.691 32.9122 -7.5
    endloop
  endfacet
  facet normal -0 0 -1
    outer loop
      vertex 12.691 32.9122 -7.5
      vertex 11.3966 31.9718 -7.5
      vertex 12.6237 33.0182 -7.5
    endloop
  endfacet
  facet normal 0 0 -1
    outer loop
      vertex 11.3966 31.9718 -7.5
      vertex 12.691 32.9122 -7.5
      vertex 11.6047 31.7202 -7.5
    endloop
  endfacet
  facet normal 0 0 -1
    outer loop
      vertex 14.309 34.0878 -7.5
      vertex 15.6034 35.0282 -7.5
      vertex 14.3763 33.9818 -7.5
    endloop
  endfacet
  facet normal -0 0 -1
    outer loop
      vertex 15.6034 35.0282 -7.5
      vertex 14.309 34.0878 -7.5
      vertex 15.3953 35.2798 -7.5
    endloop
  endfacet
  facet normal 0 0 -1
    outer loop
      vertex 14.229 34.1845 -7.5
      vertex 15.3953 35.2798 -7.5
      vertex 14.309 34.0878 -7.5
    endloop
  endfacet
  facet normal -0 0 -1
    outer loop
      vertex 15.3953 35.2798 -7.5
      vertex 14.229 34.1845 -7.5
      vertex 15.1573 35.5033 -7.5
    endloop
  endfacet
  facet normal 0 0 -1
    outer loop
      vertex 14.1374 34.2705 -7.5
      vertex 15.1573 35.5033 -7.5
      vertex 14.229 34.1845 -7.5
    endloop
  endfacet
  facet normal -0 0 -1
    outer loop
      vertex 15.1573 35.5033 -7.5
      vertex 14.1374 34.2705 -7.5
      vertex 14.8931 35.6953 -7.5
    endloop
  endfacet
  facet normal 0 0 -1
    outer loop
      vertex 14.0358 34.3443 -7.5
      vertex 14.8931 35.6953 -7.5
      vertex 14.1374 34.2705 -7.5
    endloop
  endfacet
  facet normal -0 0 -1
    outer loop
      vertex 14.8931 35.6953 -7.5
      vertex 14.0358 34.3443 -7.5
      vertex 14.607 35.8526 -7.5
    endloop
  endfacet
  facet normal 0 0 -1
    outer loop
      vertex 13.9258 34.4048 -7.5
      vertex 14.607 35.8526 -7.5
      vertex 14.0358 34.3443 -7.5
    endloop
  endfacet
  facet normal -0 0 -1
    outer loop
      vertex 14.607 35.8526 -7.5
      vertex 13.9258 34.4048 -7.5
      vertex 14.3034 35.9727 -7.5
    endloop
  endfacet
  facet normal 0 0 -1
    outer loop
      vertex 13.809 34.4511 -7.5
      vertex 14.3034 35.9727 -7.5
      vertex 13.9258 34.4048 -7.5
    endloop
  endfacet
  facet normal -0 0 -1
    outer loop
      vertex 14.3034 35.9727 -7.5
      vertex 13.809 34.4511 -7.5
      vertex 13.9872 36.0539 -7.5
    endloop
  endfacet
  facet normal 0 0 -1
    outer loop
      vertex 13.6874 34.4823 -7.5
      vertex 13.9872 36.0539 -7.5
      vertex 13.809 34.4511 -7.5
    endloop
  endfacet
  facet normal 0 0 -1
    outer loop
      vertex 13.6874 34.4823 -7.5
      vertex 13.6633 36.0949 -7.5
      vertex 13.9872 36.0539 -7.5
    endloop
  endfacet
  facet normal 0 0 -1
    outer loop
      vertex 13.5628 34.498 -7.5
      vertex 13.6633 36.0949 -7.5
      vertex 13.6874 34.4823 -7.5
    endloop
  endfacet
  facet normal 0 0 -1
    outer loop
      vertex 13.4372 34.498 -7.5
      vertex 13.6633 36.0949 -7.5
      vertex 13.5628 34.498 -7.5
    endloop
  endfacet
  facet normal 0 0 -1
    outer loop
      vertex 13.4372 34.498 -7.5
      vertex 13.3367 36.0949 -7.5
      vertex 13.6633 36.0949 -7.5
    endloop
  endfacet
  facet normal 0 0 -1
    outer loop
      vertex 13.3126 34.4823 -7.5
      vertex 13.3367 36.0949 -7.5
      vertex 13.4372 34.498 -7.5
    endloop
  endfacet
  facet normal 0 0 -1
    outer loop
      vertex 13.0128 36.0539 -7.5
      vertex 13.3126 34.4823 -7.5
      vertex 13.191 34.4511 -7.5
    endloop
  endfacet
  facet normal 0 0 -1
    outer loop
      vertex 12.6966 35.9727 -7.5
      vertex 13.191 34.4511 -7.5
      vertex 13.0742 34.4048 -7.5
    endloop
  endfacet
  facet normal 0 0 -1
    outer loop
      vertex 13.3126 34.4823 -7.5
      vertex 13.0128 36.0539 -7.5
      vertex 13.3367 36.0949 -7.5
    endloop
  endfacet
  facet normal 0 0 -1
    outer loop
      vertex 12.393 35.8526 -7.5
      vertex 13.0742 34.4048 -7.5
      vertex 12.9642 34.3443 -7.5
    endloop
  endfacet
  facet normal 0 0 -1
    outer loop
      vertex 12.1069 35.6953 -7.5
      vertex 12.9642 34.3443 -7.5
      vertex 12.8626 34.2705 -7.5
    endloop
  endfacet
  facet normal 0 0 -1
    outer loop
      vertex 11.8427 35.5033 -7.5
      vertex 12.8626 34.2705 -7.5
      vertex 12.771 34.1845 -7.5
    endloop
  endfacet
  facet normal 0 0 -1
    outer loop
      vertex 13.191 34.4511 -7.5
      vertex 12.6966 35.9727 -7.5
      vertex 13.0128 36.0539 -7.5
    endloop
  endfacet
  facet normal 0 0 -1
    outer loop
      vertex 11.6047 35.2798 -7.5
      vertex 12.771 34.1845 -7.5
      vertex 12.691 34.0878 -7.5
    endloop
  endfacet
  facet normal 0 0 -1
    outer loop
      vertex 11.3966 35.0282 -7.5
      vertex 12.691 34.0878 -7.5
      vertex 12.6237 33.9818 -7.5
    endloop
  endfacet
  facet normal 0 0 -1
    outer loop
      vertex 11.2216 34.7526 -7.5
      vertex 12.6237 33.9818 -7.5
      vertex 12.5702 33.8681 -7.5
    endloop
  endfacet
  facet normal 0 0 -1
    outer loop
      vertex 11.0826 34.4571 -7.5
      vertex 12.5702 33.8681 -7.5
      vertex 12.5314 33.7487 -7.5
    endloop
  endfacet
  facet normal 0 0 -1
    outer loop
      vertex 10.9817 34.1466 -7.5
      vertex 12.5314 33.7487 -7.5
      vertex 12.5079 33.6253 -7.5
    endloop
  endfacet
  facet normal 0 0 -1
    outer loop
      vertex 13.0742 34.4048 -7.5
      vertex 12.393 35.8526 -7.5
      vertex 12.6966 35.9727 -7.5
    endloop
  endfacet
  facet normal 0 0 -1
    outer loop
      vertex 10.9205 33.8259 -7.5
      vertex 12.5079 33.6253 -7.5
      vertex 12.5 33.5 -7.5
    endloop
  endfacet
  facet normal 0 0 -1
    outer loop
      vertex 11.2216 32.2474 -7.5
      vertex 12.6237 33.0182 -7.5
      vertex 11.3966 31.9718 -7.5
    endloop
  endfacet
  facet normal -0 0 -1
    outer loop
      vertex 12.6237 33.0182 -7.5
      vertex 11.2216 32.2474 -7.5
      vertex 12.5702 33.1319 -7.5
    endloop
  endfacet
  facet normal 0 0 -1
    outer loop
      vertex 12.9642 34.3443 -7.5
      vertex 12.1069 35.6953 -7.5
      vertex 12.393 35.8526 -7.5
    endloop
  endfacet
  facet normal 0 0 -1
    outer loop
      vertex 11.0826 32.5429 -7.5
      vertex 12.5702 33.1319 -7.5
      vertex 11.2216 32.2474 -7.5
    endloop
  endfacet
  facet normal 0 0 -1
    outer loop
      vertex 12.8626 34.2705 -7.5
      vertex 11.8427 35.5033 -7.5
      vertex 12.1069 35.6953 -7.5
    endloop
  endfacet
  facet normal -0 0 -1
    outer loop
      vertex 12.5702 33.1319 -7.5
      vertex 11.0826 32.5429 -7.5
      vertex 12.5314 33.2513 -7.5
    endloop
  endfacet
  facet normal 0 0 -1
    outer loop
      vertex 12.771 34.1845 -7.5
      vertex 11.6047 35.2798 -7.5
      vertex 11.8427 35.5033 -7.5
    endloop
  endfacet
  facet normal 0 0 -1
    outer loop
      vertex 10.9817 32.8534 -7.5
      vertex 12.5314 33.2513 -7.5
      vertex 11.0826 32.5429 -7.5
    endloop
  endfacet
  facet normal 0 0 -1
    outer loop
      vertex 12.691 34.0878 -7.5
      vertex 11.3966 35.0282 -7.5
      vertex 11.6047 35.2798 -7.5
    endloop
  endfacet
  facet normal -0 0 -1
    outer loop
      vertex 12.5314 33.2513 -7.5
      vertex 10.9817 32.8534 -7.5
      vertex 12.5079 33.3747 -7.5
    endloop
  endfacet
  facet normal 0 0 -1
    outer loop
      vertex 12.6237 33.9818 -7.5
      vertex 11.2216 34.7526 -7.5
      vertex 11.3966 35.0282 -7.5
    endloop
  endfacet
  facet normal 0 0 -1
    outer loop
      vertex 10.9205 33.1741 -7.5
      vertex 12.5079 33.3747 -7.5
      vertex 10.9817 32.8534 -7.5
    endloop
  endfacet
  facet normal 0 0 -1
    outer loop
      vertex 12.5702 33.8681 -7.5
      vertex 11.0826 34.4571 -7.5
      vertex 11.2216 34.7526 -7.5
    endloop
  endfacet
  facet normal -0 0 -1
    outer loop
      vertex 12.5079 33.3747 -7.5
      vertex 10.9205 33.1741 -7.5
      vertex 12.5 33.5 -7.5
    endloop
  endfacet
  facet normal 0 0 -1
    outer loop
      vertex 12.5314 33.7487 -7.5
      vertex 10.9817 34.1466 -7.5
      vertex 11.0826 34.4571 -7.5
    endloop
  endfacet
  facet normal 0 0 -1
    outer loop
      vertex 10.9 33.5 -7.5
      vertex 12.5 33.5 -7.5
      vertex 10.9205 33.1741 -7.5
    endloop
  endfacet
  facet normal 0 0 -1
    outer loop
      vertex 12.5079 33.6253 -7.5
      vertex 10.9205 33.8259 -7.5
      vertex 10.9817 34.1466 -7.5
    endloop
  endfacet
  facet normal 0 0 -1
    outer loop
      vertex 12.5 33.5 -7.5
      vertex 10.9 33.5 -7.5
      vertex 10.9205 33.8259 -7.5
    endloop
  endfacet
  facet normal -0.125431 -0.992102 0
    outer loop
      vertex 12.7505 29.5709 -12.5
      vertex 13.2488 29.5079 -6.5
      vertex 12.7505 29.5709 -6.5
    endloop
  endfacet
  facet normal -0.125431 -0.992102 -0
    outer loop
      vertex 13.2488 29.5079 -6.5
      vertex 12.7505 29.5709 -12.5
      vertex 13.2488 29.5079 -12.5
    endloop
  endfacet
  facet normal -0.481751 -0.876308 0
    outer loop
      vertex 11.3567 30.1227 -12.5
      vertex 11.7969 29.8807 -6.5
      vertex 11.3567 30.1227 -6.5
    endloop
  endfacet
  facet normal -0.481751 -0.876308 -0
    outer loop
      vertex 11.7969 29.8807 -6.5
      vertex 11.3567 30.1227 -12.5
      vertex 11.7969 29.8807 -12.5
    endloop
  endfacet
  facet normal -0.904807 0.425823 0
    outer loop
      vertex 9.78089 34.9725 -12.5
      vertex 9.85266 35.125 -6.5
      vertex 9.85266 35.125 -12.5
    endloop
  endfacet
  facet normal -0.904807 0.425823 0
    outer loop
      vertex 9.85266 35.125 -6.5
      vertex 9.78089 34.9725 -12.5
      vertex 9.78089 34.9725 -6.5
    endloop
  endfacet
  facet normal -0.368127 -0.929775 0
    outer loop
      vertex 11.7969 29.8807 -12.5
      vertex 12.2639 29.6958 -6.5
      vertex 11.7969 29.8807 -6.5
    endloop
  endfacet
  facet normal -0.368127 -0.929775 -0
    outer loop
      vertex 12.2639 29.6958 -6.5
      vertex 11.7969 29.8807 -12.5
      vertex 12.2639 29.6958 -12.5
    endloop
  endfacet
  facet normal -0.982346 -0.187076 0
    outer loop
      vertex 14.4921 33.6253 -7.5
      vertex 14.4686 33.7487 -6.5
      vertex 14.4686 33.7487 -7.5
    endloop
  endfacet
  facet normal -0.982346 -0.187076 0
    outer loop
      vertex 14.4686 33.7487 -6.5
      vertex 14.4921 33.6253 -7.5
      vertex 14.4921 33.6253 -6.5
    endloop
  endfacet
  facet normal -0.998018 -0.0629237 0
    outer loop
      vertex 14.5 33.5 -7.5
      vertex 14.4921 33.6253 -6.5
      vertex 14.4921 33.6253 -7.5
    endloop
  endfacet
  facet normal -0.998018 -0.0629237 0
    outer loop
      vertex 14.4921 33.6253 -6.5
      vertex 14.5 33.5 -7.5
      vertex 14.5 33.5 -6.5
    endloop
  endfacet
  facet normal -0.844219 -0.535999 0
    outer loop
      vertex 14.3763 33.9818 -7.5
      vertex 14.309 34.0878 -6.5
      vertex 14.309 34.0878 -7.5
    endloop
  endfacet
  facet normal -0.844219 -0.535999 0
    outer loop
      vertex 14.309 34.0878 -6.5
      vertex 14.3763 33.9818 -7.5
      vertex 14.3763 33.9818 -6.5
    endloop
  endfacet
  facet normal -0.68447 -0.729041 0
    outer loop
      vertex 14.1374 34.2705 -7.5
      vertex 14.229 34.1845 -6.5
      vertex 14.1374 34.2705 -6.5
    endloop
  endfacet
  facet normal -0.68447 -0.729041 -0
    outer loop
      vertex 14.229 34.1845 -6.5
      vertex 14.1374 34.2705 -7.5
      vertex 14.229 34.1845 -7.5
    endloop
  endfacet
  facet normal 0.248529 -0.968625 0
    outer loop
      vertex 13.191 34.4511 -7.5
      vertex 13.3126 34.4823 -6.5
      vertex 13.191 34.4511 -6.5
    endloop
  endfacet
  facet normal 0.248529 -0.968625 0
    outer loop
      vertex 13.3126 34.4823 -6.5
      vertex 13.191 34.4511 -7.5
      vertex 13.3126 34.4823 -7.5
    endloop
  endfacet
  facet normal 0.770502 0.637437 0
    outer loop
      vertex 12.771 32.8155 -6.5
      vertex 12.691 32.9122 -7.5
      vertex 12.691 32.9122 -6.5
    endloop
  endfacet
  facet normal 0.770502 0.637437 0
    outer loop
      vertex 12.691 32.9122 -7.5
      vertex 12.771 32.8155 -6.5
      vertex 12.771 32.8155 -7.5
    endloop
  endfacet
  facet normal -0.904837 0.425759 0
    outer loop
      vertex 14.3763 33.0182 -7.5
      vertex 14.4298 33.1319 -6.5
      vertex 14.4298 33.1319 -7.5
    endloop
  endfacet
  facet normal -0.904837 0.425759 0
    outer loop
      vertex 14.4298 33.1319 -6.5
      vertex 14.3763 33.0182 -7.5
      vertex 14.3763 33.0182 -6.5
    endloop
  endfacet
  facet normal -0.481919 -0.876216 0
    outer loop
      vertex 13.9258 34.4048 -7.5
      vertex 14.0358 34.3443 -6.5
      vertex 13.9258 34.4048 -6.5
    endloop
  endfacet
  facet normal -0.481919 -0.876216 -0
    outer loop
      vertex 14.0358 34.3443 -6.5
      vertex 13.9258 34.4048 -7.5
      vertex 14.0358 34.3443 -7.5
    endloop
  endfacet
  facet normal -0.248529 0.968625 0
    outer loop
      vertex 13.809 32.5489 -7.5
      vertex 13.6874 32.5177 -6.5
      vertex 13.809 32.5489 -6.5
    endloop
  endfacet
  facet normal -0.248529 0.968625 0
    outer loop
      vertex 13.6874 32.5177 -6.5
      vertex 13.809 32.5489 -7.5
      vertex 13.6874 32.5177 -7.5
    endloop
  endfacet
  facet normal 0.951046 -0.30905 0
    outer loop
      vertex 12.5314 33.7487 -6.5
      vertex 12.5702 33.8681 -7.5
      vertex 12.5702 33.8681 -6.5
    endloop
  endfacet
  facet normal 0.951046 -0.30905 0
    outer loop
      vertex 12.5702 33.8681 -7.5
      vertex 12.5314 33.7487 -6.5
      vertex 12.5314 33.7487 -7.5
    endloop
  endfacet
  facet normal 0.481919 -0.876216 0
    outer loop
      vertex 12.9642 34.3443 -7.5
      vertex 13.0742 34.4048 -6.5
      vertex 12.9642 34.3443 -6.5
    endloop
  endfacet
  facet normal 0.481919 -0.876216 0
    outer loop
      vertex 13.0742 34.4048 -6.5
      vertex 12.9642 34.3443 -7.5
      vertex 13.0742 34.4048 -7.5
    endloop
  endfacet
  facet normal 0.998018 -0.0629237 0
    outer loop
      vertex 12.5 33.5 -6.5
      vertex 12.5079 33.6253 -7.5
      vertex 12.5079 33.6253 -6.5
    endloop
  endfacet
  facet normal 0.998018 -0.0629237 0
    outer loop
      vertex 12.5079 33.6253 -7.5
      vertex 12.5 33.5 -6.5
      vertex 12.5 33.5 -7.5
    endloop
  endfacet
  facet normal 0 -1 0
    outer loop
      vertex 13.4372 34.498 -7.5
      vertex 13.5628 34.498 -6.5
      vertex 13.4372 34.498 -6.5
    endloop
  endfacet
  facet normal 0 -1 -0
    outer loop
      vertex 13.5628 34.498 -6.5
      vertex 13.4372 34.498 -7.5
      vertex 13.5628 34.498 -7.5
    endloop
  endfacet
  facet normal -0.844219 0.535999 0
    outer loop
      vertex 14.309 32.9122 -7.5
      vertex 14.3763 33.0182 -6.5
      vertex 14.3763 33.0182 -7.5
    endloop
  endfacet
  facet normal -0.844219 0.535999 0
    outer loop
      vertex 14.3763 33.0182 -6.5
      vertex 14.309 32.9122 -7.5
      vertex 14.309 32.9122 -6.5
    endloop
  endfacet
  facet normal 0.844219 -0.535999 0
    outer loop
      vertex 12.6237 33.9818 -6.5
      vertex 12.691 34.0878 -7.5
      vertex 12.691 34.0878 -6.5
    endloop
  endfacet
  facet normal 0.844219 -0.535999 0
    outer loop
      vertex 12.691 34.0878 -7.5
      vertex 12.6237 33.9818 -6.5
      vertex 12.6237 33.9818 -7.5
    endloop
  endfacet
  facet normal -0.68447 0.729041 0
    outer loop
      vertex 14.229 32.8155 -7.5
      vertex 14.1374 32.7295 -6.5
      vertex 14.229 32.8155 -6.5
    endloop
  endfacet
  facet normal -0.68447 0.729041 0
    outer loop
      vertex 14.1374 32.7295 -6.5
      vertex 14.229 32.8155 -7.5
      vertex 14.1374 32.7295 -7.5
    endloop
  endfacet
  facet normal 0.982346 0.187076 0
    outer loop
      vertex 12.5314 33.2513 -6.5
      vertex 12.5079 33.3747 -7.5
      vertex 12.5079 33.3747 -6.5
    endloop
  endfacet
  facet normal 0.982346 0.187076 0
    outer loop
      vertex 12.5079 33.3747 -7.5
      vertex 12.5314 33.2513 -6.5
      vertex 12.5314 33.2513 -7.5
    endloop
  endfacet
  facet normal 0.248529 0.968625 -0
    outer loop
      vertex 13.3126 32.5177 -7.5
      vertex 13.191 32.5489 -6.5
      vertex 13.3126 32.5177 -6.5
    endloop
  endfacet
  facet normal 0.248529 0.968625 0
    outer loop
      vertex 13.191 32.5489 -6.5
      vertex 13.3126 32.5177 -7.5
      vertex 13.191 32.5489 -7.5
    endloop
  endfacet
  facet normal 0.904837 0.425759 0
    outer loop
      vertex 12.6237 33.0182 -6.5
      vertex 12.5702 33.1319 -7.5
      vertex 12.5702 33.1319 -6.5
    endloop
  endfacet
  facet normal 0.904837 0.425759 0
    outer loop
      vertex 12.5702 33.1319 -7.5
      vertex 12.6237 33.0182 -6.5
      vertex 12.6237 33.0182 -7.5
    endloop
  endfacet
  facet normal -0.125015 0.992155 0
    outer loop
      vertex 13.6874 32.5177 -7.5
      vertex 13.5628 32.502 -6.5
      vertex 13.6874 32.5177 -6.5
    endloop
  endfacet
  facet normal -0.125015 0.992155 0
    outer loop
      vertex 13.5628 32.502 -6.5
      vertex 13.6874 32.5177 -7.5
      vertex 13.5628 32.502 -7.5
    endloop
  endfacet
  facet normal 0.68447 -0.729041 0
    outer loop
      vertex 12.771 34.1845 -7.5
      vertex 12.8626 34.2705 -6.5
      vertex 12.771 34.1845 -6.5
    endloop
  endfacet
  facet normal 0.68447 -0.729041 0
    outer loop
      vertex 12.8626 34.2705 -6.5
      vertex 12.771 34.1845 -7.5
      vertex 12.8626 34.2705 -7.5
    endloop
  endfacet
  facet normal 0.844219 0.535999 0
    outer loop
      vertex 12.691 32.9122 -6.5
      vertex 12.6237 33.0182 -7.5
      vertex 12.6237 33.0182 -6.5
    endloop
  endfacet
  facet normal 0.844219 0.535999 0
    outer loop
      vertex 12.6237 33.0182 -7.5
      vertex 12.691 32.9122 -6.5
      vertex 12.691 32.9122 -7.5
    endloop
  endfacet
  facet normal -0.904837 -0.425759 0
    outer loop
      vertex 14.4298 33.8681 -7.5
      vertex 14.3763 33.9818 -6.5
      vertex 14.3763 33.9818 -7.5
    endloop
  endfacet
  facet normal -0.904837 -0.425759 0
    outer loop
      vertex 14.3763 33.9818 -6.5
      vertex 14.4298 33.8681 -7.5
      vertex 14.4298 33.8681 -6.5
    endloop
  endfacet
  facet normal 0.770502 -0.637437 0
    outer loop
      vertex 12.691 34.0878 -6.5
      vertex 12.771 34.1845 -7.5
      vertex 12.771 34.1845 -6.5
    endloop
  endfacet
  facet normal 0.770502 -0.637437 0
    outer loop
      vertex 12.771 34.1845 -7.5
      vertex 12.691 34.0878 -6.5
      vertex 12.691 34.0878 -7.5
    endloop
  endfacet
  facet normal -0.587698 -0.80908 0
    outer loop
      vertex 14.0358 34.3443 -7.5
      vertex 14.1374 34.2705 -6.5
      vertex 14.0358 34.3443 -6.5
    endloop
  endfacet
  facet normal -0.587698 -0.80908 -0
    outer loop
      vertex 14.1374 34.2705 -6.5
      vertex 14.0358 34.3443 -7.5
      vertex 14.1374 34.2705 -7.5
    endloop
  endfacet
  facet normal -0.481919 0.876216 0
    outer loop
      vertex 14.0358 32.6557 -7.5
      vertex 13.9258 32.5952 -6.5
      vertex 14.0358 32.6557 -6.5
    endloop
  endfacet
  facet normal -0.481919 0.876216 0
    outer loop
      vertex 13.9258 32.5952 -6.5
      vertex 14.0358 32.6557 -7.5
      vertex 13.9258 32.5952 -7.5
    endloop
  endfacet
  facet normal 0.368507 -0.929625 0
    outer loop
      vertex 13.0742 34.4048 -7.5
      vertex 13.191 34.4511 -6.5
      vertex 13.0742 34.4048 -6.5
    endloop
  endfacet
  facet normal 0.368507 -0.929625 0
    outer loop
      vertex 13.191 34.4511 -6.5
      vertex 13.0742 34.4048 -7.5
      vertex 13.191 34.4511 -7.5
    endloop
  endfacet
  facet normal -0.982346 0.187076 0
    outer loop
      vertex 14.4686 33.2513 -7.5
      vertex 14.4921 33.3747 -6.5
      vertex 14.4921 33.3747 -7.5
    endloop
  endfacet
  facet normal -0.982346 0.187076 0
    outer loop
      vertex 14.4921 33.3747 -6.5
      vertex 14.4686 33.2513 -7.5
      vertex 14.4686 33.2513 -6.5
    endloop
  endfacet
  facet normal -0.998018 0.0629237 0
    outer loop
      vertex 14.4921 33.3747 -7.5
      vertex 14.5 33.5 -6.5
      vertex 14.5 33.5 -7.5
    endloop
  endfacet
  facet normal -0.998018 0.0629237 0
    outer loop
      vertex 14.5 33.5 -6.5
      vertex 14.4921 33.3747 -7.5
      vertex 14.4921 33.3747 -6.5
    endloop
  endfacet
  facet normal 0.951046 0.30905 0
    outer loop
      vertex 12.5702 33.1319 -6.5
      vertex 12.5314 33.2513 -7.5
      vertex 12.5314 33.2513 -6.5
    endloop
  endfacet
  facet normal 0.951046 0.30905 0
    outer loop
      vertex 12.5314 33.2513 -7.5
      vertex 12.5702 33.1319 -6.5
      vertex 12.5702 33.1319 -7.5
    endloop
  endfacet
  facet normal 0 1 -0
    outer loop
      vertex 13.5628 32.502 -7.5
      vertex 13.4372 32.502 -6.5
      vertex 13.5628 32.502 -6.5
    endloop
  endfacet
  facet normal 0 1 0
    outer loop
      vertex 13.4372 32.502 -6.5
      vertex 13.5628 32.502 -7.5
      vertex 13.4372 32.502 -7.5
    endloop
  endfacet
  facet normal -0.368507 0.929625 0
    outer loop
      vertex 13.9258 32.5952 -7.5
      vertex 13.809 32.5489 -6.5
      vertex 13.9258 32.5952 -6.5
    endloop
  endfacet
  facet normal -0.368507 0.929625 0
    outer loop
      vertex 13.809 32.5489 -6.5
      vertex 13.9258 32.5952 -7.5
      vertex 13.809 32.5489 -7.5
    endloop
  endfacet
  facet normal 0.587698 -0.80908 0
    outer loop
      vertex 12.8626 34.2705 -7.5
      vertex 12.9642 34.3443 -6.5
      vertex 12.8626 34.2705 -6.5
    endloop
  endfacet
  facet normal 0.587698 -0.80908 0
    outer loop
      vertex 12.9642 34.3443 -6.5
      vertex 12.8626 34.2705 -7.5
      vertex 12.9642 34.3443 -7.5
    endloop
  endfacet
  facet normal -0.951046 0.30905 0
    outer loop
      vertex 14.4298 33.1319 -7.5
      vertex 14.4686 33.2513 -6.5
      vertex 14.4686 33.2513 -7.5
    endloop
  endfacet
  facet normal -0.951046 0.30905 0
    outer loop
      vertex 14.4686 33.2513 -6.5
      vertex 14.4298 33.1319 -7.5
      vertex 14.4298 33.1319 -6.5
    endloop
  endfacet
  facet normal 0.982346 -0.187076 0
    outer loop
      vertex 12.5079 33.6253 -6.5
      vertex 12.5314 33.7487 -7.5
      vertex 12.5314 33.7487 -6.5
    endloop
  endfacet
  facet normal 0.982346 -0.187076 0
    outer loop
      vertex 12.5314 33.7487 -7.5
      vertex 12.5079 33.6253 -6.5
      vertex 12.5079 33.6253 -7.5
    endloop
  endfacet
  facet normal -0.368507 -0.929625 0
    outer loop
      vertex 13.809 34.4511 -7.5
      vertex 13.9258 34.4048 -6.5
      vertex 13.809 34.4511 -6.5
    endloop
  endfacet
  facet normal -0.368507 -0.929625 -0
    outer loop
      vertex 13.9258 34.4048 -6.5
      vertex 13.809 34.4511 -7.5
      vertex 13.9258 34.4048 -7.5
    endloop
  endfacet
  facet normal -0.770502 -0.637437 0
    outer loop
      vertex 14.309 34.0878 -7.5
      vertex 14.229 34.1845 -6.5
      vertex 14.229 34.1845 -7.5
    endloop
  endfacet
  facet normal -0.770502 -0.637437 0
    outer loop
      vertex 14.229 34.1845 -6.5
      vertex 14.309 34.0878 -7.5
      vertex 14.309 34.0878 -6.5
    endloop
  endfacet
  facet normal 0.368507 0.929625 -0
    outer loop
      vertex 13.191 32.5489 -7.5
      vertex 13.0742 32.5952 -6.5
      vertex 13.191 32.5489 -6.5
    endloop
  endfacet
  facet normal 0.368507 0.929625 0
    outer loop
      vertex 13.0742 32.5952 -6.5
      vertex 13.191 32.5489 -7.5
      vertex 13.0742 32.5952 -7.5
    endloop
  endfacet
  facet normal -0.951046 -0.30905 0
    outer loop
      vertex 14.4686 33.7487 -7.5
      vertex 14.4298 33.8681 -6.5
      vertex 14.4298 33.8681 -7.5
    endloop
  endfacet
  facet normal -0.951046 -0.30905 0
    outer loop
      vertex 14.4298 33.8681 -6.5
      vertex 14.4686 33.7487 -7.5
      vertex 14.4686 33.7487 -6.5
    endloop
  endfacet
  facet normal -0.770502 0.637437 0
    outer loop
      vertex 14.229 32.8155 -7.5
      vertex 14.309 32.9122 -6.5
      vertex 14.309 32.9122 -7.5
    endloop
  endfacet
  facet normal -0.770502 0.637437 0
    outer loop
      vertex 14.309 32.9122 -6.5
      vertex 14.229 32.8155 -7.5
      vertex 14.229 32.8155 -6.5
    endloop
  endfacet
  facet normal 0.587698 0.80908 -0
    outer loop
      vertex 12.9642 32.6557 -7.5
      vertex 12.8626 32.7295 -6.5
      vertex 12.9642 32.6557 -6.5
    endloop
  endfacet
  facet normal 0.587698 0.80908 0
    outer loop
      vertex 12.8626 32.7295 -6.5
      vertex 12.9642 32.6557 -7.5
      vertex 12.8626 32.7295 -7.5
    endloop
  endfacet
  facet normal 0.125015 -0.992155 0
    outer loop
      vertex 13.3126 34.4823 -7.5
      vertex 13.4372 34.498 -6.5
      vertex 13.3126 34.4823 -6.5
    endloop
  endfacet
  facet normal 0.125015 -0.992155 0
    outer loop
      vertex 13.4372 34.498 -6.5
      vertex 13.3126 34.4823 -7.5
      vertex 13.4372 34.498 -7.5
    endloop
  endfacet
  facet normal -0.125015 -0.992155 0
    outer loop
      vertex 13.5628 34.498 -7.5
      vertex 13.6874 34.4823 -6.5
      vertex 13.5628 34.498 -6.5
    endloop
  endfacet
  facet normal -0.125015 -0.992155 -0
    outer loop
      vertex 13.6874 34.4823 -6.5
      vertex 13.5628 34.498 -7.5
      vertex 13.6874 34.4823 -7.5
    endloop
  endfacet
  facet normal 0.68447 0.729041 -0
    outer loop
      vertex 12.8626 32.7295 -7.5
      vertex 12.771 32.8155 -6.5
      vertex 12.8626 32.7295 -6.5
    endloop
  endfacet
  facet normal 0.68447 0.729041 0
    outer loop
      vertex 12.771 32.8155 -6.5
      vertex 12.8626 32.7295 -7.5
      vertex 12.771 32.8155 -7.5
    endloop
  endfacet
  facet normal 0.998018 0.0629237 0
    outer loop
      vertex 12.5079 33.3747 -6.5
      vertex 12.5 33.5 -7.5
      vertex 12.5 33.5 -6.5
    endloop
  endfacet
  facet normal 0.998018 0.0629237 0
    outer loop
      vertex 12.5 33.5 -7.5
      vertex 12.5079 33.3747 -6.5
      vertex 12.5079 33.3747 -7.5
    endloop
  endfacet
  facet normal 0.904837 -0.425759 0
    outer loop
      vertex 12.5702 33.8681 -6.5
      vertex 12.6237 33.9818 -7.5
      vertex 12.6237 33.9818 -6.5
    endloop
  endfacet
  facet normal 0.904837 -0.425759 0
    outer loop
      vertex 12.6237 33.9818 -7.5
      vertex 12.5702 33.8681 -6.5
      vertex 12.5702 33.8681 -7.5
    endloop
  endfacet
  facet normal 0.125015 0.992155 -0
    outer loop
      vertex 13.4372 32.502 -7.5
      vertex 13.3126 32.5177 -6.5
      vertex 13.4372 32.502 -6.5
    endloop
  endfacet
  facet normal 0.125015 0.992155 0
    outer loop
      vertex 13.3126 32.5177 -6.5
      vertex 13.4372 32.502 -7.5
      vertex 13.3126 32.5177 -7.5
    endloop
  endfacet
  facet normal -0.587698 0.80908 0
    outer loop
      vertex 14.1374 32.7295 -7.5
      vertex 14.0358 32.6557 -6.5
      vertex 14.1374 32.7295 -6.5
    endloop
  endfacet
  facet normal -0.587698 0.80908 0
    outer loop
      vertex 14.0358 32.6557 -6.5
      vertex 14.1374 32.7295 -7.5
      vertex 14.0358 32.6557 -7.5
    endloop
  endfacet
  facet normal 0.481919 0.876216 -0
    outer loop
      vertex 13.0742 32.5952 -7.5
      vertex 12.9642 32.6557 -6.5
      vertex 13.0742 32.5952 -6.5
    endloop
  endfacet
  facet normal 0.481919 0.876216 0
    outer loop
      vertex 12.9642 32.6557 -6.5
      vertex 13.0742 32.5952 -7.5
      vertex 12.9642 32.6557 -7.5
    endloop
  endfacet
  facet normal -0.248529 -0.968625 0
    outer loop
      vertex 13.6874 34.4823 -7.5
      vertex 13.809 34.4511 -6.5
      vertex 13.6874 34.4823 -6.5
    endloop
  endfacet
  facet normal -0.248529 -0.968625 -0
    outer loop
      vertex 13.809 34.4511 -6.5
      vertex 13.6874 34.4823 -7.5
      vertex 13.809 34.4511 -7.5
    endloop
  endfacet
  facet normal -0.24862 0.968601 0
    outer loop
      vertex 12.7505 -29.5709 -12.5
      vertex 12.2639 -29.6958 -6.5
      vertex 12.7505 -29.5709 -6.5
    endloop
  endfacet
  facet normal -0.24862 0.968601 0
    outer loop
      vertex 12.2639 -29.6958 -6.5
      vertex 12.7505 -29.5709 -12.5
      vertex 12.2639 -29.6958 -12.5
    endloop
  endfacet
  facet normal -0.684563 0.728953 0
    outer loop
      vertex 10.9503 -30.4179 -12.5
      vertex 10.5841 -30.7618 -6.5
      vertex 10.9503 -30.4179 -6.5
    endloop
  endfacet
  facet normal -0.684563 0.728953 0
    outer loop
      vertex 10.5841 -30.7618 -6.5
      vertex 10.9503 -30.4179 -12.5
      vertex 10.5841 -30.7618 -12.5
    endloop
  endfacet
  facet normal -0.998027 -0.0627923 0
    outer loop
      vertex 9.53154 -34.0013 -12.5
      vertex 9.5 -33.5 -6.5
      vertex 9.5 -33.5 -12.5
    endloop
  endfacet
  facet normal -0.998027 -0.0627923 0
    outer loop
      vertex 9.5 -33.5 -6.5
      vertex 9.53154 -34.0013 -12.5
      vertex 9.53154 -34.0013 -6.5
    endloop
  endfacet
  facet normal -0.982291 -0.187362 0
    outer loop
      vertex 9.62567 -34.4948 -12.5
      vertex 9.53154 -34.0013 -6.5
      vertex 9.53154 -34.0013 -12.5
    endloop
  endfacet
  facet normal -0.982291 -0.187362 0
    outer loop
      vertex 9.53154 -34.0013 -6.5
      vertex 9.62567 -34.4948 -12.5
      vertex 9.62567 -34.4948 -6.5
    endloop
  endfacet
  facet normal -0.982291 0.187362 0
    outer loop
      vertex 9.53154 -32.9987 -12.5
      vertex 9.62567 -32.5052 -6.5
      vertex 9.62567 -32.5052 -12.5
    endloop
  endfacet
  facet normal -0.982291 0.187362 0
    outer loop
      vertex 9.62567 -32.5052 -6.5
      vertex 9.53154 -32.9987 -12.5
      vertex 9.53154 -32.9987 -6.5
    endloop
  endfacet
  facet normal 0 0 1
    outer loop
      vertex 15.125 -35.125 -6.5
      vertex 14.4921 -33.3747 -6.5
      vertex 14.5 -33.5 -6.5
    endloop
  endfacet
  facet normal 0 0 1
    outer loop
      vertex 15.125 -29.8498 -6.5
      vertex 14.4686 -33.2513 -6.5
      vertex 14.4921 -33.3747 -6.5
    endloop
  endfacet
  facet normal 0 0 1
    outer loop
      vertex 15.125 -29.8498 -6.5
      vertex 14.4298 -33.1319 -6.5
      vertex 14.4686 -33.2513 -6.5
    endloop
  endfacet
  facet normal 0 0 1
    outer loop
      vertex 15.125 -29.8498 -6.5
      vertex 14.3763 -33.0182 -6.5
      vertex 14.4298 -33.1319 -6.5
    endloop
  endfacet
  facet normal 0 0 1
    outer loop
      vertex 15.125 -29.8498 -6.5
      vertex 14.309 -32.9122 -6.5
      vertex 14.3763 -33.0182 -6.5
    endloop
  endfacet
  facet normal 0 0 1
    outer loop
      vertex 13.809 -32.5489 -6.5
      vertex 14.7361 -29.6958 -6.5
      vertex 14.2495 -29.5709 -6.5
    endloop
  endfacet
  facet normal 0 0 1
    outer loop
      vertex 15.125 -29.8498 -6.5
      vertex 14.229 -32.8155 -6.5
      vertex 14.309 -32.9122 -6.5
    endloop
  endfacet
  facet normal 0 0 1
    outer loop
      vertex 15.125 -29.8498 -6.5
      vertex 14.1374 -32.7295 -6.5
      vertex 14.229 -32.8155 -6.5
    endloop
  endfacet
  facet normal 0 0 1
    outer loop
      vertex 15.125 -29.8498 -6.5
      vertex 14.0358 -32.6557 -6.5
      vertex 14.1374 -32.7295 -6.5
    endloop
  endfacet
  facet normal 0 0 1
    outer loop
      vertex 15.125 -29.8498 -6.5
      vertex 13.9258 -32.5952 -6.5
      vertex 14.0358 -32.6557 -6.5
    endloop
  endfacet
  facet normal 0 0 1
    outer loop
      vertex 15.125 -29.8498 -6.5
      vertex 13.809 -32.5489 -6.5
      vertex 13.9258 -32.5952 -6.5
    endloop
  endfacet
  facet normal 0 0 1
    outer loop
      vertex 13.6874 -32.5177 -6.5
      vertex 14.2495 -29.5709 -6.5
      vertex 13.7512 -29.5079 -6.5
    endloop
  endfacet
  facet normal 0 0 1
    outer loop
      vertex 14.2495 -29.5709 -6.5
      vertex 13.6874 -32.5177 -6.5
      vertex 13.809 -32.5489 -6.5
    endloop
  endfacet
  facet normal 0 0 1
    outer loop
      vertex 13.7512 -29.5079 -6.5
      vertex 13.5628 -32.502 -6.5
      vertex 13.6874 -32.5177 -6.5
    endloop
  endfacet
  facet normal 0 0 1
    outer loop
      vertex 13.7512 -29.5079 -6.5
      vertex 13.4372 -32.502 -6.5
      vertex 13.5628 -32.502 -6.5
    endloop
  endfacet
  facet normal -0 0 1
    outer loop
      vertex 13.2488 -29.5079 -6.5
      vertex 13.4372 -32.502 -6.5
      vertex 13.7512 -29.5079 -6.5
    endloop
  endfacet
  facet normal 0 0 1
    outer loop
      vertex 13.4372 -32.502 -6.5
      vertex 13.2488 -29.5079 -6.5
      vertex 13.3126 -32.5177 -6.5
    endloop
  endfacet
  facet normal -0 0 1
    outer loop
      vertex 12.7505 -29.5709 -6.5
      vertex 13.3126 -32.5177 -6.5
      vertex 13.2488 -29.5079 -6.5
    endloop
  endfacet
  facet normal 0 0 1
    outer loop
      vertex 13.3126 -32.5177 -6.5
      vertex 12.7505 -29.5709 -6.5
      vertex 13.191 -32.5489 -6.5
    endloop
  endfacet
  facet normal -0 0 1
    outer loop
      vertex 12.2639 -29.6958 -6.5
      vertex 13.191 -32.5489 -6.5
      vertex 12.7505 -29.5709 -6.5
    endloop
  endfacet
  facet normal 0 0 1
    outer loop
      vertex 13.191 -32.5489 -6.5
      vertex 12.2639 -29.6958 -6.5
      vertex 13.0742 -32.5952 -6.5
    endloop
  endfacet
  facet normal -0 0 1
    outer loop
      vertex 11.7969 -29.8807 -6.5
      vertex 13.0742 -32.5952 -6.5
      vertex 12.2639 -29.6958 -6.5
    endloop
  endfacet
  facet normal 0 0 1
    outer loop
      vertex 13.0742 -32.5952 -6.5
      vertex 11.7969 -29.8807 -6.5
      vertex 12.9642 -32.6557 -6.5
    endloop
  endfacet
  facet normal -0 0 1
    outer loop
      vertex 11.3567 -30.1227 -6.5
      vertex 12.9642 -32.6557 -6.5
      vertex 11.7969 -29.8807 -6.5
    endloop
  endfacet
  facet normal 0 0 1
    outer loop
      vertex 12.9642 -32.6557 -6.5
      vertex 11.3567 -30.1227 -6.5
      vertex 12.8626 -32.7295 -6.5
    endloop
  endfacet
  facet normal -0 0 1
    outer loop
      vertex 10.9503 -30.4179 -6.5
      vertex 12.8626 -32.7295 -6.5
      vertex 11.3567 -30.1227 -6.5
    endloop
  endfacet
  facet normal 0 0 1
    outer loop
      vertex 12.8626 -32.7295 -6.5
      vertex 10.9503 -30.4179 -6.5
      vertex 12.771 -32.8155 -6.5
    endloop
  endfacet
  facet normal -0 0 1
    outer loop
      vertex 10.5841 -30.7618 -6.5
      vertex 12.771 -32.8155 -6.5
      vertex 10.9503 -30.4179 -6.5
    endloop
  endfacet
  facet normal -0 0 1
    outer loop
      vertex 10.2639 -31.1489 -6.5
      vertex 12.691 -32.9122 -6.5
      vertex 10.5841 -30.7618 -6.5
    endloop
  endfacet
  facet normal 0 0 1
    outer loop
      vertex 12.771 -32.8155 -6.5
      vertex 10.5841 -30.7618 -6.5
      vertex 12.691 -32.9122 -6.5
    endloop
  endfacet
  facet normal 0 0 1
    outer loop
      vertex 13.809 -32.5489 -6.5
      vertex 15.125 -29.8498 -6.5
      vertex 14.7361 -29.6958 -6.5
    endloop
  endfacet
  facet normal -0 0 1
    outer loop
      vertex 14.4921 -33.3747 -6.5
      vertex 15.125 -35.125 -6.5
      vertex 15.125 -29.8498 -6.5
    endloop
  endfacet
  facet normal -0 0 1
    outer loop
      vertex 14.4921 -33.6253 -6.5
      vertex 15.125 -35.125 -6.5
      vertex 14.5 -33.5 -6.5
    endloop
  endfacet
  facet normal -0 0 1
    outer loop
      vertex 14.4686 -33.7487 -6.5
      vertex 15.125 -35.125 -6.5
      vertex 14.4921 -33.6253 -6.5
    endloop
  endfacet
  facet normal -0 0 1
    outer loop
      vertex 14.4298 -33.8681 -6.5
      vertex 15.125 -35.125 -6.5
      vertex 14.4686 -33.7487 -6.5
    endloop
  endfacet
  facet normal -0 0 1
    outer loop
      vertex 14.3763 -33.9818 -6.5
      vertex 15.125 -35.125 -6.5
      vertex 14.4298 -33.8681 -6.5
    endloop
  endfacet
  facet normal -0 0 1
    outer loop
      vertex 14.309 -34.0878 -6.5
      vertex 15.125 -35.125 -6.5
      vertex 14.3763 -33.9818 -6.5
    endloop
  endfacet
  facet normal -0 0 1
    outer loop
      vertex 14.229 -34.1845 -6.5
      vertex 15.125 -35.125 -6.5
      vertex 14.309 -34.0878 -6.5
    endloop
  endfacet
  facet normal -0 0 1
    outer loop
      vertex 14.1374 -34.2705 -6.5
      vertex 15.125 -35.125 -6.5
      vertex 14.229 -34.1845 -6.5
    endloop
  endfacet
  facet normal -0 0 1
    outer loop
      vertex 14.0358 -34.3443 -6.5
      vertex 15.125 -35.125 -6.5
      vertex 14.1374 -34.2705 -6.5
    endloop
  endfacet
  facet normal -0 0 1
    outer loop
      vertex 13.9258 -34.4048 -6.5
      vertex 15.125 -35.125 -6.5
      vertex 14.0358 -34.3443 -6.5
    endloop
  endfacet
  facet normal -0 0 1
    outer loop
      vertex 13.809 -34.4511 -6.5
      vertex 15.125 -35.125 -6.5
      vertex 13.9258 -34.4048 -6.5
    endloop
  endfacet
  facet normal -0 0 1
    outer loop
      vertex 13.6874 -34.4823 -6.5
      vertex 15.125 -35.125 -6.5
      vertex 13.809 -34.4511 -6.5
    endloop
  endfacet
  facet normal -0 0 1
    outer loop
      vertex 13.5628 -34.498 -6.5
      vertex 15.125 -35.125 -6.5
      vertex 13.6874 -34.4823 -6.5
    endloop
  endfacet
  facet normal -0 0 1
    outer loop
      vertex 13.4372 -34.498 -6.5
      vertex 15.125 -35.125 -6.5
      vertex 13.5628 -34.498 -6.5
    endloop
  endfacet
  facet normal 0 0 1
    outer loop
      vertex 13.3126 -34.4823 -6.5
      vertex 15.125 -35.125 -6.5
      vertex 13.4372 -34.498 -6.5
    endloop
  endfacet
  facet normal 0 0 1
    outer loop
      vertex 9.85266 -35.125 -6.5
      vertex 13.3126 -34.4823 -6.5
      vertex 13.191 -34.4511 -6.5
    endloop
  endfacet
  facet normal 0 0 1
    outer loop
      vertex 12.691 -32.9122 -6.5
      vertex 10.2639 -31.1489 -6.5
      vertex 12.6237 -33.0182 -6.5
    endloop
  endfacet
  facet normal -0 0 1
    outer loop
      vertex 9.99477 -31.573 -6.5
      vertex 12.6237 -33.0182 -6.5
      vertex 10.2639 -31.1489 -6.5
    endloop
  endfacet
  facet normal 0 0 1
    outer loop
      vertex 12.6237 -33.0182 -6.5
      vertex 9.99477 -31.573 -6.5
      vertex 12.5702 -33.1319 -6.5
    endloop
  endfacet
  facet normal -0 0 1
    outer loop
      vertex 9.78089 -32.0275 -6.5
      vertex 12.5702 -33.1319 -6.5
      vertex 9.99477 -31.573 -6.5
    endloop
  endfacet
  facet normal 0 0 1
    outer loop
      vertex 12.5702 -33.1319 -6.5
      vertex 9.78089 -32.0275 -6.5
      vertex 12.5314 -33.2513 -6.5
    endloop
  endfacet
  facet normal -0 0 1
    outer loop
      vertex 9.62567 -32.5052 -6.5
      vertex 12.5314 -33.2513 -6.5
      vertex 9.78089 -32.0275 -6.5
    endloop
  endfacet
  facet normal 0 0 1
    outer loop
      vertex 12.5314 -33.2513 -6.5
      vertex 9.62567 -32.5052 -6.5
      vertex 12.5079 -33.3747 -6.5
    endloop
  endfacet
  facet normal -0 0 1
    outer loop
      vertex 9.53154 -32.9987 -6.5
      vertex 12.5079 -33.3747 -6.5
      vertex 9.62567 -32.5052 -6.5
    endloop
  endfacet
  facet normal 0 0 1
    outer loop
      vertex 12.5079 -33.3747 -6.5
      vertex 9.53154 -32.9987 -6.5
      vertex 12.5 -33.5 -6.5
    endloop
  endfacet
  facet normal 0 0 1
    outer loop
      vertex 9.5 -33.5 -6.5
      vertex 12.5 -33.5 -6.5
      vertex 9.53154 -32.9987 -6.5
    endloop
  endfacet
  facet normal 0 0 1
    outer loop
      vertex 12.5 -33.5 -6.5
      vertex 9.5 -33.5 -6.5
      vertex 12.5079 -33.6253 -6.5
    endloop
  endfacet
  facet normal 0 -0 1
    outer loop
      vertex 9.53154 -34.0013 -6.5
      vertex 12.5079 -33.6253 -6.5
      vertex 9.5 -33.5 -6.5
    endloop
  endfacet
  facet normal 0 0 1
    outer loop
      vertex 13.3126 -34.4823 -6.5
      vertex 9.85266 -35.125 -6.5
      vertex 15.125 -35.125 -6.5
    endloop
  endfacet
  facet normal 0 0 1
    outer loop
      vertex 13.0742 -34.4048 -6.5
      vertex 9.85266 -35.125 -6.5
      vertex 13.191 -34.4511 -6.5
    endloop
  endfacet
  facet normal 0 0 1
    outer loop
      vertex 12.9642 -34.3443 -6.5
      vertex 9.85266 -35.125 -6.5
      vertex 13.0742 -34.4048 -6.5
    endloop
  endfacet
  facet normal 0 0 1
    outer loop
      vertex 12.8626 -34.2705 -6.5
      vertex 9.85266 -35.125 -6.5
      vertex 12.9642 -34.3443 -6.5
    endloop
  endfacet
  facet normal 0 0 1
    outer loop
      vertex 12.771 -34.1845 -6.5
      vertex 9.85266 -35.125 -6.5
      vertex 12.8626 -34.2705 -6.5
    endloop
  endfacet
  facet normal 0 0 1
    outer loop
      vertex 12.5079 -33.6253 -6.5
      vertex 9.53154 -34.0013 -6.5
      vertex 12.5314 -33.7487 -6.5
    endloop
  endfacet
  facet normal 0 -0 1
    outer loop
      vertex 9.62567 -34.4948 -6.5
      vertex 12.5314 -33.7487 -6.5
      vertex 9.53154 -34.0013 -6.5
    endloop
  endfacet
  facet normal 0 0 1
    outer loop
      vertex 12.5314 -33.7487 -6.5
      vertex 9.62567 -34.4948 -6.5
      vertex 12.5702 -33.8681 -6.5
    endloop
  endfacet
  facet normal 0 0 1
    outer loop
      vertex 12.6237 -33.9818 -6.5
      vertex 9.85266 -35.125 -6.5
      vertex 12.691 -34.0878 -6.5
    endloop
  endfacet
  facet normal 0 0 1
    outer loop
      vertex 12.691 -34.0878 -6.5
      vertex 9.85266 -35.125 -6.5
      vertex 12.771 -34.1845 -6.5
    endloop
  endfacet
  facet normal 0 -0 1
    outer loop
      vertex 9.78089 -34.9725 -6.5
      vertex 12.5702 -33.8681 -6.5
      vertex 9.62567 -34.4948 -6.5
    endloop
  endfacet
  facet normal 0 0 1
    outer loop
      vertex 12.5702 -33.8681 -6.5
      vertex 9.85266 -35.125 -6.5
      vertex 12.6237 -33.9818 -6.5
    endloop
  endfacet
  facet normal 0 -0 1
    outer loop
      vertex 9.85266 -35.125 -6.5
      vertex 12.5702 -33.8681 -6.5
      vertex 9.78089 -34.9725 -6.5
    endloop
  endfacet
  facet normal 0.24862 0.968601 -0
    outer loop
      vertex 14.7361 -29.6958 -12.5
      vertex 14.2495 -29.5709 -6.5
      vertex 14.7361 -29.6958 -6.5
    endloop
  endfacet
  facet normal 0.24862 0.968601 0
    outer loop
      vertex 14.2495 -29.5709 -6.5
      vertex 14.7361 -29.6958 -12.5
      vertex 14.2495 -29.5709 -12.5
    endloop
  endfacet
  facet normal -0.368127 0.929775 0
    outer loop
      vertex 12.2639 -29.6958 -12.5
      vertex 11.7969 -29.8807 -6.5
      vertex 12.2639 -29.6958 -6.5
    endloop
  endfacet
  facet normal -0.368127 0.929775 0
    outer loop
      vertex 11.7969 -29.8807 -6.5
      vertex 12.2639 -29.6958 -12.5
      vertex 11.7969 -29.8807 -12.5
    endloop
  endfacet
  facet normal -0.481751 0.876308 0
    outer loop
      vertex 11.7969 -29.8807 -12.5
      vertex 11.3567 -30.1227 -6.5
      vertex 11.7969 -29.8807 -6.5
    endloop
  endfacet
  facet normal -0.481751 0.876308 0
    outer loop
      vertex 11.3567 -30.1227 -6.5
      vertex 11.7969 -29.8807 -12.5
      vertex 11.3567 -30.1227 -12.5
    endloop
  endfacet
  facet normal -0.125431 0.992102 0
    outer loop
      vertex 13.2488 -29.5079 -12.5
      vertex 12.7505 -29.5709 -6.5
      vertex 13.2488 -29.5079 -6.5
    endloop
  endfacet
  facet normal -0.125431 0.992102 0
    outer loop
      vertex 12.7505 -29.5709 -6.5
      vertex 13.2488 -29.5079 -12.5
      vertex 12.7505 -29.5709 -12.5
    endloop
  endfacet
  facet normal -0.951053 0.309028 0
    outer loop
      vertex 9.62567 -32.5052 -12.5
      vertex 9.78089 -32.0275 -6.5
      vertex 9.78089 -32.0275 -12.5
    endloop
  endfacet
  facet normal -0.951053 0.309028 0
    outer loop
      vertex 9.78089 -32.0275 -6.5
      vertex 9.62567 -32.5052 -12.5
      vertex 9.62567 -32.5052 -6.5
    endloop
  endfacet
  facet normal -0.951053 -0.309028 0
    outer loop
      vertex 9.78089 -34.9725 -12.5
      vertex 9.62567 -34.4948 -6.5
      vertex 9.62567 -34.4948 -12.5
    endloop
  endfacet
  facet normal -0.951053 -0.309028 0
    outer loop
      vertex 9.62567 -34.4948 -6.5
      vertex 9.78089 -34.9725 -12.5
      vertex 9.78089 -34.9725 -6.5
    endloop
  endfacet
  facet normal -0.770549 0.63738 0
    outer loop
      vertex 10.2639 -31.1489 -12.5
      vertex 10.5841 -30.7618 -6.5
      vertex 10.5841 -30.7618 -12.5
    endloop
  endfacet
  facet normal -0.770549 0.63738 0
    outer loop
      vertex 10.5841 -30.7618 -6.5
      vertex 10.2639 -31.1489 -12.5
      vertex 10.2639 -31.1489 -6.5
    endloop
  endfacet
  facet normal -0.998027 0.0627923 0
    outer loop
      vertex 9.5 -33.5 -12.5
      vertex 9.53154 -32.9987 -6.5
      vertex 9.53154 -32.9987 -12.5
    endloop
  endfacet
  facet normal -0.998027 0.0627923 0
    outer loop
      vertex 9.53154 -32.9987 -6.5
      vertex 9.5 -33.5 -12.5
      vertex 9.5 -33.5 -6.5
    endloop
  endfacet
  facet normal -0.904807 -0.425823 0
    outer loop
      vertex 9.85266 -35.125 -12.5
      vertex 9.78089 -34.9725 -6.5
      vertex 9.78089 -34.9725 -12.5
    endloop
  endfacet
  facet normal -0.904807 -0.425823 0
    outer loop
      vertex 9.78089 -34.9725 -6.5
      vertex 9.85266 -35.125 -12.5
      vertex 9.85266 -35.125 -6.5
    endloop
  endfacet
  facet normal 0 0 -1
    outer loop
      vertex 14.5 -33.5 -7.5
      vertex 16.1 -33.5 -7.5
      vertex 16.0795 -33.8259 -7.5
    endloop
  endfacet
  facet normal 0 0 -1
    outer loop
      vertex 14.4921 -33.6253 -7.5
      vertex 16.0795 -33.8259 -7.5
      vertex 16.0183 -34.1466 -7.5
    endloop
  endfacet
  facet normal 0 0 -1
    outer loop
      vertex 16.1 -33.5 -7.5
      vertex 14.5 -33.5 -7.5
      vertex 16.0795 -33.1741 -7.5
    endloop
  endfacet
  facet normal 0 0 -1
    outer loop
      vertex 14.4686 -33.7487 -7.5
      vertex 16.0183 -34.1466 -7.5
      vertex 15.9174 -34.4571 -7.5
    endloop
  endfacet
  facet normal 0 0 -1
    outer loop
      vertex 14.4921 -33.3747 -7.5
      vertex 16.0795 -33.1741 -7.5
      vertex 14.5 -33.5 -7.5
    endloop
  endfacet
  facet normal 0 0 -1
    outer loop
      vertex 14.4298 -33.8681 -7.5
      vertex 15.9174 -34.4571 -7.5
      vertex 15.7784 -34.7526 -7.5
    endloop
  endfacet
  facet normal -0 0 -1
    outer loop
      vertex 16.0795 -33.1741 -7.5
      vertex 14.4921 -33.3747 -7.5
      vertex 16.0183 -32.8534 -7.5
    endloop
  endfacet
  facet normal 0 0 -1
    outer loop
      vertex 14.3763 -33.9818 -7.5
      vertex 15.7784 -34.7526 -7.5
      vertex 15.6034 -35.0282 -7.5
    endloop
  endfacet
  facet normal 0 0 -1
    outer loop
      vertex 14.4686 -33.2513 -7.5
      vertex 16.0183 -32.8534 -7.5
      vertex 14.4921 -33.3747 -7.5
    endloop
  endfacet
  facet normal 0 0 -1
    outer loop
      vertex 14.309 -34.0878 -7.5
      vertex 15.6034 -35.0282 -7.5
      vertex 15.3953 -35.2798 -7.5
    endloop
  endfacet
  facet normal -0 0 -1
    outer loop
      vertex 16.0183 -32.8534 -7.5
      vertex 14.4686 -33.2513 -7.5
      vertex 15.9174 -32.5429 -7.5
    endloop
  endfacet
  facet normal 0 0 -1
    outer loop
      vertex 14.229 -34.1845 -7.5
      vertex 15.3953 -35.2798 -7.5
      vertex 15.1573 -35.5033 -7.5
    endloop
  endfacet
  facet normal 0 0 -1
    outer loop
      vertex 14.4298 -33.1319 -7.5
      vertex 15.9174 -32.5429 -7.5
      vertex 14.4686 -33.2513 -7.5
    endloop
  endfacet
  facet normal 0 0 -1
    outer loop
      vertex 14.1374 -34.2705 -7.5
      vertex 15.1573 -35.5033 -7.5
      vertex 14.8931 -35.6953 -7.5
    endloop
  endfacet
  facet normal -0 0 -1
    outer loop
      vertex 15.9174 -32.5429 -7.5
      vertex 14.4298 -33.1319 -7.5
      vertex 15.7784 -32.2474 -7.5
    endloop
  endfacet
  facet normal 0 0 -1
    outer loop
      vertex 14.0358 -34.3443 -7.5
      vertex 14.8931 -35.6953 -7.5
      vertex 14.607 -35.8526 -7.5
    endloop
  endfacet
  facet normal 0 0 -1
    outer loop
      vertex 14.3763 -33.0182 -7.5
      vertex 15.7784 -32.2474 -7.5
      vertex 14.4298 -33.1319 -7.5
    endloop
  endfacet
  facet normal -0 0 -1
    outer loop
      vertex 15.7784 -32.2474 -7.5
      vertex 14.3763 -33.0182 -7.5
      vertex 15.6034 -31.9718 -7.5
    endloop
  endfacet
  facet normal 0 0 -1
    outer loop
      vertex 16.0795 -33.8259 -7.5
      vertex 14.4921 -33.6253 -7.5
      vertex 14.5 -33.5 -7.5
    endloop
  endfacet
  facet normal 0 0 -1
    outer loop
      vertex 16.0183 -34.1466 -7.5
      vertex 14.4686 -33.7487 -7.5
      vertex 14.4921 -33.6253 -7.5
    endloop
  endfacet
  facet normal 0 0 -1
    outer loop
      vertex 15.9174 -34.4571 -7.5
      vertex 14.4298 -33.8681 -7.5
      vertex 14.4686 -33.7487 -7.5
    endloop
  endfacet
  facet normal 0 0 -1
    outer loop
      vertex 15.7784 -34.7526 -7.5
      vertex 14.3763 -33.9818 -7.5
      vertex 14.4298 -33.8681 -7.5
    endloop
  endfacet
  facet normal 0 0 -1
    outer loop
      vertex 15.6034 -35.0282 -7.5
      vertex 14.309 -34.0878 -7.5
      vertex 14.3763 -33.9818 -7.5
    endloop
  endfacet
  facet normal 0 0 -1
    outer loop
      vertex 13.9258 -34.4048 -7.5
      vertex 14.607 -35.8526 -7.5
      vertex 14.3034 -35.9727 -7.5
    endloop
  endfacet
  facet normal 0 0 -1
    outer loop
      vertex 15.3953 -35.2798 -7.5
      vertex 14.229 -34.1845 -7.5
      vertex 14.309 -34.0878 -7.5
    endloop
  endfacet
  facet normal 0 0 -1
    outer loop
      vertex 15.1573 -35.5033 -7.5
      vertex 14.1374 -34.2705 -7.5
      vertex 14.229 -34.1845 -7.5
    endloop
  endfacet
  facet normal 0 0 -1
    outer loop
      vertex 14.8931 -35.6953 -7.5
      vertex 14.0358 -34.3443 -7.5
      vertex 14.1374 -34.2705 -7.5
    endloop
  endfacet
  facet normal 0 0 -1
    outer loop
      vertex 13.809 -34.4511 -7.5
      vertex 14.3034 -35.9727 -7.5
      vertex 13.9872 -36.0539 -7.5
    endloop
  endfacet
  facet normal 0 0 -1
    outer loop
      vertex 14.607 -35.8526 -7.5
      vertex 13.9258 -34.4048 -7.5
      vertex 14.0358 -34.3443 -7.5
    endloop
  endfacet
  facet normal 0 0 -1
    outer loop
      vertex 14.3034 -35.9727 -7.5
      vertex 13.809 -34.4511 -7.5
      vertex 13.9258 -34.4048 -7.5
    endloop
  endfacet
  facet normal 0 0 -1
    outer loop
      vertex 13.9872 -36.0539 -7.5
      vertex 13.6874 -34.4823 -7.5
      vertex 13.809 -34.4511 -7.5
    endloop
  endfacet
  facet normal 0 0 -1
    outer loop
      vertex 13.6633 -36.0949 -7.5
      vertex 13.6874 -34.4823 -7.5
      vertex 13.9872 -36.0539 -7.5
    endloop
  endfacet
  facet normal 0 0 -1
    outer loop
      vertex 13.6633 -36.0949 -7.5
      vertex 13.5628 -34.498 -7.5
      vertex 13.6874 -34.4823 -7.5
    endloop
  endfacet
  facet normal 0 0 -1
    outer loop
      vertex 13.6633 -36.0949 -7.5
      vertex 13.4372 -34.498 -7.5
      vertex 13.5628 -34.498 -7.5
    endloop
  endfacet
  facet normal 0 0 -1
    outer loop
      vertex 13.3367 -36.0949 -7.5
      vertex 13.4372 -34.498 -7.5
      vertex 13.6633 -36.0949 -7.5
    endloop
  endfacet
  facet normal 0 0 -1
    outer loop
      vertex 13.3367 -36.0949 -7.5
      vertex 13.3126 -34.4823 -7.5
      vertex 13.4372 -34.498 -7.5
    endloop
  endfacet
  facet normal 0 0 -1
    outer loop
      vertex 13.0128 -36.0539 -7.5
      vertex 13.3126 -34.4823 -7.5
      vertex 13.3367 -36.0949 -7.5
    endloop
  endfacet
  facet normal -0 0 -1
    outer loop
      vertex 13.3126 -34.4823 -7.5
      vertex 13.0128 -36.0539 -7.5
      vertex 13.191 -34.4511 -7.5
    endloop
  endfacet
  facet normal 0 0 -1
    outer loop
      vertex 12.6966 -35.9727 -7.5
      vertex 13.191 -34.4511 -7.5
      vertex 13.0128 -36.0539 -7.5
    endloop
  endfacet
  facet normal -0 0 -1
    outer loop
      vertex 13.191 -34.4511 -7.5
      vertex 12.6966 -35.9727 -7.5
      vertex 13.0742 -34.4048 -7.5
    endloop
  endfacet
  facet normal 0 0 -1
    outer loop
      vertex 12.393 -35.8526 -7.5
      vertex 13.0742 -34.4048 -7.5
      vertex 12.6966 -35.9727 -7.5
    endloop
  endfacet
  facet normal -0 0 -1
    outer loop
      vertex 13.0742 -34.4048 -7.5
      vertex 12.393 -35.8526 -7.5
      vertex 12.9642 -34.3443 -7.5
    endloop
  endfacet
  facet normal 0 0 -1
    outer loop
      vertex 12.1069 -35.6953 -7.5
      vertex 12.9642 -34.3443 -7.5
      vertex 12.393 -35.8526 -7.5
    endloop
  endfacet
  facet normal -0 0 -1
    outer loop
      vertex 12.9642 -34.3443 -7.5
      vertex 12.1069 -35.6953 -7.5
      vertex 12.8626 -34.2705 -7.5
    endloop
  endfacet
  facet normal 0 0 -1
    outer loop
      vertex 11.8427 -35.5033 -7.5
      vertex 12.8626 -34.2705 -7.5
      vertex 12.1069 -35.6953 -7.5
    endloop
  endfacet
  facet normal -0 0 -1
    outer loop
      vertex 12.8626 -34.2705 -7.5
      vertex 11.8427 -35.5033 -7.5
      vertex 12.771 -34.1845 -7.5
    endloop
  endfacet
  facet normal 0 0 -1
    outer loop
      vertex 11.6047 -35.2798 -7.5
      vertex 12.771 -34.1845 -7.5
      vertex 11.8427 -35.5033 -7.5
    endloop
  endfacet
  facet normal -0 0 -1
    outer loop
      vertex 12.771 -34.1845 -7.5
      vertex 11.6047 -35.2798 -7.5
      vertex 12.691 -34.0878 -7.5
    endloop
  endfacet
  facet normal -0 0 -1
    outer loop
      vertex 12.691 -34.0878 -7.5
      vertex 11.3966 -35.0282 -7.5
      vertex 12.6237 -33.9818 -7.5
    endloop
  endfacet
  facet normal 0 0 -1
    outer loop
      vertex 11.3966 -35.0282 -7.5
      vertex 12.691 -34.0878 -7.5
      vertex 11.6047 -35.2798 -7.5
    endloop
  endfacet
  facet normal 0 0 -1
    outer loop
      vertex 14.309 -32.9122 -7.5
      vertex 15.6034 -31.9718 -7.5
      vertex 14.3763 -33.0182 -7.5
    endloop
  endfacet
  facet normal -0 0 -1
    outer loop
      vertex 15.6034 -31.9718 -7.5
      vertex 14.309 -32.9122 -7.5
      vertex 15.3953 -31.7202 -7.5
    endloop
  endfacet
  facet normal 0 0 -1
    outer loop
      vertex 14.229 -32.8155 -7.5
      vertex 15.3953 -31.7202 -7.5
      vertex 14.309 -32.9122 -7.5
    endloop
  endfacet
  facet normal -0 0 -1
    outer loop
      vertex 15.3953 -31.7202 -7.5
      vertex 14.229 -32.8155 -7.5
      vertex 15.1573 -31.4967 -7.5
    endloop
  endfacet
  facet normal 0 0 -1
    outer loop
      vertex 14.1374 -32.7295 -7.5
      vertex 15.1573 -31.4967 -7.5
      vertex 14.229 -32.8155 -7.5
    endloop
  endfacet
  facet normal -0 0 -1
    outer loop
      vertex 15.1573 -31.4967 -7.5
      vertex 14.1374 -32.7295 -7.5
      vertex 14.8931 -31.3047 -7.5
    endloop
  endfacet
  facet normal 0 0 -1
    outer loop
      vertex 14.0358 -32.6557 -7.5
      vertex 14.8931 -31.3047 -7.5
      vertex 14.1374 -32.7295 -7.5
    endloop
  endfacet
  facet normal -0 0 -1
    outer loop
      vertex 14.8931 -31.3047 -7.5
      vertex 14.0358 -32.6557 -7.5
      vertex 14.607 -31.1474 -7.5
    endloop
  endfacet
  facet normal 0 0 -1
    outer loop
      vertex 13.9258 -32.5952 -7.5
      vertex 14.607 -31.1474 -7.5
      vertex 14.0358 -32.6557 -7.5
    endloop
  endfacet
  facet normal -0 0 -1
    outer loop
      vertex 14.607 -31.1474 -7.5
      vertex 13.9258 -32.5952 -7.5
      vertex 14.3034 -31.0273 -7.5
    endloop
  endfacet
  facet normal 0 0 -1
    outer loop
      vertex 13.809 -32.5489 -7.5
      vertex 14.3034 -31.0273 -7.5
      vertex 13.9258 -32.5952 -7.5
    endloop
  endfacet
  facet normal -0 0 -1
    outer loop
      vertex 14.3034 -31.0273 -7.5
      vertex 13.809 -32.5489 -7.5
      vertex 13.9872 -30.9461 -7.5
    endloop
  endfacet
  facet normal 0 0 -1
    outer loop
      vertex 13.6874 -32.5177 -7.5
      vertex 13.9872 -30.9461 -7.5
      vertex 13.809 -32.5489 -7.5
    endloop
  endfacet
  facet normal 0 0 -1
    outer loop
      vertex 13.6874 -32.5177 -7.5
      vertex 13.6633 -30.9051 -7.5
      vertex 13.9872 -30.9461 -7.5
    endloop
  endfacet
  facet normal 0 0 -1
    outer loop
      vertex 13.5628 -32.502 -7.5
      vertex 13.6633 -30.9051 -7.5
      vertex 13.6874 -32.5177 -7.5
    endloop
  endfacet
  facet normal 0 0 -1
    outer loop
      vertex 13.4372 -32.502 -7.5
      vertex 13.6633 -30.9051 -7.5
      vertex 13.5628 -32.502 -7.5
    endloop
  endfacet
  facet normal 0 0 -1
    outer loop
      vertex 13.4372 -32.502 -7.5
      vertex 13.3367 -30.9051 -7.5
      vertex 13.6633 -30.9051 -7.5
    endloop
  endfacet
  facet normal 0 0 -1
    outer loop
      vertex 13.3126 -32.5177 -7.5
      vertex 13.3367 -30.9051 -7.5
      vertex 13.4372 -32.502 -7.5
    endloop
  endfacet
  facet normal 0 0 -1
    outer loop
      vertex 13.0128 -30.9461 -7.5
      vertex 13.3126 -32.5177 -7.5
      vertex 13.191 -32.5489 -7.5
    endloop
  endfacet
  facet normal 0 0 -1
    outer loop
      vertex 12.6966 -31.0273 -7.5
      vertex 13.191 -32.5489 -7.5
      vertex 13.0742 -32.5952 -7.5
    endloop
  endfacet
  facet normal 0 0 -1
    outer loop
      vertex 13.3126 -32.5177 -7.5
      vertex 13.0128 -30.9461 -7.5
      vertex 13.3367 -30.9051 -7.5
    endloop
  endfacet
  facet normal 0 0 -1
    outer loop
      vertex 12.393 -31.1474 -7.5
      vertex 13.0742 -32.5952 -7.5
      vertex 12.9642 -32.6557 -7.5
    endloop
  endfacet
  facet normal 0 0 -1
    outer loop
      vertex 12.1069 -31.3047 -7.5
      vertex 12.9642 -32.6557 -7.5
      vertex 12.8626 -32.7295 -7.5
    endloop
  endfacet
  facet normal 0 0 -1
    outer loop
      vertex 11.8427 -31.4967 -7.5
      vertex 12.8626 -32.7295 -7.5
      vertex 12.771 -32.8155 -7.5
    endloop
  endfacet
  facet normal 0 0 -1
    outer loop
      vertex 13.191 -32.5489 -7.5
      vertex 12.6966 -31.0273 -7.5
      vertex 13.0128 -30.9461 -7.5
    endloop
  endfacet
  facet normal 0 0 -1
    outer loop
      vertex 11.6047 -31.7202 -7.5
      vertex 12.771 -32.8155 -7.5
      vertex 12.691 -32.9122 -7.5
    endloop
  endfacet
  facet normal 0 0 -1
    outer loop
      vertex 11.3966 -31.9718 -7.5
      vertex 12.691 -32.9122 -7.5
      vertex 12.6237 -33.0182 -7.5
    endloop
  endfacet
  facet normal 0 0 -1
    outer loop
      vertex 11.2216 -32.2474 -7.5
      vertex 12.6237 -33.0182 -7.5
      vertex 12.5702 -33.1319 -7.5
    endloop
  endfacet
  facet normal 0 0 -1
    outer loop
      vertex 11.0826 -32.5429 -7.5
      vertex 12.5702 -33.1319 -7.5
      vertex 12.5314 -33.2513 -7.5
    endloop
  endfacet
  facet normal 0 0 -1
    outer loop
      vertex 10.9817 -32.8534 -7.5
      vertex 12.5314 -33.2513 -7.5
      vertex 12.5079 -33.3747 -7.5
    endloop
  endfacet
  facet normal 0 0 -1
    outer loop
      vertex 13.0742 -32.5952 -7.5
      vertex 12.393 -31.1474 -7.5
      vertex 12.6966 -31.0273 -7.5
    endloop
  endfacet
  facet normal 0 0 -1
    outer loop
      vertex 10.9205 -33.1741 -7.5
      vertex 12.5079 -33.3747 -7.5
      vertex 12.5 -33.5 -7.5
    endloop
  endfacet
  facet normal 0 0 -1
    outer loop
      vertex 11.2216 -34.7526 -7.5
      vertex 12.6237 -33.9818 -7.5
      vertex 11.3966 -35.0282 -7.5
    endloop
  endfacet
  facet normal -0 0 -1
    outer loop
      vertex 12.6237 -33.9818 -7.5
      vertex 11.2216 -34.7526 -7.5
      vertex 12.5702 -33.8681 -7.5
    endloop
  endfacet
  facet normal 0 0 -1
    outer loop
      vertex 12.9642 -32.6557 -7.5
      vertex 12.1069 -31.3047 -7.5
      vertex 12.393 -31.1474 -7.5
    endloop
  endfacet
  facet normal 0 0 -1
    outer loop
      vertex 11.0826 -34.4571 -7.5
      vertex 12.5702 -33.8681 -7.5
      vertex 11.2216 -34.7526 -7.5
    endloop
  endfacet
  facet normal 0 0 -1
    outer loop
      vertex 12.8626 -32.7295 -7.5
      vertex 11.8427 -31.4967 -7.5
      vertex 12.1069 -31.3047 -7.5
    endloop
  endfacet
  facet normal -0 0 -1
    outer loop
      vertex 12.5702 -33.8681 -7.5
      vertex 11.0826 -34.4571 -7.5
      vertex 12.5314 -33.7487 -7.5
    endloop
  endfacet
  facet normal 0 0 -1
    outer loop
      vertex 12.771 -32.8155 -7.5
      vertex 11.6047 -31.7202 -7.5
      vertex 11.8427 -31.4967 -7.5
    endloop
  endfacet
  facet normal 0 0 -1
    outer loop
      vertex 10.9817 -34.1466 -7.5
      vertex 12.5314 -33.7487 -7.5
      vertex 11.0826 -34.4571 -7.5
    endloop
  endfacet
  facet normal 0 0 -1
    outer loop
      vertex 12.691 -32.9122 -7.5
      vertex 11.3966 -31.9718 -7.5
      vertex 11.6047 -31.7202 -7.5
    endloop
  endfacet
  facet normal -0 0 -1
    outer loop
      vertex 12.5314 -33.7487 -7.5
      vertex 10.9817 -34.1466 -7.5
      vertex 12.5079 -33.6253 -7.5
    endloop
  endfacet
  facet normal 0 0 -1
    outer loop
      vertex 12.6237 -33.0182 -7.5
      vertex 11.2216 -32.2474 -7.5
      vertex 11.3966 -31.9718 -7.5
    endloop
  endfacet
  facet normal 0 0 -1
    outer loop
      vertex 10.9205 -33.8259 -7.5
      vertex 12.5079 -33.6253 -7.5
      vertex 10.9817 -34.1466 -7.5
    endloop
  endfacet
  facet normal 0 0 -1
    outer loop
      vertex 12.5702 -33.1319 -7.5
      vertex 11.0826 -32.5429 -7.5
      vertex 11.2216 -32.2474 -7.5
    endloop
  endfacet
  facet normal -0 0 -1
    outer loop
      vertex 12.5079 -33.6253 -7.5
      vertex 10.9205 -33.8259 -7.5
      vertex 12.5 -33.5 -7.5
    endloop
  endfacet
  facet normal 0 0 -1
    outer loop
      vertex 12.5314 -33.2513 -7.5
      vertex 10.9817 -32.8534 -7.5
      vertex 11.0826 -32.5429 -7.5
    endloop
  endfacet
  facet normal 0 0 -1
    outer loop
      vertex 10.9 -33.5 -7.5
      vertex 12.5 -33.5 -7.5
      vertex 10.9205 -33.8259 -7.5
    endloop
  endfacet
  facet normal 0 0 -1
    outer loop
      vertex 12.5079 -33.3747 -7.5
      vertex 10.9205 -33.1741 -7.5
      vertex 10.9817 -32.8534 -7.5
    endloop
  endfacet
  facet normal 0 0 -1
    outer loop
      vertex 12.5 -33.5 -7.5
      vertex 10.9 -33.5 -7.5
      vertex 10.9205 -33.1741 -7.5
    endloop
  endfacet
  facet normal 0.368173 0.929757 -0
    outer loop
      vertex 15.125 -29.8498 -12.5
      vertex 14.7361 -29.6958 -6.5
      vertex 15.125 -29.8498 -6.5
    endloop
  endfacet
  facet normal 0.368173 0.929757 0
    outer loop
      vertex 14.7361 -29.6958 -6.5
      vertex 15.125 -29.8498 -12.5
      vertex 14.7361 -29.6958 -12.5
    endloop
  endfacet
  facet normal -0.587698 0.80908 0
    outer loop
      vertex 11.3567 -30.1227 -12.5
      vertex 10.9503 -30.4179 -6.5
      vertex 11.3567 -30.1227 -6.5
    endloop
  endfacet
  facet normal -0.587698 0.80908 0
    outer loop
      vertex 10.9503 -30.4179 -6.5
      vertex 11.3567 -30.1227 -12.5
      vertex 10.9503 -30.4179 -12.5
    endloop
  endfacet
  facet normal 0.125431 0.992102 -0
    outer loop
      vertex 14.2495 -29.5709 -12.5
      vertex 13.7512 -29.5079 -6.5
      vertex 14.2495 -29.5709 -6.5
    endloop
  endfacet
  facet normal 0.125431 0.992102 0
    outer loop
      vertex 13.7512 -29.5079 -6.5
      vertex 14.2495 -29.5709 -12.5
      vertex 13.7512 -29.5079 -12.5
    endloop
  endfacet
  facet normal 0 1 -0
    outer loop
      vertex 13.7512 -29.5079 -12.5
      vertex 13.2488 -29.5079 -6.5
      vertex 13.7512 -29.5079 -6.5
    endloop
  endfacet
  facet normal 0 1 0
    outer loop
      vertex 13.2488 -29.5079 -6.5
      vertex 13.7512 -29.5079 -12.5
      vertex 13.2488 -29.5079 -12.5
    endloop
  endfacet
  facet normal -0.844339 0.53581 0
    outer loop
      vertex 9.99477 -31.573 -12.5
      vertex 10.2639 -31.1489 -6.5
      vertex 10.2639 -31.1489 -12.5
    endloop
  endfacet
  facet normal -0.844339 0.53581 0
    outer loop
      vertex 10.2639 -31.1489 -6.5
      vertex 9.99477 -31.573 -12.5
      vertex 9.99477 -31.573 -6.5
    endloop
  endfacet
  facet normal -0.904821 0.425793 0
    outer loop
      vertex 9.78089 -32.0275 -12.5
      vertex 9.99477 -31.573 -6.5
      vertex 9.99477 -31.573 -12.5
    endloop
  endfacet
  facet normal -0.904821 0.425793 0
    outer loop
      vertex 9.99477 -31.573 -6.5
      vertex 9.78089 -32.0275 -12.5
      vertex 9.78089 -32.0275 -6.5
    endloop
  endfacet
  facet normal -0.982346 -0.187076 0
    outer loop
      vertex 14.4921 -33.3747 -7.5
      vertex 14.4686 -33.2513 -6.5
      vertex 14.4686 -33.2513 -7.5
    endloop
  endfacet
  facet normal -0.982346 -0.187076 0
    outer loop
      vertex 14.4686 -33.2513 -6.5
      vertex 14.4921 -33.3747 -7.5
      vertex 14.4921 -33.3747 -6.5
    endloop
  endfacet
  facet normal -0.998018 -0.0629237 0
    outer loop
      vertex 14.5 -33.5 -7.5
      vertex 14.4921 -33.3747 -6.5
      vertex 14.4921 -33.3747 -7.5
    endloop
  endfacet
  facet normal -0.998018 -0.0629237 0
    outer loop
      vertex 14.4921 -33.3747 -6.5
      vertex 14.5 -33.5 -7.5
      vertex 14.5 -33.5 -6.5
    endloop
  endfacet
  facet normal -0.844219 -0.535999 0
    outer loop
      vertex 14.3763 -33.0182 -7.5
      vertex 14.309 -32.9122 -6.5
      vertex 14.309 -32.9122 -7.5
    endloop
  endfacet
  facet normal -0.844219 -0.535999 0
    outer loop
      vertex 14.309 -32.9122 -6.5
      vertex 14.3763 -33.0182 -7.5
      vertex 14.3763 -33.0182 -6.5
    endloop
  endfacet
  facet normal -0.68447 -0.729041 0
    outer loop
      vertex 14.1374 -32.7295 -7.5
      vertex 14.229 -32.8155 -6.5
      vertex 14.1374 -32.7295 -6.5
    endloop
  endfacet
  facet normal -0.68447 -0.729041 -0
    outer loop
      vertex 14.229 -32.8155 -6.5
      vertex 14.1374 -32.7295 -7.5
      vertex 14.229 -32.8155 -7.5
    endloop
  endfacet
  facet normal 0.248529 -0.968625 0
    outer loop
      vertex 13.191 -32.5489 -7.5
      vertex 13.3126 -32.5177 -6.5
      vertex 13.191 -32.5489 -6.5
    endloop
  endfacet
  facet normal 0.248529 -0.968625 0
    outer loop
      vertex 13.3126 -32.5177 -6.5
      vertex 13.191 -32.5489 -7.5
      vertex 13.3126 -32.5177 -7.5
    endloop
  endfacet
  facet normal 0.770502 0.637437 0
    outer loop
      vertex 12.771 -34.1845 -6.5
      vertex 12.691 -34.0878 -7.5
      vertex 12.691 -34.0878 -6.5
    endloop
  endfacet
  facet normal 0.770502 0.637437 0
    outer loop
      vertex 12.691 -34.0878 -7.5
      vertex 12.771 -34.1845 -6.5
      vertex 12.771 -34.1845 -7.5
    endloop
  endfacet
  facet normal -0.904837 0.425759 0
    outer loop
      vertex 14.3763 -33.9818 -7.5
      vertex 14.4298 -33.8681 -6.5
      vertex 14.4298 -33.8681 -7.5
    endloop
  endfacet
  facet normal -0.904837 0.425759 0
    outer loop
      vertex 14.4298 -33.8681 -6.5
      vertex 14.3763 -33.9818 -7.5
      vertex 14.3763 -33.9818 -6.5
    endloop
  endfacet
  facet normal -0.481919 -0.876216 0
    outer loop
      vertex 13.9258 -32.5952 -7.5
      vertex 14.0358 -32.6557 -6.5
      vertex 13.9258 -32.5952 -6.5
    endloop
  endfacet
  facet normal -0.481919 -0.876216 -0
    outer loop
      vertex 14.0358 -32.6557 -6.5
      vertex 13.9258 -32.5952 -7.5
      vertex 14.0358 -32.6557 -7.5
    endloop
  endfacet
  facet normal -0.248529 0.968625 0
    outer loop
      vertex 13.809 -34.4511 -7.5
      vertex 13.6874 -34.4823 -6.5
      vertex 13.809 -34.4511 -6.5
    endloop
  endfacet
  facet normal -0.248529 0.968625 0
    outer loop
      vertex 13.6874 -34.4823 -6.5
      vertex 13.809 -34.4511 -7.5
      vertex 13.6874 -34.4823 -7.5
    endloop
  endfacet
  facet normal 0.951046 -0.30905 0
    outer loop
      vertex 12.5314 -33.2513 -6.5
      vertex 12.5702 -33.1319 -7.5
      vertex 12.5702 -33.1319 -6.5
    endloop
  endfacet
  facet normal 0.951046 -0.30905 0
    outer loop
      vertex 12.5702 -33.1319 -7.5
      vertex 12.5314 -33.2513 -6.5
      vertex 12.5314 -33.2513 -7.5
    endloop
  endfacet
  facet normal 0.481919 -0.876216 0
    outer loop
      vertex 12.9642 -32.6557 -7.5
      vertex 13.0742 -32.5952 -6.5
      vertex 12.9642 -32.6557 -6.5
    endloop
  endfacet
  facet normal 0.481919 -0.876216 0
    outer loop
      vertex 13.0742 -32.5952 -6.5
      vertex 12.9642 -32.6557 -7.5
      vertex 13.0742 -32.5952 -7.5
    endloop
  endfacet
  facet normal 0.998018 -0.0629237 0
    outer loop
      vertex 12.5 -33.5 -6.5
      vertex 12.5079 -33.3747 -7.5
      vertex 12.5079 -33.3747 -6.5
    endloop
  endfacet
  facet normal 0.998018 -0.0629237 0
    outer loop
      vertex 12.5079 -33.3747 -7.5
      vertex 12.5 -33.5 -6.5
      vertex 12.5 -33.5 -7.5
    endloop
  endfacet
  facet normal 0 -1 0
    outer loop
      vertex 13.4372 -32.502 -7.5
      vertex 13.5628 -32.502 -6.5
      vertex 13.4372 -32.502 -6.5
    endloop
  endfacet
  facet normal 0 -1 -0
    outer loop
      vertex 13.5628 -32.502 -6.5
      vertex 13.4372 -32.502 -7.5
      vertex 13.5628 -32.502 -7.5
    endloop
  endfacet
  facet normal -0.844219 0.535999 0
    outer loop
      vertex 14.309 -34.0878 -7.5
      vertex 14.3763 -33.9818 -6.5
      vertex 14.3763 -33.9818 -7.5
    endloop
  endfacet
  facet normal -0.844219 0.535999 0
    outer loop
      vertex 14.3763 -33.9818 -6.5
      vertex 14.309 -34.0878 -7.5
      vertex 14.309 -34.0878 -6.5
    endloop
  endfacet
  facet normal 0.844219 -0.535999 0
    outer loop
      vertex 12.6237 -33.0182 -6.5
      vertex 12.691 -32.9122 -7.5
      vertex 12.691 -32.9122 -6.5
    endloop
  endfacet
  facet normal 0.844219 -0.535999 0
    outer loop
      vertex 12.691 -32.9122 -7.5
      vertex 12.6237 -33.0182 -6.5
      vertex 12.6237 -33.0182 -7.5
    endloop
  endfacet
  facet normal -0.68447 0.729041 0
    outer loop
      vertex 14.229 -34.1845 -7.5
      vertex 14.1374 -34.2705 -6.5
      vertex 14.229 -34.1845 -6.5
    endloop
  endfacet
  facet normal -0.68447 0.729041 0
    outer loop
      vertex 14.1374 -34.2705 -6.5
      vertex 14.229 -34.1845 -7.5
      vertex 14.1374 -34.2705 -7.5
    endloop
  endfacet
  facet normal 0.982346 0.187076 0
    outer loop
      vertex 12.5314 -33.7487 -6.5
      vertex 12.5079 -33.6253 -7.5
      vertex 12.5079 -33.6253 -6.5
    endloop
  endfacet
  facet normal 0.982346 0.187076 0
    outer loop
      vertex 12.5079 -33.6253 -7.5
      vertex 12.5314 -33.7487 -6.5
      vertex 12.5314 -33.7487 -7.5
    endloop
  endfacet
  facet normal 0.248529 0.968625 -0
    outer loop
      vertex 13.3126 -34.4823 -7.5
      vertex 13.191 -34.4511 -6.5
      vertex 13.3126 -34.4823 -6.5
    endloop
  endfacet
  facet normal 0.248529 0.968625 0
    outer loop
      vertex 13.191 -34.4511 -6.5
      vertex 13.3126 -34.4823 -7.5
      vertex 13.191 -34.4511 -7.5
    endloop
  endfacet
  facet normal 0.904837 0.425759 0
    outer loop
      vertex 12.6237 -33.9818 -6.5
      vertex 12.5702 -33.8681 -7.5
      vertex 12.5702 -33.8681 -6.5
    endloop
  endfacet
  facet normal 0.904837 0.425759 0
    outer loop
      vertex 12.5702 -33.8681 -7.5
      vertex 12.6237 -33.9818 -6.5
      vertex 12.6237 -33.9818 -7.5
    endloop
  endfacet
  facet normal -0.125015 0.992155 0
    outer loop
      vertex 13.6874 -34.4823 -7.5
      vertex 13.5628 -34.498 -6.5
      vertex 13.6874 -34.4823 -6.5
    endloop
  endfacet
  facet normal -0.125015 0.992155 0
    outer loop
      vertex 13.5628 -34.498 -6.5
      vertex 13.6874 -34.4823 -7.5
      vertex 13.5628 -34.498 -7.5
    endloop
  endfacet
  facet normal 0.68447 -0.729041 0
    outer loop
      vertex 12.771 -32.8155 -7.5
      vertex 12.8626 -32.7295 -6.5
      vertex 12.771 -32.8155 -6.5
    endloop
  endfacet
  facet normal 0.68447 -0.729041 0
    outer loop
      vertex 12.8626 -32.7295 -6.5
      vertex 12.771 -32.8155 -7.5
      vertex 12.8626 -32.7295 -7.5
    endloop
  endfacet
  facet normal 0.844219 0.535999 0
    outer loop
      vertex 12.691 -34.0878 -6.5
      vertex 12.6237 -33.9818 -7.5
      vertex 12.6237 -33.9818 -6.5
    endloop
  endfacet
  facet normal 0.844219 0.535999 0
    outer loop
      vertex 12.6237 -33.9818 -7.5
      vertex 12.691 -34.0878 -6.5
      vertex 12.691 -34.0878 -7.5
    endloop
  endfacet
  facet normal -0.904837 -0.425759 0
    outer loop
      vertex 14.4298 -33.1319 -7.5
      vertex 14.3763 -33.0182 -6.5
      vertex 14.3763 -33.0182 -7.5
    endloop
  endfacet
  facet normal -0.904837 -0.425759 0
    outer loop
      vertex 14.3763 -33.0182 -6.5
      vertex 14.4298 -33.1319 -7.5
      vertex 14.4298 -33.1319 -6.5
    endloop
  endfacet
  facet normal 0.770502 -0.637437 0
    outer loop
      vertex 12.691 -32.9122 -6.5
      vertex 12.771 -32.8155 -7.5
      vertex 12.771 -32.8155 -6.5
    endloop
  endfacet
  facet normal 0.770502 -0.637437 0
    outer loop
      vertex 12.771 -32.8155 -7.5
      vertex 12.691 -32.9122 -6.5
      vertex 12.691 -32.9122 -7.5
    endloop
  endfacet
  facet normal -0.587698 -0.80908 0
    outer loop
      vertex 14.0358 -32.6557 -7.5
      vertex 14.1374 -32.7295 -6.5
      vertex 14.0358 -32.6557 -6.5
    endloop
  endfacet
  facet normal -0.587698 -0.80908 -0
    outer loop
      vertex 14.1374 -32.7295 -6.5
      vertex 14.0358 -32.6557 -7.5
      vertex 14.1374 -32.7295 -7.5
    endloop
  endfacet
  facet normal -0.481919 0.876216 0
    outer loop
      vertex 14.0358 -34.3443 -7.5
      vertex 13.9258 -34.4048 -6.5
      vertex 14.0358 -34.3443 -6.5
    endloop
  endfacet
  facet normal -0.481919 0.876216 0
    outer loop
      vertex 13.9258 -34.4048 -6.5
      vertex 14.0358 -34.3443 -7.5
      vertex 13.9258 -34.4048 -7.5
    endloop
  endfacet
  facet normal 0.368507 -0.929625 0
    outer loop
      vertex 13.0742 -32.5952 -7.5
      vertex 13.191 -32.5489 -6.5
      vertex 13.0742 -32.5952 -6.5
    endloop
  endfacet
  facet normal 0.368507 -0.929625 0
    outer loop
      vertex 13.191 -32.5489 -6.5
      vertex 13.0742 -32.5952 -7.5
      vertex 13.191 -32.5489 -7.5
    endloop
  endfacet
  facet normal -0.982346 0.187076 0
    outer loop
      vertex 14.4686 -33.7487 -7.5
      vertex 14.4921 -33.6253 -6.5
      vertex 14.4921 -33.6253 -7.5
    endloop
  endfacet
  facet normal -0.982346 0.187076 0
    outer loop
      vertex 14.4921 -33.6253 -6.5
      vertex 14.4686 -33.7487 -7.5
      vertex 14.4686 -33.7487 -6.5
    endloop
  endfacet
  facet normal -0.998018 0.0629237 0
    outer loop
      vertex 14.4921 -33.6253 -7.5
      vertex 14.5 -33.5 -6.5
      vertex 14.5 -33.5 -7.5
    endloop
  endfacet
  facet normal -0.998018 0.0629237 0
    outer loop
      vertex 14.5 -33.5 -6.5
      vertex 14.4921 -33.6253 -7.5
      vertex 14.4921 -33.6253 -6.5
    endloop
  endfacet
  facet normal 0.951046 0.30905 0
    outer loop
      vertex 12.5702 -33.8681 -6.5
      vertex 12.5314 -33.7487 -7.5
      vertex 12.5314 -33.7487 -6.5
    endloop
  endfacet
  facet normal 0.951046 0.30905 0
    outer loop
      vertex 12.5314 -33.7487 -7.5
      vertex 12.5702 -33.8681 -6.5
      vertex 12.5702 -33.8681 -7.5
    endloop
  endfacet
  facet normal 0 1 -0
    outer loop
      vertex 13.5628 -34.498 -7.5
      vertex 13.4372 -34.498 -6.5
      vertex 13.5628 -34.498 -6.5
    endloop
  endfacet
  facet normal 0 1 0
    outer loop
      vertex 13.4372 -34.498 -6.5
      vertex 13.5628 -34.498 -7.5
      vertex 13.4372 -34.498 -7.5
    endloop
  endfacet
  facet normal -0.368507 0.929625 0
    outer loop
      vertex 13.9258 -34.4048 -7.5
      vertex 13.809 -34.4511 -6.5
      vertex 13.9258 -34.4048 -6.5
    endloop
  endfacet
  facet normal -0.368507 0.929625 0
    outer loop
      vertex 13.809 -34.4511 -6.5
      vertex 13.9258 -34.4048 -7.5
      vertex 13.809 -34.4511 -7.5
    endloop
  endfacet
  facet normal 0.587698 -0.80908 0
    outer loop
      vertex 12.8626 -32.7295 -7.5
      vertex 12.9642 -32.6557 -6.5
      vertex 12.8626 -32.7295 -6.5
    endloop
  endfacet
  facet normal 0.587698 -0.80908 0
    outer loop
      vertex 12.9642 -32.6557 -6.5
      vertex 12.8626 -32.7295 -7.5
      vertex 12.9642 -32.6557 -7.5
    endloop
  endfacet
  facet normal -0.951046 0.30905 0
    outer loop
      vertex 14.4298 -33.8681 -7.5
      vertex 14.4686 -33.7487 -6.5
      vertex 14.4686 -33.7487 -7.5
    endloop
  endfacet
  facet normal -0.951046 0.30905 0
    outer loop
      vertex 14.4686 -33.7487 -6.5
      vertex 14.4298 -33.8681 -7.5
      vertex 14.4298 -33.8681 -6.5
    endloop
  endfacet
  facet normal 0.982346 -0.187076 0
    outer loop
      vertex 12.5079 -33.3747 -6.5
      vertex 12.5314 -33.2513 -7.5
      vertex 12.5314 -33.2513 -6.5
    endloop
  endfacet
  facet normal 0.982346 -0.187076 0
    outer loop
      vertex 12.5314 -33.2513 -7.5
      vertex 12.5079 -33.3747 -6.5
      vertex 12.5079 -33.3747 -7.5
    endloop
  endfacet
  facet normal -0.368507 -0.929625 0
    outer loop
      vertex 13.809 -32.5489 -7.5
      vertex 13.9258 -32.5952 -6.5
      vertex 13.809 -32.5489 -6.5
    endloop
  endfacet
  facet normal -0.368507 -0.929625 -0
    outer loop
      vertex 13.9258 -32.5952 -6.5
      vertex 13.809 -32.5489 -7.5
      vertex 13.9258 -32.5952 -7.5
    endloop
  endfacet
  facet normal -0.770502 -0.637437 0
    outer loop
      vertex 14.309 -32.9122 -7.5
      vertex 14.229 -32.8155 -6.5
      vertex 14.229 -32.8155 -7.5
    endloop
  endfacet
  facet normal -0.770502 -0.637437 0
    outer loop
      vertex 14.229 -32.8155 -6.5
      vertex 14.309 -32.9122 -7.5
      vertex 14.309 -32.9122 -6.5
    endloop
  endfacet
  facet normal 0.368507 0.929625 -0
    outer loop
      vertex 13.191 -34.4511 -7.5
      vertex 13.0742 -34.4048 -6.5
      vertex 13.191 -34.4511 -6.5
    endloop
  endfacet
  facet normal 0.368507 0.929625 0
    outer loop
      vertex 13.0742 -34.4048 -6.5
      vertex 13.191 -34.4511 -7.5
      vertex 13.0742 -34.4048 -7.5
    endloop
  endfacet
  facet normal -0.951046 -0.30905 0
    outer loop
      vertex 14.4686 -33.2513 -7.5
      vertex 14.4298 -33.1319 -6.5
      vertex 14.4298 -33.1319 -7.5
    endloop
  endfacet
  facet normal -0.951046 -0.30905 0
    outer loop
      vertex 14.4298 -33.1319 -6.5
      vertex 14.4686 -33.2513 -7.5
      vertex 14.4686 -33.2513 -6.5
    endloop
  endfacet
  facet normal -0.770502 0.637437 0
    outer loop
      vertex 14.229 -34.1845 -7.5
      vertex 14.309 -34.0878 -6.5
      vertex 14.309 -34.0878 -7.5
    endloop
  endfacet
  facet normal -0.770502 0.637437 0
    outer loop
      vertex 14.309 -34.0878 -6.5
      vertex 14.229 -34.1845 -7.5
      vertex 14.229 -34.1845 -6.5
    endloop
  endfacet
  facet normal 0.587698 0.80908 -0
    outer loop
      vertex 12.9642 -34.3443 -7.5
      vertex 12.8626 -34.2705 -6.5
      vertex 12.9642 -34.3443 -6.5
    endloop
  endfacet
  facet normal 0.587698 0.80908 0
    outer loop
      vertex 12.8626 -34.2705 -6.5
      vertex 12.9642 -34.3443 -7.5
      vertex 12.8626 -34.2705 -7.5
    endloop
  endfacet
  facet normal 0.125015 -0.992155 0
    outer loop
      vertex 13.3126 -32.5177 -7.5
      vertex 13.4372 -32.502 -6.5
      vertex 13.3126 -32.5177 -6.5
    endloop
  endfacet
  facet normal 0.125015 -0.992155 0
    outer loop
      vertex 13.4372 -32.502 -6.5
      vertex 13.3126 -32.5177 -7.5
      vertex 13.4372 -32.502 -7.5
    endloop
  endfacet
  facet normal -0.125015 -0.992155 0
    outer loop
      vertex 13.5628 -32.502 -7.5
      vertex 13.6874 -32.5177 -6.5
      vertex 13.5628 -32.502 -6.5
    endloop
  endfacet
  facet normal -0.125015 -0.992155 -0
    outer loop
      vertex 13.6874 -32.5177 -6.5
      vertex 13.5628 -32.502 -7.5
      vertex 13.6874 -32.5177 -7.5
    endloop
  endfacet
  facet normal 0.68447 0.729041 -0
    outer loop
      vertex 12.8626 -34.2705 -7.5
      vertex 12.771 -34.1845 -6.5
      vertex 12.8626 -34.2705 -6.5
    endloop
  endfacet
  facet normal 0.68447 0.729041 0
    outer loop
      vertex 12.771 -34.1845 -6.5
      vertex 12.8626 -34.2705 -7.5
      vertex 12.771 -34.1845 -7.5
    endloop
  endfacet
  facet normal 0.998018 0.0629237 0
    outer loop
      vertex 12.5079 -33.6253 -6.5
      vertex 12.5 -33.5 -7.5
      vertex 12.5 -33.5 -6.5
    endloop
  endfacet
  facet normal 0.998018 0.0629237 0
    outer loop
      vertex 12.5 -33.5 -7.5
      vertex 12.5079 -33.6253 -6.5
      vertex 12.5079 -33.6253 -7.5
    endloop
  endfacet
  facet normal 0.904837 -0.425759 0
    outer loop
      vertex 12.5702 -33.1319 -6.5
      vertex 12.6237 -33.0182 -7.5
      vertex 12.6237 -33.0182 -6.5
    endloop
  endfacet
  facet normal 0.904837 -0.425759 0
    outer loop
      vertex 12.6237 -33.0182 -7.5
      vertex 12.5702 -33.1319 -6.5
      vertex 12.5702 -33.1319 -7.5
    endloop
  endfacet
  facet normal 0.125015 0.992155 -0
    outer loop
      vertex 13.4372 -34.498 -7.5
      vertex 13.3126 -34.4823 -6.5
      vertex 13.4372 -34.498 -6.5
    endloop
  endfacet
  facet normal 0.125015 0.992155 0
    outer loop
      vertex 13.3126 -34.4823 -6.5
      vertex 13.4372 -34.498 -7.5
      vertex 13.3126 -34.4823 -7.5
    endloop
  endfacet
  facet normal -0.587698 0.80908 0
    outer loop
      vertex 14.1374 -34.2705 -7.5
      vertex 14.0358 -34.3443 -6.5
      vertex 14.1374 -34.2705 -6.5
    endloop
  endfacet
  facet normal -0.587698 0.80908 0
    outer loop
      vertex 14.0358 -34.3443 -6.5
      vertex 14.1374 -34.2705 -7.5
      vertex 14.0358 -34.3443 -7.5
    endloop
  endfacet
  facet normal 0.481919 0.876216 -0
    outer loop
      vertex 13.0742 -34.4048 -7.5
      vertex 12.9642 -34.3443 -6.5
      vertex 13.0742 -34.4048 -6.5
    endloop
  endfacet
  facet normal 0.481919 0.876216 0
    outer loop
      vertex 12.9642 -34.3443 -6.5
      vertex 13.0742 -34.4048 -7.5
      vertex 12.9642 -34.3443 -7.5
    endloop
  endfacet
  facet normal -0.248529 -0.968625 0
    outer loop
      vertex 13.6874 -32.5177 -7.5
      vertex 13.809 -32.5489 -6.5
      vertex 13.6874 -32.5177 -6.5
    endloop
  endfacet
  facet normal -0.248529 -0.968625 -0
    outer loop
      vertex 13.809 -32.5489 -6.5
      vertex 13.6874 -32.5177 -7.5
      vertex 13.809 -32.5489 -7.5
    endloop
  endfacet
  facet normal 0.844339 -0.53581 0
    outer loop
      vertex -10.2639 31.1489 -6.5
      vertex -9.99477 31.573 -12.5
      vertex -9.99477 31.573 -6.5
    endloop
  endfacet
  facet normal 0.844339 -0.53581 0
    outer loop
      vertex -9.99477 31.573 -12.5
      vertex -10.2639 31.1489 -6.5
      vertex -10.2639 31.1489 -12.5
    endloop
  endfacet
  facet normal 0.982291 0.187362 0
    outer loop
      vertex -9.53154 34.0013 -6.5
      vertex -9.62567 34.4948 -12.5
      vertex -9.62567 34.4948 -6.5
    endloop
  endfacet
  facet normal 0.982291 0.187362 0
    outer loop
      vertex -9.62567 34.4948 -12.5
      vertex -9.53154 34.0013 -6.5
      vertex -9.53154 34.0013 -12.5
    endloop
  endfacet
  facet normal 0.998027 0.0627923 0
    outer loop
      vertex -9.5 33.5 -6.5
      vertex -9.53154 34.0013 -12.5
      vertex -9.53154 34.0013 -6.5
    endloop
  endfacet
  facet normal 0.998027 0.0627923 0
    outer loop
      vertex -9.53154 34.0013 -12.5
      vertex -9.5 33.5 -6.5
      vertex -9.5 33.5 -12.5
    endloop
  endfacet
  facet normal 0.951053 0.309028 0
    outer loop
      vertex -9.62567 34.4948 -6.5
      vertex -9.78089 34.9725 -12.5
      vertex -9.78089 34.9725 -6.5
    endloop
  endfacet
  facet normal 0.951053 0.309028 0
    outer loop
      vertex -9.78089 34.9725 -12.5
      vertex -9.62567 34.4948 -6.5
      vertex -9.62567 34.4948 -12.5
    endloop
  endfacet
  facet normal 0.481751 -0.876308 0
    outer loop
      vertex -11.7969 29.8807 -12.5
      vertex -11.3567 30.1227 -6.5
      vertex -11.7969 29.8807 -6.5
    endloop
  endfacet
  facet normal 0.481751 -0.876308 0
    outer loop
      vertex -11.3567 30.1227 -6.5
      vertex -11.7969 29.8807 -12.5
      vertex -11.3567 30.1227 -12.5
    endloop
  endfacet
  facet normal 0.24862 -0.968601 0
    outer loop
      vertex -12.7505 29.5709 -12.5
      vertex -12.2639 29.6958 -6.5
      vertex -12.7505 29.5709 -6.5
    endloop
  endfacet
  facet normal 0.24862 -0.968601 0
    outer loop
      vertex -12.2639 29.6958 -6.5
      vertex -12.7505 29.5709 -12.5
      vertex -12.2639 29.6958 -12.5
    endloop
  endfacet
  facet normal 0.904807 0.425823 0
    outer loop
      vertex -9.78089 34.9725 -6.5
      vertex -9.85266 35.125 -12.5
      vertex -9.85266 35.125 -6.5
    endloop
  endfacet
  facet normal 0.904807 0.425823 0
    outer loop
      vertex -9.85266 35.125 -12.5
      vertex -9.78089 34.9725 -6.5
      vertex -9.78089 34.9725 -12.5
    endloop
  endfacet
  facet normal 0.951053 -0.309028 0
    outer loop
      vertex -9.78089 32.0275 -6.5
      vertex -9.62567 32.5052 -12.5
      vertex -9.62567 32.5052 -6.5
    endloop
  endfacet
  facet normal 0.951053 -0.309028 0
    outer loop
      vertex -9.62567 32.5052 -12.5
      vertex -9.78089 32.0275 -6.5
      vertex -9.78089 32.0275 -12.5
    endloop
  endfacet
  facet normal 0.125431 -0.992102 0
    outer loop
      vertex -13.2488 29.5079 -12.5
      vertex -12.7505 29.5709 -6.5
      vertex -13.2488 29.5079 -6.5
    endloop
  endfacet
  facet normal 0.125431 -0.992102 0
    outer loop
      vertex -12.7505 29.5709 -6.5
      vertex -13.2488 29.5079 -12.5
      vertex -12.7505 29.5709 -12.5
    endloop
  endfacet
  facet normal 0 0 1
    outer loop
      vertex -12.5 33.5 -6.5
      vertex -9.5 33.5 -6.5
      vertex -9.53154 34.0013 -6.5
    endloop
  endfacet
  facet normal 0 0 1
    outer loop
      vertex -12.5079 33.6253 -6.5
      vertex -9.53154 34.0013 -6.5
      vertex -9.62567 34.4948 -6.5
    endloop
  endfacet
  facet normal 0 0 1
    outer loop
      vertex -9.5 33.5 -6.5
      vertex -12.5 33.5 -6.5
      vertex -9.53154 32.9987 -6.5
    endloop
  endfacet
  facet normal 0 0 1
    outer loop
      vertex -12.5314 33.7487 -6.5
      vertex -9.62567 34.4948 -6.5
      vertex -9.78089 34.9725 -6.5
    endloop
  endfacet
  facet normal -0 0 1
    outer loop
      vertex -12.5079 33.3747 -6.5
      vertex -9.53154 32.9987 -6.5
      vertex -12.5 33.5 -6.5
    endloop
  endfacet
  facet normal 0 0 1
    outer loop
      vertex -12.5702 33.8681 -6.5
      vertex -9.78089 34.9725 -6.5
      vertex -9.85266 35.125 -6.5
    endloop
  endfacet
  facet normal 0 0 1
    outer loop
      vertex -9.53154 32.9987 -6.5
      vertex -12.5079 33.3747 -6.5
      vertex -9.62567 32.5052 -6.5
    endloop
  endfacet
  facet normal -0 0 1
    outer loop
      vertex -12.5314 33.2513 -6.5
      vertex -9.62567 32.5052 -6.5
      vertex -12.5079 33.3747 -6.5
    endloop
  endfacet
  facet normal -0 0 1
    outer loop
      vertex -12.5702 33.1319 -6.5
      vertex -9.78089 32.0275 -6.5
      vertex -12.5314 33.2513 -6.5
    endloop
  endfacet
  facet normal 0 0 1
    outer loop
      vertex -9.78089 32.0275 -6.5
      vertex -12.5702 33.1319 -6.5
      vertex -9.99477 31.573 -6.5
    endloop
  endfacet
  facet normal 0 0 1
    outer loop
      vertex -9.99477 31.573 -6.5
      vertex -12.6237 33.0182 -6.5
      vertex -10.2639 31.1489 -6.5
    endloop
  endfacet
  facet normal -0 0 1
    outer loop
      vertex -12.691 32.9122 -6.5
      vertex -10.2639 31.1489 -6.5
      vertex -12.6237 33.0182 -6.5
    endloop
  endfacet
  facet normal -0 0 1
    outer loop
      vertex -12.771 32.8155 -6.5
      vertex -10.5841 30.7618 -6.5
      vertex -12.691 32.9122 -6.5
    endloop
  endfacet
  facet normal 0 0 1
    outer loop
      vertex -9.62567 32.5052 -6.5
      vertex -12.5314 33.2513 -6.5
      vertex -9.78089 32.0275 -6.5
    endloop
  endfacet
  facet normal 0 0 1
    outer loop
      vertex -9.53154 34.0013 -6.5
      vertex -12.5079 33.6253 -6.5
      vertex -12.5 33.5 -6.5
    endloop
  endfacet
  facet normal 0 0 1
    outer loop
      vertex -9.62567 34.4948 -6.5
      vertex -12.5314 33.7487 -6.5
      vertex -12.5079 33.6253 -6.5
    endloop
  endfacet
  facet normal 0 0 1
    outer loop
      vertex -9.78089 34.9725 -6.5
      vertex -12.5702 33.8681 -6.5
      vertex -12.5314 33.7487 -6.5
    endloop
  endfacet
  facet normal 0 0 1
    outer loop
      vertex -9.85266 35.125 -6.5
      vertex -12.6237 33.9818 -6.5
      vertex -12.5702 33.8681 -6.5
    endloop
  endfacet
  facet normal 0 0 1
    outer loop
      vertex -9.85266 35.125 -6.5
      vertex -12.691 34.0878 -6.5
      vertex -12.6237 33.9818 -6.5
    endloop
  endfacet
  facet normal 0 0 1
    outer loop
      vertex -9.85266 35.125 -6.5
      vertex -12.771 34.1845 -6.5
      vertex -12.691 34.0878 -6.5
    endloop
  endfacet
  facet normal 0 0 1
    outer loop
      vertex -9.85266 35.125 -6.5
      vertex -12.8626 34.2705 -6.5
      vertex -12.771 34.1845 -6.5
    endloop
  endfacet
  facet normal 0 0 1
    outer loop
      vertex -9.85266 35.125 -6.5
      vertex -12.9642 34.3443 -6.5
      vertex -12.8626 34.2705 -6.5
    endloop
  endfacet
  facet normal 0 0 1
    outer loop
      vertex -9.85266 35.125 -6.5
      vertex -13.0742 34.4048 -6.5
      vertex -12.9642 34.3443 -6.5
    endloop
  endfacet
  facet normal 0 0 1
    outer loop
      vertex -9.85266 35.125 -6.5
      vertex -13.191 34.4511 -6.5
      vertex -13.0742 34.4048 -6.5
    endloop
  endfacet
  facet normal 0 0 1
    outer loop
      vertex -9.85266 35.125 -6.5
      vertex -13.3126 34.4823 -6.5
      vertex -13.191 34.4511 -6.5
    endloop
  endfacet
  facet normal -0 0 1
    outer loop
      vertex -15.125 35.125 -6.5
      vertex -13.3126 34.4823 -6.5
      vertex -9.85266 35.125 -6.5
    endloop
  endfacet
  facet normal 0 0 1
    outer loop
      vertex -13.3126 34.4823 -6.5
      vertex -15.125 35.125 -6.5
      vertex -13.4372 34.498 -6.5
    endloop
  endfacet
  facet normal 0 0 1
    outer loop
      vertex -13.4372 34.498 -6.5
      vertex -15.125 35.125 -6.5
      vertex -13.5628 34.498 -6.5
    endloop
  endfacet
  facet normal 0 0 1
    outer loop
      vertex -13.5628 34.498 -6.5
      vertex -15.125 35.125 -6.5
      vertex -13.6874 34.4823 -6.5
    endloop
  endfacet
  facet normal 0 0 1
    outer loop
      vertex -15.125 35.125 -6.5
      vertex -13.809 34.4511 -6.5
      vertex -13.6874 34.4823 -6.5
    endloop
  endfacet
  facet normal 0 0 1
    outer loop
      vertex -15.125 35.125 -6.5
      vertex -13.9258 34.4048 -6.5
      vertex -13.809 34.4511 -6.5
    endloop
  endfacet
  facet normal 0 0 1
    outer loop
      vertex -15.125 35.125 -6.5
      vertex -14.0358 34.3443 -6.5
      vertex -13.9258 34.4048 -6.5
    endloop
  endfacet
  facet normal 0 0 1
    outer loop
      vertex -15.125 35.125 -6.5
      vertex -14.1374 34.2705 -6.5
      vertex -14.0358 34.3443 -6.5
    endloop
  endfacet
  facet normal 0 0 1
    outer loop
      vertex -15.125 35.125 -6.5
      vertex -14.229 34.1845 -6.5
      vertex -14.1374 34.2705 -6.5
    endloop
  endfacet
  facet normal 0 0 1
    outer loop
      vertex -15.125 35.125 -6.5
      vertex -14.309 34.0878 -6.5
      vertex -14.229 34.1845 -6.5
    endloop
  endfacet
  facet normal 0 0 1
    outer loop
      vertex -15.125 35.125 -6.5
      vertex -14.3763 33.9818 -6.5
      vertex -14.309 34.0878 -6.5
    endloop
  endfacet
  facet normal 0 0 1
    outer loop
      vertex -15.125 35.125 -6.5
      vertex -14.4298 33.8681 -6.5
      vertex -14.3763 33.9818 -6.5
    endloop
  endfacet
  facet normal 0 0 1
    outer loop
      vertex -15.125 35.125 -6.5
      vertex -14.4686 33.7487 -6.5
      vertex -14.4298 33.8681 -6.5
    endloop
  endfacet
  facet normal 0 0 1
    outer loop
      vertex -15.125 35.125 -6.5
      vertex -14.4921 33.6253 -6.5
      vertex -14.4686 33.7487 -6.5
    endloop
  endfacet
  facet normal 0 0 1
    outer loop
      vertex -15.125 35.125 -6.5
      vertex -14.5 33.5 -6.5
      vertex -14.4921 33.6253 -6.5
    endloop
  endfacet
  facet normal 0 0 1
    outer loop
      vertex -14.4921 33.3747 -6.5
      vertex -15.125 29.8498 -6.5
      vertex -14.4686 33.2513 -6.5
    endloop
  endfacet
  facet normal 0 0 1
    outer loop
      vertex -14.4686 33.2513 -6.5
      vertex -15.125 29.8498 -6.5
      vertex -14.7361 29.6958 -6.5
    endloop
  endfacet
  facet normal -0 0 1
    outer loop
      vertex -12.6237 33.0182 -6.5
      vertex -9.99477 31.573 -6.5
      vertex -12.5702 33.1319 -6.5
    endloop
  endfacet
  facet normal 0 0 1
    outer loop
      vertex -10.2639 31.1489 -6.5
      vertex -12.691 32.9122 -6.5
      vertex -10.5841 30.7618 -6.5
    endloop
  endfacet
  facet normal 0 0 1
    outer loop
      vertex -10.5841 30.7618 -6.5
      vertex -12.771 32.8155 -6.5
      vertex -10.9503 30.4179 -6.5
    endloop
  endfacet
  facet normal -0 0 1
    outer loop
      vertex -12.8626 32.7295 -6.5
      vertex -10.9503 30.4179 -6.5
      vertex -12.771 32.8155 -6.5
    endloop
  endfacet
  facet normal 0 0 1
    outer loop
      vertex -10.9503 30.4179 -6.5
      vertex -12.8626 32.7295 -6.5
      vertex -11.3567 30.1227 -6.5
    endloop
  endfacet
  facet normal -0 0 1
    outer loop
      vertex -12.9642 32.6557 -6.5
      vertex -11.3567 30.1227 -6.5
      vertex -12.8626 32.7295 -6.5
    endloop
  endfacet
  facet normal 0 0 1
    outer loop
      vertex -11.3567 30.1227 -6.5
      vertex -12.9642 32.6557 -6.5
      vertex -11.7969 29.8807 -6.5
    endloop
  endfacet
  facet normal -0 0 1
    outer loop
      vertex -13.0742 32.5952 -6.5
      vertex -11.7969 29.8807 -6.5
      vertex -12.9642 32.6557 -6.5
    endloop
  endfacet
  facet normal 0 0 1
    outer loop
      vertex -11.7969 29.8807 -6.5
      vertex -13.0742 32.5952 -6.5
      vertex -12.2639 29.6958 -6.5
    endloop
  endfacet
  facet normal -0 0 1
    outer loop
      vertex -13.191 32.5489 -6.5
      vertex -12.2639 29.6958 -6.5
      vertex -13.0742 32.5952 -6.5
    endloop
  endfacet
  facet normal 0 0 1
    outer loop
      vertex -12.2639 29.6958 -6.5
      vertex -13.191 32.5489 -6.5
      vertex -12.7505 29.5709 -6.5
    endloop
  endfacet
  facet normal -0 0 1
    outer loop
      vertex -13.3126 32.5177 -6.5
      vertex -12.7505 29.5709 -6.5
      vertex -13.191 32.5489 -6.5
    endloop
  endfacet
  facet normal 0 0 1
    outer loop
      vertex -12.7505 29.5709 -6.5
      vertex -13.3126 32.5177 -6.5
      vertex -13.2488 29.5079 -6.5
    endloop
  endfacet
  facet normal -0 0 1
    outer loop
      vertex -13.4372 32.502 -6.5
      vertex -13.2488 29.5079 -6.5
      vertex -13.3126 32.5177 -6.5
    endloop
  endfacet
  facet normal -0 0 1
    outer loop
      vertex -13.5628 32.502 -6.5
      vertex -13.2488 29.5079 -6.5
      vertex -13.4372 32.502 -6.5
    endloop
  endfacet
  facet normal 0 0 1
    outer loop
      vertex -13.7512 29.5079 -6.5
      vertex -13.5628 32.502 -6.5
      vertex -13.6874 32.5177 -6.5
    endloop
  endfacet
  facet normal 0 0 1
    outer loop
      vertex -13.5628 32.502 -6.5
      vertex -13.7512 29.5079 -6.5
      vertex -13.2488 29.5079 -6.5
    endloop
  endfacet
  facet normal 0 0 1
    outer loop
      vertex -14.2495 29.5709 -6.5
      vertex -13.6874 32.5177 -6.5
      vertex -13.809 32.5489 -6.5
    endloop
  endfacet
  facet normal 0 0 1
    outer loop
      vertex -14.7361 29.6958 -6.5
      vertex -13.809 32.5489 -6.5
      vertex -13.9258 32.5952 -6.5
    endloop
  endfacet
  facet normal 0 0 1
    outer loop
      vertex -14.7361 29.6958 -6.5
      vertex -13.9258 32.5952 -6.5
      vertex -14.0358 32.6557 -6.5
    endloop
  endfacet
  facet normal 0 0 1
    outer loop
      vertex -14.7361 29.6958 -6.5
      vertex -14.0358 32.6557 -6.5
      vertex -14.1374 32.7295 -6.5
    endloop
  endfacet
  facet normal 0 0 1
    outer loop
      vertex -14.7361 29.6958 -6.5
      vertex -14.1374 32.7295 -6.5
      vertex -14.229 32.8155 -6.5
    endloop
  endfacet
  facet normal 0 0 1
    outer loop
      vertex -13.6874 32.5177 -6.5
      vertex -14.2495 29.5709 -6.5
      vertex -13.7512 29.5079 -6.5
    endloop
  endfacet
  facet normal 0 0 1
    outer loop
      vertex -14.7361 29.6958 -6.5
      vertex -14.229 32.8155 -6.5
      vertex -14.309 32.9122 -6.5
    endloop
  endfacet
  facet normal 0 0 1
    outer loop
      vertex -14.7361 29.6958 -6.5
      vertex -14.309 32.9122 -6.5
      vertex -14.3763 33.0182 -6.5
    endloop
  endfacet
  facet normal 0 0 1
    outer loop
      vertex -14.7361 29.6958 -6.5
      vertex -14.3763 33.0182 -6.5
      vertex -14.4298 33.1319 -6.5
    endloop
  endfacet
  facet normal 0 0 1
    outer loop
      vertex -14.7361 29.6958 -6.5
      vertex -14.4298 33.1319 -6.5
      vertex -14.4686 33.2513 -6.5
    endloop
  endfacet
  facet normal 0 0 1
    outer loop
      vertex -15.125 29.8498 -6.5
      vertex -14.4921 33.3747 -6.5
      vertex -15.125 35.125 -6.5
    endloop
  endfacet
  facet normal 0 0 1
    outer loop
      vertex -13.809 32.5489 -6.5
      vertex -14.7361 29.6958 -6.5
      vertex -14.2495 29.5709 -6.5
    endloop
  endfacet
  facet normal 0 0 1
    outer loop
      vertex -15.125 35.125 -6.5
      vertex -14.4921 33.3747 -6.5
      vertex -14.5 33.5 -6.5
    endloop
  endfacet
  facet normal -0.24862 -0.968601 0
    outer loop
      vertex -14.7361 29.6958 -12.5
      vertex -14.2495 29.5709 -6.5
      vertex -14.7361 29.6958 -6.5
    endloop
  endfacet
  facet normal -0.24862 -0.968601 -0
    outer loop
      vertex -14.2495 29.5709 -6.5
      vertex -14.7361 29.6958 -12.5
      vertex -14.2495 29.5709 -12.5
    endloop
  endfacet
  facet normal 0.770549 -0.63738 0
    outer loop
      vertex -10.5841 30.7618 -6.5
      vertex -10.2639 31.1489 -12.5
      vertex -10.2639 31.1489 -6.5
    endloop
  endfacet
  facet normal 0.770549 -0.63738 0
    outer loop
      vertex -10.2639 31.1489 -12.5
      vertex -10.5841 30.7618 -6.5
      vertex -10.5841 30.7618 -12.5
    endloop
  endfacet
  facet normal 0 -1 0
    outer loop
      vertex -13.7512 29.5079 -12.5
      vertex -13.2488 29.5079 -6.5
      vertex -13.7512 29.5079 -6.5
    endloop
  endfacet
  facet normal 0 -1 -0
    outer loop
      vertex -13.2488 29.5079 -6.5
      vertex -13.7512 29.5079 -12.5
      vertex -13.2488 29.5079 -12.5
    endloop
  endfacet
  facet normal 0.982291 -0.187362 0
    outer loop
      vertex -9.62567 32.5052 -6.5
      vertex -9.53154 32.9987 -12.5
      vertex -9.53154 32.9987 -6.5
    endloop
  endfacet
  facet normal 0.982291 -0.187362 0
    outer loop
      vertex -9.53154 32.9987 -12.5
      vertex -9.62567 32.5052 -6.5
      vertex -9.62567 32.5052 -12.5
    endloop
  endfacet
  facet normal 0.998027 -0.0627923 0
    outer loop
      vertex -9.53154 32.9987 -6.5
      vertex -9.5 33.5 -12.5
      vertex -9.5 33.5 -6.5
    endloop
  endfacet
  facet normal 0.998027 -0.0627923 0
    outer loop
      vertex -9.5 33.5 -12.5
      vertex -9.53154 32.9987 -6.5
      vertex -9.53154 32.9987 -12.5
    endloop
  endfacet
  facet normal 0.684563 -0.728953 0
    outer loop
      vertex -10.9503 30.4179 -12.5
      vertex -10.5841 30.7618 -6.5
      vertex -10.9503 30.4179 -6.5
    endloop
  endfacet
  facet normal 0.684563 -0.728953 0
    outer loop
      vertex -10.5841 30.7618 -6.5
      vertex -10.9503 30.4179 -12.5
      vertex -10.5841 30.7618 -12.5
    endloop
  endfacet
  facet normal 0.368127 -0.929775 0
    outer loop
      vertex -12.2639 29.6958 -12.5
      vertex -11.7969 29.8807 -6.5
      vertex -12.2639 29.6958 -6.5
    endloop
  endfacet
  facet normal 0.368127 -0.929775 0
    outer loop
      vertex -11.7969 29.8807 -6.5
      vertex -12.2639 29.6958 -12.5
      vertex -11.7969 29.8807 -12.5
    endloop
  endfacet
  facet normal 0 0 -1
    outer loop
      vertex -12.5 33.5 -7.5
      vertex -10.9 33.5 -7.5
      vertex -10.9205 33.1741 -7.5
    endloop
  endfacet
  facet normal 0 0 -1
    outer loop
      vertex -12.5079 33.3747 -7.5
      vertex -10.9205 33.1741 -7.5
      vertex -10.9817 32.8534 -7.5
    endloop
  endfacet
  facet normal 0 0 -1
    outer loop
      vertex -10.9 33.5 -7.5
      vertex -12.5 33.5 -7.5
      vertex -10.9205 33.8259 -7.5
    endloop
  endfacet
  facet normal 0 0 -1
    outer loop
      vertex -12.5314 33.2513 -7.5
      vertex -10.9817 32.8534 -7.5
      vertex -11.0826 32.5429 -7.5
    endloop
  endfacet
  facet normal 0 0 -1
    outer loop
      vertex -12.5079 33.6253 -7.5
      vertex -10.9205 33.8259 -7.5
      vertex -12.5 33.5 -7.5
    endloop
  endfacet
  facet normal 0 0 -1
    outer loop
      vertex -12.5702 33.1319 -7.5
      vertex -11.0826 32.5429 -7.5
      vertex -11.2216 32.2474 -7.5
    endloop
  endfacet
  facet normal -0 0 -1
    outer loop
      vertex -10.9205 33.8259 -7.5
      vertex -12.5079 33.6253 -7.5
      vertex -10.9817 34.1466 -7.5
    endloop
  endfacet
  facet normal 0 0 -1
    outer loop
      vertex -12.6237 33.0182 -7.5
      vertex -11.2216 32.2474 -7.5
      vertex -11.3966 31.9718 -7.5
    endloop
  endfacet
  facet normal 0 0 -1
    outer loop
      vertex -12.5314 33.7487 -7.5
      vertex -10.9817 34.1466 -7.5
      vertex -12.5079 33.6253 -7.5
    endloop
  endfacet
  facet normal 0 0 -1
    outer loop
      vertex -12.691 32.9122 -7.5
      vertex -11.3966 31.9718 -7.5
      vertex -11.6047 31.7202 -7.5
    endloop
  endfacet
  facet normal -0 0 -1
    outer loop
      vertex -10.9817 34.1466 -7.5
      vertex -12.5314 33.7487 -7.5
      vertex -11.0826 34.4571 -7.5
    endloop
  endfacet
  facet normal 0 0 -1
    outer loop
      vertex -12.771 32.8155 -7.5
      vertex -11.6047 31.7202 -7.5
      vertex -11.8427 31.4967 -7.5
    endloop
  endfacet
  facet normal 0 0 -1
    outer loop
      vertex -12.5702 33.8681 -7.5
      vertex -11.0826 34.4571 -7.5
      vertex -12.5314 33.7487 -7.5
    endloop
  endfacet
  facet normal 0 0 -1
    outer loop
      vertex -12.8626 32.7295 -7.5
      vertex -11.8427 31.4967 -7.5
      vertex -12.1069 31.3047 -7.5
    endloop
  endfacet
  facet normal -0 0 -1
    outer loop
      vertex -11.0826 34.4571 -7.5
      vertex -12.5702 33.8681 -7.5
      vertex -11.2216 34.7526 -7.5
    endloop
  endfacet
  facet normal 0 0 -1
    outer loop
      vertex -12.9642 32.6557 -7.5
      vertex -12.1069 31.3047 -7.5
      vertex -12.393 31.1474 -7.5
    endloop
  endfacet
  facet normal 0 0 -1
    outer loop
      vertex -12.6237 33.9818 -7.5
      vertex -11.2216 34.7526 -7.5
      vertex -12.5702 33.8681 -7.5
    endloop
  endfacet
  facet normal -0 0 -1
    outer loop
      vertex -11.2216 34.7526 -7.5
      vertex -12.6237 33.9818 -7.5
      vertex -11.3966 35.0282 -7.5
    endloop
  endfacet
  facet normal 0 0 -1
    outer loop
      vertex -10.9205 33.1741 -7.5
      vertex -12.5079 33.3747 -7.5
      vertex -12.5 33.5 -7.5
    endloop
  endfacet
  facet normal 0 0 -1
    outer loop
      vertex -10.9817 32.8534 -7.5
      vertex -12.5314 33.2513 -7.5
      vertex -12.5079 33.3747 -7.5
    endloop
  endfacet
  facet normal 0 0 -1
    outer loop
      vertex -11.0826 32.5429 -7.5
      vertex -12.5702 33.1319 -7.5
      vertex -12.5314 33.2513 -7.5
    endloop
  endfacet
  facet normal 0 0 -1
    outer loop
      vertex -11.2216 32.2474 -7.5
      vertex -12.6237 33.0182 -7.5
      vertex -12.5702 33.1319 -7.5
    endloop
  endfacet
  facet normal 0 0 -1
    outer loop
      vertex -11.3966 31.9718 -7.5
      vertex -12.691 32.9122 -7.5
      vertex -12.6237 33.0182 -7.5
    endloop
  endfacet
  facet normal 0 0 -1
    outer loop
      vertex -13.0742 32.5952 -7.5
      vertex -12.393 31.1474 -7.5
      vertex -12.6966 31.0273 -7.5
    endloop
  endfacet
  facet normal 0 0 -1
    outer loop
      vertex -11.6047 31.7202 -7.5
      vertex -12.771 32.8155 -7.5
      vertex -12.691 32.9122 -7.5
    endloop
  endfacet
  facet normal 0 0 -1
    outer loop
      vertex -11.8427 31.4967 -7.5
      vertex -12.8626 32.7295 -7.5
      vertex -12.771 32.8155 -7.5
    endloop
  endfacet
  facet normal 0 0 -1
    outer loop
      vertex -12.1069 31.3047 -7.5
      vertex -12.9642 32.6557 -7.5
      vertex -12.8626 32.7295 -7.5
    endloop
  endfacet
  facet normal 0 0 -1
    outer loop
      vertex -13.191 32.5489 -7.5
      vertex -12.6966 31.0273 -7.5
      vertex -13.0128 30.9461 -7.5
    endloop
  endfacet
  facet normal 0 0 -1
    outer loop
      vertex -12.393 31.1474 -7.5
      vertex -13.0742 32.5952 -7.5
      vertex -12.9642 32.6557 -7.5
    endloop
  endfacet
  facet normal 0 0 -1
    outer loop
      vertex -12.6966 31.0273 -7.5
      vertex -13.191 32.5489 -7.5
      vertex -13.0742 32.5952 -7.5
    endloop
  endfacet
  facet normal 0 0 -1
    outer loop
      vertex -13.0128 30.9461 -7.5
      vertex -13.3126 32.5177 -7.5
      vertex -13.191 32.5489 -7.5
    endloop
  endfacet
  facet normal 0 0 -1
    outer loop
      vertex -13.3367 30.9051 -7.5
      vertex -13.3126 32.5177 -7.5
      vertex -13.0128 30.9461 -7.5
    endloop
  endfacet
  facet normal 0 0 -1
    outer loop
      vertex -13.3367 30.9051 -7.5
      vertex -13.4372 32.502 -7.5
      vertex -13.3126 32.5177 -7.5
    endloop
  endfacet
  facet normal 0 0 -1
    outer loop
      vertex -13.3367 30.9051 -7.5
      vertex -13.5628 32.502 -7.5
      vertex -13.4372 32.502 -7.5
    endloop
  endfacet
  facet normal 0 0 -1
    outer loop
      vertex -13.6633 30.9051 -7.5
      vertex -13.5628 32.502 -7.5
      vertex -13.3367 30.9051 -7.5
    endloop
  endfacet
  facet normal 0 0 -1
    outer loop
      vertex -13.6633 30.9051 -7.5
      vertex -13.6874 32.5177 -7.5
      vertex -13.5628 32.502 -7.5
    endloop
  endfacet
  facet normal 0 0 -1
    outer loop
      vertex -13.9872 30.9461 -7.5
      vertex -13.6874 32.5177 -7.5
      vertex -13.6633 30.9051 -7.5
    endloop
  endfacet
  facet normal -0 0 -1
    outer loop
      vertex -13.6874 32.5177 -7.5
      vertex -13.9872 30.9461 -7.5
      vertex -13.809 32.5489 -7.5
    endloop
  endfacet
  facet normal 0 0 -1
    outer loop
      vertex -14.3034 31.0273 -7.5
      vertex -13.809 32.5489 -7.5
      vertex -13.9872 30.9461 -7.5
    endloop
  endfacet
  facet normal -0 0 -1
    outer loop
      vertex -13.809 32.5489 -7.5
      vertex -14.3034 31.0273 -7.5
      vertex -13.9258 32.5952 -7.5
    endloop
  endfacet
  facet normal 0 0 -1
    outer loop
      vertex -14.607 31.1474 -7.5
      vertex -13.9258 32.5952 -7.5
      vertex -14.3034 31.0273 -7.5
    endloop
  endfacet
  facet normal -0 0 -1
    outer loop
      vertex -13.9258 32.5952 -7.5
      vertex -14.607 31.1474 -7.5
      vertex -14.0358 32.6557 -7.5
    endloop
  endfacet
  facet normal 0 0 -1
    outer loop
      vertex -14.8931 31.3047 -7.5
      vertex -14.0358 32.6557 -7.5
      vertex -14.607 31.1474 -7.5
    endloop
  endfacet
  facet normal -0 0 -1
    outer loop
      vertex -14.0358 32.6557 -7.5
      vertex -14.8931 31.3047 -7.5
      vertex -14.1374 32.7295 -7.5
    endloop
  endfacet
  facet normal 0 0 -1
    outer loop
      vertex -15.1573 31.4967 -7.5
      vertex -14.1374 32.7295 -7.5
      vertex -14.8931 31.3047 -7.5
    endloop
  endfacet
  facet normal -0 0 -1
    outer loop
      vertex -14.1374 32.7295 -7.5
      vertex -15.1573 31.4967 -7.5
      vertex -14.229 32.8155 -7.5
    endloop
  endfacet
  facet normal 0 0 -1
    outer loop
      vertex -15.3953 31.7202 -7.5
      vertex -14.229 32.8155 -7.5
      vertex -15.1573 31.4967 -7.5
    endloop
  endfacet
  facet normal -0 0 -1
    outer loop
      vertex -14.229 32.8155 -7.5
      vertex -15.3953 31.7202 -7.5
      vertex -14.309 32.9122 -7.5
    endloop
  endfacet
  facet normal -0 0 -1
    outer loop
      vertex -14.309 32.9122 -7.5
      vertex -15.6034 31.9718 -7.5
      vertex -14.3763 33.0182 -7.5
    endloop
  endfacet
  facet normal 0 0 -1
    outer loop
      vertex -15.6034 31.9718 -7.5
      vertex -14.309 32.9122 -7.5
      vertex -15.3953 31.7202 -7.5
    endloop
  endfacet
  facet normal 0 0 -1
    outer loop
      vertex -12.691 34.0878 -7.5
      vertex -11.3966 35.0282 -7.5
      vertex -12.6237 33.9818 -7.5
    endloop
  endfacet
  facet normal -0 0 -1
    outer loop
      vertex -11.3966 35.0282 -7.5
      vertex -12.691 34.0878 -7.5
      vertex -11.6047 35.2798 -7.5
    endloop
  endfacet
  facet normal 0 0 -1
    outer loop
      vertex -12.771 34.1845 -7.5
      vertex -11.6047 35.2798 -7.5
      vertex -12.691 34.0878 -7.5
    endloop
  endfacet
  facet normal -0 0 -1
    outer loop
      vertex -11.6047 35.2798 -7.5
      vertex -12.771 34.1845 -7.5
      vertex -11.8427 35.5033 -7.5
    endloop
  endfacet
  facet normal 0 0 -1
    outer loop
      vertex -12.8626 34.2705 -7.5
      vertex -11.8427 35.5033 -7.5
      vertex -12.771 34.1845 -7.5
    endloop
  endfacet
  facet normal -0 0 -1
    outer loop
      vertex -11.8427 35.5033 -7.5
      vertex -12.8626 34.2705 -7.5
      vertex -12.1069 35.6953 -7.5
    endloop
  endfacet
  facet normal 0 0 -1
    outer loop
      vertex -12.9642 34.3443 -7.5
      vertex -12.1069 35.6953 -7.5
      vertex -12.8626 34.2705 -7.5
    endloop
  endfacet
  facet normal -0 0 -1
    outer loop
      vertex -12.1069 35.6953 -7.5
      vertex -12.9642 34.3443 -7.5
      vertex -12.393 35.8526 -7.5
    endloop
  endfacet
  facet normal 0 0 -1
    outer loop
      vertex -13.0742 34.4048 -7.5
      vertex -12.393 35.8526 -7.5
      vertex -12.9642 34.3443 -7.5
    endloop
  endfacet
  facet normal -0 0 -1
    outer loop
      vertex -12.393 35.8526 -7.5
      vertex -13.0742 34.4048 -7.5
      vertex -12.6966 35.9727 -7.5
    endloop
  endfacet
  facet normal 0 0 -1
    outer loop
      vertex -13.191 34.4511 -7.5
      vertex -12.6966 35.9727 -7.5
      vertex -13.0742 34.4048 -7.5
    endloop
  endfacet
  facet normal -0 0 -1
    outer loop
      vertex -12.6966 35.9727 -7.5
      vertex -13.191 34.4511 -7.5
      vertex -13.0128 36.0539 -7.5
    endloop
  endfacet
  facet normal 0 0 -1
    outer loop
      vertex -13.3126 34.4823 -7.5
      vertex -13.0128 36.0539 -7.5
      vertex -13.191 34.4511 -7.5
    endloop
  endfacet
  facet normal 0 0 -1
    outer loop
      vertex -13.3126 34.4823 -7.5
      vertex -13.3367 36.0949 -7.5
      vertex -13.0128 36.0539 -7.5
    endloop
  endfacet
  facet normal 0 0 -1
    outer loop
      vertex -13.4372 34.498 -7.5
      vertex -13.3367 36.0949 -7.5
      vertex -13.3126 34.4823 -7.5
    endloop
  endfacet
  facet normal 0 0 -1
    outer loop
      vertex -13.5628 34.498 -7.5
      vertex -13.3367 36.0949 -7.5
      vertex -13.4372 34.498 -7.5
    endloop
  endfacet
  facet normal 0 0 -1
    outer loop
      vertex -13.5628 34.498 -7.5
      vertex -13.6633 36.0949 -7.5
      vertex -13.3367 36.0949 -7.5
    endloop
  endfacet
  facet normal 0 0 -1
    outer loop
      vertex -13.6874 34.4823 -7.5
      vertex -13.6633 36.0949 -7.5
      vertex -13.5628 34.498 -7.5
    endloop
  endfacet
  facet normal 0 0 -1
    outer loop
      vertex -13.9872 36.0539 -7.5
      vertex -13.6874 34.4823 -7.5
      vertex -13.809 34.4511 -7.5
    endloop
  endfacet
  facet normal 0 0 -1
    outer loop
      vertex -14.3034 35.9727 -7.5
      vertex -13.809 34.4511 -7.5
      vertex -13.9258 34.4048 -7.5
    endloop
  endfacet
  facet normal 0 0 -1
    outer loop
      vertex -13.6874 34.4823 -7.5
      vertex -13.9872 36.0539 -7.5
      vertex -13.6633 36.0949 -7.5
    endloop
  endfacet
  facet normal 0 0 -1
    outer loop
      vertex -14.607 35.8526 -7.5
      vertex -13.9258 34.4048 -7.5
      vertex -14.0358 34.3443 -7.5
    endloop
  endfacet
  facet normal 0 0 -1
    outer loop
      vertex -14.8931 35.6953 -7.5
      vertex -14.0358 34.3443 -7.5
      vertex -14.1374 34.2705 -7.5
    endloop
  endfacet
  facet normal 0 0 -1
    outer loop
      vertex -15.1573 35.5033 -7.5
      vertex -14.1374 34.2705 -7.5
      vertex -14.229 34.1845 -7.5
    endloop
  endfacet
  facet normal 0 0 -1
    outer loop
      vertex -13.809 34.4511 -7.5
      vertex -14.3034 35.9727 -7.5
      vertex -13.9872 36.0539 -7.5
    endloop
  endfacet
  facet normal 0 0 -1
    outer loop
      vertex -15.3953 35.2798 -7.5
      vertex -14.229 34.1845 -7.5
      vertex -14.309 34.0878 -7.5
    endloop
  endfacet
  facet normal 0 0 -1
    outer loop
      vertex -15.6034 35.0282 -7.5
      vertex -14.309 34.0878 -7.5
      vertex -14.3763 33.9818 -7.5
    endloop
  endfacet
  facet normal 0 0 -1
    outer loop
      vertex -15.7784 34.7526 -7.5
      vertex -14.3763 33.9818 -7.5
      vertex -14.4298 33.8681 -7.5
    endloop
  endfacet
  facet normal 0 0 -1
    outer loop
      vertex -15.9174 34.4571 -7.5
      vertex -14.4298 33.8681 -7.5
      vertex -14.4686 33.7487 -7.5
    endloop
  endfacet
  facet normal 0 0 -1
    outer loop
      vertex -16.0183 34.1466 -7.5
      vertex -14.4686 33.7487 -7.5
      vertex -14.4921 33.6253 -7.5
    endloop
  endfacet
  facet normal 0 0 -1
    outer loop
      vertex -13.9258 34.4048 -7.5
      vertex -14.607 35.8526 -7.5
      vertex -14.3034 35.9727 -7.5
    endloop
  endfacet
  facet normal 0 0 -1
    outer loop
      vertex -16.0795 33.8259 -7.5
      vertex -14.4921 33.6253 -7.5
      vertex -14.5 33.5 -7.5
    endloop
  endfacet
  facet normal 0 0 -1
    outer loop
      vertex -15.7784 32.2474 -7.5
      vertex -14.3763 33.0182 -7.5
      vertex -15.6034 31.9718 -7.5
    endloop
  endfacet
  facet normal -0 0 -1
    outer loop
      vertex -14.3763 33.0182 -7.5
      vertex -15.7784 32.2474 -7.5
      vertex -14.4298 33.1319 -7.5
    endloop
  endfacet
  facet normal 0 0 -1
    outer loop
      vertex -14.0358 34.3443 -7.5
      vertex -14.8931 35.6953 -7.5
      vertex -14.607 35.8526 -7.5
    endloop
  endfacet
  facet normal 0 0 -1
    outer loop
      vertex -15.9174 32.5429 -7.5
      vertex -14.4298 33.1319 -7.5
      vertex -15.7784 32.2474 -7.5
    endloop
  endfacet
  facet normal 0 0 -1
    outer loop
      vertex -14.1374 34.2705 -7.5
      vertex -15.1573 35.5033 -7.5
      vertex -14.8931 35.6953 -7.5
    endloop
  endfacet
  facet normal -0 0 -1
    outer loop
      vertex -14.4298 33.1319 -7.5
      vertex -15.9174 32.5429 -7.5
      vertex -14.4686 33.2513 -7.5
    endloop
  endfacet
  facet normal 0 0 -1
    outer loop
      vertex -14.229 34.1845 -7.5
      vertex -15.3953 35.2798 -7.5
      vertex -15.1573 35.5033 -7.5
    endloop
  endfacet
  facet normal 0 0 -1
    outer loop
      vertex -16.0183 32.8534 -7.5
      vertex -14.4686 33.2513 -7.5
      vertex -15.9174 32.5429 -7.5
    endloop
  endfacet
  facet normal 0 0 -1
    outer loop
      vertex -14.309 34.0878 -7.5
      vertex -15.6034 35.0282 -7.5
      vertex -15.3953 35.2798 -7.5
    endloop
  endfacet
  facet normal -0 0 -1
    outer loop
      vertex -14.4686 33.2513 -7.5
      vertex -16.0183 32.8534 -7.5
      vertex -14.4921 33.3747 -7.5
    endloop
  endfacet
  facet normal 0 0 -1
    outer loop
      vertex -14.3763 33.9818 -7.5
      vertex -15.7784 34.7526 -7.5
      vertex -15.6034 35.0282 -7.5
    endloop
  endfacet
  facet normal 0 0 -1
    outer loop
      vertex -16.0795 33.1741 -7.5
      vertex -14.4921 33.3747 -7.5
      vertex -16.0183 32.8534 -7.5
    endloop
  endfacet
  facet normal 0 0 -1
    outer loop
      vertex -14.4298 33.8681 -7.5
      vertex -15.9174 34.4571 -7.5
      vertex -15.7784 34.7526 -7.5
    endloop
  endfacet
  facet normal -0 0 -1
    outer loop
      vertex -14.4921 33.3747 -7.5
      vertex -16.0795 33.1741 -7.5
      vertex -14.5 33.5 -7.5
    endloop
  endfacet
  facet normal 0 0 -1
    outer loop
      vertex -14.4686 33.7487 -7.5
      vertex -16.0183 34.1466 -7.5
      vertex -15.9174 34.4571 -7.5
    endloop
  endfacet
  facet normal 0 0 -1
    outer loop
      vertex -16.1 33.5 -7.5
      vertex -14.5 33.5 -7.5
      vertex -16.0795 33.1741 -7.5
    endloop
  endfacet
  facet normal 0 0 -1
    outer loop
      vertex -14.4921 33.6253 -7.5
      vertex -16.0795 33.8259 -7.5
      vertex -16.0183 34.1466 -7.5
    endloop
  endfacet
  facet normal 0 0 -1
    outer loop
      vertex -14.5 33.5 -7.5
      vertex -16.1 33.5 -7.5
      vertex -16.0795 33.8259 -7.5
    endloop
  endfacet
  facet normal -0.125431 -0.992102 0
    outer loop
      vertex -14.2495 29.5709 -12.5
      vertex -13.7512 29.5079 -6.5
      vertex -14.2495 29.5709 -6.5
    endloop
  endfacet
  facet normal -0.125431 -0.992102 -0
    outer loop
      vertex -13.7512 29.5079 -6.5
      vertex -14.2495 29.5709 -12.5
      vertex -13.7512 29.5079 -12.5
    endloop
  endfacet
  facet normal 0.904821 -0.425793 0
    outer loop
      vertex -9.99477 31.573 -6.5
      vertex -9.78089 32.0275 -12.5
      vertex -9.78089 32.0275 -6.5
    endloop
  endfacet
  facet normal 0.904821 -0.425793 0
    outer loop
      vertex -9.78089 32.0275 -12.5
      vertex -9.99477 31.573 -6.5
      vertex -9.99477 31.573 -12.5
    endloop
  endfacet
  facet normal 0.587698 -0.80908 0
    outer loop
      vertex -11.3567 30.1227 -12.5
      vertex -10.9503 30.4179 -6.5
      vertex -11.3567 30.1227 -6.5
    endloop
  endfacet
  facet normal 0.587698 -0.80908 0
    outer loop
      vertex -10.9503 30.4179 -6.5
      vertex -11.3567 30.1227 -12.5
      vertex -10.9503 30.4179 -12.5
    endloop
  endfacet
  facet normal -0.368173 -0.929757 0
    outer loop
      vertex -15.125 29.8498 -12.5
      vertex -14.7361 29.6958 -6.5
      vertex -15.125 29.8498 -6.5
    endloop
  endfacet
  facet normal -0.368173 -0.929757 -0
    outer loop
      vertex -14.7361 29.6958 -6.5
      vertex -15.125 29.8498 -12.5
      vertex -14.7361 29.6958 -12.5
    endloop
  endfacet
  facet normal -0.982346 -0.187076 0
    outer loop
      vertex -12.5079 33.6253 -7.5
      vertex -12.5314 33.7487 -6.5
      vertex -12.5314 33.7487 -7.5
    endloop
  endfacet
  facet normal -0.982346 -0.187076 0
    outer loop
      vertex -12.5314 33.7487 -6.5
      vertex -12.5079 33.6253 -7.5
      vertex -12.5079 33.6253 -6.5
    endloop
  endfacet
  facet normal -0.998018 -0.0629237 0
    outer loop
      vertex -12.5 33.5 -7.5
      vertex -12.5079 33.6253 -6.5
      vertex -12.5079 33.6253 -7.5
    endloop
  endfacet
  facet normal -0.998018 -0.0629237 0
    outer loop
      vertex -12.5079 33.6253 -6.5
      vertex -12.5 33.5 -7.5
      vertex -12.5 33.5 -6.5
    endloop
  endfacet
  facet normal -0.844219 -0.535999 0
    outer loop
      vertex -12.6237 33.9818 -7.5
      vertex -12.691 34.0878 -6.5
      vertex -12.691 34.0878 -7.5
    endloop
  endfacet
  facet normal -0.844219 -0.535999 0
    outer loop
      vertex -12.691 34.0878 -6.5
      vertex -12.6237 33.9818 -7.5
      vertex -12.6237 33.9818 -6.5
    endloop
  endfacet
  facet normal -0.68447 -0.729041 0
    outer loop
      vertex -12.8626 34.2705 -7.5
      vertex -12.771 34.1845 -6.5
      vertex -12.8626 34.2705 -6.5
    endloop
  endfacet
  facet normal -0.68447 -0.729041 -0
    outer loop
      vertex -12.771 34.1845 -6.5
      vertex -12.8626 34.2705 -7.5
      vertex -12.771 34.1845 -7.5
    endloop
  endfacet
  facet normal 0.248529 -0.968625 0
    outer loop
      vertex -13.809 34.4511 -7.5
      vertex -13.6874 34.4823 -6.5
      vertex -13.809 34.4511 -6.5
    endloop
  endfacet
  facet normal 0.248529 -0.968625 0
    outer loop
      vertex -13.6874 34.4823 -6.5
      vertex -13.809 34.4511 -7.5
      vertex -13.6874 34.4823 -7.5
    endloop
  endfacet
  facet normal 0.770502 0.637437 0
    outer loop
      vertex -14.229 32.8155 -6.5
      vertex -14.309 32.9122 -7.5
      vertex -14.309 32.9122 -6.5
    endloop
  endfacet
  facet normal 0.770502 0.637437 0
    outer loop
      vertex -14.309 32.9122 -7.5
      vertex -14.229 32.8155 -6.5
      vertex -14.229 32.8155 -7.5
    endloop
  endfacet
  facet normal -0.904837 0.425759 0
    outer loop
      vertex -12.6237 33.0182 -7.5
      vertex -12.5702 33.1319 -6.5
      vertex -12.5702 33.1319 -7.5
    endloop
  endfacet
  facet normal -0.904837 0.425759 0
    outer loop
      vertex -12.5702 33.1319 -6.5
      vertex -12.6237 33.0182 -7.5
      vertex -12.6237 33.0182 -6.5
    endloop
  endfacet
  facet normal -0.481919 -0.876216 0
    outer loop
      vertex -13.0742 34.4048 -7.5
      vertex -12.9642 34.3443 -6.5
      vertex -13.0742 34.4048 -6.5
    endloop
  endfacet
  facet normal -0.481919 -0.876216 -0
    outer loop
      vertex -12.9642 34.3443 -6.5
      vertex -13.0742 34.4048 -7.5
      vertex -12.9642 34.3443 -7.5
    endloop
  endfacet
  facet normal -0.248529 0.968625 0
    outer loop
      vertex -13.191 32.5489 -7.5
      vertex -13.3126 32.5177 -6.5
      vertex -13.191 32.5489 -6.5
    endloop
  endfacet
  facet normal -0.248529 0.968625 0
    outer loop
      vertex -13.3126 32.5177 -6.5
      vertex -13.191 32.5489 -7.5
      vertex -13.3126 32.5177 -7.5
    endloop
  endfacet
  facet normal 0.951046 -0.30905 0
    outer loop
      vertex -14.4686 33.7487 -6.5
      vertex -14.4298 33.8681 -7.5
      vertex -14.4298 33.8681 -6.5
    endloop
  endfacet
  facet normal 0.951046 -0.30905 0
    outer loop
      vertex -14.4298 33.8681 -7.5
      vertex -14.4686 33.7487 -6.5
      vertex -14.4686 33.7487 -7.5
    endloop
  endfacet
  facet normal 0.481919 -0.876216 0
    outer loop
      vertex -14.0358 34.3443 -7.5
      vertex -13.9258 34.4048 -6.5
      vertex -14.0358 34.3443 -6.5
    endloop
  endfacet
  facet normal 0.481919 -0.876216 0
    outer loop
      vertex -13.9258 34.4048 -6.5
      vertex -14.0358 34.3443 -7.5
      vertex -13.9258 34.4048 -7.5
    endloop
  endfacet
  facet normal 0.998018 -0.0629237 0
    outer loop
      vertex -14.5 33.5 -6.5
      vertex -14.4921 33.6253 -7.5
      vertex -14.4921 33.6253 -6.5
    endloop
  endfacet
  facet normal 0.998018 -0.0629237 0
    outer loop
      vertex -14.4921 33.6253 -7.5
      vertex -14.5 33.5 -6.5
      vertex -14.5 33.5 -7.5
    endloop
  endfacet
  facet normal 0 -1 0
    outer loop
      vertex -13.5628 34.498 -7.5
      vertex -13.4372 34.498 -6.5
      vertex -13.5628 34.498 -6.5
    endloop
  endfacet
  facet normal 0 -1 -0
    outer loop
      vertex -13.4372 34.498 -6.5
      vertex -13.5628 34.498 -7.5
      vertex -13.4372 34.498 -7.5
    endloop
  endfacet
  facet normal -0.844219 0.535999 0
    outer loop
      vertex -12.691 32.9122 -7.5
      vertex -12.6237 33.0182 -6.5
      vertex -12.6237 33.0182 -7.5
    endloop
  endfacet
  facet normal -0.844219 0.535999 0
    outer loop
      vertex -12.6237 33.0182 -6.5
      vertex -12.691 32.9122 -7.5
      vertex -12.691 32.9122 -6.5
    endloop
  endfacet
  facet normal 0.844219 -0.535999 0
    outer loop
      vertex -14.3763 33.9818 -6.5
      vertex -14.309 34.0878 -7.5
      vertex -14.309 34.0878 -6.5
    endloop
  endfacet
  facet normal 0.844219 -0.535999 0
    outer loop
      vertex -14.309 34.0878 -7.5
      vertex -14.3763 33.9818 -6.5
      vertex -14.3763 33.9818 -7.5
    endloop
  endfacet
  facet normal -0.68447 0.729041 0
    outer loop
      vertex -12.771 32.8155 -7.5
      vertex -12.8626 32.7295 -6.5
      vertex -12.771 32.8155 -6.5
    endloop
  endfacet
  facet normal -0.68447 0.729041 0
    outer loop
      vertex -12.8626 32.7295 -6.5
      vertex -12.771 32.8155 -7.5
      vertex -12.8626 32.7295 -7.5
    endloop
  endfacet
  facet normal 0.982346 0.187076 0
    outer loop
      vertex -14.4686 33.2513 -6.5
      vertex -14.4921 33.3747 -7.5
      vertex -14.4921 33.3747 -6.5
    endloop
  endfacet
  facet normal 0.982346 0.187076 0
    outer loop
      vertex -14.4921 33.3747 -7.5
      vertex -14.4686 33.2513 -6.5
      vertex -14.4686 33.2513 -7.5
    endloop
  endfacet
  facet normal 0.248529 0.968625 -0
    outer loop
      vertex -13.6874 32.5177 -7.5
      vertex -13.809 32.5489 -6.5
      vertex -13.6874 32.5177 -6.5
    endloop
  endfacet
  facet normal 0.248529 0.968625 0
    outer loop
      vertex -13.809 32.5489 -6.5
      vertex -13.6874 32.5177 -7.5
      vertex -13.809 32.5489 -7.5
    endloop
  endfacet
  facet normal 0.904837 0.425759 0
    outer loop
      vertex -14.3763 33.0182 -6.5
      vertex -14.4298 33.1319 -7.5
      vertex -14.4298 33.1319 -6.5
    endloop
  endfacet
  facet normal 0.904837 0.425759 0
    outer loop
      vertex -14.4298 33.1319 -7.5
      vertex -14.3763 33.0182 -6.5
      vertex -14.3763 33.0182 -7.5
    endloop
  endfacet
  facet normal -0.125015 0.992155 0
    outer loop
      vertex -13.3126 32.5177 -7.5
      vertex -13.4372 32.502 -6.5
      vertex -13.3126 32.5177 -6.5
    endloop
  endfacet
  facet normal -0.125015 0.992155 0
    outer loop
      vertex -13.4372 32.502 -6.5
      vertex -13.3126 32.5177 -7.5
      vertex -13.4372 32.502 -7.5
    endloop
  endfacet
  facet normal 0.68447 -0.729041 0
    outer loop
      vertex -14.229 34.1845 -7.5
      vertex -14.1374 34.2705 -6.5
      vertex -14.229 34.1845 -6.5
    endloop
  endfacet
  facet normal 0.68447 -0.729041 0
    outer loop
      vertex -14.1374 34.2705 -6.5
      vertex -14.229 34.1845 -7.5
      vertex -14.1374 34.2705 -7.5
    endloop
  endfacet
  facet normal 0.844219 0.535999 0
    outer loop
      vertex -14.309 32.9122 -6.5
      vertex -14.3763 33.0182 -7.5
      vertex -14.3763 33.0182 -6.5
    endloop
  endfacet
  facet normal 0.844219 0.535999 0
    outer loop
      vertex -14.3763 33.0182 -7.5
      vertex -14.309 32.9122 -6.5
      vertex -14.309 32.9122 -7.5
    endloop
  endfacet
  facet normal -0.904837 -0.425759 0
    outer loop
      vertex -12.5702 33.8681 -7.5
      vertex -12.6237 33.9818 -6.5
      vertex -12.6237 33.9818 -7.5
    endloop
  endfacet
  facet normal -0.904837 -0.425759 0
    outer loop
      vertex -12.6237 33.9818 -6.5
      vertex -12.5702 33.8681 -7.5
      vertex -12.5702 33.8681 -6.5
    endloop
  endfacet
  facet normal 0.770502 -0.637437 0
    outer loop
      vertex -14.309 34.0878 -6.5
      vertex -14.229 34.1845 -7.5
      vertex -14.229 34.1845 -6.5
    endloop
  endfacet
  facet normal 0.770502 -0.637437 0
    outer loop
      vertex -14.229 34.1845 -7.5
      vertex -14.309 34.0878 -6.5
      vertex -14.309 34.0878 -7.5
    endloop
  endfacet
  facet normal -0.587698 -0.80908 0
    outer loop
      vertex -12.9642 34.3443 -7.5
      vertex -12.8626 34.2705 -6.5
      vertex -12.9642 34.3443 -6.5
    endloop
  endfacet
  facet normal -0.587698 -0.80908 -0
    outer loop
      vertex -12.8626 34.2705 -6.5
      vertex -12.9642 34.3443 -7.5
      vertex -12.8626 34.2705 -7.5
    endloop
  endfacet
  facet normal -0.481919 0.876216 0
    outer loop
      vertex -12.9642 32.6557 -7.5
      vertex -13.0742 32.5952 -6.5
      vertex -12.9642 32.6557 -6.5
    endloop
  endfacet
  facet normal -0.481919 0.876216 0
    outer loop
      vertex -13.0742 32.5952 -6.5
      vertex -12.9642 32.6557 -7.5
      vertex -13.0742 32.5952 -7.5
    endloop
  endfacet
  facet normal 0.368507 -0.929625 0
    outer loop
      vertex -13.9258 34.4048 -7.5
      vertex -13.809 34.4511 -6.5
      vertex -13.9258 34.4048 -6.5
    endloop
  endfacet
  facet normal 0.368507 -0.929625 0
    outer loop
      vertex -13.809 34.4511 -6.5
      vertex -13.9258 34.4048 -7.5
      vertex -13.809 34.4511 -7.5
    endloop
  endfacet
  facet normal -0.982346 0.187076 0
    outer loop
      vertex -12.5314 33.2513 -7.5
      vertex -12.5079 33.3747 -6.5
      vertex -12.5079 33.3747 -7.5
    endloop
  endfacet
  facet normal -0.982346 0.187076 0
    outer loop
      vertex -12.5079 33.3747 -6.5
      vertex -12.5314 33.2513 -7.5
      vertex -12.5314 33.2513 -6.5
    endloop
  endfacet
  facet normal -0.998018 0.0629237 0
    outer loop
      vertex -12.5079 33.3747 -7.5
      vertex -12.5 33.5 -6.5
      vertex -12.5 33.5 -7.5
    endloop
  endfacet
  facet normal -0.998018 0.0629237 0
    outer loop
      vertex -12.5 33.5 -6.5
      vertex -12.5079 33.3747 -7.5
      vertex -12.5079 33.3747 -6.5
    endloop
  endfacet
  facet normal 0.951046 0.30905 0
    outer loop
      vertex -14.4298 33.1319 -6.5
      vertex -14.4686 33.2513 -7.5
      vertex -14.4686 33.2513 -6.5
    endloop
  endfacet
  facet normal 0.951046 0.30905 0
    outer loop
      vertex -14.4686 33.2513 -7.5
      vertex -14.4298 33.1319 -6.5
      vertex -14.4298 33.1319 -7.5
    endloop
  endfacet
  facet normal 0 1 -0
    outer loop
      vertex -13.4372 32.502 -7.5
      vertex -13.5628 32.502 -6.5
      vertex -13.4372 32.502 -6.5
    endloop
  endfacet
  facet normal 0 1 0
    outer loop
      vertex -13.5628 32.502 -6.5
      vertex -13.4372 32.502 -7.5
      vertex -13.5628 32.502 -7.5
    endloop
  endfacet
  facet normal -0.368507 0.929625 0
    outer loop
      vertex -13.0742 32.5952 -7.5
      vertex -13.191 32.5489 -6.5
      vertex -13.0742 32.5952 -6.5
    endloop
  endfacet
  facet normal -0.368507 0.929625 0
    outer loop
      vertex -13.191 32.5489 -6.5
      vertex -13.0742 32.5952 -7.5
      vertex -13.191 32.5489 -7.5
    endloop
  endfacet
  facet normal 0.587698 -0.80908 0
    outer loop
      vertex -14.1374 34.2705 -7.5
      vertex -14.0358 34.3443 -6.5
      vertex -14.1374 34.2705 -6.5
    endloop
  endfacet
  facet normal 0.587698 -0.80908 0
    outer loop
      vertex -14.0358 34.3443 -6.5
      vertex -14.1374 34.2705 -7.5
      vertex -14.0358 34.3443 -7.5
    endloop
  endfacet
  facet normal -0.951046 0.30905 0
    outer loop
      vertex -12.5702 33.1319 -7.5
      vertex -12.5314 33.2513 -6.5
      vertex -12.5314 33.2513 -7.5
    endloop
  endfacet
  facet normal -0.951046 0.30905 0
    outer loop
      vertex -12.5314 33.2513 -6.5
      vertex -12.5702 33.1319 -7.5
      vertex -12.5702 33.1319 -6.5
    endloop
  endfacet
  facet normal 0.982346 -0.187076 0
    outer loop
      vertex -14.4921 33.6253 -6.5
      vertex -14.4686 33.7487 -7.5
      vertex -14.4686 33.7487 -6.5
    endloop
  endfacet
  facet normal 0.982346 -0.187076 0
    outer loop
      vertex -14.4686 33.7487 -7.5
      vertex -14.4921 33.6253 -6.5
      vertex -14.4921 33.6253 -7.5
    endloop
  endfacet
  facet normal -0.368507 -0.929625 0
    outer loop
      vertex -13.191 34.4511 -7.5
      vertex -13.0742 34.4048 -6.5
      vertex -13.191 34.4511 -6.5
    endloop
  endfacet
  facet normal -0.368507 -0.929625 -0
    outer loop
      vertex -13.0742 34.4048 -6.5
      vertex -13.191 34.4511 -7.5
      vertex -13.0742 34.4048 -7.5
    endloop
  endfacet
  facet normal -0.770502 -0.637437 0
    outer loop
      vertex -12.691 34.0878 -7.5
      vertex -12.771 34.1845 -6.5
      vertex -12.771 34.1845 -7.5
    endloop
  endfacet
  facet normal -0.770502 -0.637437 0
    outer loop
      vertex -12.771 34.1845 -6.5
      vertex -12.691 34.0878 -7.5
      vertex -12.691 34.0878 -6.5
    endloop
  endfacet
  facet normal 0.368507 0.929625 -0
    outer loop
      vertex -13.809 32.5489 -7.5
      vertex -13.9258 32.5952 -6.5
      vertex -13.809 32.5489 -6.5
    endloop
  endfacet
  facet normal 0.368507 0.929625 0
    outer loop
      vertex -13.9258 32.5952 -6.5
      vertex -13.809 32.5489 -7.5
      vertex -13.9258 32.5952 -7.5
    endloop
  endfacet
  facet normal -0.951046 -0.30905 0
    outer loop
      vertex -12.5314 33.7487 -7.5
      vertex -12.5702 33.8681 -6.5
      vertex -12.5702 33.8681 -7.5
    endloop
  endfacet
  facet normal -0.951046 -0.30905 0
    outer loop
      vertex -12.5702 33.8681 -6.5
      vertex -12.5314 33.7487 -7.5
      vertex -12.5314 33.7487 -6.5
    endloop
  endfacet
  facet normal -0.770502 0.637437 0
    outer loop
      vertex -12.771 32.8155 -7.5
      vertex -12.691 32.9122 -6.5
      vertex -12.691 32.9122 -7.5
    endloop
  endfacet
  facet normal -0.770502 0.637437 0
    outer loop
      vertex -12.691 32.9122 -6.5
      vertex -12.771 32.8155 -7.5
      vertex -12.771 32.8155 -6.5
    endloop
  endfacet
  facet normal 0.587698 0.80908 -0
    outer loop
      vertex -14.0358 32.6557 -7.5
      vertex -14.1374 32.7295 -6.5
      vertex -14.0358 32.6557 -6.5
    endloop
  endfacet
  facet normal 0.587698 0.80908 0
    outer loop
      vertex -14.1374 32.7295 -6.5
      vertex -14.0358 32.6557 -7.5
      vertex -14.1374 32.7295 -7.5
    endloop
  endfacet
  facet normal 0.125015 -0.992155 0
    outer loop
      vertex -13.6874 34.4823 -7.5
      vertex -13.5628 34.498 -6.5
      vertex -13.6874 34.4823 -6.5
    endloop
  endfacet
  facet normal 0.125015 -0.992155 0
    outer loop
      vertex -13.5628 34.498 -6.5
      vertex -13.6874 34.4823 -7.5
      vertex -13.5628 34.498 -7.5
    endloop
  endfacet
  facet normal -0.125015 -0.992155 0
    outer loop
      vertex -13.4372 34.498 -7.5
      vertex -13.3126 34.4823 -6.5
      vertex -13.4372 34.498 -6.5
    endloop
  endfacet
  facet normal -0.125015 -0.992155 -0
    outer loop
      vertex -13.3126 34.4823 -6.5
      vertex -13.4372 34.498 -7.5
      vertex -13.3126 34.4823 -7.5
    endloop
  endfacet
  facet normal 0.68447 0.729041 -0
    outer loop
      vertex -14.1374 32.7295 -7.5
      vertex -14.229 32.8155 -6.5
      vertex -14.1374 32.7295 -6.5
    endloop
  endfacet
  facet normal 0.68447 0.729041 0
    outer loop
      vertex -14.229 32.8155 -6.5
      vertex -14.1374 32.7295 -7.5
      vertex -14.229 32.8155 -7.5
    endloop
  endfacet
  facet normal 0.998018 0.0629237 0
    outer loop
      vertex -14.4921 33.3747 -6.5
      vertex -14.5 33.5 -7.5
      vertex -14.5 33.5 -6.5
    endloop
  endfacet
  facet normal 0.998018 0.0629237 0
    outer loop
      vertex -14.5 33.5 -7.5
      vertex -14.4921 33.3747 -6.5
      vertex -14.4921 33.3747 -7.5
    endloop
  endfacet
  facet normal 0.904837 -0.425759 0
    outer loop
      vertex -14.4298 33.8681 -6.5
      vertex -14.3763 33.9818 -7.5
      vertex -14.3763 33.9818 -6.5
    endloop
  endfacet
  facet normal 0.904837 -0.425759 0
    outer loop
      vertex -14.3763 33.9818 -7.5
      vertex -14.4298 33.8681 -6.5
      vertex -14.4298 33.8681 -7.5
    endloop
  endfacet
  facet normal 0.125015 0.992155 -0
    outer loop
      vertex -13.5628 32.502 -7.5
      vertex -13.6874 32.5177 -6.5
      vertex -13.5628 32.502 -6.5
    endloop
  endfacet
  facet normal 0.125015 0.992155 0
    outer loop
      vertex -13.6874 32.5177 -6.5
      vertex -13.5628 32.502 -7.5
      vertex -13.6874 32.5177 -7.5
    endloop
  endfacet
  facet normal -0.587698 0.80908 0
    outer loop
      vertex -12.8626 32.7295 -7.5
      vertex -12.9642 32.6557 -6.5
      vertex -12.8626 32.7295 -6.5
    endloop
  endfacet
  facet normal -0.587698 0.80908 0
    outer loop
      vertex -12.9642 32.6557 -6.5
      vertex -12.8626 32.7295 -7.5
      vertex -12.9642 32.6557 -7.5
    endloop
  endfacet
  facet normal 0.481919 0.876216 -0
    outer loop
      vertex -13.9258 32.5952 -7.5
      vertex -14.0358 32.6557 -6.5
      vertex -13.9258 32.5952 -6.5
    endloop
  endfacet
  facet normal 0.481919 0.876216 0
    outer loop
      vertex -14.0358 32.6557 -6.5
      vertex -13.9258 32.5952 -7.5
      vertex -14.0358 32.6557 -7.5
    endloop
  endfacet
  facet normal -0.248529 -0.968625 0
    outer loop
      vertex -13.3126 34.4823 -7.5
      vertex -13.191 34.4511 -6.5
      vertex -13.3126 34.4823 -6.5
    endloop
  endfacet
  facet normal -0.248529 -0.968625 -0
    outer loop
      vertex -13.191 34.4511 -6.5
      vertex -13.3126 34.4823 -7.5
      vertex -13.191 34.4511 -7.5
    endloop
  endfacet
  facet normal 0.982291 0.187362 0
    outer loop
      vertex -9.53154 -32.9987 -6.5
      vertex -9.62567 -32.5052 -12.5
      vertex -9.62567 -32.5052 -6.5
    endloop
  endfacet
  facet normal 0.982291 0.187362 0
    outer loop
      vertex -9.62567 -32.5052 -12.5
      vertex -9.53154 -32.9987 -6.5
      vertex -9.53154 -32.9987 -12.5
    endloop
  endfacet
  facet normal 0.998027 0.0627923 0
    outer loop
      vertex -9.5 -33.5 -6.5
      vertex -9.53154 -32.9987 -12.5
      vertex -9.53154 -32.9987 -6.5
    endloop
  endfacet
  facet normal 0.998027 0.0627923 0
    outer loop
      vertex -9.53154 -32.9987 -12.5
      vertex -9.5 -33.5 -6.5
      vertex -9.5 -33.5 -12.5
    endloop
  endfacet
  facet normal 0.951053 0.309028 0
    outer loop
      vertex -9.62567 -32.5052 -6.5
      vertex -9.78089 -32.0275 -12.5
      vertex -9.78089 -32.0275 -6.5
    endloop
  endfacet
  facet normal 0.951053 0.309028 0
    outer loop
      vertex -9.78089 -32.0275 -12.5
      vertex -9.62567 -32.5052 -6.5
      vertex -9.62567 -32.5052 -12.5
    endloop
  endfacet
  facet normal 0.844339 0.53581 0
    outer loop
      vertex -9.99477 -31.573 -6.5
      vertex -10.2639 -31.1489 -12.5
      vertex -10.2639 -31.1489 -6.5
    endloop
  endfacet
  facet normal 0.844339 0.53581 0
    outer loop
      vertex -10.2639 -31.1489 -12.5
      vertex -9.99477 -31.573 -6.5
      vertex -9.99477 -31.573 -12.5
    endloop
  endfacet
  facet normal 0.904821 0.425793 0
    outer loop
      vertex -9.78089 -32.0275 -6.5
      vertex -9.99477 -31.573 -12.5
      vertex -9.99477 -31.573 -6.5
    endloop
  endfacet
  facet normal 0.904821 0.425793 0
    outer loop
      vertex -9.99477 -31.573 -12.5
      vertex -9.78089 -32.0275 -6.5
      vertex -9.78089 -32.0275 -12.5
    endloop
  endfacet
  facet normal -0.24862 0.968601 0
    outer loop
      vertex -14.2495 -29.5709 -12.5
      vertex -14.7361 -29.6958 -6.5
      vertex -14.2495 -29.5709 -6.5
    endloop
  endfacet
  facet normal -0.24862 0.968601 0
    outer loop
      vertex -14.7361 -29.6958 -6.5
      vertex -14.2495 -29.5709 -12.5
      vertex -14.7361 -29.6958 -12.5
    endloop
  endfacet
  facet normal 0.951053 -0.309028 0
    outer loop
      vertex -9.78089 -34.9725 -6.5
      vertex -9.62567 -34.4948 -12.5
      vertex -9.62567 -34.4948 -6.5
    endloop
  endfacet
  facet normal 0.951053 -0.309028 0
    outer loop
      vertex -9.62567 -34.4948 -12.5
      vertex -9.78089 -34.9725 -6.5
      vertex -9.78089 -34.9725 -12.5
    endloop
  endfacet
  facet normal 0.587698 0.80908 -0
    outer loop
      vertex -10.9503 -30.4179 -12.5
      vertex -11.3567 -30.1227 -6.5
      vertex -10.9503 -30.4179 -6.5
    endloop
  endfacet
  facet normal 0.587698 0.80908 0
    outer loop
      vertex -11.3567 -30.1227 -6.5
      vertex -10.9503 -30.4179 -12.5
      vertex -11.3567 -30.1227 -12.5
    endloop
  endfacet
  facet normal 0 0 1
    outer loop
      vertex -9.53154 -32.9987 -6.5
      vertex -12.5079 -33.3747 -6.5
      vertex -12.5 -33.5 -6.5
    endloop
  endfacet
  facet normal 0 0 1
    outer loop
      vertex -11.7969 -29.8807 -6.5
      vertex -12.5314 -33.2513 -6.5
      vertex -12.5079 -33.3747 -6.5
    endloop
  endfacet
  facet normal 0 0 1
    outer loop
      vertex -11.7969 -29.8807 -6.5
      vertex -12.5702 -33.1319 -6.5
      vertex -12.5314 -33.2513 -6.5
    endloop
  endfacet
  facet normal 0 0 1
    outer loop
      vertex -11.7969 -29.8807 -6.5
      vertex -12.6237 -33.0182 -6.5
      vertex -12.5702 -33.1319 -6.5
    endloop
  endfacet
  facet normal 0 0 1
    outer loop
      vertex -11.7969 -29.8807 -6.5
      vertex -12.691 -32.9122 -6.5
      vertex -12.6237 -33.0182 -6.5
    endloop
  endfacet
  facet normal 0 0 1
    outer loop
      vertex -13.191 -32.5489 -6.5
      vertex -12.2639 -29.6958 -6.5
      vertex -12.7505 -29.5709 -6.5
    endloop
  endfacet
  facet normal 0 0 1
    outer loop
      vertex -11.7969 -29.8807 -6.5
      vertex -12.771 -32.8155 -6.5
      vertex -12.691 -32.9122 -6.5
    endloop
  endfacet
  facet normal 0 0 1
    outer loop
      vertex -11.7969 -29.8807 -6.5
      vertex -12.8626 -32.7295 -6.5
      vertex -12.771 -32.8155 -6.5
    endloop
  endfacet
  facet normal 0 0 1
    outer loop
      vertex -11.7969 -29.8807 -6.5
      vertex -12.9642 -32.6557 -6.5
      vertex -12.8626 -32.7295 -6.5
    endloop
  endfacet
  facet normal 0 0 1
    outer loop
      vertex -11.7969 -29.8807 -6.5
      vertex -13.0742 -32.5952 -6.5
      vertex -12.9642 -32.6557 -6.5
    endloop
  endfacet
  facet normal 0 0 1
    outer loop
      vertex -12.2639 -29.6958 -6.5
      vertex -13.191 -32.5489 -6.5
      vertex -13.0742 -32.5952 -6.5
    endloop
  endfacet
  facet normal 0 0 1
    outer loop
      vertex -13.3126 -32.5177 -6.5
      vertex -12.7505 -29.5709 -6.5
      vertex -13.2488 -29.5079 -6.5
    endloop
  endfacet
  facet normal 0 0 1
    outer loop
      vertex -12.7505 -29.5709 -6.5
      vertex -13.3126 -32.5177 -6.5
      vertex -13.191 -32.5489 -6.5
    endloop
  endfacet
  facet normal 0 0 1
    outer loop
      vertex -13.2488 -29.5079 -6.5
      vertex -13.4372 -32.502 -6.5
      vertex -13.3126 -32.5177 -6.5
    endloop
  endfacet
  facet normal 0 0 1
    outer loop
      vertex -13.2488 -29.5079 -6.5
      vertex -13.5628 -32.502 -6.5
      vertex -13.4372 -32.502 -6.5
    endloop
  endfacet
  facet normal -0 0 1
    outer loop
      vertex -13.7512 -29.5079 -6.5
      vertex -13.5628 -32.502 -6.5
      vertex -13.2488 -29.5079 -6.5
    endloop
  endfacet
  facet normal 0 0 1
    outer loop
      vertex -13.5628 -32.502 -6.5
      vertex -13.7512 -29.5079 -6.5
      vertex -13.6874 -32.5177 -6.5
    endloop
  endfacet
  facet normal -0 0 1
    outer loop
      vertex -14.2495 -29.5709 -6.5
      vertex -13.6874 -32.5177 -6.5
      vertex -13.7512 -29.5079 -6.5
    endloop
  endfacet
  facet normal 0 0 1
    outer loop
      vertex -13.6874 -32.5177 -6.5
      vertex -14.2495 -29.5709 -6.5
      vertex -13.809 -32.5489 -6.5
    endloop
  endfacet
  facet normal -0 0 1
    outer loop
      vertex -14.7361 -29.6958 -6.5
      vertex -13.809 -32.5489 -6.5
      vertex -14.2495 -29.5709 -6.5
    endloop
  endfacet
  facet normal -0 0 1
    outer loop
      vertex -15.125 -29.8498 -6.5
      vertex -13.809 -32.5489 -6.5
      vertex -14.7361 -29.6958 -6.5
    endloop
  endfacet
  facet normal 0 0 1
    outer loop
      vertex -13.809 -32.5489 -6.5
      vertex -15.125 -29.8498 -6.5
      vertex -13.9258 -32.5952 -6.5
    endloop
  endfacet
  facet normal 0 0 1
    outer loop
      vertex -13.9258 -32.5952 -6.5
      vertex -15.125 -29.8498 -6.5
      vertex -14.0358 -32.6557 -6.5
    endloop
  endfacet
  facet normal 0 0 1
    outer loop
      vertex -14.0358 -32.6557 -6.5
      vertex -15.125 -29.8498 -6.5
      vertex -14.1374 -32.7295 -6.5
    endloop
  endfacet
  facet normal 0 0 1
    outer loop
      vertex -14.1374 -32.7295 -6.5
      vertex -15.125 -29.8498 -6.5
      vertex -14.229 -32.8155 -6.5
    endloop
  endfacet
  facet normal 0 0 1
    outer loop
      vertex -14.229 -32.8155 -6.5
      vertex -15.125 -29.8498 -6.5
      vertex -14.309 -32.9122 -6.5
    endloop
  endfacet
  facet normal 0 0 1
    outer loop
      vertex -14.309 -32.9122 -6.5
      vertex -15.125 -29.8498 -6.5
      vertex -14.3763 -33.0182 -6.5
    endloop
  endfacet
  facet normal 0 0 1
    outer loop
      vertex -14.3763 -33.0182 -6.5
      vertex -15.125 -29.8498 -6.5
      vertex -14.4298 -33.1319 -6.5
    endloop
  endfacet
  facet normal 0 0 1
    outer loop
      vertex -14.4686 -33.2513 -6.5
      vertex -15.125 -29.8498 -6.5
      vertex -14.4921 -33.3747 -6.5
    endloop
  endfacet
  facet normal 0 0 1
    outer loop
      vertex -14.4298 -33.1319 -6.5
      vertex -15.125 -29.8498 -6.5
      vertex -14.4686 -33.2513 -6.5
    endloop
  endfacet
  facet normal 0 0 1
    outer loop
      vertex -12.5 -33.5 -6.5
      vertex -9.5 -33.5 -6.5
      vertex -9.53154 -32.9987 -6.5
    endloop
  endfacet
  facet normal 0 0 1
    outer loop
      vertex -12.5079 -33.3747 -6.5
      vertex -9.53154 -32.9987 -6.5
      vertex -9.62567 -32.5052 -6.5
    endloop
  endfacet
  facet normal 0 0 1
    outer loop
      vertex -9.5 -33.5 -6.5
      vertex -12.5 -33.5 -6.5
      vertex -9.53154 -34.0013 -6.5
    endloop
  endfacet
  facet normal 0 0 1
    outer loop
      vertex -12.5079 -33.3747 -6.5
      vertex -9.62567 -32.5052 -6.5
      vertex -9.78089 -32.0275 -6.5
    endloop
  endfacet
  facet normal -0 0 1
    outer loop
      vertex -12.5079 -33.6253 -6.5
      vertex -9.53154 -34.0013 -6.5
      vertex -12.5 -33.5 -6.5
    endloop
  endfacet
  facet normal 0 0 1
    outer loop
      vertex -9.53154 -34.0013 -6.5
      vertex -12.5079 -33.6253 -6.5
      vertex -9.62567 -34.4948 -6.5
    endloop
  endfacet
  facet normal 0 0 1
    outer loop
      vertex -12.5079 -33.3747 -6.5
      vertex -9.78089 -32.0275 -6.5
      vertex -9.99477 -31.573 -6.5
    endloop
  endfacet
  facet normal 0 0 1
    outer loop
      vertex -12.5079 -33.3747 -6.5
      vertex -9.99477 -31.573 -6.5
      vertex -10.2639 -31.1489 -6.5
    endloop
  endfacet
  facet normal 0 0 1
    outer loop
      vertex -12.5079 -33.3747 -6.5
      vertex -10.2639 -31.1489 -6.5
      vertex -10.5841 -30.7618 -6.5
    endloop
  endfacet
  facet normal 0 0 1
    outer loop
      vertex -12.5079 -33.3747 -6.5
      vertex -10.5841 -30.7618 -6.5
      vertex -10.9503 -30.4179 -6.5
    endloop
  endfacet
  facet normal 0 0 1
    outer loop
      vertex -12.5079 -33.3747 -6.5
      vertex -10.9503 -30.4179 -6.5
      vertex -11.3567 -30.1227 -6.5
    endloop
  endfacet
  facet normal 0 0 1
    outer loop
      vertex -12.5079 -33.3747 -6.5
      vertex -11.3567 -30.1227 -6.5
      vertex -11.7969 -29.8807 -6.5
    endloop
  endfacet
  facet normal 0 0 1
    outer loop
      vertex -13.0742 -32.5952 -6.5
      vertex -11.7969 -29.8807 -6.5
      vertex -12.2639 -29.6958 -6.5
    endloop
  endfacet
  facet normal -0 0 1
    outer loop
      vertex -12.5314 -33.7487 -6.5
      vertex -9.62567 -34.4948 -6.5
      vertex -12.5079 -33.6253 -6.5
    endloop
  endfacet
  facet normal 0 0 1
    outer loop
      vertex -9.62567 -34.4948 -6.5
      vertex -12.5314 -33.7487 -6.5
      vertex -9.78089 -34.9725 -6.5
    endloop
  endfacet
  facet normal -0 0 1
    outer loop
      vertex -12.5702 -33.8681 -6.5
      vertex -9.78089 -34.9725 -6.5
      vertex -12.5314 -33.7487 -6.5
    endloop
  endfacet
  facet normal 0 0 1
    outer loop
      vertex -9.78089 -34.9725 -6.5
      vertex -12.5702 -33.8681 -6.5
      vertex -9.85266 -35.125 -6.5
    endloop
  endfacet
  facet normal -0 0 1
    outer loop
      vertex -12.6237 -33.9818 -6.5
      vertex -9.85266 -35.125 -6.5
      vertex -12.5702 -33.8681 -6.5
    endloop
  endfacet
  facet normal -0 0 1
    outer loop
      vertex -12.691 -34.0878 -6.5
      vertex -9.85266 -35.125 -6.5
      vertex -12.6237 -33.9818 -6.5
    endloop
  endfacet
  facet normal -0 0 1
    outer loop
      vertex -12.771 -34.1845 -6.5
      vertex -9.85266 -35.125 -6.5
      vertex -12.691 -34.0878 -6.5
    endloop
  endfacet
  facet normal -0 0 1
    outer loop
      vertex -12.8626 -34.2705 -6.5
      vertex -9.85266 -35.125 -6.5
      vertex -12.771 -34.1845 -6.5
    endloop
  endfacet
  facet normal -0 0 1
    outer loop
      vertex -12.9642 -34.3443 -6.5
      vertex -9.85266 -35.125 -6.5
      vertex -12.8626 -34.2705 -6.5
    endloop
  endfacet
  facet normal -0 0 1
    outer loop
      vertex -13.0742 -34.4048 -6.5
      vertex -9.85266 -35.125 -6.5
      vertex -12.9642 -34.3443 -6.5
    endloop
  endfacet
  facet normal -0 0 1
    outer loop
      vertex -13.191 -34.4511 -6.5
      vertex -9.85266 -35.125 -6.5
      vertex -13.0742 -34.4048 -6.5
    endloop
  endfacet
  facet normal -0 0 1
    outer loop
      vertex -13.3126 -34.4823 -6.5
      vertex -9.85266 -35.125 -6.5
      vertex -13.191 -34.4511 -6.5
    endloop
  endfacet
  facet normal 0 0 1
    outer loop
      vertex -15.125 -35.125 -6.5
      vertex -13.3126 -34.4823 -6.5
      vertex -13.4372 -34.498 -6.5
    endloop
  endfacet
  facet normal 0 0 1
    outer loop
      vertex -15.125 -35.125 -6.5
      vertex -13.4372 -34.498 -6.5
      vertex -13.5628 -34.498 -6.5
    endloop
  endfacet
  facet normal 0 0 1
    outer loop
      vertex -15.125 -35.125 -6.5
      vertex -13.5628 -34.498 -6.5
      vertex -13.6874 -34.4823 -6.5
    endloop
  endfacet
  facet normal 0 0 1
    outer loop
      vertex -15.125 -35.125 -6.5
      vertex -14.4921 -33.3747 -6.5
      vertex -15.125 -29.8498 -6.5
    endloop
  endfacet
  facet normal 0 0 1
    outer loop
      vertex -14.4921 -33.3747 -6.5
      vertex -15.125 -35.125 -6.5
      vertex -14.5 -33.5 -6.5
    endloop
  endfacet
  facet normal 0 0 1
    outer loop
      vertex -13.3126 -34.4823 -6.5
      vertex -15.125 -35.125 -6.5
      vertex -9.85266 -35.125 -6.5
    endloop
  endfacet
  facet normal 0 0 1
    outer loop
      vertex -13.809 -34.4511 -6.5
      vertex -15.125 -35.125 -6.5
      vertex -13.6874 -34.4823 -6.5
    endloop
  endfacet
  facet normal 0 0 1
    outer loop
      vertex -13.9258 -34.4048 -6.5
      vertex -15.125 -35.125 -6.5
      vertex -13.809 -34.4511 -6.5
    endloop
  endfacet
  facet normal 0 0 1
    outer loop
      vertex -14.0358 -34.3443 -6.5
      vertex -15.125 -35.125 -6.5
      vertex -13.9258 -34.4048 -6.5
    endloop
  endfacet
  facet normal 0 0 1
    outer loop
      vertex -14.1374 -34.2705 -6.5
      vertex -15.125 -35.125 -6.5
      vertex -14.0358 -34.3443 -6.5
    endloop
  endfacet
  facet normal 0 0 1
    outer loop
      vertex -14.229 -34.1845 -6.5
      vertex -15.125 -35.125 -6.5
      vertex -14.1374 -34.2705 -6.5
    endloop
  endfacet
  facet normal 0 0 1
    outer loop
      vertex -14.309 -34.0878 -6.5
      vertex -15.125 -35.125 -6.5
      vertex -14.229 -34.1845 -6.5
    endloop
  endfacet
  facet normal 0 0 1
    outer loop
      vertex -14.3763 -33.9818 -6.5
      vertex -15.125 -35.125 -6.5
      vertex -14.309 -34.0878 -6.5
    endloop
  endfacet
  facet normal 0 0 1
    outer loop
      vertex -14.4298 -33.8681 -6.5
      vertex -15.125 -35.125 -6.5
      vertex -14.3763 -33.9818 -6.5
    endloop
  endfacet
  facet normal 0 0 1
    outer loop
      vertex -14.4686 -33.7487 -6.5
      vertex -15.125 -35.125 -6.5
      vertex -14.4298 -33.8681 -6.5
    endloop
  endfacet
  facet normal 0 0 1
    outer loop
      vertex -14.4921 -33.6253 -6.5
      vertex -15.125 -35.125 -6.5
      vertex -14.4686 -33.7487 -6.5
    endloop
  endfacet
  facet normal 0 0 1
    outer loop
      vertex -14.5 -33.5 -6.5
      vertex -15.125 -35.125 -6.5
      vertex -14.4921 -33.6253 -6.5
    endloop
  endfacet
  facet normal 0.24862 0.968601 -0
    outer loop
      vertex -12.2639 -29.6958 -12.5
      vertex -12.7505 -29.5709 -6.5
      vertex -12.2639 -29.6958 -6.5
    endloop
  endfacet
  facet normal 0.24862 0.968601 0
    outer loop
      vertex -12.7505 -29.5709 -6.5
      vertex -12.2639 -29.6958 -12.5
      vertex -12.7505 -29.5709 -12.5
    endloop
  endfacet
  facet normal -0.368173 0.929757 0
    outer loop
      vertex -14.7361 -29.6958 -12.5
      vertex -15.125 -29.8498 -6.5
      vertex -14.7361 -29.6958 -6.5
    endloop
  endfacet
  facet normal -0.368173 0.929757 0
    outer loop
      vertex -15.125 -29.8498 -6.5
      vertex -14.7361 -29.6958 -12.5
      vertex -15.125 -29.8498 -12.5
    endloop
  endfacet
  facet normal 0.982291 -0.187362 0
    outer loop
      vertex -9.62567 -34.4948 -6.5
      vertex -9.53154 -34.0013 -12.5
      vertex -9.53154 -34.0013 -6.5
    endloop
  endfacet
  facet normal 0.982291 -0.187362 0
    outer loop
      vertex -9.53154 -34.0013 -12.5
      vertex -9.62567 -34.4948 -6.5
      vertex -9.62567 -34.4948 -12.5
    endloop
  endfacet
  facet normal -0.125431 0.992102 0
    outer loop
      vertex -13.7512 -29.5079 -12.5
      vertex -14.2495 -29.5709 -6.5
      vertex -13.7512 -29.5079 -6.5
    endloop
  endfacet
  facet normal -0.125431 0.992102 0
    outer loop
      vertex -14.2495 -29.5709 -6.5
      vertex -13.7512 -29.5079 -12.5
      vertex -14.2495 -29.5709 -12.5
    endloop
  endfacet
  facet normal 0.770549 0.63738 0
    outer loop
      vertex -10.2639 -31.1489 -6.5
      vertex -10.5841 -30.7618 -12.5
      vertex -10.5841 -30.7618 -6.5
    endloop
  endfacet
  facet normal 0.770549 0.63738 0
    outer loop
      vertex -10.5841 -30.7618 -12.5
      vertex -10.2639 -31.1489 -6.5
      vertex -10.2639 -31.1489 -12.5
    endloop
  endfacet
  facet normal 0.481751 0.876308 -0
    outer loop
      vertex -11.3567 -30.1227 -12.5
      vertex -11.7969 -29.8807 -6.5
      vertex -11.3567 -30.1227 -6.5
    endloop
  endfacet
  facet normal 0.481751 0.876308 0
    outer loop
      vertex -11.7969 -29.8807 -6.5
      vertex -11.3567 -30.1227 -12.5
      vertex -11.7969 -29.8807 -12.5
    endloop
  endfacet
  facet normal 0.998027 -0.0627923 0
    outer loop
      vertex -9.53154 -34.0013 -6.5
      vertex -9.5 -33.5 -12.5
      vertex -9.5 -33.5 -6.5
    endloop
  endfacet
  facet normal 0.998027 -0.0627923 0
    outer loop
      vertex -9.5 -33.5 -12.5
      vertex -9.53154 -34.0013 -6.5
      vertex -9.53154 -34.0013 -12.5
    endloop
  endfacet
  facet normal 0.684563 0.728953 -0
    outer loop
      vertex -10.5841 -30.7618 -12.5
      vertex -10.9503 -30.4179 -6.5
      vertex -10.5841 -30.7618 -6.5
    endloop
  endfacet
  facet normal 0.684563 0.728953 0
    outer loop
      vertex -10.9503 -30.4179 -6.5
      vertex -10.5841 -30.7618 -12.5
      vertex -10.9503 -30.4179 -12.5
    endloop
  endfacet
  facet normal 0 0 -1
    outer loop
      vertex -12.5 -33.5 -7.5
      vertex -10.9 -33.5 -7.5
      vertex -10.9205 -33.8259 -7.5
    endloop
  endfacet
  facet normal 0 0 -1
    outer loop
      vertex -12.5079 -33.6253 -7.5
      vertex -10.9205 -33.8259 -7.5
      vertex -10.9817 -34.1466 -7.5
    endloop
  endfacet
  facet normal 0 0 -1
    outer loop
      vertex -10.9 -33.5 -7.5
      vertex -12.5 -33.5 -7.5
      vertex -10.9205 -33.1741 -7.5
    endloop
  endfacet
  facet normal 0 0 -1
    outer loop
      vertex -12.5314 -33.7487 -7.5
      vertex -10.9817 -34.1466 -7.5
      vertex -11.0826 -34.4571 -7.5
    endloop
  endfacet
  facet normal 0 0 -1
    outer loop
      vertex -12.5079 -33.3747 -7.5
      vertex -10.9205 -33.1741 -7.5
      vertex -12.5 -33.5 -7.5
    endloop
  endfacet
  facet normal 0 0 -1
    outer loop
      vertex -12.5702 -33.8681 -7.5
      vertex -11.0826 -34.4571 -7.5
      vertex -11.2216 -34.7526 -7.5
    endloop
  endfacet
  facet normal -0 0 -1
    outer loop
      vertex -10.9205 -33.1741 -7.5
      vertex -12.5079 -33.3747 -7.5
      vertex -10.9817 -32.8534 -7.5
    endloop
  endfacet
  facet normal 0 0 -1
    outer loop
      vertex -12.6237 -33.9818 -7.5
      vertex -11.2216 -34.7526 -7.5
      vertex -11.3966 -35.0282 -7.5
    endloop
  endfacet
  facet normal 0 0 -1
    outer loop
      vertex -12.5314 -33.2513 -7.5
      vertex -10.9817 -32.8534 -7.5
      vertex -12.5079 -33.3747 -7.5
    endloop
  endfacet
  facet normal 0 0 -1
    outer loop
      vertex -12.691 -34.0878 -7.5
      vertex -11.3966 -35.0282 -7.5
      vertex -11.6047 -35.2798 -7.5
    endloop
  endfacet
  facet normal -0 0 -1
    outer loop
      vertex -10.9817 -32.8534 -7.5
      vertex -12.5314 -33.2513 -7.5
      vertex -11.0826 -32.5429 -7.5
    endloop
  endfacet
  facet normal 0 0 -1
    outer loop
      vertex -12.771 -34.1845 -7.5
      vertex -11.6047 -35.2798 -7.5
      vertex -11.8427 -35.5033 -7.5
    endloop
  endfacet
  facet normal 0 0 -1
    outer loop
      vertex -12.5702 -33.1319 -7.5
      vertex -11.0826 -32.5429 -7.5
      vertex -12.5314 -33.2513 -7.5
    endloop
  endfacet
  facet normal 0 0 -1
    outer loop
      vertex -12.8626 -34.2705 -7.5
      vertex -11.8427 -35.5033 -7.5
      vertex -12.1069 -35.6953 -7.5
    endloop
  endfacet
  facet normal -0 0 -1
    outer loop
      vertex -11.0826 -32.5429 -7.5
      vertex -12.5702 -33.1319 -7.5
      vertex -11.2216 -32.2474 -7.5
    endloop
  endfacet
  facet normal 0 0 -1
    outer loop
      vertex -12.9642 -34.3443 -7.5
      vertex -12.1069 -35.6953 -7.5
      vertex -12.393 -35.8526 -7.5
    endloop
  endfacet
  facet normal 0 0 -1
    outer loop
      vertex -12.6237 -33.0182 -7.5
      vertex -11.2216 -32.2474 -7.5
      vertex -12.5702 -33.1319 -7.5
    endloop
  endfacet
  facet normal -0 0 -1
    outer loop
      vertex -11.2216 -32.2474 -7.5
      vertex -12.6237 -33.0182 -7.5
      vertex -11.3966 -31.9718 -7.5
    endloop
  endfacet
  facet normal 0 0 -1
    outer loop
      vertex -10.9205 -33.8259 -7.5
      vertex -12.5079 -33.6253 -7.5
      vertex -12.5 -33.5 -7.5
    endloop
  endfacet
  facet normal 0 0 -1
    outer loop
      vertex -10.9817 -34.1466 -7.5
      vertex -12.5314 -33.7487 -7.5
      vertex -12.5079 -33.6253 -7.5
    endloop
  endfacet
  facet normal 0 0 -1
    outer loop
      vertex -11.0826 -34.4571 -7.5
      vertex -12.5702 -33.8681 -7.5
      vertex -12.5314 -33.7487 -7.5
    endloop
  endfacet
  facet normal 0 0 -1
    outer loop
      vertex -11.2216 -34.7526 -7.5
      vertex -12.6237 -33.9818 -7.5
      vertex -12.5702 -33.8681 -7.5
    endloop
  endfacet
  facet normal 0 0 -1
    outer loop
      vertex -11.3966 -35.0282 -7.5
      vertex -12.691 -34.0878 -7.5
      vertex -12.6237 -33.9818 -7.5
    endloop
  endfacet
  facet normal 0 0 -1
    outer loop
      vertex -13.0742 -34.4048 -7.5
      vertex -12.393 -35.8526 -7.5
      vertex -12.6966 -35.9727 -7.5
    endloop
  endfacet
  facet normal 0 0 -1
    outer loop
      vertex -11.6047 -35.2798 -7.5
      vertex -12.771 -34.1845 -7.5
      vertex -12.691 -34.0878 -7.5
    endloop
  endfacet
  facet normal 0 0 -1
    outer loop
      vertex -11.8427 -35.5033 -7.5
      vertex -12.8626 -34.2705 -7.5
      vertex -12.771 -34.1845 -7.5
    endloop
  endfacet
  facet normal 0 0 -1
    outer loop
      vertex -12.1069 -35.6953 -7.5
      vertex -12.9642 -34.3443 -7.5
      vertex -12.8626 -34.2705 -7.5
    endloop
  endfacet
  facet normal 0 0 -1
    outer loop
      vertex -13.191 -34.4511 -7.5
      vertex -12.6966 -35.9727 -7.5
      vertex -13.0128 -36.0539 -7.5
    endloop
  endfacet
  facet normal 0 0 -1
    outer loop
      vertex -12.393 -35.8526 -7.5
      vertex -13.0742 -34.4048 -7.5
      vertex -12.9642 -34.3443 -7.5
    endloop
  endfacet
  facet normal 0 0 -1
    outer loop
      vertex -12.6966 -35.9727 -7.5
      vertex -13.191 -34.4511 -7.5
      vertex -13.0742 -34.4048 -7.5
    endloop
  endfacet
  facet normal 0 0 -1
    outer loop
      vertex -13.0128 -36.0539 -7.5
      vertex -13.3126 -34.4823 -7.5
      vertex -13.191 -34.4511 -7.5
    endloop
  endfacet
  facet normal 0 0 -1
    outer loop
      vertex -13.3367 -36.0949 -7.5
      vertex -13.3126 -34.4823 -7.5
      vertex -13.0128 -36.0539 -7.5
    endloop
  endfacet
  facet normal 0 0 -1
    outer loop
      vertex -13.3367 -36.0949 -7.5
      vertex -13.4372 -34.498 -7.5
      vertex -13.3126 -34.4823 -7.5
    endloop
  endfacet
  facet normal 0 0 -1
    outer loop
      vertex -13.3367 -36.0949 -7.5
      vertex -13.5628 -34.498 -7.5
      vertex -13.4372 -34.498 -7.5
    endloop
  endfacet
  facet normal 0 0 -1
    outer loop
      vertex -13.6633 -36.0949 -7.5
      vertex -13.5628 -34.498 -7.5
      vertex -13.3367 -36.0949 -7.5
    endloop
  endfacet
  facet normal 0 0 -1
    outer loop
      vertex -13.6633 -36.0949 -7.5
      vertex -13.6874 -34.4823 -7.5
      vertex -13.5628 -34.498 -7.5
    endloop
  endfacet
  facet normal 0 0 -1
    outer loop
      vertex -13.9872 -36.0539 -7.5
      vertex -13.6874 -34.4823 -7.5
      vertex -13.6633 -36.0949 -7.5
    endloop
  endfacet
  facet normal -0 0 -1
    outer loop
      vertex -13.6874 -34.4823 -7.5
      vertex -13.9872 -36.0539 -7.5
      vertex -13.809 -34.4511 -7.5
    endloop
  endfacet
  facet normal 0 0 -1
    outer loop
      vertex -14.3034 -35.9727 -7.5
      vertex -13.809 -34.4511 -7.5
      vertex -13.9872 -36.0539 -7.5
    endloop
  endfacet
  facet normal -0 0 -1
    outer loop
      vertex -13.809 -34.4511 -7.5
      vertex -14.3034 -35.9727 -7.5
      vertex -13.9258 -34.4048 -7.5
    endloop
  endfacet
  facet normal 0 0 -1
    outer loop
      vertex -14.607 -35.8526 -7.5
      vertex -13.9258 -34.4048 -7.5
      vertex -14.3034 -35.9727 -7.5
    endloop
  endfacet
  facet normal -0 0 -1
    outer loop
      vertex -13.9258 -34.4048 -7.5
      vertex -14.607 -35.8526 -7.5
      vertex -14.0358 -34.3443 -7.5
    endloop
  endfacet
  facet normal 0 0 -1
    outer loop
      vertex -14.8931 -35.6953 -7.5
      vertex -14.0358 -34.3443 -7.5
      vertex -14.607 -35.8526 -7.5
    endloop
  endfacet
  facet normal -0 0 -1
    outer loop
      vertex -14.0358 -34.3443 -7.5
      vertex -14.8931 -35.6953 -7.5
      vertex -14.1374 -34.2705 -7.5
    endloop
  endfacet
  facet normal 0 0 -1
    outer loop
      vertex -15.1573 -35.5033 -7.5
      vertex -14.1374 -34.2705 -7.5
      vertex -14.8931 -35.6953 -7.5
    endloop
  endfacet
  facet normal -0 0 -1
    outer loop
      vertex -14.1374 -34.2705 -7.5
      vertex -15.1573 -35.5033 -7.5
      vertex -14.229 -34.1845 -7.5
    endloop
  endfacet
  facet normal 0 0 -1
    outer loop
      vertex -15.3953 -35.2798 -7.5
      vertex -14.229 -34.1845 -7.5
      vertex -15.1573 -35.5033 -7.5
    endloop
  endfacet
  facet normal -0 0 -1
    outer loop
      vertex -14.229 -34.1845 -7.5
      vertex -15.3953 -35.2798 -7.5
      vertex -14.309 -34.0878 -7.5
    endloop
  endfacet
  facet normal -0 0 -1
    outer loop
      vertex -14.309 -34.0878 -7.5
      vertex -15.6034 -35.0282 -7.5
      vertex -14.3763 -33.9818 -7.5
    endloop
  endfacet
  facet normal 0 0 -1
    outer loop
      vertex -15.6034 -35.0282 -7.5
      vertex -14.309 -34.0878 -7.5
      vertex -15.3953 -35.2798 -7.5
    endloop
  endfacet
  facet normal 0 0 -1
    outer loop
      vertex -12.691 -32.9122 -7.5
      vertex -11.3966 -31.9718 -7.5
      vertex -12.6237 -33.0182 -7.5
    endloop
  endfacet
  facet normal -0 0 -1
    outer loop
      vertex -11.3966 -31.9718 -7.5
      vertex -12.691 -32.9122 -7.5
      vertex -11.6047 -31.7202 -7.5
    endloop
  endfacet
  facet normal 0 0 -1
    outer loop
      vertex -12.771 -32.8155 -7.5
      vertex -11.6047 -31.7202 -7.5
      vertex -12.691 -32.9122 -7.5
    endloop
  endfacet
  facet normal -0 0 -1
    outer loop
      vertex -11.6047 -31.7202 -7.5
      vertex -12.771 -32.8155 -7.5
      vertex -11.8427 -31.4967 -7.5
    endloop
  endfacet
  facet normal 0 0 -1
    outer loop
      vertex -12.8626 -32.7295 -7.5
      vertex -11.8427 -31.4967 -7.5
      vertex -12.771 -32.8155 -7.5
    endloop
  endfacet
  facet normal -0 0 -1
    outer loop
      vertex -11.8427 -31.4967 -7.5
      vertex -12.8626 -32.7295 -7.5
      vertex -12.1069 -31.3047 -7.5
    endloop
  endfacet
  facet normal 0 0 -1
    outer loop
      vertex -12.9642 -32.6557 -7.5
      vertex -12.1069 -31.3047 -7.5
      vertex -12.8626 -32.7295 -7.5
    endloop
  endfacet
  facet normal -0 0 -1
    outer loop
      vertex -12.1069 -31.3047 -7.5
      vertex -12.9642 -32.6557 -7.5
      vertex -12.393 -31.1474 -7.5
    endloop
  endfacet
  facet normal 0 0 -1
    outer loop
      vertex -13.0742 -32.5952 -7.5
      vertex -12.393 -31.1474 -7.5
      vertex -12.9642 -32.6557 -7.5
    endloop
  endfacet
  facet normal -0 0 -1
    outer loop
      vertex -12.393 -31.1474 -7.5
      vertex -13.0742 -32.5952 -7.5
      vertex -12.6966 -31.0273 -7.5
    endloop
  endfacet
  facet normal 0 0 -1
    outer loop
      vertex -13.191 -32.5489 -7.5
      vertex -12.6966 -31.0273 -7.5
      vertex -13.0742 -32.5952 -7.5
    endloop
  endfacet
  facet normal -0 0 -1
    outer loop
      vertex -12.6966 -31.0273 -7.5
      vertex -13.191 -32.5489 -7.5
      vertex -13.0128 -30.9461 -7.5
    endloop
  endfacet
  facet normal 0 0 -1
    outer loop
      vertex -13.3126 -32.5177 -7.5
      vertex -13.0128 -30.9461 -7.5
      vertex -13.191 -32.5489 -7.5
    endloop
  endfacet
  facet normal 0 0 -1
    outer loop
      vertex -13.3126 -32.5177 -7.5
      vertex -13.3367 -30.9051 -7.5
      vertex -13.0128 -30.9461 -7.5
    endloop
  endfacet
  facet normal 0 0 -1
    outer loop
      vertex -13.4372 -32.502 -7.5
      vertex -13.3367 -30.9051 -7.5
      vertex -13.3126 -32.5177 -7.5
    endloop
  endfacet
  facet normal 0 0 -1
    outer loop
      vertex -13.5628 -32.502 -7.5
      vertex -13.3367 -30.9051 -7.5
      vertex -13.4372 -32.502 -7.5
    endloop
  endfacet
  facet normal 0 0 -1
    outer loop
      vertex -13.5628 -32.502 -7.5
      vertex -13.6633 -30.9051 -7.5
      vertex -13.3367 -30.9051 -7.5
    endloop
  endfacet
  facet normal 0 0 -1
    outer loop
      vertex -13.6874 -32.5177 -7.5
      vertex -13.6633 -30.9051 -7.5
      vertex -13.5628 -32.502 -7.5
    endloop
  endfacet
  facet normal 0 0 -1
    outer loop
      vertex -13.9872 -30.9461 -7.5
      vertex -13.6874 -32.5177 -7.5
      vertex -13.809 -32.5489 -7.5
    endloop
  endfacet
  facet normal 0 0 -1
    outer loop
      vertex -14.3034 -31.0273 -7.5
      vertex -13.809 -32.5489 -7.5
      vertex -13.9258 -32.5952 -7.5
    endloop
  endfacet
  facet normal 0 0 -1
    outer loop
      vertex -13.6874 -32.5177 -7.5
      vertex -13.9872 -30.9461 -7.5
      vertex -13.6633 -30.9051 -7.5
    endloop
  endfacet
  facet normal 0 0 -1
    outer loop
      vertex -14.607 -31.1474 -7.5
      vertex -13.9258 -32.5952 -7.5
      vertex -14.0358 -32.6557 -7.5
    endloop
  endfacet
  facet normal 0 0 -1
    outer loop
      vertex -14.8931 -31.3047 -7.5
      vertex -14.0358 -32.6557 -7.5
      vertex -14.1374 -32.7295 -7.5
    endloop
  endfacet
  facet normal 0 0 -1
    outer loop
      vertex -15.1573 -31.4967 -7.5
      vertex -14.1374 -32.7295 -7.5
      vertex -14.229 -32.8155 -7.5
    endloop
  endfacet
  facet normal 0 0 -1
    outer loop
      vertex -13.809 -32.5489 -7.5
      vertex -14.3034 -31.0273 -7.5
      vertex -13.9872 -30.9461 -7.5
    endloop
  endfacet
  facet normal 0 0 -1
    outer loop
      vertex -15.3953 -31.7202 -7.5
      vertex -14.229 -32.8155 -7.5
      vertex -14.309 -32.9122 -7.5
    endloop
  endfacet
  facet normal 0 0 -1
    outer loop
      vertex -15.6034 -31.9718 -7.5
      vertex -14.309 -32.9122 -7.5
      vertex -14.3763 -33.0182 -7.5
    endloop
  endfacet
  facet normal 0 0 -1
    outer loop
      vertex -15.7784 -32.2474 -7.5
      vertex -14.3763 -33.0182 -7.5
      vertex -14.4298 -33.1319 -7.5
    endloop
  endfacet
  facet normal 0 0 -1
    outer loop
      vertex -15.9174 -32.5429 -7.5
      vertex -14.4298 -33.1319 -7.5
      vertex -14.4686 -33.2513 -7.5
    endloop
  endfacet
  facet normal 0 0 -1
    outer loop
      vertex -16.0183 -32.8534 -7.5
      vertex -14.4686 -33.2513 -7.5
      vertex -14.4921 -33.3747 -7.5
    endloop
  endfacet
  facet normal 0 0 -1
    outer loop
      vertex -13.9258 -32.5952 -7.5
      vertex -14.607 -31.1474 -7.5
      vertex -14.3034 -31.0273 -7.5
    endloop
  endfacet
  facet normal 0 0 -1
    outer loop
      vertex -16.0795 -33.1741 -7.5
      vertex -14.4921 -33.3747 -7.5
      vertex -14.5 -33.5 -7.5
    endloop
  endfacet
  facet normal 0 0 -1
    outer loop
      vertex -15.7784 -34.7526 -7.5
      vertex -14.3763 -33.9818 -7.5
      vertex -15.6034 -35.0282 -7.5
    endloop
  endfacet
  facet normal -0 0 -1
    outer loop
      vertex -14.3763 -33.9818 -7.5
      vertex -15.7784 -34.7526 -7.5
      vertex -14.4298 -33.8681 -7.5
    endloop
  endfacet
  facet normal 0 0 -1
    outer loop
      vertex -14.0358 -32.6557 -7.5
      vertex -14.8931 -31.3047 -7.5
      vertex -14.607 -31.1474 -7.5
    endloop
  endfacet
  facet normal 0 0 -1
    outer loop
      vertex -15.9174 -34.4571 -7.5
      vertex -14.4298 -33.8681 -7.5
      vertex -15.7784 -34.7526 -7.5
    endloop
  endfacet
  facet normal 0 0 -1
    outer loop
      vertex -14.1374 -32.7295 -7.5
      vertex -15.1573 -31.4967 -7.5
      vertex -14.8931 -31.3047 -7.5
    endloop
  endfacet
  facet normal -0 0 -1
    outer loop
      vertex -14.4298 -33.8681 -7.5
      vertex -15.9174 -34.4571 -7.5
      vertex -14.4686 -33.7487 -7.5
    endloop
  endfacet
  facet normal 0 0 -1
    outer loop
      vertex -14.229 -32.8155 -7.5
      vertex -15.3953 -31.7202 -7.5
      vertex -15.1573 -31.4967 -7.5
    endloop
  endfacet
  facet normal 0 0 -1
    outer loop
      vertex -16.0183 -34.1466 -7.5
      vertex -14.4686 -33.7487 -7.5
      vertex -15.9174 -34.4571 -7.5
    endloop
  endfacet
  facet normal 0 0 -1
    outer loop
      vertex -14.309 -32.9122 -7.5
      vertex -15.6034 -31.9718 -7.5
      vertex -15.3953 -31.7202 -7.5
    endloop
  endfacet
  facet normal -0 0 -1
    outer loop
      vertex -14.4686 -33.7487 -7.5
      vertex -16.0183 -34.1466 -7.5
      vertex -14.4921 -33.6253 -7.5
    endloop
  endfacet
  facet normal 0 0 -1
    outer loop
      vertex -14.3763 -33.0182 -7.5
      vertex -15.7784 -32.2474 -7.5
      vertex -15.6034 -31.9718 -7.5
    endloop
  endfacet
  facet normal 0 0 -1
    outer loop
      vertex -16.0795 -33.8259 -7.5
      vertex -14.4921 -33.6253 -7.5
      vertex -16.0183 -34.1466 -7.5
    endloop
  endfacet
  facet normal 0 0 -1
    outer loop
      vertex -14.4298 -33.1319 -7.5
      vertex -15.9174 -32.5429 -7.5
      vertex -15.7784 -32.2474 -7.5
    endloop
  endfacet
  facet normal -0 0 -1
    outer loop
      vertex -14.4921 -33.6253 -7.5
      vertex -16.0795 -33.8259 -7.5
      vertex -14.5 -33.5 -7.5
    endloop
  endfacet
  facet normal 0 0 -1
    outer loop
      vertex -14.4686 -33.2513 -7.5
      vertex -16.0183 -32.8534 -7.5
      vertex -15.9174 -32.5429 -7.5
    endloop
  endfacet
  facet normal 0 0 -1
    outer loop
      vertex -16.1 -33.5 -7.5
      vertex -14.5 -33.5 -7.5
      vertex -16.0795 -33.8259 -7.5
    endloop
  endfacet
  facet normal 0 0 -1
    outer loop
      vertex -14.4921 -33.3747 -7.5
      vertex -16.0795 -33.1741 -7.5
      vertex -16.0183 -32.8534 -7.5
    endloop
  endfacet
  facet normal 0 0 -1
    outer loop
      vertex -14.5 -33.5 -7.5
      vertex -16.1 -33.5 -7.5
      vertex -16.0795 -33.1741 -7.5
    endloop
  endfacet
  facet normal 0.368127 0.929775 -0
    outer loop
      vertex -11.7969 -29.8807 -12.5
      vertex -12.2639 -29.6958 -6.5
      vertex -11.7969 -29.8807 -6.5
    endloop
  endfacet
  facet normal 0.368127 0.929775 0
    outer loop
      vertex -12.2639 -29.6958 -6.5
      vertex -11.7969 -29.8807 -12.5
      vertex -12.2639 -29.6958 -12.5
    endloop
  endfacet
  facet normal 0.125431 0.992102 -0
    outer loop
      vertex -12.7505 -29.5709 -12.5
      vertex -13.2488 -29.5079 -6.5
      vertex -12.7505 -29.5709 -6.5
    endloop
  endfacet
  facet normal 0.125431 0.992102 0
    outer loop
      vertex -13.2488 -29.5079 -6.5
      vertex -12.7505 -29.5709 -12.5
      vertex -13.2488 -29.5079 -12.5
    endloop
  endfacet
  facet normal 0 1 -0
    outer loop
      vertex -13.2488 -29.5079 -12.5
      vertex -13.7512 -29.5079 -6.5
      vertex -13.2488 -29.5079 -6.5
    endloop
  endfacet
  facet normal 0 1 0
    outer loop
      vertex -13.7512 -29.5079 -6.5
      vertex -13.2488 -29.5079 -12.5
      vertex -13.7512 -29.5079 -12.5
    endloop
  endfacet
  facet normal 0.904807 -0.425823 0
    outer loop
      vertex -9.85266 -35.125 -6.5
      vertex -9.78089 -34.9725 -12.5
      vertex -9.78089 -34.9725 -6.5
    endloop
  endfacet
  facet normal 0.904807 -0.425823 0
    outer loop
      vertex -9.78089 -34.9725 -12.5
      vertex -9.85266 -35.125 -6.5
      vertex -9.85266 -35.125 -12.5
    endloop
  endfacet
  facet normal -0.982346 -0.187076 0
    outer loop
      vertex -12.5079 -33.3747 -7.5
      vertex -12.5314 -33.2513 -6.5
      vertex -12.5314 -33.2513 -7.5
    endloop
  endfacet
  facet normal -0.982346 -0.187076 0
    outer loop
      vertex -12.5314 -33.2513 -6.5
      vertex -12.5079 -33.3747 -7.5
      vertex -12.5079 -33.3747 -6.5
    endloop
  endfacet
  facet normal -0.998018 -0.0629237 0
    outer loop
      vertex -12.5 -33.5 -7.5
      vertex -12.5079 -33.3747 -6.5
      vertex -12.5079 -33.3747 -7.5
    endloop
  endfacet
  facet normal -0.998018 -0.0629237 0
    outer loop
      vertex -12.5079 -33.3747 -6.5
      vertex -12.5 -33.5 -7.5
      vertex -12.5 -33.5 -6.5
    endloop
  endfacet
  facet normal -0.844219 -0.535999 0
    outer loop
      vertex -12.6237 -33.0182 -7.5
      vertex -12.691 -32.9122 -6.5
      vertex -12.691 -32.9122 -7.5
    endloop
  endfacet
  facet normal -0.844219 -0.535999 0
    outer loop
      vertex -12.691 -32.9122 -6.5
      vertex -12.6237 -33.0182 -7.5
      vertex -12.6237 -33.0182 -6.5
    endloop
  endfacet
  facet normal -0.68447 -0.729041 0
    outer loop
      vertex -12.8626 -32.7295 -7.5
      vertex -12.771 -32.8155 -6.5
      vertex -12.8626 -32.7295 -6.5
    endloop
  endfacet
  facet normal -0.68447 -0.729041 -0
    outer loop
      vertex -12.771 -32.8155 -6.5
      vertex -12.8626 -32.7295 -7.5
      vertex -12.771 -32.8155 -7.5
    endloop
  endfacet
  facet normal 0.248529 -0.968625 0
    outer loop
      vertex -13.809 -32.5489 -7.5
      vertex -13.6874 -32.5177 -6.5
      vertex -13.809 -32.5489 -6.5
    endloop
  endfacet
  facet normal 0.248529 -0.968625 0
    outer loop
      vertex -13.6874 -32.5177 -6.5
      vertex -13.809 -32.5489 -7.5
      vertex -13.6874 -32.5177 -7.5
    endloop
  endfacet
  facet normal 0.770502 0.637437 0
    outer loop
      vertex -14.229 -34.1845 -6.5
      vertex -14.309 -34.0878 -7.5
      vertex -14.309 -34.0878 -6.5
    endloop
  endfacet
  facet normal 0.770502 0.637437 0
    outer loop
      vertex -14.309 -34.0878 -7.5
      vertex -14.229 -34.1845 -6.5
      vertex -14.229 -34.1845 -7.5
    endloop
  endfacet
  facet normal -0.904837 0.425759 0
    outer loop
      vertex -12.6237 -33.9818 -7.5
      vertex -12.5702 -33.8681 -6.5
      vertex -12.5702 -33.8681 -7.5
    endloop
  endfacet
  facet normal -0.904837 0.425759 0
    outer loop
      vertex -12.5702 -33.8681 -6.5
      vertex -12.6237 -33.9818 -7.5
      vertex -12.6237 -33.9818 -6.5
    endloop
  endfacet
  facet normal -0.481919 -0.876216 0
    outer loop
      vertex -13.0742 -32.5952 -7.5
      vertex -12.9642 -32.6557 -6.5
      vertex -13.0742 -32.5952 -6.5
    endloop
  endfacet
  facet normal -0.481919 -0.876216 -0
    outer loop
      vertex -12.9642 -32.6557 -6.5
      vertex -13.0742 -32.5952 -7.5
      vertex -12.9642 -32.6557 -7.5
    endloop
  endfacet
  facet normal -0.248529 0.968625 0
    outer loop
      vertex -13.191 -34.4511 -7.5
      vertex -13.3126 -34.4823 -6.5
      vertex -13.191 -34.4511 -6.5
    endloop
  endfacet
  facet normal -0.248529 0.968625 0
    outer loop
      vertex -13.3126 -34.4823 -6.5
      vertex -13.191 -34.4511 -7.5
      vertex -13.3126 -34.4823 -7.5
    endloop
  endfacet
  facet normal 0.951046 -0.30905 0
    outer loop
      vertex -14.4686 -33.2513 -6.5
      vertex -14.4298 -33.1319 -7.5
      vertex -14.4298 -33.1319 -6.5
    endloop
  endfacet
  facet normal 0.951046 -0.30905 0
    outer loop
      vertex -14.4298 -33.1319 -7.5
      vertex -14.4686 -33.2513 -6.5
      vertex -14.4686 -33.2513 -7.5
    endloop
  endfacet
  facet normal 0.481919 -0.876216 0
    outer loop
      vertex -14.0358 -32.6557 -7.5
      vertex -13.9258 -32.5952 -6.5
      vertex -14.0358 -32.6557 -6.5
    endloop
  endfacet
  facet normal 0.481919 -0.876216 0
    outer loop
      vertex -13.9258 -32.5952 -6.5
      vertex -14.0358 -32.6557 -7.5
      vertex -13.9258 -32.5952 -7.5
    endloop
  endfacet
  facet normal 0.998018 -0.0629237 0
    outer loop
      vertex -14.5 -33.5 -6.5
      vertex -14.4921 -33.3747 -7.5
      vertex -14.4921 -33.3747 -6.5
    endloop
  endfacet
  facet normal 0.998018 -0.0629237 0
    outer loop
      vertex -14.4921 -33.3747 -7.5
      vertex -14.5 -33.5 -6.5
      vertex -14.5 -33.5 -7.5
    endloop
  endfacet
  facet normal 0 -1 0
    outer loop
      vertex -13.5628 -32.502 -7.5
      vertex -13.4372 -32.502 -6.5
      vertex -13.5628 -32.502 -6.5
    endloop
  endfacet
  facet normal 0 -1 -0
    outer loop
      vertex -13.4372 -32.502 -6.5
      vertex -13.5628 -32.502 -7.5
      vertex -13.4372 -32.502 -7.5
    endloop
  endfacet
  facet normal -0.844219 0.535999 0
    outer loop
      vertex -12.691 -34.0878 -7.5
      vertex -12.6237 -33.9818 -6.5
      vertex -12.6237 -33.9818 -7.5
    endloop
  endfacet
  facet normal -0.844219 0.535999 0
    outer loop
      vertex -12.6237 -33.9818 -6.5
      vertex -12.691 -34.0878 -7.5
      vertex -12.691 -34.0878 -6.5
    endloop
  endfacet
  facet normal 0.844219 -0.535999 0
    outer loop
      vertex -14.3763 -33.0182 -6.5
      vertex -14.309 -32.9122 -7.5
      vertex -14.309 -32.9122 -6.5
    endloop
  endfacet
  facet normal 0.844219 -0.535999 0
    outer loop
      vertex -14.309 -32.9122 -7.5
      vertex -14.3763 -33.0182 -6.5
      vertex -14.3763 -33.0182 -7.5
    endloop
  endfacet
  facet normal -0.68447 0.729041 0
    outer loop
      vertex -12.771 -34.1845 -7.5
      vertex -12.8626 -34.2705 -6.5
      vertex -12.771 -34.1845 -6.5
    endloop
  endfacet
  facet normal -0.68447 0.729041 0
    outer loop
      vertex -12.8626 -34.2705 -6.5
      vertex -12.771 -34.1845 -7.5
      vertex -12.8626 -34.2705 -7.5
    endloop
  endfacet
  facet normal 0.982346 0.187076 0
    outer loop
      vertex -14.4686 -33.7487 -6.5
      vertex -14.4921 -33.6253 -7.5
      vertex -14.4921 -33.6253 -6.5
    endloop
  endfacet
  facet normal 0.982346 0.187076 0
    outer loop
      vertex -14.4921 -33.6253 -7.5
      vertex -14.4686 -33.7487 -6.5
      vertex -14.4686 -33.7487 -7.5
    endloop
  endfacet
  facet normal 0.248529 0.968625 -0
    outer loop
      vertex -13.6874 -34.4823 -7.5
      vertex -13.809 -34.4511 -6.5
      vertex -13.6874 -34.4823 -6.5
    endloop
  endfacet
  facet normal 0.248529 0.968625 0
    outer loop
      vertex -13.809 -34.4511 -6.5
      vertex -13.6874 -34.4823 -7.5
      vertex -13.809 -34.4511 -7.5
    endloop
  endfacet
  facet normal 0.904837 0.425759 0
    outer loop
      vertex -14.3763 -33.9818 -6.5
      vertex -14.4298 -33.8681 -7.5
      vertex -14.4298 -33.8681 -6.5
    endloop
  endfacet
  facet normal 0.904837 0.425759 0
    outer loop
      vertex -14.4298 -33.8681 -7.5
      vertex -14.3763 -33.9818 -6.5
      vertex -14.3763 -33.9818 -7.5
    endloop
  endfacet
  facet normal -0.125015 0.992155 0
    outer loop
      vertex -13.3126 -34.4823 -7.5
      vertex -13.4372 -34.498 -6.5
      vertex -13.3126 -34.4823 -6.5
    endloop
  endfacet
  facet normal -0.125015 0.992155 0
    outer loop
      vertex -13.4372 -34.498 -6.5
      vertex -13.3126 -34.4823 -7.5
      vertex -13.4372 -34.498 -7.5
    endloop
  endfacet
  facet normal 0.68447 -0.729041 0
    outer loop
      vertex -14.229 -32.8155 -7.5
      vertex -14.1374 -32.7295 -6.5
      vertex -14.229 -32.8155 -6.5
    endloop
  endfacet
  facet normal 0.68447 -0.729041 0
    outer loop
      vertex -14.1374 -32.7295 -6.5
      vertex -14.229 -32.8155 -7.5
      vertex -14.1374 -32.7295 -7.5
    endloop
  endfacet
  facet normal 0.844219 0.535999 0
    outer loop
      vertex -14.309 -34.0878 -6.5
      vertex -14.3763 -33.9818 -7.5
      vertex -14.3763 -33.9818 -6.5
    endloop
  endfacet
  facet normal 0.844219 0.535999 0
    outer loop
      vertex -14.3763 -33.9818 -7.5
      vertex -14.309 -34.0878 -6.5
      vertex -14.309 -34.0878 -7.5
    endloop
  endfacet
  facet normal -0.904837 -0.425759 0
    outer loop
      vertex -12.5702 -33.1319 -7.5
      vertex -12.6237 -33.0182 -6.5
      vertex -12.6237 -33.0182 -7.5
    endloop
  endfacet
  facet normal -0.904837 -0.425759 0
    outer loop
      vertex -12.6237 -33.0182 -6.5
      vertex -12.5702 -33.1319 -7.5
      vertex -12.5702 -33.1319 -6.5
    endloop
  endfacet
  facet normal 0.770502 -0.637437 0
    outer loop
      vertex -14.309 -32.9122 -6.5
      vertex -14.229 -32.8155 -7.5
      vertex -14.229 -32.8155 -6.5
    endloop
  endfacet
  facet normal 0.770502 -0.637437 0
    outer loop
      vertex -14.229 -32.8155 -7.5
      vertex -14.309 -32.9122 -6.5
      vertex -14.309 -32.9122 -7.5
    endloop
  endfacet
  facet normal -0.587698 -0.80908 0
    outer loop
      vertex -12.9642 -32.6557 -7.5
      vertex -12.8626 -32.7295 -6.5
      vertex -12.9642 -32.6557 -6.5
    endloop
  endfacet
  facet normal -0.587698 -0.80908 -0
    outer loop
      vertex -12.8626 -32.7295 -6.5
      vertex -12.9642 -32.6557 -7.5
      vertex -12.8626 -32.7295 -7.5
    endloop
  endfacet
  facet normal -0.481919 0.876216 0
    outer loop
      vertex -12.9642 -34.3443 -7.5
      vertex -13.0742 -34.4048 -6.5
      vertex -12.9642 -34.3443 -6.5
    endloop
  endfacet
  facet normal -0.481919 0.876216 0
    outer loop
      vertex -13.0742 -34.4048 -6.5
      vertex -12.9642 -34.3443 -7.5
      vertex -13.0742 -34.4048 -7.5
    endloop
  endfacet
  facet normal 0.368507 -0.929625 0
    outer loop
      vertex -13.9258 -32.5952 -7.5
      vertex -13.809 -32.5489 -6.5
      vertex -13.9258 -32.5952 -6.5
    endloop
  endfacet
  facet normal 0.368507 -0.929625 0
    outer loop
      vertex -13.809 -32.5489 -6.5
      vertex -13.9258 -32.5952 -7.5
      vertex -13.809 -32.5489 -7.5
    endloop
  endfacet
  facet normal -0.982346 0.187076 0
    outer loop
      vertex -12.5314 -33.7487 -7.5
      vertex -12.5079 -33.6253 -6.5
      vertex -12.5079 -33.6253 -7.5
    endloop
  endfacet
  facet normal -0.982346 0.187076 0
    outer loop
      vertex -12.5079 -33.6253 -6.5
      vertex -12.5314 -33.7487 -7.5
      vertex -12.5314 -33.7487 -6.5
    endloop
  endfacet
  facet normal -0.998018 0.0629237 0
    outer loop
      vertex -12.5079 -33.6253 -7.5
      vertex -12.5 -33.5 -6.5
      vertex -12.5 -33.5 -7.5
    endloop
  endfacet
  facet normal -0.998018 0.0629237 0
    outer loop
      vertex -12.5 -33.5 -6.5
      vertex -12.5079 -33.6253 -7.5
      vertex -12.5079 -33.6253 -6.5
    endloop
  endfacet
  facet normal 0.951046 0.30905 0
    outer loop
      vertex -14.4298 -33.8681 -6.5
      vertex -14.4686 -33.7487 -7.5
      vertex -14.4686 -33.7487 -6.5
    endloop
  endfacet
  facet normal 0.951046 0.30905 0
    outer loop
      vertex -14.4686 -33.7487 -7.5
      vertex -14.4298 -33.8681 -6.5
      vertex -14.4298 -33.8681 -7.5
    endloop
  endfacet
  facet normal 0 1 -0
    outer loop
      vertex -13.4372 -34.498 -7.5
      vertex -13.5628 -34.498 -6.5
      vertex -13.4372 -34.498 -6.5
    endloop
  endfacet
  facet normal 0 1 0
    outer loop
      vertex -13.5628 -34.498 -6.5
      vertex -13.4372 -34.498 -7.5
      vertex -13.5628 -34.498 -7.5
    endloop
  endfacet
  facet normal -0.368507 0.929625 0
    outer loop
      vertex -13.0742 -34.4048 -7.5
      vertex -13.191 -34.4511 -6.5
      vertex -13.0742 -34.4048 -6.5
    endloop
  endfacet
  facet normal -0.368507 0.929625 0
    outer loop
      vertex -13.191 -34.4511 -6.5
      vertex -13.0742 -34.4048 -7.5
      vertex -13.191 -34.4511 -7.5
    endloop
  endfacet
  facet normal 0.587698 -0.80908 0
    outer loop
      vertex -14.1374 -32.7295 -7.5
      vertex -14.0358 -32.6557 -6.5
      vertex -14.1374 -32.7295 -6.5
    endloop
  endfacet
  facet normal 0.587698 -0.80908 0
    outer loop
      vertex -14.0358 -32.6557 -6.5
      vertex -14.1374 -32.7295 -7.5
      vertex -14.0358 -32.6557 -7.5
    endloop
  endfacet
  facet normal -0.951046 0.30905 0
    outer loop
      vertex -12.5702 -33.8681 -7.5
      vertex -12.5314 -33.7487 -6.5
      vertex -12.5314 -33.7487 -7.5
    endloop
  endfacet
  facet normal -0.951046 0.30905 0
    outer loop
      vertex -12.5314 -33.7487 -6.5
      vertex -12.5702 -33.8681 -7.5
      vertex -12.5702 -33.8681 -6.5
    endloop
  endfacet
  facet normal 0.982346 -0.187076 0
    outer loop
      vertex -14.4921 -33.3747 -6.5
      vertex -14.4686 -33.2513 -7.5
      vertex -14.4686 -33.2513 -6.5
    endloop
  endfacet
  facet normal 0.982346 -0.187076 0
    outer loop
      vertex -14.4686 -33.2513 -7.5
      vertex -14.4921 -33.3747 -6.5
      vertex -14.4921 -33.3747 -7.5
    endloop
  endfacet
  facet normal -0.368507 -0.929625 0
    outer loop
      vertex -13.191 -32.5489 -7.5
      vertex -13.0742 -32.5952 -6.5
      vertex -13.191 -32.5489 -6.5
    endloop
  endfacet
  facet normal -0.368507 -0.929625 -0
    outer loop
      vertex -13.0742 -32.5952 -6.5
      vertex -13.191 -32.5489 -7.5
      vertex -13.0742 -32.5952 -7.5
    endloop
  endfacet
  facet normal -0.770502 -0.637437 0
    outer loop
      vertex -12.691 -32.9122 -7.5
      vertex -12.771 -32.8155 -6.5
      vertex -12.771 -32.8155 -7.5
    endloop
  endfacet
  facet normal -0.770502 -0.637437 0
    outer loop
      vertex -12.771 -32.8155 -6.5
      vertex -12.691 -32.9122 -7.5
      vertex -12.691 -32.9122 -6.5
    endloop
  endfacet
  facet normal 0.368507 0.929625 -0
    outer loop
      vertex -13.809 -34.4511 -7.5
      vertex -13.9258 -34.4048 -6.5
      vertex -13.809 -34.4511 -6.5
    endloop
  endfacet
  facet normal 0.368507 0.929625 0
    outer loop
      vertex -13.9258 -34.4048 -6.5
      vertex -13.809 -34.4511 -7.5
      vertex -13.9258 -34.4048 -7.5
    endloop
  endfacet
  facet normal -0.951046 -0.30905 0
    outer loop
      vertex -12.5314 -33.2513 -7.5
      vertex -12.5702 -33.1319 -6.5
      vertex -12.5702 -33.1319 -7.5
    endloop
  endfacet
  facet normal -0.951046 -0.30905 0
    outer loop
      vertex -12.5702 -33.1319 -6.5
      vertex -12.5314 -33.2513 -7.5
      vertex -12.5314 -33.2513 -6.5
    endloop
  endfacet
  facet normal -0.770502 0.637437 0
    outer loop
      vertex -12.771 -34.1845 -7.5
      vertex -12.691 -34.0878 -6.5
      vertex -12.691 -34.0878 -7.5
    endloop
  endfacet
  facet normal -0.770502 0.637437 0
    outer loop
      vertex -12.691 -34.0878 -6.5
      vertex -12.771 -34.1845 -7.5
      vertex -12.771 -34.1845 -6.5
    endloop
  endfacet
  facet normal 0.587698 0.80908 -0
    outer loop
      vertex -14.0358 -34.3443 -7.5
      vertex -14.1374 -34.2705 -6.5
      vertex -14.0358 -34.3443 -6.5
    endloop
  endfacet
  facet normal 0.587698 0.80908 0
    outer loop
      vertex -14.1374 -34.2705 -6.5
      vertex -14.0358 -34.3443 -7.5
      vertex -14.1374 -34.2705 -7.5
    endloop
  endfacet
  facet normal 0.125015 -0.992155 0
    outer loop
      vertex -13.6874 -32.5177 -7.5
      vertex -13.5628 -32.502 -6.5
      vertex -13.6874 -32.5177 -6.5
    endloop
  endfacet
  facet normal 0.125015 -0.992155 0
    outer loop
      vertex -13.5628 -32.502 -6.5
      vertex -13.6874 -32.5177 -7.5
      vertex -13.5628 -32.502 -7.5
    endloop
  endfacet
  facet normal -0.125015 -0.992155 0
    outer loop
      vertex -13.4372 -32.502 -7.5
      vertex -13.3126 -32.5177 -6.5
      vertex -13.4372 -32.502 -6.5
    endloop
  endfacet
  facet normal -0.125015 -0.992155 -0
    outer loop
      vertex -13.3126 -32.5177 -6.5
      vertex -13.4372 -32.502 -7.5
      vertex -13.3126 -32.5177 -7.5
    endloop
  endfacet
  facet normal 0.68447 0.729041 -0
    outer loop
      vertex -14.1374 -34.2705 -7.5
      vertex -14.229 -34.1845 -6.5
      vertex -14.1374 -34.2705 -6.5
    endloop
  endfacet
  facet normal 0.68447 0.729041 0
    outer loop
      vertex -14.229 -34.1845 -6.5
      vertex -14.1374 -34.2705 -7.5
      vertex -14.229 -34.1845 -7.5
    endloop
  endfacet
  facet normal 0.998018 0.0629237 0
    outer loop
      vertex -14.4921 -33.6253 -6.5
      vertex -14.5 -33.5 -7.5
      vertex -14.5 -33.5 -6.5
    endloop
  endfacet
  facet normal 0.998018 0.0629237 0
    outer loop
      vertex -14.5 -33.5 -7.5
      vertex -14.4921 -33.6253 -6.5
      vertex -14.4921 -33.6253 -7.5
    endloop
  endfacet
  facet normal 0.904837 -0.425759 0
    outer loop
      vertex -14.4298 -33.1319 -6.5
      vertex -14.3763 -33.0182 -7.5
      vertex -14.3763 -33.0182 -6.5
    endloop
  endfacet
  facet normal 0.904837 -0.425759 0
    outer loop
      vertex -14.3763 -33.0182 -7.5
      vertex -14.4298 -33.1319 -6.5
      vertex -14.4298 -33.1319 -7.5
    endloop
  endfacet
  facet normal 0.125015 0.992155 -0
    outer loop
      vertex -13.5628 -34.498 -7.5
      vertex -13.6874 -34.4823 -6.5
      vertex -13.5628 -34.498 -6.5
    endloop
  endfacet
  facet normal 0.125015 0.992155 0
    outer loop
      vertex -13.6874 -34.4823 -6.5
      vertex -13.5628 -34.498 -7.5
      vertex -13.6874 -34.4823 -7.5
    endloop
  endfacet
  facet normal -0.587698 0.80908 0
    outer loop
      vertex -12.8626 -34.2705 -7.5
      vertex -12.9642 -34.3443 -6.5
      vertex -12.8626 -34.2705 -6.5
    endloop
  endfacet
  facet normal -0.587698 0.80908 0
    outer loop
      vertex -12.9642 -34.3443 -6.5
      vertex -12.8626 -34.2705 -7.5
      vertex -12.9642 -34.3443 -7.5
    endloop
  endfacet
  facet normal 0.481919 0.876216 -0
    outer loop
      vertex -13.9258 -34.4048 -7.5
      vertex -14.0358 -34.3443 -6.5
      vertex -13.9258 -34.4048 -6.5
    endloop
  endfacet
  facet normal 0.481919 0.876216 0
    outer loop
      vertex -14.0358 -34.3443 -6.5
      vertex -13.9258 -34.4048 -7.5
      vertex -14.0358 -34.3443 -7.5
    endloop
  endfacet
  facet normal -0.248529 -0.968625 0
    outer loop
      vertex -13.3126 -32.5177 -7.5
      vertex -13.191 -32.5489 -6.5
      vertex -13.3126 -32.5177 -6.5
    endloop
  endfacet
  facet normal -0.248529 -0.968625 -0
    outer loop
      vertex -13.191 -32.5489 -6.5
      vertex -13.3126 -32.5177 -7.5
      vertex -13.191 -32.5489 -7.5
    endloop
  endfacet
  facet normal 0 0 1
    outer loop
      vertex 17.125 37.125 -8
      vertex 16.125 36.125 -8
      vertex 17.125 -37.125 -8
    endloop
  endfacet
  facet normal 0 0 1
    outer loop
      vertex 17.125 37.125 -8
      vertex -16.125 36.125 -8
      vertex 16.125 36.125 -8
    endloop
  endfacet
  facet normal 0 0 1
    outer loop
      vertex -16.125 36.125 -8
      vertex -17.125 37.125 -8
      vertex -16.125 -36.125 -8
    endloop
  endfacet
  facet normal -0 0 1
    outer loop
      vertex -17.125 37.125 -8
      vertex -16.125 36.125 -8
      vertex 17.125 37.125 -8
    endloop
  endfacet
  facet normal -0 0 1
    outer loop
      vertex 16.125 -36.125 -8
      vertex 17.125 -37.125 -8
      vertex 16.125 36.125 -8
    endloop
  endfacet
  facet normal -0 0 1
    outer loop
      vertex -16.125 -36.125 -8
      vertex 17.125 -37.125 -8
      vertex 16.125 -36.125 -8
    endloop
  endfacet
  facet normal 0 0 1
    outer loop
      vertex -16.125 -36.125 -8
      vertex -17.125 -37.125 -8
      vertex 17.125 -37.125 -8
    endloop
  endfacet
  facet normal 0 0 1
    outer loop
      vertex -17.125 -37.125 -8
      vertex -16.125 -36.125 -8
      vertex -17.125 37.125 -8
    endloop
  endfacet
  facet normal 0 0 1
    outer loop
      vertex 16.125 36.125 -6
      vertex 15.125 35.125 -6
      vertex 16.125 -36.125 -6
    endloop
  endfacet
  facet normal 0 0 1
    outer loop
      vertex 16.125 36.125 -6
      vertex -15.125 35.125 -6
      vertex 15.125 35.125 -6
    endloop
  endfacet
  facet normal 0 0 1
    outer loop
      vertex -15.125 35.125 -6
      vertex -16.125 36.125 -6
      vertex -15.125 -35.125 -6
    endloop
  endfacet
  facet normal -0 0 1
    outer loop
      vertex -16.125 36.125 -6
      vertex -15.125 35.125 -6
      vertex 16.125 36.125 -6
    endloop
  endfacet
  facet normal -0 0 1
    outer loop
      vertex 15.125 -35.125 -6
      vertex 16.125 -36.125 -6
      vertex 15.125 35.125 -6
    endloop
  endfacet
  facet normal -0 0 1
    outer loop
      vertex -15.125 -35.125 -6
      vertex 16.125 -36.125 -6
      vertex 15.125 -35.125 -6
    endloop
  endfacet
  facet normal 0 0 1
    outer loop
      vertex -15.125 -35.125 -6
      vertex -16.125 -36.125 -6
      vertex 16.125 -36.125 -6
    endloop
  endfacet
  facet normal 0 0 1
    outer loop
      vertex -16.125 -36.125 -6
      vertex -15.125 -35.125 -6
      vertex -16.125 36.125 -6
    endloop
  endfacet
  facet normal -0.481789 -0.876287 0
    outer loop
      vertex 14.607 35.8526 -14.5
      vertex 14.8931 35.6953 -7.5
      vertex 14.607 35.8526 -7.5
    endloop
  endfacet
  facet normal -0.481789 -0.876287 -0
    outer loop
      vertex 14.8931 35.6953 -7.5
      vertex 14.607 35.8526 -14.5
      vertex 14.8931 35.6953 -14.5
    endloop
  endfacet
  facet normal -0.58788 -0.808948 0
    outer loop
      vertex 14.8931 35.6953 -14.5
      vertex 15.1573 35.5033 -7.5
      vertex 14.8931 35.6953 -7.5
    endloop
  endfacet
  facet normal -0.58788 -0.808948 -0
    outer loop
      vertex 15.1573 35.5033 -7.5
      vertex 14.8931 35.6953 -14.5
      vertex 15.1573 35.5033 -14.5
    endloop
  endfacet
  facet normal -0.998027 -0.0627787 0
    outer loop
      vertex 16.1 33.5 -14.5
      vertex 16.0795 33.8259 -7.5
      vertex 16.0795 33.8259 -14.5
    endloop
  endfacet
  facet normal -0.998027 -0.0627787 0
    outer loop
      vertex 16.0795 33.8259 -7.5
      vertex 16.1 33.5 -14.5
      vertex 16.1 33.5 -7.5
    endloop
  endfacet
  facet normal -0.12558 -0.992083 0
    outer loop
      vertex 13.6633 36.0949 -14.5
      vertex 13.9872 36.0539 -7.5
      vertex 13.6633 36.0949 -7.5
    endloop
  endfacet
  facet normal -0.12558 -0.992083 -0
    outer loop
      vertex 13.9872 36.0539 -7.5
      vertex 13.6633 36.0949 -14.5
      vertex 13.9872 36.0539 -14.5
    endloop
  endfacet
  facet normal -0.951045 -0.309051 0
    outer loop
      vertex 16.0183 34.1466 -14.5
      vertex 15.9174 34.4571 -7.5
      vertex 15.9174 34.4571 -14.5
    endloop
  endfacet
  facet normal -0.951045 -0.309051 0
    outer loop
      vertex 15.9174 34.4571 -7.5
      vertex 16.0183 34.1466 -14.5
      vertex 16.0183 34.1466 -7.5
    endloop
  endfacet
  facet normal -0.904888 -0.42565 0
    outer loop
      vertex 15.9174 34.4571 -14.5
      vertex 15.7784 34.7526 -7.5
      vertex 15.7784 34.7526 -14.5
    endloop
  endfacet
  facet normal -0.904888 -0.42565 0
    outer loop
      vertex 15.7784 34.7526 -7.5
      vertex 15.9174 34.4571 -14.5
      vertex 15.9174 34.4571 -7.5
    endloop
  endfacet
  facet normal -0.684552 -0.728964 0
    outer loop
      vertex 15.1573 35.5033 -14.5
      vertex 15.3953 35.2798 -7.5
      vertex 15.1573 35.5033 -7.5
    endloop
  endfacet
  facet normal -0.684552 -0.728964 -0
    outer loop
      vertex 15.3953 35.2798 -7.5
      vertex 15.1573 35.5033 -14.5
      vertex 15.3953 35.2798 -14.5
    endloop
  endfacet
  facet normal -0.982274 -0.18745 0
    outer loop
      vertex 16.0795 33.8259 -14.5
      vertex 16.0183 34.1466 -7.5
      vertex 16.0183 34.1466 -14.5
    endloop
  endfacet
  facet normal -0.982274 -0.18745 0
    outer loop
      vertex 16.0183 34.1466 -7.5
      vertex 16.0795 33.8259 -14.5
      vertex 16.0795 33.8259 -7.5
    endloop
  endfacet
  facet normal -0.248729 -0.968573 0
    outer loop
      vertex 13.9872 36.0539 -14.5
      vertex 14.3034 35.9727 -7.5
      vertex 13.9872 36.0539 -7.5
    endloop
  endfacet
  facet normal -0.248729 -0.968573 -0
    outer loop
      vertex 14.3034 35.9727 -7.5
      vertex 13.9872 36.0539 -14.5
      vertex 14.3034 35.9727 -14.5
    endloop
  endfacet
  facet normal -0.770576 -0.637348 0
    outer loop
      vertex 15.6034 35.0282 -14.5
      vertex 15.3953 35.2798 -7.5
      vertex 15.3953 35.2798 -14.5
    endloop
  endfacet
  facet normal -0.770576 -0.637348 0
    outer loop
      vertex 15.3953 35.2798 -7.5
      vertex 15.6034 35.0282 -14.5
      vertex 15.6034 35.0282 -7.5
    endloop
  endfacet
  facet normal -0.844191 -0.536043 0
    outer loop
      vertex 15.7784 34.7526 -14.5
      vertex 15.6034 35.0282 -7.5
      vertex 15.6034 35.0282 -14.5
    endloop
  endfacet
  facet normal -0.844191 -0.536043 0
    outer loop
      vertex 15.6034 35.0282 -7.5
      vertex 15.7784 34.7526 -14.5
      vertex 15.7784 34.7526 -7.5
    endloop
  endfacet
  facet normal -0.36785 -0.929885 0
    outer loop
      vertex 14.3034 35.9727 -14.5
      vertex 14.607 35.8526 -7.5
      vertex 14.3034 35.9727 -7.5
    endloop
  endfacet
  facet normal -0.36785 -0.929885 -0
    outer loop
      vertex 14.607 35.8526 -7.5
      vertex 14.3034 35.9727 -14.5
      vertex 14.607 35.8526 -14.5
    endloop
  endfacet
  facet normal 0 -1 0
    outer loop
      vertex 13.3367 36.0949 -14.5
      vertex 13.6633 36.0949 -7.5
      vertex 13.3367 36.0949 -7.5
    endloop
  endfacet
  facet normal 0 -1 -0
    outer loop
      vertex 13.6633 36.0949 -7.5
      vertex 13.3367 36.0949 -14.5
      vertex 13.6633 36.0949 -14.5
    endloop
  endfacet
  facet normal 0.248729 -0.968573 0
    outer loop
      vertex -14.3034 35.9727 -14.5
      vertex -13.9872 36.0539 -7.5
      vertex -14.3034 35.9727 -7.5
    endloop
  endfacet
  facet normal 0.248729 -0.968573 0
    outer loop
      vertex -13.9872 36.0539 -7.5
      vertex -14.3034 35.9727 -14.5
      vertex -13.9872 36.0539 -14.5
    endloop
  endfacet
  facet normal 0.844191 -0.536043 0
    outer loop
      vertex -15.7784 34.7526 -7.5
      vertex -15.6034 35.0282 -14.5
      vertex -15.6034 35.0282 -7.5
    endloop
  endfacet
  facet normal 0.844191 -0.536043 0
    outer loop
      vertex -15.6034 35.0282 -14.5
      vertex -15.7784 34.7526 -7.5
      vertex -15.7784 34.7526 -14.5
    endloop
  endfacet
  facet normal 0.951045 -0.309051 0
    outer loop
      vertex -16.0183 34.1466 -7.5
      vertex -15.9174 34.4571 -14.5
      vertex -15.9174 34.4571 -7.5
    endloop
  endfacet
  facet normal 0.951045 -0.309051 0
    outer loop
      vertex -15.9174 34.4571 -14.5
      vertex -16.0183 34.1466 -7.5
      vertex -16.0183 34.1466 -14.5
    endloop
  endfacet
  facet normal 0.998027 -0.0627787 0
    outer loop
      vertex -16.1 33.5 -7.5
      vertex -16.0795 33.8259 -14.5
      vertex -16.0795 33.8259 -7.5
    endloop
  endfacet
  facet normal 0.998027 -0.0627787 0
    outer loop
      vertex -16.0795 33.8259 -14.5
      vertex -16.1 33.5 -7.5
      vertex -16.1 33.5 -14.5
    endloop
  endfacet
  facet normal 0.904888 -0.42565 0
    outer loop
      vertex -15.9174 34.4571 -7.5
      vertex -15.7784 34.7526 -14.5
      vertex -15.7784 34.7526 -7.5
    endloop
  endfacet
  facet normal 0.904888 -0.42565 0
    outer loop
      vertex -15.7784 34.7526 -14.5
      vertex -15.9174 34.4571 -7.5
      vertex -15.9174 34.4571 -14.5
    endloop
  endfacet
  facet normal 0.770576 -0.637348 0
    outer loop
      vertex -15.6034 35.0282 -7.5
      vertex -15.3953 35.2798 -14.5
      vertex -15.3953 35.2798 -7.5
    endloop
  endfacet
  facet normal 0.770576 -0.637348 0
    outer loop
      vertex -15.3953 35.2798 -14.5
      vertex -15.6034 35.0282 -7.5
      vertex -15.6034 35.0282 -14.5
    endloop
  endfacet
  facet normal 0.481789 -0.876287 0
    outer loop
      vertex -14.8931 35.6953 -14.5
      vertex -14.607 35.8526 -7.5
      vertex -14.8931 35.6953 -7.5
    endloop
  endfacet
  facet normal 0.481789 -0.876287 0
    outer loop
      vertex -14.607 35.8526 -7.5
      vertex -14.8931 35.6953 -14.5
      vertex -14.607 35.8526 -14.5
    endloop
  endfacet
  facet normal 0.36785 -0.929885 0
    outer loop
      vertex -14.607 35.8526 -14.5
      vertex -14.3034 35.9727 -7.5
      vertex -14.607 35.8526 -7.5
    endloop
  endfacet
  facet normal 0.36785 -0.929885 0
    outer loop
      vertex -14.3034 35.9727 -7.5
      vertex -14.607 35.8526 -14.5
      vertex -14.3034 35.9727 -14.5
    endloop
  endfacet
  facet normal 0.982274 -0.18745 0
    outer loop
      vertex -16.0795 33.8259 -7.5
      vertex -16.0183 34.1466 -14.5
      vertex -16.0183 34.1466 -7.5
    endloop
  endfacet
  facet normal 0.982274 -0.18745 0
    outer loop
      vertex -16.0183 34.1466 -14.5
      vertex -16.0795 33.8259 -7.5
      vertex -16.0795 33.8259 -14.5
    endloop
  endfacet
  facet normal 0.12558 -0.992083 0
    outer loop
      vertex -13.9872 36.0539 -14.5
      vertex -13.6633 36.0949 -7.5
      vertex -13.9872 36.0539 -7.5
    endloop
  endfacet
  facet normal 0.12558 -0.992083 0
    outer loop
      vertex -13.6633 36.0949 -7.5
      vertex -13.9872 36.0539 -14.5
      vertex -13.6633 36.0949 -14.5
    endloop
  endfacet
  facet normal 0.684552 -0.728964 0
    outer loop
      vertex -15.3953 35.2798 -14.5
      vertex -15.1573 35.5033 -7.5
      vertex -15.3953 35.2798 -7.5
    endloop
  endfacet
  facet normal 0.684552 -0.728964 0
    outer loop
      vertex -15.1573 35.5033 -7.5
      vertex -15.3953 35.2798 -14.5
      vertex -15.1573 35.5033 -14.5
    endloop
  endfacet
  facet normal 0 -1 0
    outer loop
      vertex -13.6633 36.0949 -14.5
      vertex -13.3367 36.0949 -7.5
      vertex -13.6633 36.0949 -7.5
    endloop
  endfacet
  facet normal 0 -1 -0
    outer loop
      vertex -13.3367 36.0949 -7.5
      vertex -13.6633 36.0949 -14.5
      vertex -13.3367 36.0949 -14.5
    endloop
  endfacet
  facet normal 0.58788 -0.808948 0
    outer loop
      vertex -15.1573 35.5033 -14.5
      vertex -14.8931 35.6953 -7.5
      vertex -15.1573 35.5033 -7.5
    endloop
  endfacet
  facet normal 0.58788 -0.808948 0
    outer loop
      vertex -14.8931 35.6953 -7.5
      vertex -15.1573 35.5033 -14.5
      vertex -14.8931 35.6953 -14.5
    endloop
  endfacet
  facet normal -0.998027 0.0627787 0
    outer loop
      vertex 16.0795 -33.8259 -14.5
      vertex 16.1 -33.5 -7.5
      vertex 16.1 -33.5 -14.5
    endloop
  endfacet
  facet normal -0.998027 0.0627787 0
    outer loop
      vertex 16.1 -33.5 -7.5
      vertex 16.0795 -33.8259 -14.5
      vertex 16.0795 -33.8259 -7.5
    endloop
  endfacet
  facet normal -0.36785 0.929885 0
    outer loop
      vertex 14.607 -35.8526 -14.5
      vertex 14.3034 -35.9727 -7.5
      vertex 14.607 -35.8526 -7.5
    endloop
  endfacet
  facet normal -0.36785 0.929885 0
    outer loop
      vertex 14.3034 -35.9727 -7.5
      vertex 14.607 -35.8526 -14.5
      vertex 14.3034 -35.9727 -14.5
    endloop
  endfacet
  facet normal -0.12558 0.992083 0
    outer loop
      vertex 13.9872 -36.0539 -14.5
      vertex 13.6633 -36.0949 -7.5
      vertex 13.9872 -36.0539 -7.5
    endloop
  endfacet
  facet normal -0.12558 0.992083 0
    outer loop
      vertex 13.6633 -36.0949 -7.5
      vertex 13.9872 -36.0539 -14.5
      vertex 13.6633 -36.0949 -14.5
    endloop
  endfacet
  facet normal -0.951045 0.309051 0
    outer loop
      vertex 15.9174 -34.4571 -14.5
      vertex 16.0183 -34.1466 -7.5
      vertex 16.0183 -34.1466 -14.5
    endloop
  endfacet
  facet normal -0.951045 0.309051 0
    outer loop
      vertex 16.0183 -34.1466 -7.5
      vertex 15.9174 -34.4571 -14.5
      vertex 15.9174 -34.4571 -7.5
    endloop
  endfacet
  facet normal -0.248729 0.968573 0
    outer loop
      vertex 14.3034 -35.9727 -14.5
      vertex 13.9872 -36.0539 -7.5
      vertex 14.3034 -35.9727 -7.5
    endloop
  endfacet
  facet normal -0.248729 0.968573 0
    outer loop
      vertex 13.9872 -36.0539 -7.5
      vertex 14.3034 -35.9727 -14.5
      vertex 13.9872 -36.0539 -14.5
    endloop
  endfacet
  facet normal -0.770576 0.637348 0
    outer loop
      vertex 15.3953 -35.2798 -14.5
      vertex 15.6034 -35.0282 -7.5
      vertex 15.6034 -35.0282 -14.5
    endloop
  endfacet
  facet normal -0.770576 0.637348 0
    outer loop
      vertex 15.6034 -35.0282 -7.5
      vertex 15.3953 -35.2798 -14.5
      vertex 15.3953 -35.2798 -7.5
    endloop
  endfacet
  facet normal -0.982274 0.18745 0
    outer loop
      vertex 16.0183 -34.1466 -14.5
      vertex 16.0795 -33.8259 -7.5
      vertex 16.0795 -33.8259 -14.5
    endloop
  endfacet
  facet normal -0.982274 0.18745 0
    outer loop
      vertex 16.0795 -33.8259 -7.5
      vertex 16.0183 -34.1466 -14.5
      vertex 16.0183 -34.1466 -7.5
    endloop
  endfacet
  facet normal -0.904888 0.42565 0
    outer loop
      vertex 15.7784 -34.7526 -14.5
      vertex 15.9174 -34.4571 -7.5
      vertex 15.9174 -34.4571 -14.5
    endloop
  endfacet
  facet normal -0.904888 0.42565 0
    outer loop
      vertex 15.9174 -34.4571 -7.5
      vertex 15.7784 -34.7526 -14.5
      vertex 15.7784 -34.7526 -7.5
    endloop
  endfacet
  facet normal -0.844191 0.536043 0
    outer loop
      vertex 15.6034 -35.0282 -14.5
      vertex 15.7784 -34.7526 -7.5
      vertex 15.7784 -34.7526 -14.5
    endloop
  endfacet
  facet normal -0.844191 0.536043 0
    outer loop
      vertex 15.7784 -34.7526 -7.5
      vertex 15.6034 -35.0282 -14.5
      vertex 15.6034 -35.0282 -7.5
    endloop
  endfacet
  facet normal -0.481789 0.876287 0
    outer loop
      vertex 14.8931 -35.6953 -14.5
      vertex 14.607 -35.8526 -7.5
      vertex 14.8931 -35.6953 -7.5
    endloop
  endfacet
  facet normal -0.481789 0.876287 0
    outer loop
      vertex 14.607 -35.8526 -7.5
      vertex 14.8931 -35.6953 -14.5
      vertex 14.607 -35.8526 -14.5
    endloop
  endfacet
  facet normal -0.58788 0.808948 0
    outer loop
      vertex 15.1573 -35.5033 -14.5
      vertex 14.8931 -35.6953 -7.5
      vertex 15.1573 -35.5033 -7.5
    endloop
  endfacet
  facet normal -0.58788 0.808948 0
    outer loop
      vertex 14.8931 -35.6953 -7.5
      vertex 15.1573 -35.5033 -14.5
      vertex 14.8931 -35.6953 -14.5
    endloop
  endfacet
  facet normal 0 1 -0
    outer loop
      vertex 13.6633 -36.0949 -14.5
      vertex 13.3367 -36.0949 -7.5
      vertex 13.6633 -36.0949 -7.5
    endloop
  endfacet
  facet normal 0 1 0
    outer loop
      vertex 13.3367 -36.0949 -7.5
      vertex 13.6633 -36.0949 -14.5
      vertex 13.3367 -36.0949 -14.5
    endloop
  endfacet
  facet normal -0.684552 0.728964 0
    outer loop
      vertex 15.3953 -35.2798 -14.5
      vertex 15.1573 -35.5033 -7.5
      vertex 15.3953 -35.2798 -7.5
    endloop
  endfacet
  facet normal -0.684552 0.728964 0
    outer loop
      vertex 15.1573 -35.5033 -7.5
      vertex 15.3953 -35.2798 -14.5
      vertex 15.1573 -35.5033 -14.5
    endloop
  endfacet
  facet normal 0.982274 0.18745 0
    outer loop
      vertex -16.0183 -34.1466 -7.5
      vertex -16.0795 -33.8259 -14.5
      vertex -16.0795 -33.8259 -7.5
    endloop
  endfacet
  facet normal 0.982274 0.18745 0
    outer loop
      vertex -16.0795 -33.8259 -14.5
      vertex -16.0183 -34.1466 -7.5
      vertex -16.0183 -34.1466 -14.5
    endloop
  endfacet
  facet normal 0.36785 0.929885 -0
    outer loop
      vertex -14.3034 -35.9727 -14.5
      vertex -14.607 -35.8526 -7.5
      vertex -14.3034 -35.9727 -7.5
    endloop
  endfacet
  facet normal 0.36785 0.929885 0
    outer loop
      vertex -14.607 -35.8526 -7.5
      vertex -14.3034 -35.9727 -14.5
      vertex -14.607 -35.8526 -14.5
    endloop
  endfacet
  facet normal 0.770576 0.637348 0
    outer loop
      vertex -15.3953 -35.2798 -7.5
      vertex -15.6034 -35.0282 -14.5
      vertex -15.6034 -35.0282 -7.5
    endloop
  endfacet
  facet normal 0.770576 0.637348 0
    outer loop
      vertex -15.6034 -35.0282 -14.5
      vertex -15.3953 -35.2798 -7.5
      vertex -15.3953 -35.2798 -14.5
    endloop
  endfacet
  facet normal 0.951045 0.309051 0
    outer loop
      vertex -15.9174 -34.4571 -7.5
      vertex -16.0183 -34.1466 -14.5
      vertex -16.0183 -34.1466 -7.5
    endloop
  endfacet
  facet normal 0.951045 0.309051 0
    outer loop
      vertex -16.0183 -34.1466 -14.5
      vertex -15.9174 -34.4571 -7.5
      vertex -15.9174 -34.4571 -14.5
    endloop
  endfacet
  facet normal 0.998027 0.0627787 0
    outer loop
      vertex -16.0795 -33.8259 -7.5
      vertex -16.1 -33.5 -14.5
      vertex -16.1 -33.5 -7.5
    endloop
  endfacet
  facet normal 0.998027 0.0627787 0
    outer loop
      vertex -16.1 -33.5 -14.5
      vertex -16.0795 -33.8259 -7.5
      vertex -16.0795 -33.8259 -14.5
    endloop
  endfacet
  facet normal 0.248729 0.968573 -0
    outer loop
      vertex -13.9872 -36.0539 -14.5
      vertex -14.3034 -35.9727 -7.5
      vertex -13.9872 -36.0539 -7.5
    endloop
  endfacet
  facet normal 0.248729 0.968573 0
    outer loop
      vertex -14.3034 -35.9727 -7.5
      vertex -13.9872 -36.0539 -14.5
      vertex -14.3034 -35.9727 -14.5
    endloop
  endfacet
  facet normal 0.844191 0.536043 0
    outer loop
      vertex -15.6034 -35.0282 -7.5
      vertex -15.7784 -34.7526 -14.5
      vertex -15.7784 -34.7526 -7.5
    endloop
  endfacet
  facet normal 0.844191 0.536043 0
    outer loop
      vertex -15.7784 -34.7526 -14.5
      vertex -15.6034 -35.0282 -7.5
      vertex -15.6034 -35.0282 -14.5
    endloop
  endfacet
  facet normal 0.12558 0.992083 -0
    outer loop
      vertex -13.6633 -36.0949 -14.5
      vertex -13.9872 -36.0539 -7.5
      vertex -13.6633 -36.0949 -7.5
    endloop
  endfacet
  facet normal 0.12558 0.992083 0
    outer loop
      vertex -13.9872 -36.0539 -7.5
      vertex -13.6633 -36.0949 -14.5
      vertex -13.9872 -36.0539 -14.5
    endloop
  endfacet
  facet normal 0 1 -0
    outer loop
      vertex -13.3367 -36.0949 -14.5
      vertex -13.6633 -36.0949 -7.5
      vertex -13.3367 -36.0949 -7.5
    endloop
  endfacet
  facet normal 0 1 0
    outer loop
      vertex -13.6633 -36.0949 -7.5
      vertex -13.3367 -36.0949 -14.5
      vertex -13.6633 -36.0949 -14.5
    endloop
  endfacet
  facet normal 0.684552 0.728964 -0
    outer loop
      vertex -15.1573 -35.5033 -14.5
      vertex -15.3953 -35.2798 -7.5
      vertex -15.1573 -35.5033 -7.5
    endloop
  endfacet
  facet normal 0.684552 0.728964 0
    outer loop
      vertex -15.3953 -35.2798 -7.5
      vertex -15.1573 -35.5033 -14.5
      vertex -15.3953 -35.2798 -14.5
    endloop
  endfacet
  facet normal 0.904888 0.42565 0
    outer loop
      vertex -15.7784 -34.7526 -7.5
      vertex -15.9174 -34.4571 -14.5
      vertex -15.9174 -34.4571 -7.5
    endloop
  endfacet
  facet normal 0.904888 0.42565 0
    outer loop
      vertex -15.9174 -34.4571 -14.5
      vertex -15.7784 -34.7526 -7.5
      vertex -15.7784 -34.7526 -14.5
    endloop
  endfacet
  facet normal 0.481789 0.876287 -0
    outer loop
      vertex -14.607 -35.8526 -14.5
      vertex -14.8931 -35.6953 -7.5
      vertex -14.607 -35.8526 -7.5
    endloop
  endfacet
  facet normal 0.481789 0.876287 0
    outer loop
      vertex -14.8931 -35.6953 -7.5
      vertex -14.607 -35.8526 -14.5
      vertex -14.8931 -35.6953 -14.5
    endloop
  endfacet
  facet normal 0.58788 0.808948 -0
    outer loop
      vertex -14.8931 -35.6953 -14.5
      vertex -15.1573 -35.5033 -7.5
      vertex -14.8931 -35.6953 -7.5
    endloop
  endfacet
  facet normal 0.58788 0.808948 0
    outer loop
      vertex -15.1573 -35.5033 -7.5
      vertex -14.8931 -35.6953 -14.5
      vertex -15.1573 -35.5033 -14.5
    endloop
  endfacet
  facet normal -0.998027 0.0627787 0
    outer loop
      vertex 16.0795 33.1741 -14.5
      vertex 16.1 33.5 -7.5
      vertex 16.1 33.5 -14.5
    endloop
  endfacet
  facet normal -0.998027 0.0627787 0
    outer loop
      vertex 16.1 33.5 -7.5
      vertex 16.0795 33.1741 -14.5
      vertex 16.0795 33.1741 -7.5
    endloop
  endfacet
  facet normal 0.982274 0.18745 0
    outer loop
      vertex 10.9817 32.8534 -7.5
      vertex 10.9205 33.1741 -14.5
      vertex 10.9205 33.1741 -7.5
    endloop
  endfacet
  facet normal 0.982274 0.18745 0
    outer loop
      vertex 10.9205 33.1741 -14.5
      vertex 10.9817 32.8534 -7.5
      vertex 10.9817 32.8534 -14.5
    endloop
  endfacet
  facet normal 0.998027 -0.0627787 0
    outer loop
      vertex 10.9 33.5 -7.5
      vertex 10.9205 33.8259 -14.5
      vertex 10.9205 33.8259 -7.5
    endloop
  endfacet
  facet normal 0.998027 -0.0627787 0
    outer loop
      vertex 10.9205 33.8259 -14.5
      vertex 10.9 33.5 -7.5
      vertex 10.9 33.5 -14.5
    endloop
  endfacet
  facet normal 0.248729 -0.968573 0
    outer loop
      vertex 12.6966 35.9727 -14.5
      vertex 13.0128 36.0539 -7.5
      vertex 12.6966 35.9727 -7.5
    endloop
  endfacet
  facet normal 0.248729 -0.968573 0
    outer loop
      vertex 13.0128 36.0539 -7.5
      vertex 12.6966 35.9727 -14.5
      vertex 13.0128 36.0539 -14.5
    endloop
  endfacet
  facet normal 0.12558 -0.992083 0
    outer loop
      vertex 13.0128 36.0539 -14.5
      vertex 13.3367 36.0949 -7.5
      vertex 13.0128 36.0539 -7.5
    endloop
  endfacet
  facet normal 0.12558 -0.992083 0
    outer loop
      vertex 13.3367 36.0949 -7.5
      vertex 13.0128 36.0539 -14.5
      vertex 13.3367 36.0949 -14.5
    endloop
  endfacet
  facet normal 0.481789 -0.876287 0
    outer loop
      vertex 12.1069 35.6953 -14.5
      vertex 12.393 35.8526 -7.5
      vertex 12.1069 35.6953 -7.5
    endloop
  endfacet
  facet normal 0.481789 -0.876287 0
    outer loop
      vertex 12.393 35.8526 -7.5
      vertex 12.1069 35.6953 -14.5
      vertex 12.393 35.8526 -14.5
    endloop
  endfacet
  facet normal 0.58788 -0.808948 0
    outer loop
      vertex 11.8427 35.5033 -14.5
      vertex 12.1069 35.6953 -7.5
      vertex 11.8427 35.5033 -7.5
    endloop
  endfacet
  facet normal 0.58788 -0.808948 0
    outer loop
      vertex 12.1069 35.6953 -7.5
      vertex 11.8427 35.5033 -14.5
      vertex 12.1069 35.6953 -14.5
    endloop
  endfacet
  facet normal -0.36785 0.929885 0
    outer loop
      vertex 14.607 31.1474 -14.5
      vertex 14.3034 31.0273 -7.5
      vertex 14.607 31.1474 -7.5
    endloop
  endfacet
  facet normal -0.36785 0.929885 0
    outer loop
      vertex 14.3034 31.0273 -7.5
      vertex 14.607 31.1474 -14.5
      vertex 14.3034 31.0273 -14.5
    endloop
  endfacet
  facet normal 0.36785 0.929885 -0
    outer loop
      vertex 12.6966 31.0273 -14.5
      vertex 12.393 31.1474 -7.5
      vertex 12.6966 31.0273 -7.5
    endloop
  endfacet
  facet normal 0.36785 0.929885 0
    outer loop
      vertex 12.393 31.1474 -7.5
      vertex 12.6966 31.0273 -14.5
      vertex 12.393 31.1474 -14.5
    endloop
  endfacet
  facet normal -0.12558 0.992083 0
    outer loop
      vertex 13.9872 30.9461 -14.5
      vertex 13.6633 30.9051 -7.5
      vertex 13.9872 30.9461 -7.5
    endloop
  endfacet
  facet normal -0.12558 0.992083 0
    outer loop
      vertex 13.6633 30.9051 -7.5
      vertex 13.9872 30.9461 -14.5
      vertex 13.6633 30.9051 -14.5
    endloop
  endfacet
  facet normal 0.770576 0.637348 0
    outer loop
      vertex 11.6047 31.7202 -7.5
      vertex 11.3966 31.9718 -14.5
      vertex 11.3966 31.9718 -7.5
    endloop
  endfacet
  facet normal 0.770576 0.637348 0
    outer loop
      vertex 11.3966 31.9718 -14.5
      vertex 11.6047 31.7202 -7.5
      vertex 11.6047 31.7202 -14.5
    endloop
  endfacet
  facet normal -0.951045 0.309051 0
    outer loop
      vertex 15.9174 32.5429 -14.5
      vertex 16.0183 32.8534 -7.5
      vertex 16.0183 32.8534 -14.5
    endloop
  endfacet
  facet normal -0.951045 0.309051 0
    outer loop
      vertex 16.0183 32.8534 -7.5
      vertex 15.9174 32.5429 -14.5
      vertex 15.9174 32.5429 -7.5
    endloop
  endfacet
  facet normal -0.248729 0.968573 0
    outer loop
      vertex 14.3034 31.0273 -14.5
      vertex 13.9872 30.9461 -7.5
      vertex 14.3034 31.0273 -7.5
    endloop
  endfacet
  facet normal -0.248729 0.968573 0
    outer loop
      vertex 13.9872 30.9461 -7.5
      vertex 14.3034 31.0273 -14.5
      vertex 13.9872 30.9461 -14.5
    endloop
  endfacet
  facet normal 0.904888 0.42565 0
    outer loop
      vertex 11.2216 32.2474 -7.5
      vertex 11.0826 32.5429 -14.5
      vertex 11.0826 32.5429 -7.5
    endloop
  endfacet
  facet normal 0.904888 0.42565 0
    outer loop
      vertex 11.0826 32.5429 -14.5
      vertex 11.2216 32.2474 -7.5
      vertex 11.2216 32.2474 -14.5
    endloop
  endfacet
  facet normal 0.951045 0.309051 0
    outer loop
      vertex 11.0826 32.5429 -7.5
      vertex 10.9817 32.8534 -14.5
      vertex 10.9817 32.8534 -7.5
    endloop
  endfacet
  facet normal 0.951045 0.309051 0
    outer loop
      vertex 10.9817 32.8534 -14.5
      vertex 11.0826 32.5429 -7.5
      vertex 11.0826 32.5429 -14.5
    endloop
  endfacet
  facet normal -0.770576 0.637348 0
    outer loop
      vertex 15.3953 31.7202 -14.5
      vertex 15.6034 31.9718 -7.5
      vertex 15.6034 31.9718 -14.5
    endloop
  endfacet
  facet normal -0.770576 0.637348 0
    outer loop
      vertex 15.6034 31.9718 -7.5
      vertex 15.3953 31.7202 -14.5
      vertex 15.3953 31.7202 -7.5
    endloop
  endfacet
  facet normal 0.998027 0.0627787 0
    outer loop
      vertex 10.9205 33.1741 -7.5
      vertex 10.9 33.5 -14.5
      vertex 10.9 33.5 -7.5
    endloop
  endfacet
  facet normal 0.998027 0.0627787 0
    outer loop
      vertex 10.9 33.5 -14.5
      vertex 10.9205 33.1741 -7.5
      vertex 10.9205 33.1741 -14.5
    endloop
  endfacet
  facet normal 0.248729 0.968573 -0
    outer loop
      vertex 13.0128 30.9461 -14.5
      vertex 12.6966 31.0273 -7.5
      vertex 13.0128 30.9461 -7.5
    endloop
  endfacet
  facet normal 0.248729 0.968573 0
    outer loop
      vertex 12.6966 31.0273 -7.5
      vertex 13.0128 30.9461 -14.5
      vertex 12.6966 31.0273 -14.5
    endloop
  endfacet
  facet normal -0.982274 0.18745 0
    outer loop
      vertex 16.0183 32.8534 -14.5
      vertex 16.0795 33.1741 -7.5
      vertex 16.0795 33.1741 -14.5
    endloop
  endfacet
  facet normal -0.982274 0.18745 0
    outer loop
      vertex 16.0795 33.1741 -7.5
      vertex 16.0183 32.8534 -14.5
      vertex 16.0183 32.8534 -7.5
    endloop
  endfacet
  facet normal 0.36785 -0.929885 0
    outer loop
      vertex 12.393 35.8526 -14.5
      vertex 12.6966 35.9727 -7.5
      vertex 12.393 35.8526 -7.5
    endloop
  endfacet
  facet normal 0.36785 -0.929885 0
    outer loop
      vertex 12.6966 35.9727 -7.5
      vertex 12.393 35.8526 -14.5
      vertex 12.6966 35.9727 -14.5
    endloop
  endfacet
  facet normal -0.904888 0.42565 0
    outer loop
      vertex 15.7784 32.2474 -14.5
      vertex 15.9174 32.5429 -7.5
      vertex 15.9174 32.5429 -14.5
    endloop
  endfacet
  facet normal -0.904888 0.42565 0
    outer loop
      vertex 15.9174 32.5429 -7.5
      vertex 15.7784 32.2474 -14.5
      vertex 15.7784 32.2474 -7.5
    endloop
  endfacet
  facet normal -0.844191 0.536043 0
    outer loop
      vertex 15.6034 31.9718 -14.5
      vertex 15.7784 32.2474 -7.5
      vertex 15.7784 32.2474 -14.5
    endloop
  endfacet
  facet normal -0.844191 0.536043 0
    outer loop
      vertex 15.7784 32.2474 -7.5
      vertex 15.6034 31.9718 -14.5
      vertex 15.6034 31.9718 -7.5
    endloop
  endfacet
  facet normal -0.481789 0.876287 0
    outer loop
      vertex 14.8931 31.3047 -14.5
      vertex 14.607 31.1474 -7.5
      vertex 14.8931 31.3047 -7.5
    endloop
  endfacet
  facet normal -0.481789 0.876287 0
    outer loop
      vertex 14.607 31.1474 -7.5
      vertex 14.8931 31.3047 -14.5
      vertex 14.607 31.1474 -14.5
    endloop
  endfacet
  facet normal 0.844191 0.536043 0
    outer loop
      vertex 11.3966 31.9718 -7.5
      vertex 11.2216 32.2474 -14.5
      vertex 11.2216 32.2474 -7.5
    endloop
  endfacet
  facet normal 0.844191 0.536043 0
    outer loop
      vertex 11.2216 32.2474 -14.5
      vertex 11.3966 31.9718 -7.5
      vertex 11.3966 31.9718 -14.5
    endloop
  endfacet
  facet normal 0.12558 0.992083 -0
    outer loop
      vertex 13.3367 30.9051 -14.5
      vertex 13.0128 30.9461 -7.5
      vertex 13.3367 30.9051 -7.5
    endloop
  endfacet
  facet normal 0.12558 0.992083 0
    outer loop
      vertex 13.0128 30.9461 -7.5
      vertex 13.3367 30.9051 -14.5
      vertex 13.0128 30.9461 -14.5
    endloop
  endfacet
  facet normal 0.684552 -0.728964 0
    outer loop
      vertex 11.6047 35.2798 -14.5
      vertex 11.8427 35.5033 -7.5
      vertex 11.6047 35.2798 -7.5
    endloop
  endfacet
  facet normal 0.684552 -0.728964 0
    outer loop
      vertex 11.8427 35.5033 -7.5
      vertex 11.6047 35.2798 -14.5
      vertex 11.8427 35.5033 -14.5
    endloop
  endfacet
  facet normal 0.982274 -0.18745 0
    outer loop
      vertex 10.9205 33.8259 -7.5
      vertex 10.9817 34.1466 -14.5
      vertex 10.9817 34.1466 -7.5
    endloop
  endfacet
  facet normal 0.982274 -0.18745 0
    outer loop
      vertex 10.9817 34.1466 -14.5
      vertex 10.9205 33.8259 -7.5
      vertex 10.9205 33.8259 -14.5
    endloop
  endfacet
  facet normal -0.58788 0.808948 0
    outer loop
      vertex 15.1573 31.4967 -14.5
      vertex 14.8931 31.3047 -7.5
      vertex 15.1573 31.4967 -7.5
    endloop
  endfacet
  facet normal -0.58788 0.808948 0
    outer loop
      vertex 14.8931 31.3047 -7.5
      vertex 15.1573 31.4967 -14.5
      vertex 14.8931 31.3047 -14.5
    endloop
  endfacet
  facet normal 0 1 -0
    outer loop
      vertex 13.6633 30.9051 -14.5
      vertex 13.3367 30.9051 -7.5
      vertex 13.6633 30.9051 -7.5
    endloop
  endfacet
  facet normal 0 1 0
    outer loop
      vertex 13.3367 30.9051 -7.5
      vertex 13.6633 30.9051 -14.5
      vertex 13.3367 30.9051 -14.5
    endloop
  endfacet
  facet normal 0.684552 0.728964 -0
    outer loop
      vertex 11.8427 31.4967 -14.5
      vertex 11.6047 31.7202 -7.5
      vertex 11.8427 31.4967 -7.5
    endloop
  endfacet
  facet normal 0.684552 0.728964 0
    outer loop
      vertex 11.6047 31.7202 -7.5
      vertex 11.8427 31.4967 -14.5
      vertex 11.6047 31.7202 -14.5
    endloop
  endfacet
  facet normal -0.684552 0.728964 0
    outer loop
      vertex 15.3953 31.7202 -14.5
      vertex 15.1573 31.4967 -7.5
      vertex 15.3953 31.7202 -7.5
    endloop
  endfacet
  facet normal -0.684552 0.728964 0
    outer loop
      vertex 15.1573 31.4967 -7.5
      vertex 15.3953 31.7202 -14.5
      vertex 15.1573 31.4967 -14.5
    endloop
  endfacet
  facet normal 0.770576 -0.637348 0
    outer loop
      vertex 11.3966 35.0282 -7.5
      vertex 11.6047 35.2798 -14.5
      vertex 11.6047 35.2798 -7.5
    endloop
  endfacet
  facet normal 0.770576 -0.637348 0
    outer loop
      vertex 11.6047 35.2798 -14.5
      vertex 11.3966 35.0282 -7.5
      vertex 11.3966 35.0282 -14.5
    endloop
  endfacet
  facet normal 0.951045 -0.309051 0
    outer loop
      vertex 10.9817 34.1466 -7.5
      vertex 11.0826 34.4571 -14.5
      vertex 11.0826 34.4571 -7.5
    endloop
  endfacet
  facet normal 0.951045 -0.309051 0
    outer loop
      vertex 11.0826 34.4571 -14.5
      vertex 10.9817 34.1466 -7.5
      vertex 10.9817 34.1466 -14.5
    endloop
  endfacet
  facet normal 0.481789 0.876287 -0
    outer loop
      vertex 12.393 31.1474 -14.5
      vertex 12.1069 31.3047 -7.5
      vertex 12.393 31.1474 -7.5
    endloop
  endfacet
  facet normal 0.481789 0.876287 0
    outer loop
      vertex 12.1069 31.3047 -7.5
      vertex 12.393 31.1474 -14.5
      vertex 12.1069 31.3047 -14.5
    endloop
  endfacet
  facet normal 0.58788 0.808948 -0
    outer loop
      vertex 12.1069 31.3047 -14.5
      vertex 11.8427 31.4967 -7.5
      vertex 12.1069 31.3047 -7.5
    endloop
  endfacet
  facet normal 0.58788 0.808948 0
    outer loop
      vertex 11.8427 31.4967 -7.5
      vertex 12.1069 31.3047 -14.5
      vertex 11.8427 31.4967 -14.5
    endloop
  endfacet
  facet normal 0.844191 -0.536043 0
    outer loop
      vertex 11.2216 34.7526 -7.5
      vertex 11.3966 35.0282 -14.5
      vertex 11.3966 35.0282 -7.5
    endloop
  endfacet
  facet normal 0.844191 -0.536043 0
    outer loop
      vertex 11.3966 35.0282 -14.5
      vertex 11.2216 34.7526 -7.5
      vertex 11.2216 34.7526 -14.5
    endloop
  endfacet
  facet normal 0.904888 -0.42565 0
    outer loop
      vertex 11.0826 34.4571 -7.5
      vertex 11.2216 34.7526 -14.5
      vertex 11.2216 34.7526 -7.5
    endloop
  endfacet
  facet normal 0.904888 -0.42565 0
    outer loop
      vertex 11.2216 34.7526 -14.5
      vertex 11.0826 34.4571 -7.5
      vertex 11.0826 34.4571 -14.5
    endloop
  endfacet
  facet normal -0.982274 -0.18745 0
    outer loop
      vertex -10.9205 33.8259 -14.5
      vertex -10.9817 34.1466 -7.5
      vertex -10.9817 34.1466 -14.5
    endloop
  endfacet
  facet normal -0.982274 -0.18745 0
    outer loop
      vertex -10.9817 34.1466 -7.5
      vertex -10.9205 33.8259 -14.5
      vertex -10.9205 33.8259 -7.5
    endloop
  endfacet
  facet normal -0.998027 -0.0627787 0
    outer loop
      vertex -10.9 33.5 -14.5
      vertex -10.9205 33.8259 -7.5
      vertex -10.9205 33.8259 -14.5
    endloop
  endfacet
  facet normal -0.998027 -0.0627787 0
    outer loop
      vertex -10.9205 33.8259 -7.5
      vertex -10.9 33.5 -14.5
      vertex -10.9 33.5 -7.5
    endloop
  endfacet
  facet normal -0.951045 -0.309051 0
    outer loop
      vertex -10.9817 34.1466 -14.5
      vertex -11.0826 34.4571 -7.5
      vertex -11.0826 34.4571 -14.5
    endloop
  endfacet
  facet normal -0.951045 -0.309051 0
    outer loop
      vertex -11.0826 34.4571 -7.5
      vertex -10.9817 34.1466 -14.5
      vertex -10.9817 34.1466 -7.5
    endloop
  endfacet
  facet normal -0.998027 0.0627787 0
    outer loop
      vertex -10.9205 33.1741 -14.5
      vertex -10.9 33.5 -7.5
      vertex -10.9 33.5 -14.5
    endloop
  endfacet
  facet normal -0.998027 0.0627787 0
    outer loop
      vertex -10.9 33.5 -7.5
      vertex -10.9205 33.1741 -14.5
      vertex -10.9205 33.1741 -7.5
    endloop
  endfacet
  facet normal -0.844191 -0.536043 0
    outer loop
      vertex -11.2216 34.7526 -14.5
      vertex -11.3966 35.0282 -7.5
      vertex -11.3966 35.0282 -14.5
    endloop
  endfacet
  facet normal -0.844191 -0.536043 0
    outer loop
      vertex -11.3966 35.0282 -7.5
      vertex -11.2216 34.7526 -14.5
      vertex -11.2216 34.7526 -7.5
    endloop
  endfacet
  facet normal 0.982274 0.18745 0
    outer loop
      vertex -16.0183 32.8534 -7.5
      vertex -16.0795 33.1741 -14.5
      vertex -16.0795 33.1741 -7.5
    endloop
  endfacet
  facet normal 0.982274 0.18745 0
    outer loop
      vertex -16.0795 33.1741 -14.5
      vertex -16.0183 32.8534 -7.5
      vertex -16.0183 32.8534 -14.5
    endloop
  endfacet
  facet normal -0.904888 -0.42565 0
    outer loop
      vertex -11.0826 34.4571 -14.5
      vertex -11.2216 34.7526 -7.5
      vertex -11.2216 34.7526 -14.5
    endloop
  endfacet
  facet normal -0.904888 -0.42565 0
    outer loop
      vertex -11.2216 34.7526 -7.5
      vertex -11.0826 34.4571 -14.5
      vertex -11.0826 34.4571 -7.5
    endloop
  endfacet
  facet normal -0.36785 0.929885 0
    outer loop
      vertex -12.393 31.1474 -14.5
      vertex -12.6966 31.0273 -7.5
      vertex -12.393 31.1474 -7.5
    endloop
  endfacet
  facet normal -0.36785 0.929885 0
    outer loop
      vertex -12.6966 31.0273 -7.5
      vertex -12.393 31.1474 -14.5
      vertex -12.6966 31.0273 -14.5
    endloop
  endfacet
  facet normal 0.36785 0.929885 -0
    outer loop
      vertex -14.3034 31.0273 -14.5
      vertex -14.607 31.1474 -7.5
      vertex -14.3034 31.0273 -7.5
    endloop
  endfacet
  facet normal 0.36785 0.929885 0
    outer loop
      vertex -14.607 31.1474 -7.5
      vertex -14.3034 31.0273 -14.5
      vertex -14.607 31.1474 -14.5
    endloop
  endfacet
  facet normal -0.12558 -0.992083 0
    outer loop
      vertex -13.3367 36.0949 -14.5
      vertex -13.0128 36.0539 -7.5
      vertex -13.3367 36.0949 -7.5
    endloop
  endfacet
  facet normal -0.12558 -0.992083 -0
    outer loop
      vertex -13.0128 36.0539 -7.5
      vertex -13.3367 36.0949 -14.5
      vertex -13.0128 36.0539 -14.5
    endloop
  endfacet
  facet normal -0.58788 -0.808948 0
    outer loop
      vertex -12.1069 35.6953 -14.5
      vertex -11.8427 35.5033 -7.5
      vertex -12.1069 35.6953 -7.5
    endloop
  endfacet
  facet normal -0.58788 -0.808948 -0
    outer loop
      vertex -11.8427 35.5033 -7.5
      vertex -12.1069 35.6953 -14.5
      vertex -11.8427 35.5033 -14.5
    endloop
  endfacet
  facet normal -0.12558 0.992083 0
    outer loop
      vertex -13.0128 30.9461 -14.5
      vertex -13.3367 30.9051 -7.5
      vertex -13.0128 30.9461 -7.5
    endloop
  endfacet
  facet normal -0.12558 0.992083 0
    outer loop
      vertex -13.3367 30.9051 -7.5
      vertex -13.0128 30.9461 -14.5
      vertex -13.3367 30.9051 -14.5
    endloop
  endfacet
  facet normal 0.770576 0.637348 0
    outer loop
      vertex -15.3953 31.7202 -7.5
      vertex -15.6034 31.9718 -14.5
      vertex -15.6034 31.9718 -7.5
    endloop
  endfacet
  facet normal 0.770576 0.637348 0
    outer loop
      vertex -15.6034 31.9718 -14.5
      vertex -15.3953 31.7202 -7.5
      vertex -15.3953 31.7202 -14.5
    endloop
  endfacet
  facet normal -0.951045 0.309051 0
    outer loop
      vertex -11.0826 32.5429 -14.5
      vertex -10.9817 32.8534 -7.5
      vertex -10.9817 32.8534 -14.5
    endloop
  endfacet
  facet normal -0.951045 0.309051 0
    outer loop
      vertex -10.9817 32.8534 -7.5
      vertex -11.0826 32.5429 -14.5
      vertex -11.0826 32.5429 -7.5
    endloop
  endfacet
  facet normal -0.248729 0.968573 0
    outer loop
      vertex -12.6966 31.0273 -14.5
      vertex -13.0128 30.9461 -7.5
      vertex -12.6966 31.0273 -7.5
    endloop
  endfacet
  facet normal -0.248729 0.968573 0
    outer loop
      vertex -13.0128 30.9461 -7.5
      vertex -12.6966 31.0273 -14.5
      vertex -13.0128 30.9461 -14.5
    endloop
  endfacet
  facet normal 0.904888 0.42565 0
    outer loop
      vertex -15.7784 32.2474 -7.5
      vertex -15.9174 32.5429 -14.5
      vertex -15.9174 32.5429 -7.5
    endloop
  endfacet
  facet normal 0.904888 0.42565 0
    outer loop
      vertex -15.9174 32.5429 -14.5
      vertex -15.7784 32.2474 -7.5
      vertex -15.7784 32.2474 -14.5
    endloop
  endfacet
  facet normal -0.481789 -0.876287 0
    outer loop
      vertex -12.393 35.8526 -14.5
      vertex -12.1069 35.6953 -7.5
      vertex -12.393 35.8526 -7.5
    endloop
  endfacet
  facet normal -0.481789 -0.876287 -0
    outer loop
      vertex -12.1069 35.6953 -7.5
      vertex -12.393 35.8526 -14.5
      vertex -12.1069 35.6953 -14.5
    endloop
  endfacet
  facet normal 0.951045 0.309051 0
    outer loop
      vertex -15.9174 32.5429 -7.5
      vertex -16.0183 32.8534 -14.5
      vertex -16.0183 32.8534 -7.5
    endloop
  endfacet
  facet normal 0.951045 0.309051 0
    outer loop
      vertex -16.0183 32.8534 -14.5
      vertex -15.9174 32.5429 -7.5
      vertex -15.9174 32.5429 -14.5
    endloop
  endfacet
  facet normal -0.770576 0.637348 0
    outer loop
      vertex -11.6047 31.7202 -14.5
      vertex -11.3966 31.9718 -7.5
      vertex -11.3966 31.9718 -14.5
    endloop
  endfacet
  facet normal -0.770576 0.637348 0
    outer loop
      vertex -11.3966 31.9718 -7.5
      vertex -11.6047 31.7202 -14.5
      vertex -11.6047 31.7202 -7.5
    endloop
  endfacet
  facet normal 0.998027 0.0627787 0
    outer loop
      vertex -16.0795 33.1741 -7.5
      vertex -16.1 33.5 -14.5
      vertex -16.1 33.5 -7.5
    endloop
  endfacet
  facet normal 0.998027 0.0627787 0
    outer loop
      vertex -16.1 33.5 -14.5
      vertex -16.0795 33.1741 -7.5
      vertex -16.0795 33.1741 -14.5
    endloop
  endfacet
  facet normal 0.248729 0.968573 -0
    outer loop
      vertex -13.9872 30.9461 -14.5
      vertex -14.3034 31.0273 -7.5
      vertex -13.9872 30.9461 -7.5
    endloop
  endfacet
  facet normal 0.248729 0.968573 0
    outer loop
      vertex -14.3034 31.0273 -7.5
      vertex -13.9872 30.9461 -14.5
      vertex -14.3034 31.0273 -14.5
    endloop
  endfacet
  facet normal -0.248729 -0.968573 0
    outer loop
      vertex -13.0128 36.0539 -14.5
      vertex -12.6966 35.9727 -7.5
      vertex -13.0128 36.0539 -7.5
    endloop
  endfacet
  facet normal -0.248729 -0.968573 -0
    outer loop
      vertex -12.6966 35.9727 -7.5
      vertex -13.0128 36.0539 -14.5
      vertex -12.6966 35.9727 -14.5
    endloop
  endfacet
  facet normal -0.684552 -0.728964 0
    outer loop
      vertex -11.8427 35.5033 -14.5
      vertex -11.6047 35.2798 -7.5
      vertex -11.8427 35.5033 -7.5
    endloop
  endfacet
  facet normal -0.684552 -0.728964 -0
    outer loop
      vertex -11.6047 35.2798 -7.5
      vertex -11.8427 35.5033 -14.5
      vertex -11.6047 35.2798 -14.5
    endloop
  endfacet
  facet normal -0.770576 -0.637348 0
    outer loop
      vertex -11.3966 35.0282 -14.5
      vertex -11.6047 35.2798 -7.5
      vertex -11.6047 35.2798 -14.5
    endloop
  endfacet
  facet normal -0.770576 -0.637348 0
    outer loop
      vertex -11.6047 35.2798 -7.5
      vertex -11.3966 35.0282 -14.5
      vertex -11.3966 35.0282 -7.5
    endloop
  endfacet
  facet normal -0.982274 0.18745 0
    outer loop
      vertex -10.9817 32.8534 -14.5
      vertex -10.9205 33.1741 -7.5
      vertex -10.9205 33.1741 -14.5
    endloop
  endfacet
  facet normal -0.982274 0.18745 0
    outer loop
      vertex -10.9205 33.1741 -7.5
      vertex -10.9817 32.8534 -14.5
      vertex -10.9817 32.8534 -7.5
    endloop
  endfacet
  facet normal -0.904888 0.42565 0
    outer loop
      vertex -11.2216 32.2474 -14.5
      vertex -11.0826 32.5429 -7.5
      vertex -11.0826 32.5429 -14.5
    endloop
  endfacet
  facet normal -0.904888 0.42565 0
    outer loop
      vertex -11.0826 32.5429 -7.5
      vertex -11.2216 32.2474 -14.5
      vertex -11.2216 32.2474 -7.5
    endloop
  endfacet
  facet normal -0.844191 0.536043 0
    outer loop
      vertex -11.3966 31.9718 -14.5
      vertex -11.2216 32.2474 -7.5
      vertex -11.2216 32.2474 -14.5
    endloop
  endfacet
  facet normal -0.844191 0.536043 0
    outer loop
      vertex -11.2216 32.2474 -7.5
      vertex -11.3966 31.9718 -14.5
      vertex -11.3966 31.9718 -7.5
    endloop
  endfacet
  facet normal -0.481789 0.876287 0
    outer loop
      vertex -12.1069 31.3047 -14.5
      vertex -12.393 31.1474 -7.5
      vertex -12.1069 31.3047 -7.5
    endloop
  endfacet
  facet normal -0.481789 0.876287 0
    outer loop
      vertex -12.393 31.1474 -7.5
      vertex -12.1069 31.3047 -14.5
      vertex -12.393 31.1474 -14.5
    endloop
  endfacet
  facet normal 0.844191 0.536043 0
    outer loop
      vertex -15.6034 31.9718 -7.5
      vertex -15.7784 32.2474 -14.5
      vertex -15.7784 32.2474 -7.5
    endloop
  endfacet
  facet normal 0.844191 0.536043 0
    outer loop
      vertex -15.7784 32.2474 -14.5
      vertex -15.6034 31.9718 -7.5
      vertex -15.6034 31.9718 -14.5
    endloop
  endfacet
  facet normal -0.36785 -0.929885 0
    outer loop
      vertex -12.6966 35.9727 -14.5
      vertex -12.393 35.8526 -7.5
      vertex -12.6966 35.9727 -7.5
    endloop
  endfacet
  facet normal -0.36785 -0.929885 -0
    outer loop
      vertex -12.393 35.8526 -7.5
      vertex -12.6966 35.9727 -14.5
      vertex -12.393 35.8526 -14.5
    endloop
  endfacet
  facet normal 0.12558 0.992083 -0
    outer loop
      vertex -13.6633 30.9051 -14.5
      vertex -13.9872 30.9461 -7.5
      vertex -13.6633 30.9051 -7.5
    endloop
  endfacet
  facet normal 0.12558 0.992083 0
    outer loop
      vertex -13.9872 30.9461 -7.5
      vertex -13.6633 30.9051 -14.5
      vertex -13.9872 30.9461 -14.5
    endloop
  endfacet
  facet normal -0.58788 0.808948 0
    outer loop
      vertex -11.8427 31.4967 -14.5
      vertex -12.1069 31.3047 -7.5
      vertex -11.8427 31.4967 -7.5
    endloop
  endfacet
  facet normal -0.58788 0.808948 0
    outer loop
      vertex -12.1069 31.3047 -7.5
      vertex -11.8427 31.4967 -14.5
      vertex -12.1069 31.3047 -14.5
    endloop
  endfacet
  facet normal 0 1 -0
    outer loop
      vertex -13.3367 30.9051 -14.5
      vertex -13.6633 30.9051 -7.5
      vertex -13.3367 30.9051 -7.5
    endloop
  endfacet
  facet normal 0 1 0
    outer loop
      vertex -13.6633 30.9051 -7.5
      vertex -13.3367 30.9051 -14.5
      vertex -13.6633 30.9051 -14.5
    endloop
  endfacet
  facet normal 0.684552 0.728964 -0
    outer loop
      vertex -15.1573 31.4967 -14.5
      vertex -15.3953 31.7202 -7.5
      vertex -15.1573 31.4967 -7.5
    endloop
  endfacet
  facet normal 0.684552 0.728964 0
    outer loop
      vertex -15.3953 31.7202 -7.5
      vertex -15.1573 31.4967 -14.5
      vertex -15.3953 31.7202 -14.5
    endloop
  endfacet
  facet normal -0.684552 0.728964 0
    outer loop
      vertex -11.6047 31.7202 -14.5
      vertex -11.8427 31.4967 -7.5
      vertex -11.6047 31.7202 -7.5
    endloop
  endfacet
  facet normal -0.684552 0.728964 0
    outer loop
      vertex -11.8427 31.4967 -7.5
      vertex -11.6047 31.7202 -14.5
      vertex -11.8427 31.4967 -14.5
    endloop
  endfacet
  facet normal 0.481789 0.876287 -0
    outer loop
      vertex -14.607 31.1474 -14.5
      vertex -14.8931 31.3047 -7.5
      vertex -14.607 31.1474 -7.5
    endloop
  endfacet
  facet normal 0.481789 0.876287 0
    outer loop
      vertex -14.8931 31.3047 -7.5
      vertex -14.607 31.1474 -14.5
      vertex -14.8931 31.3047 -14.5
    endloop
  endfacet
  facet normal 0.58788 0.808948 -0
    outer loop
      vertex -14.8931 31.3047 -14.5
      vertex -15.1573 31.4967 -7.5
      vertex -14.8931 31.3047 -7.5
    endloop
  endfacet
  facet normal 0.58788 0.808948 0
    outer loop
      vertex -15.1573 31.4967 -7.5
      vertex -14.8931 31.3047 -14.5
      vertex -15.1573 31.4967 -14.5
    endloop
  endfacet
  facet normal -0.982274 -0.18745 0
    outer loop
      vertex 16.0795 -33.1741 -14.5
      vertex 16.0183 -32.8534 -7.5
      vertex 16.0183 -32.8534 -14.5
    endloop
  endfacet
  facet normal -0.982274 -0.18745 0
    outer loop
      vertex 16.0183 -32.8534 -7.5
      vertex 16.0795 -33.1741 -14.5
      vertex 16.0795 -33.1741 -7.5
    endloop
  endfacet
  facet normal -0.998027 -0.0627787 0
    outer loop
      vertex 16.1 -33.5 -14.5
      vertex 16.0795 -33.1741 -7.5
      vertex 16.0795 -33.1741 -14.5
    endloop
  endfacet
  facet normal -0.998027 -0.0627787 0
    outer loop
      vertex 16.0795 -33.1741 -7.5
      vertex 16.1 -33.5 -14.5
      vertex 16.1 -33.5 -7.5
    endloop
  endfacet
  facet normal -0.951045 -0.309051 0
    outer loop
      vertex 16.0183 -32.8534 -14.5
      vertex 15.9174 -32.5429 -7.5
      vertex 15.9174 -32.5429 -14.5
    endloop
  endfacet
  facet normal -0.951045 -0.309051 0
    outer loop
      vertex 15.9174 -32.5429 -7.5
      vertex 16.0183 -32.8534 -14.5
      vertex 16.0183 -32.8534 -7.5
    endloop
  endfacet
  facet normal -0.844191 -0.536043 0
    outer loop
      vertex 15.7784 -32.2474 -14.5
      vertex 15.6034 -31.9718 -7.5
      vertex 15.6034 -31.9718 -14.5
    endloop
  endfacet
  facet normal -0.844191 -0.536043 0
    outer loop
      vertex 15.6034 -31.9718 -7.5
      vertex 15.7784 -32.2474 -14.5
      vertex 15.7784 -32.2474 -7.5
    endloop
  endfacet
  facet normal 0.982274 0.18745 0
    outer loop
      vertex 10.9817 -34.1466 -7.5
      vertex 10.9205 -33.8259 -14.5
      vertex 10.9205 -33.8259 -7.5
    endloop
  endfacet
  facet normal 0.982274 0.18745 0
    outer loop
      vertex 10.9205 -33.8259 -14.5
      vertex 10.9817 -34.1466 -7.5
      vertex 10.9817 -34.1466 -14.5
    endloop
  endfacet
  facet normal 0.998027 -0.0627787 0
    outer loop
      vertex 10.9 -33.5 -7.5
      vertex 10.9205 -33.1741 -14.5
      vertex 10.9205 -33.1741 -7.5
    endloop
  endfacet
  facet normal 0.998027 -0.0627787 0
    outer loop
      vertex 10.9205 -33.1741 -14.5
      vertex 10.9 -33.5 -7.5
      vertex 10.9 -33.5 -14.5
    endloop
  endfacet
  facet normal 0.248729 -0.968573 0
    outer loop
      vertex 12.6966 -31.0273 -14.5
      vertex 13.0128 -30.9461 -7.5
      vertex 12.6966 -31.0273 -7.5
    endloop
  endfacet
  facet normal 0.248729 -0.968573 0
    outer loop
      vertex 13.0128 -30.9461 -7.5
      vertex 12.6966 -31.0273 -14.5
      vertex 13.0128 -30.9461 -14.5
    endloop
  endfacet
  facet normal 0.12558 -0.992083 0
    outer loop
      vertex 13.0128 -30.9461 -14.5
      vertex 13.3367 -30.9051 -7.5
      vertex 13.0128 -30.9461 -7.5
    endloop
  endfacet
  facet normal 0.12558 -0.992083 0
    outer loop
      vertex 13.3367 -30.9051 -7.5
      vertex 13.0128 -30.9461 -14.5
      vertex 13.3367 -30.9051 -14.5
    endloop
  endfacet
  facet normal 0.481789 -0.876287 0
    outer loop
      vertex 12.1069 -31.3047 -14.5
      vertex 12.393 -31.1474 -7.5
      vertex 12.1069 -31.3047 -7.5
    endloop
  endfacet
  facet normal 0.481789 -0.876287 0
    outer loop
      vertex 12.393 -31.1474 -7.5
      vertex 12.1069 -31.3047 -14.5
      vertex 12.393 -31.1474 -14.5
    endloop
  endfacet
  facet normal -0.904888 -0.42565 0
    outer loop
      vertex 15.9174 -32.5429 -14.5
      vertex 15.7784 -32.2474 -7.5
      vertex 15.7784 -32.2474 -14.5
    endloop
  endfacet
  facet normal -0.904888 -0.42565 0
    outer loop
      vertex 15.7784 -32.2474 -7.5
      vertex 15.9174 -32.5429 -14.5
      vertex 15.9174 -32.5429 -7.5
    endloop
  endfacet
  facet normal 0.58788 -0.808948 0
    outer loop
      vertex 11.8427 -31.4967 -14.5
      vertex 12.1069 -31.3047 -7.5
      vertex 11.8427 -31.4967 -7.5
    endloop
  endfacet
  facet normal 0.58788 -0.808948 0
    outer loop
      vertex 12.1069 -31.3047 -7.5
      vertex 11.8427 -31.4967 -14.5
      vertex 12.1069 -31.3047 -14.5
    endloop
  endfacet
  facet normal 0.36785 0.929885 -0
    outer loop
      vertex 12.6966 -35.9727 -14.5
      vertex 12.393 -35.8526 -7.5
      vertex 12.6966 -35.9727 -7.5
    endloop
  endfacet
  facet normal 0.36785 0.929885 0
    outer loop
      vertex 12.393 -35.8526 -7.5
      vertex 12.6966 -35.9727 -14.5
      vertex 12.393 -35.8526 -14.5
    endloop
  endfacet
  facet normal -0.12558 -0.992083 0
    outer loop
      vertex 13.6633 -30.9051 -14.5
      vertex 13.9872 -30.9461 -7.5
      vertex 13.6633 -30.9051 -7.5
    endloop
  endfacet
  facet normal -0.12558 -0.992083 -0
    outer loop
      vertex 13.9872 -30.9461 -7.5
      vertex 13.6633 -30.9051 -14.5
      vertex 13.9872 -30.9461 -14.5
    endloop
  endfacet
  facet normal -0.58788 -0.808948 0
    outer loop
      vertex 14.8931 -31.3047 -14.5
      vertex 15.1573 -31.4967 -7.5
      vertex 14.8931 -31.3047 -7.5
    endloop
  endfacet
  facet normal -0.58788 -0.808948 -0
    outer loop
      vertex 15.1573 -31.4967 -7.5
      vertex 14.8931 -31.3047 -14.5
      vertex 15.1573 -31.4967 -14.5
    endloop
  endfacet
  facet normal 0.770576 0.637348 0
    outer loop
      vertex 11.6047 -35.2798 -7.5
      vertex 11.3966 -35.0282 -14.5
      vertex 11.3966 -35.0282 -7.5
    endloop
  endfacet
  facet normal 0.770576 0.637348 0
    outer loop
      vertex 11.3966 -35.0282 -14.5
      vertex 11.6047 -35.2798 -7.5
      vertex 11.6047 -35.2798 -14.5
    endloop
  endfacet
  facet normal 0.904888 0.42565 0
    outer loop
      vertex 11.2216 -34.7526 -7.5
      vertex 11.0826 -34.4571 -14.5
      vertex 11.0826 -34.4571 -7.5
    endloop
  endfacet
  facet normal 0.904888 0.42565 0
    outer loop
      vertex 11.0826 -34.4571 -14.5
      vertex 11.2216 -34.7526 -7.5
      vertex 11.2216 -34.7526 -14.5
    endloop
  endfacet
  facet normal -0.481789 -0.876287 0
    outer loop
      vertex 14.607 -31.1474 -14.5
      vertex 14.8931 -31.3047 -7.5
      vertex 14.607 -31.1474 -7.5
    endloop
  endfacet
  facet normal -0.481789 -0.876287 -0
    outer loop
      vertex 14.8931 -31.3047 -7.5
      vertex 14.607 -31.1474 -14.5
      vertex 14.8931 -31.3047 -14.5
    endloop
  endfacet
  facet normal 0.951045 0.309051 0
    outer loop
      vertex 11.0826 -34.4571 -7.5
      vertex 10.9817 -34.1466 -14.5
      vertex 10.9817 -34.1466 -7.5
    endloop
  endfacet
  facet normal 0.951045 0.309051 0
    outer loop
      vertex 10.9817 -34.1466 -14.5
      vertex 11.0826 -34.4571 -7.5
      vertex 11.0826 -34.4571 -14.5
    endloop
  endfacet
  facet normal 0.998027 0.0627787 0
    outer loop
      vertex 10.9205 -33.8259 -7.5
      vertex 10.9 -33.5 -14.5
      vertex 10.9 -33.5 -7.5
    endloop
  endfacet
  facet normal 0.998027 0.0627787 0
    outer loop
      vertex 10.9 -33.5 -14.5
      vertex 10.9205 -33.8259 -7.5
      vertex 10.9205 -33.8259 -14.5
    endloop
  endfacet
  facet normal 0.248729 0.968573 -0
    outer loop
      vertex 13.0128 -36.0539 -14.5
      vertex 12.6966 -35.9727 -7.5
      vertex 13.0128 -36.0539 -7.5
    endloop
  endfacet
  facet normal 0.248729 0.968573 0
    outer loop
      vertex 12.6966 -35.9727 -7.5
      vertex 13.0128 -36.0539 -14.5
      vertex 12.6966 -35.9727 -14.5
    endloop
  endfacet
  facet normal -0.248729 -0.968573 0
    outer loop
      vertex 13.9872 -30.9461 -14.5
      vertex 14.3034 -31.0273 -7.5
      vertex 13.9872 -30.9461 -7.5
    endloop
  endfacet
  facet normal -0.248729 -0.968573 -0
    outer loop
      vertex 14.3034 -31.0273 -7.5
      vertex 13.9872 -30.9461 -14.5
      vertex 14.3034 -31.0273 -14.5
    endloop
  endfacet
  facet normal -0.684552 -0.728964 0
    outer loop
      vertex 15.1573 -31.4967 -14.5
      vertex 15.3953 -31.7202 -7.5
      vertex 15.1573 -31.4967 -7.5
    endloop
  endfacet
  facet normal -0.684552 -0.728964 -0
    outer loop
      vertex 15.3953 -31.7202 -7.5
      vertex 15.1573 -31.4967 -14.5
      vertex 15.3953 -31.7202 -14.5
    endloop
  endfacet
  facet normal -0.770576 -0.637348 0
    outer loop
      vertex 15.6034 -31.9718 -14.5
      vertex 15.3953 -31.7202 -7.5
      vertex 15.3953 -31.7202 -14.5
    endloop
  endfacet
  facet normal -0.770576 -0.637348 0
    outer loop
      vertex 15.3953 -31.7202 -7.5
      vertex 15.6034 -31.9718 -14.5
      vertex 15.6034 -31.9718 -7.5
    endloop
  endfacet
  facet normal 0.36785 -0.929885 0
    outer loop
      vertex 12.393 -31.1474 -14.5
      vertex 12.6966 -31.0273 -7.5
      vertex 12.393 -31.1474 -7.5
    endloop
  endfacet
  facet normal 0.36785 -0.929885 0
    outer loop
      vertex 12.6966 -31.0273 -7.5
      vertex 12.393 -31.1474 -14.5
      vertex 12.6966 -31.0273 -14.5
    endloop
  endfacet
  facet normal 0.844191 0.536043 0
    outer loop
      vertex 11.3966 -35.0282 -7.5
      vertex 11.2216 -34.7526 -14.5
      vertex 11.2216 -34.7526 -7.5
    endloop
  endfacet
  facet normal 0.844191 0.536043 0
    outer loop
      vertex 11.2216 -34.7526 -14.5
      vertex 11.3966 -35.0282 -7.5
      vertex 11.3966 -35.0282 -14.5
    endloop
  endfacet
  facet normal 0 -1 0
    outer loop
      vertex 13.3367 -30.9051 -14.5
      vertex 13.6633 -30.9051 -7.5
      vertex 13.3367 -30.9051 -7.5
    endloop
  endfacet
  facet normal 0 -1 -0
    outer loop
      vertex 13.6633 -30.9051 -7.5
      vertex 13.3367 -30.9051 -14.5
      vertex 13.6633 -30.9051 -14.5
    endloop
  endfacet
  facet normal -0.36785 -0.929885 0
    outer loop
      vertex 14.3034 -31.0273 -14.5
      vertex 14.607 -31.1474 -7.5
      vertex 14.3034 -31.0273 -7.5
    endloop
  endfacet
  facet normal -0.36785 -0.929885 -0
    outer loop
      vertex 14.607 -31.1474 -7.5
      vertex 14.3034 -31.0273 -14.5
      vertex 14.607 -31.1474 -14.5
    endloop
  endfacet
  facet normal 0.12558 0.992083 -0
    outer loop
      vertex 13.3367 -36.0949 -14.5
      vertex 13.0128 -36.0539 -7.5
      vertex 13.3367 -36.0949 -7.5
    endloop
  endfacet
  facet normal 0.12558 0.992083 0
    outer loop
      vertex 13.0128 -36.0539 -7.5
      vertex 13.3367 -36.0949 -14.5
      vertex 13.0128 -36.0539 -14.5
    endloop
  endfacet
  facet normal 0.684552 -0.728964 0
    outer loop
      vertex 11.6047 -31.7202 -14.5
      vertex 11.8427 -31.4967 -7.5
      vertex 11.6047 -31.7202 -7.5
    endloop
  endfacet
  facet normal 0.684552 -0.728964 0
    outer loop
      vertex 11.8427 -31.4967 -7.5
      vertex 11.6047 -31.7202 -14.5
      vertex 11.8427 -31.4967 -14.5
    endloop
  endfacet
  facet normal 0.982274 -0.18745 0
    outer loop
      vertex 10.9205 -33.1741 -7.5
      vertex 10.9817 -32.8534 -14.5
      vertex 10.9817 -32.8534 -7.5
    endloop
  endfacet
  facet normal 0.982274 -0.18745 0
    outer loop
      vertex 10.9817 -32.8534 -14.5
      vertex 10.9205 -33.1741 -7.5
      vertex 10.9205 -33.1741 -14.5
    endloop
  endfacet
  facet normal 0.684552 0.728964 -0
    outer loop
      vertex 11.8427 -35.5033 -14.5
      vertex 11.6047 -35.2798 -7.5
      vertex 11.8427 -35.5033 -7.5
    endloop
  endfacet
  facet normal 0.684552 0.728964 0
    outer loop
      vertex 11.6047 -35.2798 -7.5
      vertex 11.8427 -35.5033 -14.5
      vertex 11.6047 -35.2798 -14.5
    endloop
  endfacet
  facet normal 0.770576 -0.637348 0
    outer loop
      vertex 11.3966 -31.9718 -7.5
      vertex 11.6047 -31.7202 -14.5
      vertex 11.6047 -31.7202 -7.5
    endloop
  endfacet
  facet normal 0.770576 -0.637348 0
    outer loop
      vertex 11.6047 -31.7202 -14.5
      vertex 11.3966 -31.9718 -7.5
      vertex 11.3966 -31.9718 -14.5
    endloop
  endfacet
  facet normal 0.951045 -0.309051 0
    outer loop
      vertex 10.9817 -32.8534 -7.5
      vertex 11.0826 -32.5429 -14.5
      vertex 11.0826 -32.5429 -7.5
    endloop
  endfacet
  facet normal 0.951045 -0.309051 0
    outer loop
      vertex 11.0826 -32.5429 -14.5
      vertex 10.9817 -32.8534 -7.5
      vertex 10.9817 -32.8534 -14.5
    endloop
  endfacet
  facet normal 0.481789 0.876287 -0
    outer loop
      vertex 12.393 -35.8526 -14.5
      vertex 12.1069 -35.6953 -7.5
      vertex 12.393 -35.8526 -7.5
    endloop
  endfacet
  facet normal 0.481789 0.876287 0
    outer loop
      vertex 12.1069 -35.6953 -7.5
      vertex 12.393 -35.8526 -14.5
      vertex 12.1069 -35.6953 -14.5
    endloop
  endfacet
  facet normal 0.58788 0.808948 -0
    outer loop
      vertex 12.1069 -35.6953 -14.5
      vertex 11.8427 -35.5033 -7.5
      vertex 12.1069 -35.6953 -7.5
    endloop
  endfacet
  facet normal 0.58788 0.808948 0
    outer loop
      vertex 11.8427 -35.5033 -7.5
      vertex 12.1069 -35.6953 -14.5
      vertex 11.8427 -35.5033 -14.5
    endloop
  endfacet
  facet normal 0.844191 -0.536043 0
    outer loop
      vertex 11.2216 -32.2474 -7.5
      vertex 11.3966 -31.9718 -14.5
      vertex 11.3966 -31.9718 -7.5
    endloop
  endfacet
  facet normal 0.844191 -0.536043 0
    outer loop
      vertex 11.3966 -31.9718 -14.5
      vertex 11.2216 -32.2474 -7.5
      vertex 11.2216 -32.2474 -14.5
    endloop
  endfacet
  facet normal 0.904888 -0.42565 0
    outer loop
      vertex 11.0826 -32.5429 -7.5
      vertex 11.2216 -32.2474 -14.5
      vertex 11.2216 -32.2474 -7.5
    endloop
  endfacet
  facet normal 0.904888 -0.42565 0
    outer loop
      vertex 11.2216 -32.2474 -14.5
      vertex 11.0826 -32.5429 -7.5
      vertex 11.0826 -32.5429 -14.5
    endloop
  endfacet
  facet normal -0.982274 -0.18745 0
    outer loop
      vertex -10.9205 -33.1741 -14.5
      vertex -10.9817 -32.8534 -7.5
      vertex -10.9817 -32.8534 -14.5
    endloop
  endfacet
  facet normal -0.982274 -0.18745 0
    outer loop
      vertex -10.9817 -32.8534 -7.5
      vertex -10.9205 -33.1741 -14.5
      vertex -10.9205 -33.1741 -7.5
    endloop
  endfacet
  facet normal -0.998027 -0.0627787 0
    outer loop
      vertex -10.9 -33.5 -14.5
      vertex -10.9205 -33.1741 -7.5
      vertex -10.9205 -33.1741 -14.5
    endloop
  endfacet
  facet normal -0.998027 -0.0627787 0
    outer loop
      vertex -10.9205 -33.1741 -7.5
      vertex -10.9 -33.5 -14.5
      vertex -10.9 -33.5 -7.5
    endloop
  endfacet
  facet normal -0.951045 -0.309051 0
    outer loop
      vertex -10.9817 -32.8534 -14.5
      vertex -11.0826 -32.5429 -7.5
      vertex -11.0826 -32.5429 -14.5
    endloop
  endfacet
  facet normal -0.951045 -0.309051 0
    outer loop
      vertex -11.0826 -32.5429 -7.5
      vertex -10.9817 -32.8534 -14.5
      vertex -10.9817 -32.8534 -7.5
    endloop
  endfacet
  facet normal -0.998027 0.0627787 0
    outer loop
      vertex -10.9205 -33.8259 -14.5
      vertex -10.9 -33.5 -7.5
      vertex -10.9 -33.5 -14.5
    endloop
  endfacet
  facet normal -0.998027 0.0627787 0
    outer loop
      vertex -10.9 -33.5 -7.5
      vertex -10.9205 -33.8259 -14.5
      vertex -10.9205 -33.8259 -7.5
    endloop
  endfacet
  facet normal -0.844191 -0.536043 0
    outer loop
      vertex -11.2216 -32.2474 -14.5
      vertex -11.3966 -31.9718 -7.5
      vertex -11.3966 -31.9718 -14.5
    endloop
  endfacet
  facet normal -0.844191 -0.536043 0
    outer loop
      vertex -11.3966 -31.9718 -7.5
      vertex -11.2216 -32.2474 -14.5
      vertex -11.2216 -32.2474 -7.5
    endloop
  endfacet
  facet normal 0.998027 -0.0627787 0
    outer loop
      vertex -16.1 -33.5 -7.5
      vertex -16.0795 -33.1741 -14.5
      vertex -16.0795 -33.1741 -7.5
    endloop
  endfacet
  facet normal 0.998027 -0.0627787 0
    outer loop
      vertex -16.0795 -33.1741 -14.5
      vertex -16.1 -33.5 -7.5
      vertex -16.1 -33.5 -14.5
    endloop
  endfacet
  facet normal 0.248729 -0.968573 0
    outer loop
      vertex -14.3034 -31.0273 -14.5
      vertex -13.9872 -30.9461 -7.5
      vertex -14.3034 -31.0273 -7.5
    endloop
  endfacet
  facet normal 0.248729 -0.968573 0
    outer loop
      vertex -13.9872 -30.9461 -7.5
      vertex -14.3034 -31.0273 -14.5
      vertex -13.9872 -30.9461 -14.5
    endloop
  endfacet
  facet normal 0.12558 -0.992083 0
    outer loop
      vertex -13.9872 -30.9461 -14.5
      vertex -13.6633 -30.9051 -7.5
      vertex -13.9872 -30.9461 -7.5
    endloop
  endfacet
  facet normal 0.12558 -0.992083 0
    outer loop
      vertex -13.6633 -30.9051 -7.5
      vertex -13.9872 -30.9461 -14.5
      vertex -13.6633 -30.9051 -14.5
    endloop
  endfacet
  facet normal 0.481789 -0.876287 0
    outer loop
      vertex -14.8931 -31.3047 -14.5
      vertex -14.607 -31.1474 -7.5
      vertex -14.8931 -31.3047 -7.5
    endloop
  endfacet
  facet normal 0.481789 -0.876287 0
    outer loop
      vertex -14.607 -31.1474 -7.5
      vertex -14.8931 -31.3047 -14.5
      vertex -14.607 -31.1474 -14.5
    endloop
  endfacet
  facet normal -0.904888 -0.42565 0
    outer loop
      vertex -11.0826 -32.5429 -14.5
      vertex -11.2216 -32.2474 -7.5
      vertex -11.2216 -32.2474 -14.5
    endloop
  endfacet
  facet normal -0.904888 -0.42565 0
    outer loop
      vertex -11.2216 -32.2474 -7.5
      vertex -11.0826 -32.5429 -14.5
      vertex -11.0826 -32.5429 -7.5
    endloop
  endfacet
  facet normal 0.58788 -0.808948 0
    outer loop
      vertex -15.1573 -31.4967 -14.5
      vertex -14.8931 -31.3047 -7.5
      vertex -15.1573 -31.4967 -7.5
    endloop
  endfacet
  facet normal 0.58788 -0.808948 0
    outer loop
      vertex -14.8931 -31.3047 -7.5
      vertex -15.1573 -31.4967 -14.5
      vertex -14.8931 -31.3047 -14.5
    endloop
  endfacet
  facet normal -0.36785 0.929885 0
    outer loop
      vertex -12.393 -35.8526 -14.5
      vertex -12.6966 -35.9727 -7.5
      vertex -12.393 -35.8526 -7.5
    endloop
  endfacet
  facet normal -0.36785 0.929885 0
    outer loop
      vertex -12.6966 -35.9727 -7.5
      vertex -12.393 -35.8526 -14.5
      vertex -12.6966 -35.9727 -14.5
    endloop
  endfacet
  facet normal -0.12558 -0.992083 0
    outer loop
      vertex -13.3367 -30.9051 -14.5
      vertex -13.0128 -30.9461 -7.5
      vertex -13.3367 -30.9051 -7.5
    endloop
  endfacet
  facet normal -0.12558 -0.992083 -0
    outer loop
      vertex -13.0128 -30.9461 -7.5
      vertex -13.3367 -30.9051 -14.5
      vertex -13.0128 -30.9461 -14.5
    endloop
  endfacet
  facet normal -0.58788 -0.808948 0
    outer loop
      vertex -12.1069 -31.3047 -14.5
      vertex -11.8427 -31.4967 -7.5
      vertex -12.1069 -31.3047 -7.5
    endloop
  endfacet
  facet normal -0.58788 -0.808948 -0
    outer loop
      vertex -11.8427 -31.4967 -7.5
      vertex -12.1069 -31.3047 -14.5
      vertex -11.8427 -31.4967 -14.5
    endloop
  endfacet
  facet normal -0.12558 0.992083 0
    outer loop
      vertex -13.0128 -36.0539 -14.5
      vertex -13.3367 -36.0949 -7.5
      vertex -13.0128 -36.0539 -7.5
    endloop
  endfacet
  facet normal -0.12558 0.992083 0
    outer loop
      vertex -13.3367 -36.0949 -7.5
      vertex -13.0128 -36.0539 -14.5
      vertex -13.3367 -36.0949 -14.5
    endloop
  endfacet
  facet normal -0.951045 0.309051 0
    outer loop
      vertex -11.0826 -34.4571 -14.5
      vertex -10.9817 -34.1466 -7.5
      vertex -10.9817 -34.1466 -14.5
    endloop
  endfacet
  facet normal -0.951045 0.309051 0
    outer loop
      vertex -10.9817 -34.1466 -7.5
      vertex -11.0826 -34.4571 -14.5
      vertex -11.0826 -34.4571 -7.5
    endloop
  endfacet
  facet normal -0.248729 0.968573 0
    outer loop
      vertex -12.6966 -35.9727 -14.5
      vertex -13.0128 -36.0539 -7.5
      vertex -12.6966 -35.9727 -7.5
    endloop
  endfacet
  facet normal -0.248729 0.968573 0
    outer loop
      vertex -13.0128 -36.0539 -7.5
      vertex -12.6966 -35.9727 -14.5
      vertex -13.0128 -36.0539 -14.5
    endloop
  endfacet
  facet normal -0.481789 -0.876287 0
    outer loop
      vertex -12.393 -31.1474 -14.5
      vertex -12.1069 -31.3047 -7.5
      vertex -12.393 -31.1474 -7.5
    endloop
  endfacet
  facet normal -0.481789 -0.876287 -0
    outer loop
      vertex -12.1069 -31.3047 -7.5
      vertex -12.393 -31.1474 -14.5
      vertex -12.1069 -31.3047 -14.5
    endloop
  endfacet
  facet normal -0.770576 0.637348 0
    outer loop
      vertex -11.6047 -35.2798 -14.5
      vertex -11.3966 -35.0282 -7.5
      vertex -11.3966 -35.0282 -14.5
    endloop
  endfacet
  facet normal -0.770576 0.637348 0
    outer loop
      vertex -11.3966 -35.0282 -7.5
      vertex -11.6047 -35.2798 -14.5
      vertex -11.6047 -35.2798 -7.5
    endloop
  endfacet
  facet normal -0.248729 -0.968573 0
    outer loop
      vertex -13.0128 -30.9461 -14.5
      vertex -12.6966 -31.0273 -7.5
      vertex -13.0128 -30.9461 -7.5
    endloop
  endfacet
  facet normal -0.248729 -0.968573 -0
    outer loop
      vertex -12.6966 -31.0273 -7.5
      vertex -13.0128 -30.9461 -14.5
      vertex -12.6966 -31.0273 -14.5
    endloop
  endfacet
  facet normal -0.684552 -0.728964 0
    outer loop
      vertex -11.8427 -31.4967 -14.5
      vertex -11.6047 -31.7202 -7.5
      vertex -11.8427 -31.4967 -7.5
    endloop
  endfacet
  facet normal -0.684552 -0.728964 -0
    outer loop
      vertex -11.6047 -31.7202 -7.5
      vertex -11.8427 -31.4967 -14.5
      vertex -11.6047 -31.7202 -14.5
    endloop
  endfacet
  facet normal -0.770576 -0.637348 0
    outer loop
      vertex -11.3966 -31.9718 -14.5
      vertex -11.6047 -31.7202 -7.5
      vertex -11.6047 -31.7202 -14.5
    endloop
  endfacet
  facet normal -0.770576 -0.637348 0
    outer loop
      vertex -11.6047 -31.7202 -7.5
      vertex -11.3966 -31.9718 -14.5
      vertex -11.3966 -31.9718 -7.5
    endloop
  endfacet
  facet normal -0.982274 0.18745 0
    outer loop
      vertex -10.9817 -34.1466 -14.5
      vertex -10.9205 -33.8259 -7.5
      vertex -10.9205 -33.8259 -14.5
    endloop
  endfacet
  facet normal -0.982274 0.18745 0
    outer loop
      vertex -10.9205 -33.8259 -7.5
      vertex -10.9817 -34.1466 -14.5
      vertex -10.9817 -34.1466 -7.5
    endloop
  endfacet
  facet normal 0.36785 -0.929885 0
    outer loop
      vertex -14.607 -31.1474 -14.5
      vertex -14.3034 -31.0273 -7.5
      vertex -14.607 -31.1474 -7.5
    endloop
  endfacet
  facet normal 0.36785 -0.929885 0
    outer loop
      vertex -14.3034 -31.0273 -7.5
      vertex -14.607 -31.1474 -14.5
      vertex -14.3034 -31.0273 -14.5
    endloop
  endfacet
  facet normal -0.904888 0.42565 0
    outer loop
      vertex -11.2216 -34.7526 -14.5
      vertex -11.0826 -34.4571 -7.5
      vertex -11.0826 -34.4571 -14.5
    endloop
  endfacet
  facet normal -0.904888 0.42565 0
    outer loop
      vertex -11.0826 -34.4571 -7.5
      vertex -11.2216 -34.7526 -14.5
      vertex -11.2216 -34.7526 -7.5
    endloop
  endfacet
  facet normal -0.844191 0.536043 0
    outer loop
      vertex -11.3966 -35.0282 -14.5
      vertex -11.2216 -34.7526 -7.5
      vertex -11.2216 -34.7526 -14.5
    endloop
  endfacet
  facet normal -0.844191 0.536043 0
    outer loop
      vertex -11.2216 -34.7526 -7.5
      vertex -11.3966 -35.0282 -14.5
      vertex -11.3966 -35.0282 -7.5
    endloop
  endfacet
  facet normal -0.481789 0.876287 0
    outer loop
      vertex -12.1069 -35.6953 -14.5
      vertex -12.393 -35.8526 -7.5
      vertex -12.1069 -35.6953 -7.5
    endloop
  endfacet
  facet normal -0.481789 0.876287 0
    outer loop
      vertex -12.393 -35.8526 -7.5
      vertex -12.1069 -35.6953 -14.5
      vertex -12.393 -35.8526 -14.5
    endloop
  endfacet
  facet normal 0 -1 0
    outer loop
      vertex -13.6633 -30.9051 -14.5
      vertex -13.3367 -30.9051 -7.5
      vertex -13.6633 -30.9051 -7.5
    endloop
  endfacet
  facet normal 0 -1 -0
    outer loop
      vertex -13.3367 -30.9051 -7.5
      vertex -13.6633 -30.9051 -14.5
      vertex -13.3367 -30.9051 -14.5
    endloop
  endfacet
  facet normal -0.36785 -0.929885 0
    outer loop
      vertex -12.6966 -31.0273 -14.5
      vertex -12.393 -31.1474 -7.5
      vertex -12.6966 -31.0273 -7.5
    endloop
  endfacet
  facet normal -0.36785 -0.929885 -0
    outer loop
      vertex -12.393 -31.1474 -7.5
      vertex -12.6966 -31.0273 -14.5
      vertex -12.393 -31.1474 -14.5
    endloop
  endfacet
  facet normal 0.684552 -0.728964 0
    outer loop
      vertex -15.3953 -31.7202 -14.5
      vertex -15.1573 -31.4967 -7.5
      vertex -15.3953 -31.7202 -7.5
    endloop
  endfacet
  facet normal 0.684552 -0.728964 0
    outer loop
      vertex -15.1573 -31.4967 -7.5
      vertex -15.3953 -31.7202 -14.5
      vertex -15.1573 -31.4967 -14.5
    endloop
  endfacet
  facet normal 0.982274 -0.18745 0
    outer loop
      vertex -16.0795 -33.1741 -7.5
      vertex -16.0183 -32.8534 -14.5
      vertex -16.0183 -32.8534 -7.5
    endloop
  endfacet
  facet normal 0.982274 -0.18745 0
    outer loop
      vertex -16.0183 -32.8534 -14.5
      vertex -16.0795 -33.1741 -7.5
      vertex -16.0795 -33.1741 -14.5
    endloop
  endfacet
  facet normal -0.58788 0.808948 0
    outer loop
      vertex -11.8427 -35.5033 -14.5
      vertex -12.1069 -35.6953 -7.5
      vertex -11.8427 -35.5033 -7.5
    endloop
  endfacet
  facet normal -0.58788 0.808948 0
    outer loop
      vertex -12.1069 -35.6953 -7.5
      vertex -11.8427 -35.5033 -14.5
      vertex -12.1069 -35.6953 -14.5
    endloop
  endfacet
  facet normal -0.684552 0.728964 0
    outer loop
      vertex -11.6047 -35.2798 -14.5
      vertex -11.8427 -35.5033 -7.5
      vertex -11.6047 -35.2798 -7.5
    endloop
  endfacet
  facet normal -0.684552 0.728964 0
    outer loop
      vertex -11.8427 -35.5033 -7.5
      vertex -11.6047 -35.2798 -14.5
      vertex -11.8427 -35.5033 -14.5
    endloop
  endfacet
  facet normal 0.770576 -0.637348 0
    outer loop
      vertex -15.6034 -31.9718 -7.5
      vertex -15.3953 -31.7202 -14.5
      vertex -15.3953 -31.7202 -7.5
    endloop
  endfacet
  facet normal 0.770576 -0.637348 0
    outer loop
      vertex -15.3953 -31.7202 -14.5
      vertex -15.6034 -31.9718 -7.5
      vertex -15.6034 -31.9718 -14.5
    endloop
  endfacet
  facet normal 0.951045 -0.309051 0
    outer loop
      vertex -16.0183 -32.8534 -7.5
      vertex -15.9174 -32.5429 -14.5
      vertex -15.9174 -32.5429 -7.5
    endloop
  endfacet
  facet normal 0.951045 -0.309051 0
    outer loop
      vertex -15.9174 -32.5429 -14.5
      vertex -16.0183 -32.8534 -7.5
      vertex -16.0183 -32.8534 -14.5
    endloop
  endfacet
  facet normal 0.844191 -0.536043 0
    outer loop
      vertex -15.7784 -32.2474 -7.5
      vertex -15.6034 -31.9718 -14.5
      vertex -15.6034 -31.9718 -7.5
    endloop
  endfacet
  facet normal 0.844191 -0.536043 0
    outer loop
      vertex -15.6034 -31.9718 -14.5
      vertex -15.7784 -32.2474 -7.5
      vertex -15.7784 -32.2474 -14.5
    endloop
  endfacet
  facet normal 0.904888 -0.42565 0
    outer loop
      vertex -15.9174 -32.5429 -7.5
      vertex -15.7784 -32.2474 -14.5
      vertex -15.7784 -32.2474 -7.5
    endloop
  endfacet
  facet normal 0.904888 -0.42565 0
    outer loop
      vertex -15.7784 -32.2474 -14.5
      vertex -15.9174 -32.5429 -7.5
      vertex -15.9174 -32.5429 -14.5
    endloop
  endfacet
endsolid OpenSCAD_Model
