solid OpenSCAD_Model
  facet normal 0.998048 0.0624545 0
    outer loop
      vertex 58.0983 -13.6183 12
      vertex 58.0932 -13.5368 1
      vertex 58.0932 -13.5368 12
    endloop
  endfacet
  facet normal 0.998048 0.0624545 0
    outer loop
      vertex 58.0932 -13.5368 1
      vertex 58.0983 -13.6183 12
      vertex 58.0983 -13.6183 1
    endloop
  endfacet
  facet normal -0.481167 0.876629 0
    outer loop
      vertex 55.2466 -11.9719 1
      vertex 55.175 -12.0112 12
      vertex 55.2466 -11.9719 12
    endloop
  endfacet
  facet normal -0.481167 0.876629 0
    outer loop
      vertex 55.175 -12.0112 12
      vertex 55.2466 -11.9719 1
      vertex 55.175 -12.0112 1
    endloop
  endfacet
  facet normal 0.0416305 0.999133 -0
    outer loop
      vertex 56.2724 -11.7538 1
      vertex 56.1908 -11.7504 12
      vertex 56.2724 -11.7538 12
    endloop
  endfacet
  facet normal 0.0416305 0.999133 0
    outer loop
      vertex 56.1908 -11.7504 12
      vertex 56.2724 -11.7538 1
      vertex 56.1908 -11.7504 1
    endloop
  endfacet
  facet normal 0.999784 0.0208033 0
    outer loop
      vertex 58.1 -13.7 12
      vertex 58.0983 -13.6183 1
      vertex 58.0983 -13.6183 12
    endloop
  endfacet
  facet normal 0.999784 0.0208033 0
    outer loop
      vertex 58.0983 -13.6183 1
      vertex 58.1 -13.7 12
      vertex 58.1 -13.7 1
    endloop
  endfacet
  facet normal -0.329423 0.944182 0
    outer loop
      vertex 55.5474 -11.8454 1
      vertex 55.4703 -11.8723 12
      vertex 55.5474 -11.8454 12
    endloop
  endfacet
  facet normal -0.329423 0.944182 0
    outer loop
      vertex 55.4703 -11.8723 12
      vertex 55.5474 -11.8454 1
      vertex 55.4703 -11.8723 1
    endloop
  endfacet
  facet normal 0.886454 0.462817 0
    outer loop
      vertex 57.8966 -12.833 12
      vertex 57.8588 -12.7606 1
      vertex 57.8588 -12.7606 12
    endloop
  endfacet
  facet normal 0.886454 0.462817 0
    outer loop
      vertex 57.8588 -12.7606 1
      vertex 57.8966 -12.833 12
      vertex 57.8966 -12.833 1
    endloop
  endfacet
  facet normal -0.904708 -0.426033 0
    outer loop
      vertex 54.4034 -14.567 1
      vertex 54.3686 -14.4931 12
      vertex 54.3686 -14.4931 1
    endloop
  endfacet
  facet normal -0.904708 -0.426033 0
    outer loop
      vertex 54.3686 -14.4931 12
      vertex 54.4034 -14.567 1
      vertex 54.4034 -14.567 12
    endloop
  endfacet
  facet normal 0.124788 -0.992183 0
    outer loop
      vertex 56.3538 -15.6393 1
      vertex 56.4349 -15.6291 12
      vertex 56.3538 -15.6393 12
    endloop
  endfacet
  facet normal 0.124788 -0.992183 0
    outer loop
      vertex 56.4349 -15.6291 12
      vertex 56.3538 -15.6393 1
      vertex 56.4349 -15.6291 1
    endloop
  endfacet
  facet normal 0.620954 -0.783847 0
    outer loop
      vertex 57.329 -15.2532 1
      vertex 57.393 -15.2025 12
      vertex 57.329 -15.2532 12
    endloop
  endfacet
  facet normal 0.620954 -0.783847 0
    outer loop
      vertex 57.393 -15.2025 12
      vertex 57.329 -15.2532 1
      vertex 57.393 -15.2025 1
    endloop
  endfacet
  facet normal 0.937482 -0.348033 0
    outer loop
      vertex 57.9631 -14.4178 12
      vertex 57.9915 -14.3413 1
      vertex 57.9915 -14.3413 12
    endloop
  endfacet
  facet normal 0.937482 -0.348033 0
    outer loop
      vertex 57.9915 -14.3413 1
      vertex 57.9631 -14.4178 12
      vertex 57.9631 -14.4178 1
    endloop
  endfacet
  facet normal -0.989328 0.145705 0
    outer loop
      vertex 54.2154 -13.4556 1
      vertex 54.2273 -13.3748 12
      vertex 54.2273 -13.3748 1
    endloop
  endfacet
  facet normal -0.989328 0.145705 0
    outer loop
      vertex 54.2273 -13.3748 12
      vertex 54.2154 -13.4556 1
      vertex 54.2154 -13.4556 12
    endloop
  endfacet
  facet normal -0.796162 0.605083 0
    outer loop
      vertex 54.5724 -12.5538 1
      vertex 54.6218 -12.4888 12
      vertex 54.6218 -12.4888 1
    endloop
  endfacet
  facet normal -0.796162 0.605083 0
    outer loop
      vertex 54.6218 -12.4888 12
      vertex 54.5724 -12.5538 1
      vertex 54.5724 -12.5538 12
    endloop
  endfacet
  facet normal -0.444761 -0.895649 0
    outer loop
      vertex 55.2466 -15.4281 1
      vertex 55.3197 -15.4644 12
      vertex 55.2466 -15.4281 12
    endloop
  endfacet
  facet normal -0.444761 -0.895649 -0
    outer loop
      vertex 55.3197 -15.4644 12
      vertex 55.2466 -15.4281 1
      vertex 55.3197 -15.4644 1
    endloop
  endfacet
  facet normal -0.989328 -0.145705 0
    outer loop
      vertex 54.2273 -14.0252 1
      vertex 54.2154 -13.9444 12
      vertex 54.2154 -13.9444 1
    endloop
  endfacet
  facet normal -0.989328 -0.145705 0
    outer loop
      vertex 54.2154 -13.9444 12
      vertex 54.2273 -14.0252 1
      vertex 54.2273 -14.0252 12
    endloop
  endfacet
  facet normal 0.994438 0.105322 0
    outer loop
      vertex 58.0932 -13.5368 12
      vertex 58.0846 -13.4556 1
      vertex 58.0846 -13.4556 12
    endloop
  endfacet
  facet normal 0.994438 0.105322 0
    outer loop
      vertex 58.0846 -13.4556 1
      vertex 58.0932 -13.5368 12
      vertex 58.0932 -13.5368 1
    endloop
  endfacet
  facet normal 0.208108 -0.978106 0
    outer loop
      vertex 56.5154 -15.6155 1
      vertex 56.5953 -15.5985 12
      vertex 56.5154 -15.6155 12
    endloop
  endfacet
  facet normal 0.208108 -0.978106 0
    outer loop
      vertex 56.5953 -15.5985 12
      vertex 56.5154 -15.6155 1
      vertex 56.5953 -15.5985 1
    endloop
  endfacet
  facet normal -0.994438 -0.105322 0
    outer loop
      vertex 54.2154 -13.9444 1
      vertex 54.2068 -13.8632 12
      vertex 54.2068 -13.8632 1
    endloop
  endfacet
  facet normal -0.994438 -0.105322 0
    outer loop
      vertex 54.2068 -13.8632 12
      vertex 54.2154 -13.9444 1
      vertex 54.2154 -13.9444 12
    endloop
  endfacet
  facet normal 0.368225 0.929737 -0
    outer loop
      vertex 56.9057 -11.9024 1
      vertex 56.8297 -11.8723 12
      vertex 56.9057 -11.9024 12
    endloop
  endfacet
  facet normal 0.368225 0.929737 0
    outer loop
      vertex 56.8297 -11.8723 12
      vertex 56.9057 -11.9024 1
      vertex 56.8297 -11.8723 1
    endloop
  endfacet
  facet normal -0.950863 -0.309612 0
    outer loop
      vertex 54.3085 -14.3413 1
      vertex 54.2832 -14.2636 12
      vertex 54.2832 -14.2636 1
    endloop
  endfacet
  facet normal -0.950863 -0.309612 0
    outer loop
      vertex 54.2832 -14.2636 12
      vertex 54.3085 -14.3413 1
      vertex 54.3085 -14.3413 12
    endloop
  endfacet
  facet normal -0.886454 -0.462817 0
    outer loop
      vertex 54.4412 -14.6394 1
      vertex 54.4034 -14.567 12
      vertex 54.4034 -14.567 1
    endloop
  endfacet
  facet normal -0.886454 -0.462817 0
    outer loop
      vertex 54.4034 -14.567 12
      vertex 54.4412 -14.6394 1
      vertex 54.4412 -14.6394 12
    endloop
  endfacet
  facet normal 0.998048 -0.0624545 0
    outer loop
      vertex 58.0932 -13.8632 12
      vertex 58.0983 -13.7817 1
      vertex 58.0983 -13.7817 12
    endloop
  endfacet
  facet normal 0.998048 -0.0624545 0
    outer loop
      vertex 58.0983 -13.7817 1
      vertex 58.0932 -13.8632 12
      vertex 58.0932 -13.8632 1
    endloop
  endfacet
  facet normal 0.796162 -0.605083 0
    outer loop
      vertex 57.6782 -14.9112 12
      vertex 57.7276 -14.8462 1
      vertex 57.7276 -14.8462 12
    endloop
  endfacet
  facet normal 0.796162 -0.605083 0
    outer loop
      vertex 57.7276 -14.8462 1
      vertex 57.6782 -14.9112 12
      vertex 57.6782 -14.9112 1
    endloop
  endfacet
  facet normal 0.713809 -0.700341 0
    outer loop
      vertex 57.5143 -15.0932 12
      vertex 57.5715 -15.0349 1
      vertex 57.5715 -15.0349 12
    endloop
  endfacet
  facet normal 0.713809 -0.700341 0
    outer loop
      vertex 57.5715 -15.0349 1
      vertex 57.5143 -15.0932 12
      vertex 57.5143 -15.0932 1
    endloop
  endfacet
  facet normal 0.368225 -0.929737 0
    outer loop
      vertex 56.8297 -15.5277 1
      vertex 56.9057 -15.4976 12
      vertex 56.8297 -15.5277 12
    endloop
  endfacet
  facet normal 0.368225 -0.929737 0
    outer loop
      vertex 56.9057 -15.4976 12
      vertex 56.8297 -15.5277 1
      vertex 56.9057 -15.4976 1
    endloop
  endfacet
  facet normal 0.999784 -0.0208033 0
    outer loop
      vertex 58.0983 -13.7817 12
      vertex 58.1 -13.7 1
      vertex 58.1 -13.7 12
    endloop
  endfacet
  facet normal 0.999784 -0.0208033 0
    outer loop
      vertex 58.1 -13.7 1
      vertex 58.0983 -13.7817 12
      vertex 58.0983 -13.7817 1
    endloop
  endfacet
  facet normal -0.937482 0.348033 0
    outer loop
      vertex 54.3085 -13.0587 1
      vertex 54.3369 -12.9822 12
      vertex 54.3369 -12.9822 1
    endloop
  endfacet
  facet normal -0.937482 0.348033 0
    outer loop
      vertex 54.3369 -12.9822 12
      vertex 54.3085 -13.0587 1
      vertex 54.3085 -13.0587 12
    endloop
  endfacet
  facet normal -0.653811 -0.756658 0
    outer loop
      vertex 54.8452 -15.1491 1
      vertex 54.907 -15.2025 12
      vertex 54.8452 -15.1491 12
    endloop
  endfacet
  facet normal -0.653811 -0.756658 -0
    outer loop
      vertex 54.907 -15.2025 12
      vertex 54.8452 -15.1491 1
      vertex 54.907 -15.2025 1
    endloop
  endfacet
  facet normal 0.843914 0.536479 0
    outer loop
      vertex 57.818 -12.6898 12
      vertex 57.7742 -12.6209 1
      vertex 57.7742 -12.6209 12
    endloop
  endfacet
  facet normal 0.843914 0.536479 0
    outer loop
      vertex 57.7742 -12.6209 1
      vertex 57.818 -12.6898 12
      vertex 57.818 -12.6898 1
    endloop
  endfacet
  facet normal -0.0844637 -0.996427 0
    outer loop
      vertex 55.9462 -15.6393 1
      vertex 56.0276 -15.6462 12
      vertex 55.9462 -15.6393 12
    endloop
  endfacet
  facet normal -0.0844637 -0.996427 -0
    outer loop
      vertex 56.0276 -15.6462 12
      vertex 55.9462 -15.6393 1
      vertex 56.0276 -15.6462 1
    endloop
  endfacet
  facet normal 0.684715 -0.728811 0
    outer loop
      vertex 57.4548 -15.1491 1
      vertex 57.5143 -15.0932 12
      vertex 57.4548 -15.1491 12
    endloop
  endfacet
  facet normal 0.684715 -0.728811 0
    outer loop
      vertex 57.5143 -15.0932 12
      vertex 57.4548 -15.1491 1
      vertex 57.5143 -15.0932 1
    endloop
  endfacet
  facet normal 0.444761 -0.895649 0
    outer loop
      vertex 56.9803 -15.4644 1
      vertex 57.0534 -15.4281 12
      vertex 56.9803 -15.4644 12
    endloop
  endfacet
  facet normal 0.444761 -0.895649 0
    outer loop
      vertex 57.0534 -15.4281 12
      vertex 56.9803 -15.4644 1
      vertex 57.0534 -15.4281 1
    endloop
  endfacet
  facet normal -0.982285 -0.187394 0
    outer loop
      vertex 54.2426 -14.1054 1
      vertex 54.2273 -14.0252 12
      vertex 54.2273 -14.0252 1
    endloop
  endfacet
  facet normal -0.982285 -0.187394 0
    outer loop
      vertex 54.2273 -14.0252 12
      vertex 54.2426 -14.1054 1
      vertex 54.2426 -14.1054 12
    endloop
  endfacet
  facet normal 0.482107 -0.876113 0
    outer loop
      vertex 57.0534 -15.4281 1
      vertex 57.125 -15.3887 12
      vertex 57.0534 -15.4281 12
    endloop
  endfacet
  facet normal 0.482107 -0.876113 0
    outer loop
      vertex 57.125 -15.3887 12
      vertex 57.0534 -15.4281 1
      vertex 57.125 -15.3887 1
    endloop
  endfacet
  facet normal 0.989328 -0.145705 0
    outer loop
      vertex 58.0727 -14.0252 12
      vertex 58.0846 -13.9444 1
      vertex 58.0846 -13.9444 12
    endloop
  endfacet
  facet normal 0.989328 -0.145705 0
    outer loop
      vertex 58.0846 -13.9444 1
      vertex 58.0727 -14.0252 12
      vertex 58.0727 -14.0252 1
    endloop
  endfacet
  facet normal -0.368225 0.929737 0
    outer loop
      vertex 55.4703 -11.8723 1
      vertex 55.3943 -11.9024 12
      vertex 55.4703 -11.8723 12
    endloop
  endfacet
  facet normal -0.368225 0.929737 0
    outer loop
      vertex 55.3943 -11.9024 12
      vertex 55.4703 -11.8723 1
      vertex 55.3943 -11.9024 1
    endloop
  endfacet
  facet normal 0.921658 0.388002 0
    outer loop
      vertex 57.9631 -12.9822 12
      vertex 57.9314 -12.9069 1
      vertex 57.9314 -12.9069 12
    endloop
  endfacet
  facet normal 0.921658 0.388002 0
    outer loop
      vertex 57.9314 -12.9069 1
      vertex 57.9631 -12.9822 12
      vertex 57.9631 -12.9822 1
    endloop
  endfacet
  facet normal 0.208108 0.978106 -0
    outer loop
      vertex 56.5953 -11.8015 1
      vertex 56.5154 -11.7845 12
      vertex 56.5953 -11.8015 12
    endloop
  endfacet
  facet normal 0.208108 0.978106 0
    outer loop
      vertex 56.5154 -11.7845 12
      vertex 56.5953 -11.8015 1
      vertex 56.5154 -11.7845 1
    endloop
  endfacet
  facet normal 0.166584 -0.986027 0
    outer loop
      vertex 56.4349 -15.6291 1
      vertex 56.5154 -15.6155 12
      vertex 56.4349 -15.6291 12
    endloop
  endfacet
  facet normal 0.166584 -0.986027 0
    outer loop
      vertex 56.5154 -15.6155 12
      vertex 56.4349 -15.6291 1
      vertex 56.5154 -15.6155 1
    endloop
  endfacet
  facet normal 0.553569 -0.832803 0
    outer loop
      vertex 57.1949 -15.3464 1
      vertex 57.2629 -15.3012 12
      vertex 57.1949 -15.3464 12
    endloop
  endfacet
  facet normal 0.553569 -0.832803 0
    outer loop
      vertex 57.2629 -15.3012 12
      vertex 57.1949 -15.3464 1
      vertex 57.2629 -15.3012 1
    endloop
  endfacet
  facet normal 0 -1 0
    outer loop
      vertex 56.1092 -15.6496 1
      vertex 56.1908 -15.6496 12
      vertex 56.1092 -15.6496 12
    endloop
  endfacet
  facet normal 0 -1 -0
    outer loop
      vertex 56.1908 -15.6496 12
      vertex 56.1092 -15.6496 1
      vertex 56.1908 -15.6496 1
    endloop
  endfacet
  facet normal 0.743477 -0.668762 0
    outer loop
      vertex 57.5715 -15.0349 12
      vertex 57.6261 -14.9742 1
      vertex 57.6261 -14.9742 12
    endloop
  endfacet
  facet normal 0.743477 -0.668762 0
    outer loop
      vertex 57.6261 -14.9742 1
      vertex 57.5715 -15.0349 12
      vertex 57.5715 -15.0349 1
    endloop
  endfacet
  facet normal -0.843914 -0.536479 0
    outer loop
      vertex 54.5258 -14.7791 1
      vertex 54.482 -14.7102 12
      vertex 54.482 -14.7102 1
    endloop
  endfacet
  facet normal -0.843914 -0.536479 0
    outer loop
      vertex 54.482 -14.7102 12
      vertex 54.5258 -14.7791 1
      vertex 54.5258 -14.7791 12
    endloop
  endfacet
  facet normal -0.821354 0.570419 0
    outer loop
      vertex 54.5258 -12.6209 1
      vertex 54.5724 -12.5538 12
      vertex 54.5724 -12.5538 1
    endloop
  endfacet
  facet normal -0.821354 0.570419 0
    outer loop
      vertex 54.5724 -12.5538 12
      vertex 54.5258 -12.6209 1
      vertex 54.5258 -12.6209 12
    endloop
  endfacet
  facet normal -0.208108 -0.978106 0
    outer loop
      vertex 55.7047 -15.5985 1
      vertex 55.7846 -15.6155 12
      vertex 55.7047 -15.5985 12
    endloop
  endfacet
  facet normal -0.208108 -0.978106 -0
    outer loop
      vertex 55.7846 -15.6155 12
      vertex 55.7047 -15.5985 1
      vertex 55.7846 -15.6155 1
    endloop
  endfacet
  facet normal 0.921658 -0.388002 0
    outer loop
      vertex 57.9314 -14.4931 12
      vertex 57.9631 -14.4178 1
      vertex 57.9631 -14.4178 12
    endloop
  endfacet
  facet normal 0.921658 -0.388002 0
    outer loop
      vertex 57.9631 -14.4178 1
      vertex 57.9314 -14.4931 12
      vertex 57.9314 -14.4931 1
    endloop
  endfacet
  facet normal -0.620954 0.783847 0
    outer loop
      vertex 54.971 -12.1468 1
      vertex 54.907 -12.1975 12
      vertex 54.971 -12.1468 12
    endloop
  endfacet
  facet normal -0.620954 0.783847 0
    outer loop
      vertex 54.907 -12.1975 12
      vertex 54.971 -12.1468 1
      vertex 54.907 -12.1975 1
    endloop
  endfacet
  facet normal -0.553569 0.832803 0
    outer loop
      vertex 55.1051 -12.0536 1
      vertex 55.0371 -12.0988 12
      vertex 55.1051 -12.0536 12
    endloop
  endfacet
  facet normal -0.553569 0.832803 0
    outer loop
      vertex 55.0371 -12.0988 12
      vertex 55.1051 -12.0536 1
      vertex 55.0371 -12.0988 1
    endloop
  endfacet
  facet normal -0.684715 -0.728811 0
    outer loop
      vertex 54.7857 -15.0932 1
      vertex 54.8452 -15.1491 12
      vertex 54.7857 -15.0932 12
    endloop
  endfacet
  facet normal -0.684715 -0.728811 -0
    outer loop
      vertex 54.8452 -15.1491 12
      vertex 54.7857 -15.0932 1
      vertex 54.8452 -15.1491 1
    endloop
  endfacet
  facet normal -0.796162 -0.605083 0
    outer loop
      vertex 54.6218 -14.9112 1
      vertex 54.5724 -14.8462 12
      vertex 54.5724 -14.8462 1
    endloop
  endfacet
  facet normal -0.796162 -0.605083 0
    outer loop
      vertex 54.5724 -14.8462 12
      vertex 54.6218 -14.9112 1
      vertex 54.6218 -14.9112 12
    endloop
  endfacet
  facet normal -0.770622 -0.637292 0
    outer loop
      vertex 54.6739 -14.9742 1
      vertex 54.6218 -14.9112 12
      vertex 54.6218 -14.9112 1
    endloop
  endfacet
  facet normal -0.770622 -0.637292 0
    outer loop
      vertex 54.6218 -14.9112 12
      vertex 54.6739 -14.9742 1
      vertex 54.6739 -14.9742 12
    endloop
  endfacet
  facet normal 0.553569 0.832803 -0
    outer loop
      vertex 57.2629 -12.0988 1
      vertex 57.1949 -12.0536 12
      vertex 57.2629 -12.0988 12
    endloop
  endfacet
  facet normal 0.553569 0.832803 0
    outer loop
      vertex 57.1949 -12.0536 12
      vertex 57.2629 -12.0988 1
      vertex 57.1949 -12.0536 1
    endloop
  endfacet
  facet normal -0.587589 -0.809159 0
    outer loop
      vertex 54.971 -15.2532 1
      vertex 55.0371 -15.3012 12
      vertex 54.971 -15.2532 12
    endloop
  endfacet
  facet normal -0.587589 -0.809159 -0
    outer loop
      vertex 55.0371 -15.3012 12
      vertex 54.971 -15.2532 1
      vertex 55.0371 -15.3012 1
    endloop
  endfacet
  facet normal 0.982285 -0.187394 0
    outer loop
      vertex 58.0574 -14.1054 12
      vertex 58.0727 -14.0252 1
      vertex 58.0727 -14.0252 12
    endloop
  endfacet
  facet normal 0.982285 -0.187394 0
    outer loop
      vertex 58.0727 -14.0252 1
      vertex 58.0574 -14.1054 12
      vertex 58.0574 -14.1054 1
    endloop
  endfacet
  facet normal -0.166584 -0.986027 0
    outer loop
      vertex 55.7846 -15.6155 1
      vertex 55.8651 -15.6291 12
      vertex 55.7846 -15.6155 12
    endloop
  endfacet
  facet normal -0.166584 -0.986027 -0
    outer loop
      vertex 55.8651 -15.6291 12
      vertex 55.7846 -15.6155 1
      vertex 55.8651 -15.6291 1
    endloop
  endfacet
  facet normal -0.86643 0.499299 0
    outer loop
      vertex 54.4412 -12.7606 1
      vertex 54.482 -12.6898 12
      vertex 54.482 -12.6898 1
    endloop
  endfacet
  facet normal -0.86643 0.499299 0
    outer loop
      vertex 54.482 -12.6898 12
      vertex 54.4412 -12.7606 1
      vertex 54.4412 -12.7606 12
    endloop
  endfacet
  facet normal -0.886454 0.462817 0
    outer loop
      vertex 54.4034 -12.833 1
      vertex 54.4412 -12.7606 12
      vertex 54.4412 -12.7606 1
    endloop
  endfacet
  facet normal -0.886454 0.462817 0
    outer loop
      vertex 54.4412 -12.7606 12
      vertex 54.4034 -12.833 1
      vertex 54.4034 -12.833 12
    endloop
  endfacet
  facet normal -0.406593 0.913609 0
    outer loop
      vertex 55.3943 -11.9024 1
      vertex 55.3197 -11.9356 12
      vertex 55.3943 -11.9024 12
    endloop
  endfacet
  facet normal -0.406593 0.913609 0
    outer loop
      vertex 55.3197 -11.9356 12
      vertex 55.3943 -11.9024 1
      vertex 55.3197 -11.9356 1
    endloop
  endfacet
  facet normal 0.0416305 -0.999133 0
    outer loop
      vertex 56.1908 -15.6496 1
      vertex 56.2724 -15.6462 12
      vertex 56.1908 -15.6496 12
    endloop
  endfacet
  facet normal 0.0416305 -0.999133 0
    outer loop
      vertex 56.2724 -15.6462 12
      vertex 56.1908 -15.6496 1
      vertex 56.2724 -15.6462 1
    endloop
  endfacet
  facet normal 0.0844637 -0.996427 0
    outer loop
      vertex 56.2724 -15.6462 1
      vertex 56.3538 -15.6393 12
      vertex 56.2724 -15.6462 12
    endloop
  endfacet
  facet normal 0.0844637 -0.996427 0
    outer loop
      vertex 56.3538 -15.6393 12
      vertex 56.2724 -15.6462 1
      vertex 56.3538 -15.6393 1
    endloop
  endfacet
  facet normal 0.770622 -0.637292 0
    outer loop
      vertex 57.6261 -14.9742 12
      vertex 57.6782 -14.9112 1
      vertex 57.6782 -14.9112 12
    endloop
  endfacet
  facet normal 0.770622 -0.637292 0
    outer loop
      vertex 57.6782 -14.9112 1
      vertex 57.6261 -14.9742 12
      vertex 57.6261 -14.9742 1
    endloop
  endfacet
  facet normal -0.999784 -0.0208033 0
    outer loop
      vertex 54.2017 -13.7817 1
      vertex 54.2 -13.7 12
      vertex 54.2 -13.7 1
    endloop
  endfacet
  facet normal -0.999784 -0.0208033 0
    outer loop
      vertex 54.2 -13.7 12
      vertex 54.2017 -13.7817 1
      vertex 54.2017 -13.7817 12
    endloop
  endfacet
  facet normal -0.921658 0.388002 0
    outer loop
      vertex 54.3369 -12.9822 1
      vertex 54.3686 -12.9069 12
      vertex 54.3686 -12.9069 1
    endloop
  endfacet
  facet normal -0.921658 0.388002 0
    outer loop
      vertex 54.3686 -12.9069 12
      vertex 54.3369 -12.9822 1
      vertex 54.3369 -12.9822 12
    endloop
  endfacet
  facet normal -0.937482 -0.348033 0
    outer loop
      vertex 54.3369 -14.4178 1
      vertex 54.3085 -14.3413 12
      vertex 54.3085 -14.3413 1
    endloop
  endfacet
  facet normal -0.937482 -0.348033 0
    outer loop
      vertex 54.3085 -14.3413 12
      vertex 54.3369 -14.4178 1
      vertex 54.3369 -14.4178 12
    endloop
  endfacet
  facet normal 0.481167 0.876629 -0
    outer loop
      vertex 57.125 -12.0112 1
      vertex 57.0534 -11.9719 12
      vertex 57.125 -12.0112 12
    endloop
  endfacet
  facet normal 0.481167 0.876629 0
    outer loop
      vertex 57.0534 -11.9719 12
      vertex 57.125 -12.0112 1
      vertex 57.0534 -11.9719 1
    endloop
  endfacet
  facet normal -0.208108 0.978106 0
    outer loop
      vertex 55.7846 -11.7845 1
      vertex 55.7047 -11.8015 12
      vertex 55.7846 -11.7845 12
    endloop
  endfacet
  facet normal -0.208108 0.978106 0
    outer loop
      vertex 55.7047 -11.8015 12
      vertex 55.7846 -11.7845 1
      vertex 55.7047 -11.8015 1
    endloop
  endfacet
  facet normal 0.517732 -0.855543 0
    outer loop
      vertex 57.125 -15.3887 1
      vertex 57.1949 -15.3464 12
      vertex 57.125 -15.3887 12
    endloop
  endfacet
  facet normal 0.517732 -0.855543 0
    outer loop
      vertex 57.1949 -15.3464 12
      vertex 57.125 -15.3887 1
      vertex 57.1949 -15.3464 1
    endloop
  endfacet
  facet normal 0.963395 0.268086 0
    outer loop
      vertex 58.0387 -13.2151 12
      vertex 58.0168 -13.1364 1
      vertex 58.0168 -13.1364 12
    endloop
  endfacet
  facet normal 0.963395 0.268086 0
    outer loop
      vertex 58.0168 -13.1364 1
      vertex 58.0387 -13.2151 12
      vertex 58.0387 -13.2151 1
    endloop
  endfacet
  facet normal 0.248582 0.968611 -0
    outer loop
      vertex 56.6744 -11.8218 1
      vertex 56.5953 -11.8015 12
      vertex 56.6744 -11.8218 12
    endloop
  endfacet
  facet normal 0.248582 0.968611 0
    outer loop
      vertex 56.5953 -11.8015 12
      vertex 56.6744 -11.8218 1
      vertex 56.5953 -11.8015 1
    endloop
  endfacet
  facet normal 0.86643 -0.499299 0
    outer loop
      vertex 57.818 -14.7102 12
      vertex 57.8588 -14.6394 1
      vertex 57.8588 -14.6394 12
    endloop
  endfacet
  facet normal 0.86643 -0.499299 0
    outer loop
      vertex 57.8588 -14.6394 1
      vertex 57.818 -14.7102 12
      vertex 57.818 -14.7102 1
    endloop
  endfacet
  facet normal -0.406593 -0.913609 0
    outer loop
      vertex 55.3197 -15.4644 1
      vertex 55.3943 -15.4976 12
      vertex 55.3197 -15.4644 12
    endloop
  endfacet
  facet normal -0.406593 -0.913609 -0
    outer loop
      vertex 55.3943 -15.4976 12
      vertex 55.3197 -15.4644 1
      vertex 55.3943 -15.4976 1
    endloop
  endfacet
  facet normal -0.368225 -0.929737 0
    outer loop
      vertex 55.3943 -15.4976 1
      vertex 55.4703 -15.5277 12
      vertex 55.3943 -15.4976 12
    endloop
  endfacet
  facet normal -0.368225 -0.929737 -0
    outer loop
      vertex 55.4703 -15.5277 12
      vertex 55.3943 -15.4976 1
      vertex 55.4703 -15.5277 1
    endloop
  endfacet
  facet normal 0.950863 -0.309612 0
    outer loop
      vertex 57.9915 -14.3413 12
      vertex 58.0168 -14.2636 1
      vertex 58.0168 -14.2636 12
    endloop
  endfacet
  facet normal 0.950863 -0.309612 0
    outer loop
      vertex 58.0168 -14.2636 1
      vertex 57.9915 -14.3413 12
      vertex 57.9915 -14.3413 1
    endloop
  endfacet
  facet normal -0.444761 0.895649 0
    outer loop
      vertex 55.3197 -11.9356 1
      vertex 55.2466 -11.9719 12
      vertex 55.3197 -11.9356 12
    endloop
  endfacet
  facet normal -0.444761 0.895649 0
    outer loop
      vertex 55.2466 -11.9719 12
      vertex 55.3197 -11.9356 1
      vertex 55.2466 -11.9719 1
    endloop
  endfacet
  facet normal -0.998048 0.0624545 0
    outer loop
      vertex 54.2017 -13.6183 1
      vertex 54.2068 -13.5368 12
      vertex 54.2068 -13.5368 1
    endloop
  endfacet
  facet normal -0.998048 0.0624545 0
    outer loop
      vertex 54.2068 -13.5368 12
      vertex 54.2017 -13.6183 1
      vertex 54.2017 -13.6183 12
    endloop
  endfacet
  facet normal -0.998048 -0.0624545 0
    outer loop
      vertex 54.2068 -13.8632 1
      vertex 54.2017 -13.7817 12
      vertex 54.2017 -13.7817 1
    endloop
  endfacet
  facet normal -0.998048 -0.0624545 0
    outer loop
      vertex 54.2017 -13.7817 12
      vertex 54.2068 -13.8632 1
      vertex 54.2068 -13.8632 12
    endloop
  endfacet
  facet normal 0.904708 -0.426033 0
    outer loop
      vertex 57.8966 -14.567 12
      vertex 57.9314 -14.4931 1
      vertex 57.9314 -14.4931 12
    endloop
  endfacet
  facet normal 0.904708 -0.426033 0
    outer loop
      vertex 57.9314 -14.4931 1
      vertex 57.8966 -14.567 12
      vertex 57.8966 -14.567 1
    endloop
  endfacet
  facet normal -0.982285 0.187394 0
    outer loop
      vertex 54.2273 -13.3748 1
      vertex 54.2426 -13.2946 12
      vertex 54.2426 -13.2946 1
    endloop
  endfacet
  facet normal -0.982285 0.187394 0
    outer loop
      vertex 54.2426 -13.2946 12
      vertex 54.2273 -13.3748 1
      vertex 54.2273 -13.3748 12
    endloop
  endfacet
  facet normal 0.684715 0.728811 -0
    outer loop
      vertex 57.5143 -12.3068 1
      vertex 57.4548 -12.2509 12
      vertex 57.5143 -12.3068 12
    endloop
  endfacet
  facet normal 0.684715 0.728811 0
    outer loop
      vertex 57.4548 -12.2509 12
      vertex 57.5143 -12.3068 1
      vertex 57.4548 -12.2509 1
    endloop
  endfacet
  facet normal -0.28892 0.957353 0
    outer loop
      vertex 55.6256 -11.8218 1
      vertex 55.5474 -11.8454 12
      vertex 55.6256 -11.8218 12
    endloop
  endfacet
  facet normal -0.28892 0.957353 0
    outer loop
      vertex 55.5474 -11.8454 12
      vertex 55.6256 -11.8218 1
      vertex 55.5474 -11.8454 1
    endloop
  endfacet
  facet normal -0.973433 -0.228971 0
    outer loop
      vertex 54.2613 -14.1849 1
      vertex 54.2426 -14.1054 12
      vertex 54.2426 -14.1054 1
    endloop
  endfacet
  facet normal -0.973433 -0.228971 0
    outer loop
      vertex 54.2426 -14.1054 12
      vertex 54.2613 -14.1849 1
      vertex 54.2613 -14.1849 12
    endloop
  endfacet
  facet normal 0.28892 0.957353 -0
    outer loop
      vertex 56.7526 -11.8454 1
      vertex 56.6744 -11.8218 12
      vertex 56.7526 -11.8454 12
    endloop
  endfacet
  facet normal 0.28892 0.957353 0
    outer loop
      vertex 56.6744 -11.8218 12
      vertex 56.7526 -11.8454 1
      vertex 56.6744 -11.8218 1
    endloop
  endfacet
  facet normal 0.653811 0.756658 -0
    outer loop
      vertex 57.4548 -12.2509 1
      vertex 57.393 -12.1975 12
      vertex 57.4548 -12.2509 12
    endloop
  endfacet
  facet normal 0.653811 0.756658 0
    outer loop
      vertex 57.393 -12.1975 12
      vertex 57.4548 -12.2509 1
      vertex 57.393 -12.1975 1
    endloop
  endfacet
  facet normal 0.653811 -0.756658 0
    outer loop
      vertex 57.393 -15.2025 1
      vertex 57.4548 -15.1491 12
      vertex 57.393 -15.2025 12
    endloop
  endfacet
  facet normal 0.653811 -0.756658 0
    outer loop
      vertex 57.4548 -15.1491 12
      vertex 57.393 -15.2025 1
      vertex 57.4548 -15.1491 1
    endloop
  endfacet
  facet normal 0.963395 -0.268086 0
    outer loop
      vertex 58.0168 -14.2636 12
      vertex 58.0387 -14.1849 1
      vertex 58.0387 -14.1849 12
    endloop
  endfacet
  facet normal 0.963395 -0.268086 0
    outer loop
      vertex 58.0387 -14.1849 1
      vertex 58.0168 -14.2636 12
      vertex 58.0168 -14.2636 1
    endloop
  endfacet
  facet normal -0.743477 -0.668762 0
    outer loop
      vertex 54.7285 -15.0349 1
      vertex 54.6739 -14.9742 12
      vertex 54.6739 -14.9742 1
    endloop
  endfacet
  facet normal -0.743477 -0.668762 0
    outer loop
      vertex 54.6739 -14.9742 12
      vertex 54.7285 -15.0349 1
      vertex 54.7285 -15.0349 12
    endloop
  endfacet
  facet normal 0.620954 0.783847 -0
    outer loop
      vertex 57.393 -12.1975 1
      vertex 57.329 -12.1468 12
      vertex 57.393 -12.1975 12
    endloop
  endfacet
  facet normal 0.620954 0.783847 0
    outer loop
      vertex 57.329 -12.1468 12
      vertex 57.393 -12.1975 1
      vertex 57.329 -12.1468 1
    endloop
  endfacet
  facet normal -0.713809 -0.700341 0
    outer loop
      vertex 54.7857 -15.0932 1
      vertex 54.7285 -15.0349 12
      vertex 54.7285 -15.0349 1
    endloop
  endfacet
  facet normal -0.713809 -0.700341 0
    outer loop
      vertex 54.7285 -15.0349 12
      vertex 54.7857 -15.0932 1
      vertex 54.7857 -15.0932 12
    endloop
  endfacet
  facet normal 0.904708 0.426033 0
    outer loop
      vertex 57.9314 -12.9069 12
      vertex 57.8966 -12.833 1
      vertex 57.8966 -12.833 12
    endloop
  endfacet
  facet normal 0.904708 0.426033 0
    outer loop
      vertex 57.8966 -12.833 1
      vertex 57.9314 -12.9069 12
      vertex 57.9314 -12.9069 1
    endloop
  endfacet
  facet normal -0.620954 -0.783847 0
    outer loop
      vertex 54.907 -15.2025 1
      vertex 54.971 -15.2532 12
      vertex 54.907 -15.2025 12
    endloop
  endfacet
  facet normal -0.620954 -0.783847 -0
    outer loop
      vertex 54.971 -15.2532 12
      vertex 54.907 -15.2025 1
      vertex 54.971 -15.2532 1
    endloop
  endfacet
  facet normal -0.713809 0.700341 0
    outer loop
      vertex 54.7285 -12.3651 1
      vertex 54.7857 -12.3068 12
      vertex 54.7857 -12.3068 1
    endloop
  endfacet
  facet normal -0.713809 0.700341 0
    outer loop
      vertex 54.7857 -12.3068 12
      vertex 54.7285 -12.3651 1
      vertex 54.7285 -12.3651 12
    endloop
  endfacet
  facet normal -0.770622 0.637292 0
    outer loop
      vertex 54.6218 -12.4888 1
      vertex 54.6739 -12.4258 12
      vertex 54.6739 -12.4258 1
    endloop
  endfacet
  facet normal -0.770622 0.637292 0
    outer loop
      vertex 54.6739 -12.4258 12
      vertex 54.6218 -12.4888 1
      vertex 54.6218 -12.4888 12
    endloop
  endfacet
  facet normal 0.0844637 0.996427 -0
    outer loop
      vertex 56.3538 -11.7607 1
      vertex 56.2724 -11.7538 12
      vertex 56.3538 -11.7607 12
    endloop
  endfacet
  facet normal 0.0844637 0.996427 0
    outer loop
      vertex 56.2724 -11.7538 12
      vertex 56.3538 -11.7607 1
      vertex 56.2724 -11.7538 1
    endloop
  endfacet
  facet normal 0.406593 -0.913609 0
    outer loop
      vertex 56.9057 -15.4976 1
      vertex 56.9803 -15.4644 12
      vertex 56.9057 -15.4976 12
    endloop
  endfacet
  facet normal 0.406593 -0.913609 0
    outer loop
      vertex 56.9803 -15.4644 12
      vertex 56.9057 -15.4976 1
      vertex 56.9803 -15.4644 1
    endloop
  endfacet
  facet normal 0.587589 0.809159 -0
    outer loop
      vertex 57.329 -12.1468 1
      vertex 57.2629 -12.0988 12
      vertex 57.329 -12.1468 12
    endloop
  endfacet
  facet normal 0.587589 0.809159 0
    outer loop
      vertex 57.2629 -12.0988 12
      vertex 57.329 -12.1468 1
      vertex 57.2629 -12.0988 1
    endloop
  endfacet
  facet normal 0.329423 -0.944182 0
    outer loop
      vertex 56.7526 -15.5546 1
      vertex 56.8297 -15.5277 12
      vertex 56.7526 -15.5546 12
    endloop
  endfacet
  facet normal 0.329423 -0.944182 0
    outer loop
      vertex 56.8297 -15.5277 12
      vertex 56.7526 -15.5546 1
      vertex 56.8297 -15.5277 1
    endloop
  endfacet
  facet normal -0.963395 0.268086 0
    outer loop
      vertex 54.2613 -13.2151 1
      vertex 54.2832 -13.1364 12
      vertex 54.2832 -13.1364 1
    endloop
  endfacet
  facet normal -0.963395 0.268086 0
    outer loop
      vertex 54.2832 -13.1364 12
      vertex 54.2613 -13.2151 1
      vertex 54.2613 -13.2151 12
    endloop
  endfacet
  facet normal 0.248582 -0.968611 0
    outer loop
      vertex 56.5953 -15.5985 1
      vertex 56.6744 -15.5782 12
      vertex 56.5953 -15.5985 12
    endloop
  endfacet
  facet normal 0.248582 -0.968611 0
    outer loop
      vertex 56.6744 -15.5782 12
      vertex 56.5953 -15.5985 1
      vertex 56.6744 -15.5782 1
    endloop
  endfacet
  facet normal 0.982285 0.187394 0
    outer loop
      vertex 58.0727 -13.3748 12
      vertex 58.0574 -13.2946 1
      vertex 58.0574 -13.2946 12
    endloop
  endfacet
  facet normal 0.982285 0.187394 0
    outer loop
      vertex 58.0574 -13.2946 1
      vertex 58.0727 -13.3748 12
      vertex 58.0727 -13.3748 1
    endloop
  endfacet
  facet normal 0.843914 -0.536479 0
    outer loop
      vertex 57.7742 -14.7791 12
      vertex 57.818 -14.7102 1
      vertex 57.818 -14.7102 12
    endloop
  endfacet
  facet normal 0.843914 -0.536479 0
    outer loop
      vertex 57.818 -14.7102 1
      vertex 57.7742 -14.7791 12
      vertex 57.7742 -14.7791 1
    endloop
  endfacet
  facet normal 0.821354 -0.570419 0
    outer loop
      vertex 57.7276 -14.8462 12
      vertex 57.7742 -14.7791 1
      vertex 57.7742 -14.7791 12
    endloop
  endfacet
  facet normal 0.821354 -0.570419 0
    outer loop
      vertex 57.7742 -14.7791 1
      vertex 57.7276 -14.8462 12
      vertex 57.7276 -14.8462 1
    endloop
  endfacet
  facet normal 0.518627 0.855001 -0
    outer loop
      vertex 57.1949 -12.0536 1
      vertex 57.125 -12.0112 12
      vertex 57.1949 -12.0536 12
    endloop
  endfacet
  facet normal 0.518627 0.855001 0
    outer loop
      vertex 57.125 -12.0112 12
      vertex 57.1949 -12.0536 1
      vertex 57.125 -12.0112 1
    endloop
  endfacet
  facet normal -0.994438 0.105322 0
    outer loop
      vertex 54.2068 -13.5368 1
      vertex 54.2154 -13.4556 12
      vertex 54.2154 -13.4556 1
    endloop
  endfacet
  facet normal -0.994438 0.105322 0
    outer loop
      vertex 54.2154 -13.4556 12
      vertex 54.2068 -13.5368 1
      vertex 54.2068 -13.5368 12
    endloop
  endfacet
  facet normal 0.994438 -0.105322 0
    outer loop
      vertex 58.0846 -13.9444 12
      vertex 58.0932 -13.8632 1
      vertex 58.0932 -13.8632 12
    endloop
  endfacet
  facet normal 0.994438 -0.105322 0
    outer loop
      vertex 58.0932 -13.8632 1
      vertex 58.0846 -13.9444 12
      vertex 58.0846 -13.9444 1
    endloop
  endfacet
  facet normal 0.973433 -0.228971 0
    outer loop
      vertex 58.0387 -14.1849 12
      vertex 58.0574 -14.1054 1
      vertex 58.0574 -14.1054 12
    endloop
  endfacet
  facet normal 0.973433 -0.228971 0
    outer loop
      vertex 58.0574 -14.1054 1
      vertex 58.0387 -14.1849 12
      vertex 58.0387 -14.1849 1
    endloop
  endfacet
  facet normal 0.886454 -0.462817 0
    outer loop
      vertex 57.8588 -14.6394 12
      vertex 57.8966 -14.567 1
      vertex 57.8966 -14.567 12
    endloop
  endfacet
  facet normal 0.886454 -0.462817 0
    outer loop
      vertex 57.8966 -14.567 1
      vertex 57.8588 -14.6394 12
      vertex 57.8588 -14.6394 1
    endloop
  endfacet
  facet normal -0.743477 0.668762 0
    outer loop
      vertex 54.6739 -12.4258 1
      vertex 54.7285 -12.3651 12
      vertex 54.7285 -12.3651 1
    endloop
  endfacet
  facet normal -0.743477 0.668762 0
    outer loop
      vertex 54.7285 -12.3651 12
      vertex 54.6739 -12.4258 1
      vertex 54.6739 -12.4258 12
    endloop
  endfacet
  facet normal 0.166584 0.986027 -0
    outer loop
      vertex 56.5154 -11.7845 1
      vertex 56.4349 -11.7709 12
      vertex 56.5154 -11.7845 12
    endloop
  endfacet
  facet normal 0.166584 0.986027 0
    outer loop
      vertex 56.4349 -11.7709 12
      vertex 56.5154 -11.7845 1
      vertex 56.4349 -11.7709 1
    endloop
  endfacet
  facet normal -0.999784 0.0208033 0
    outer loop
      vertex 54.2 -13.7 1
      vertex 54.2017 -13.6183 12
      vertex 54.2017 -13.6183 1
    endloop
  endfacet
  facet normal -0.999784 0.0208033 0
    outer loop
      vertex 54.2017 -13.6183 12
      vertex 54.2 -13.7 1
      vertex 54.2 -13.7 12
    endloop
  endfacet
  facet normal -0.329423 -0.944182 0
    outer loop
      vertex 55.4703 -15.5277 1
      vertex 55.5474 -15.5546 12
      vertex 55.4703 -15.5277 12
    endloop
  endfacet
  facet normal -0.329423 -0.944182 -0
    outer loop
      vertex 55.5474 -15.5546 12
      vertex 55.4703 -15.5277 1
      vertex 55.5474 -15.5546 1
    endloop
  endfacet
  facet normal 0.713809 0.700341 0
    outer loop
      vertex 57.5715 -12.3651 12
      vertex 57.5143 -12.3068 1
      vertex 57.5143 -12.3068 12
    endloop
  endfacet
  facet normal 0.713809 0.700341 0
    outer loop
      vertex 57.5143 -12.3068 1
      vertex 57.5715 -12.3651 12
      vertex 57.5715 -12.3651 1
    endloop
  endfacet
  facet normal -0.821354 -0.570419 0
    outer loop
      vertex 54.5724 -14.8462 1
      vertex 54.5258 -14.7791 12
      vertex 54.5258 -14.7791 1
    endloop
  endfacet
  facet normal -0.821354 -0.570419 0
    outer loop
      vertex 54.5258 -14.7791 12
      vertex 54.5724 -14.8462 1
      vertex 54.5724 -14.8462 12
    endloop
  endfacet
  facet normal 0.406593 0.913609 -0
    outer loop
      vertex 56.9803 -11.9356 1
      vertex 56.9057 -11.9024 12
      vertex 56.9803 -11.9356 12
    endloop
  endfacet
  facet normal 0.406593 0.913609 0
    outer loop
      vertex 56.9057 -11.9024 12
      vertex 56.9803 -11.9356 1
      vertex 56.9057 -11.9024 1
    endloop
  endfacet
  facet normal -0.482107 -0.876113 0
    outer loop
      vertex 55.175 -15.3887 1
      vertex 55.2466 -15.4281 12
      vertex 55.175 -15.3887 12
    endloop
  endfacet
  facet normal -0.482107 -0.876113 -0
    outer loop
      vertex 55.2466 -15.4281 12
      vertex 55.175 -15.3887 1
      vertex 55.2466 -15.4281 1
    endloop
  endfacet
  facet normal -0.124788 -0.992183 0
    outer loop
      vertex 55.8651 -15.6291 1
      vertex 55.9462 -15.6393 12
      vertex 55.8651 -15.6291 12
    endloop
  endfacet
  facet normal -0.124788 -0.992183 -0
    outer loop
      vertex 55.9462 -15.6393 12
      vertex 55.8651 -15.6291 1
      vertex 55.9462 -15.6393 1
    endloop
  endfacet
  facet normal -0.963395 -0.268086 0
    outer loop
      vertex 54.2832 -14.2636 1
      vertex 54.2613 -14.1849 12
      vertex 54.2613 -14.1849 1
    endloop
  endfacet
  facet normal -0.963395 -0.268086 0
    outer loop
      vertex 54.2613 -14.1849 12
      vertex 54.2832 -14.2636 1
      vertex 54.2832 -14.2636 12
    endloop
  endfacet
  facet normal -0.904708 0.426033 0
    outer loop
      vertex 54.3686 -12.9069 1
      vertex 54.4034 -12.833 12
      vertex 54.4034 -12.833 1
    endloop
  endfacet
  facet normal -0.904708 0.426033 0
    outer loop
      vertex 54.4034 -12.833 12
      vertex 54.3686 -12.9069 1
      vertex 54.3686 -12.9069 12
    endloop
  endfacet
  facet normal -0.553569 -0.832803 0
    outer loop
      vertex 55.0371 -15.3012 1
      vertex 55.1051 -15.3464 12
      vertex 55.0371 -15.3012 12
    endloop
  endfacet
  facet normal -0.553569 -0.832803 -0
    outer loop
      vertex 55.1051 -15.3464 12
      vertex 55.0371 -15.3012 1
      vertex 55.1051 -15.3464 1
    endloop
  endfacet
  facet normal -0.248582 -0.968611 0
    outer loop
      vertex 55.6256 -15.5782 1
      vertex 55.7047 -15.5985 12
      vertex 55.6256 -15.5782 12
    endloop
  endfacet
  facet normal -0.248582 -0.968611 -0
    outer loop
      vertex 55.7047 -15.5985 12
      vertex 55.6256 -15.5782 1
      vertex 55.7047 -15.5985 1
    endloop
  endfacet
  facet normal 0.950863 0.309612 0
    outer loop
      vertex 58.0168 -13.1364 12
      vertex 57.9915 -13.0587 1
      vertex 57.9915 -13.0587 12
    endloop
  endfacet
  facet normal 0.950863 0.309612 0
    outer loop
      vertex 57.9915 -13.0587 1
      vertex 58.0168 -13.1364 12
      vertex 58.0168 -13.1364 1
    endloop
  endfacet
  facet normal 0 1 -0
    outer loop
      vertex 56.1908 -11.7504 1
      vertex 56.1092 -11.7504 12
      vertex 56.1908 -11.7504 12
    endloop
  endfacet
  facet normal 0 1 0
    outer loop
      vertex 56.1092 -11.7504 12
      vertex 56.1908 -11.7504 1
      vertex 56.1092 -11.7504 1
    endloop
  endfacet
  facet normal -0.0416305 0.999133 0
    outer loop
      vertex 56.1092 -11.7504 1
      vertex 56.0276 -11.7538 12
      vertex 56.1092 -11.7504 12
    endloop
  endfacet
  facet normal -0.0416305 0.999133 0
    outer loop
      vertex 56.0276 -11.7538 12
      vertex 56.1092 -11.7504 1
      vertex 56.0276 -11.7538 1
    endloop
  endfacet
  facet normal -0.517732 -0.855543 0
    outer loop
      vertex 55.1051 -15.3464 1
      vertex 55.175 -15.3887 12
      vertex 55.1051 -15.3464 12
    endloop
  endfacet
  facet normal -0.517732 -0.855543 -0
    outer loop
      vertex 55.175 -15.3887 12
      vertex 55.1051 -15.3464 1
      vertex 55.175 -15.3887 1
    endloop
  endfacet
  facet normal -0.587589 0.809159 0
    outer loop
      vertex 55.0371 -12.0988 1
      vertex 54.971 -12.1468 12
      vertex 55.0371 -12.0988 12
    endloop
  endfacet
  facet normal -0.587589 0.809159 0
    outer loop
      vertex 54.971 -12.1468 12
      vertex 55.0371 -12.0988 1
      vertex 54.971 -12.1468 1
    endloop
  endfacet
  facet normal -0.28892 -0.957353 0
    outer loop
      vertex 55.5474 -15.5546 1
      vertex 55.6256 -15.5782 12
      vertex 55.5474 -15.5546 12
    endloop
  endfacet
  facet normal -0.28892 -0.957353 -0
    outer loop
      vertex 55.6256 -15.5782 12
      vertex 55.5474 -15.5546 1
      vertex 55.6256 -15.5782 1
    endloop
  endfacet
  facet normal -0.921658 -0.388002 0
    outer loop
      vertex 54.3686 -14.4931 1
      vertex 54.3369 -14.4178 12
      vertex 54.3369 -14.4178 1
    endloop
  endfacet
  facet normal -0.921658 -0.388002 0
    outer loop
      vertex 54.3369 -14.4178 12
      vertex 54.3686 -14.4931 1
      vertex 54.3686 -14.4931 12
    endloop
  endfacet
  facet normal 0.444761 0.895649 -0
    outer loop
      vertex 57.0534 -11.9719 1
      vertex 56.9803 -11.9356 12
      vertex 57.0534 -11.9719 12
    endloop
  endfacet
  facet normal 0.444761 0.895649 0
    outer loop
      vertex 56.9803 -11.9356 12
      vertex 57.0534 -11.9719 1
      vertex 56.9803 -11.9356 1
    endloop
  endfacet
  facet normal -0.684715 0.728811 0
    outer loop
      vertex 54.8452 -12.2509 1
      vertex 54.7857 -12.3068 12
      vertex 54.8452 -12.2509 12
    endloop
  endfacet
  facet normal -0.684715 0.728811 0
    outer loop
      vertex 54.7857 -12.3068 12
      vertex 54.8452 -12.2509 1
      vertex 54.7857 -12.3068 1
    endloop
  endfacet
  facet normal -0.653811 0.756658 0
    outer loop
      vertex 54.907 -12.1975 1
      vertex 54.8452 -12.2509 12
      vertex 54.907 -12.1975 12
    endloop
  endfacet
  facet normal -0.653811 0.756658 0
    outer loop
      vertex 54.8452 -12.2509 12
      vertex 54.907 -12.1975 1
      vertex 54.8452 -12.2509 1
    endloop
  endfacet
  facet normal 0.973433 0.228971 0
    outer loop
      vertex 58.0574 -13.2946 12
      vertex 58.0387 -13.2151 1
      vertex 58.0387 -13.2151 12
    endloop
  endfacet
  facet normal 0.973433 0.228971 0
    outer loop
      vertex 58.0387 -13.2151 1
      vertex 58.0574 -13.2946 12
      vertex 58.0574 -13.2946 1
    endloop
  endfacet
  facet normal 0.329423 0.944182 -0
    outer loop
      vertex 56.8297 -11.8723 1
      vertex 56.7526 -11.8454 12
      vertex 56.8297 -11.8723 12
    endloop
  endfacet
  facet normal 0.329423 0.944182 0
    outer loop
      vertex 56.7526 -11.8454 12
      vertex 56.8297 -11.8723 1
      vertex 56.7526 -11.8454 1
    endloop
  endfacet
  facet normal 0.587589 -0.809159 0
    outer loop
      vertex 57.2629 -15.3012 1
      vertex 57.329 -15.2532 12
      vertex 57.2629 -15.3012 12
    endloop
  endfacet
  facet normal 0.587589 -0.809159 0
    outer loop
      vertex 57.329 -15.2532 12
      vertex 57.2629 -15.3012 1
      vertex 57.329 -15.2532 1
    endloop
  endfacet
  facet normal 0.796162 0.605083 0
    outer loop
      vertex 57.7276 -12.5538 12
      vertex 57.6782 -12.4888 1
      vertex 57.6782 -12.4888 12
    endloop
  endfacet
  facet normal 0.796162 0.605083 0
    outer loop
      vertex 57.6782 -12.4888 1
      vertex 57.7276 -12.5538 12
      vertex 57.7276 -12.5538 1
    endloop
  endfacet
  facet normal 0.989328 0.145705 0
    outer loop
      vertex 58.0846 -13.4556 12
      vertex 58.0727 -13.3748 1
      vertex 58.0727 -13.3748 12
    endloop
  endfacet
  facet normal 0.989328 0.145705 0
    outer loop
      vertex 58.0727 -13.3748 1
      vertex 58.0846 -13.4556 12
      vertex 58.0846 -13.4556 1
    endloop
  endfacet
  facet normal -0.973433 0.228971 0
    outer loop
      vertex 54.2426 -13.2946 1
      vertex 54.2613 -13.2151 12
      vertex 54.2613 -13.2151 1
    endloop
  endfacet
  facet normal -0.973433 0.228971 0
    outer loop
      vertex 54.2613 -13.2151 12
      vertex 54.2426 -13.2946 1
      vertex 54.2426 -13.2946 12
    endloop
  endfacet
  facet normal 0 0 1
    outer loop
      vertex 58.1 -13.7 1
      vertex 58.65 -13.7 1
      vertex 58.6478 -13.5953 1
    endloop
  endfacet
  facet normal 0 0 1
    outer loop
      vertex 58.0983 -13.6183 1
      vertex 58.6478 -13.5953 1
      vertex 58.6412 -13.4908 1
    endloop
  endfacet
  facet normal 0 0 1
    outer loop
      vertex 58.65 -13.7 1
      vertex 58.1 -13.7 1
      vertex 58.6478 -13.8047 1
    endloop
  endfacet
  facet normal 0 0 1
    outer loop
      vertex 58.0932 -13.5368 1
      vertex 58.6412 -13.4908 1
      vertex 58.6303 -13.3867 1
    endloop
  endfacet
  facet normal -0 0 1
    outer loop
      vertex 58.0983 -13.7817 1
      vertex 58.6478 -13.8047 1
      vertex 58.1 -13.7 1
    endloop
  endfacet
  facet normal 0 0 1
    outer loop
      vertex 58.0846 -13.4556 1
      vertex 58.6303 -13.3867 1
      vertex 58.615 -13.2831 1
    endloop
  endfacet
  facet normal 0 0 1
    outer loop
      vertex 58.6478 -13.8047 1
      vertex 58.0983 -13.7817 1
      vertex 58.6412 -13.9092 1
    endloop
  endfacet
  facet normal 0 0 1
    outer loop
      vertex 58.0727 -13.3748 1
      vertex 58.615 -13.2831 1
      vertex 58.5954 -13.1802 1
    endloop
  endfacet
  facet normal -0 0 1
    outer loop
      vertex 58.0932 -13.8632 1
      vertex 58.6412 -13.9092 1
      vertex 58.0983 -13.7817 1
    endloop
  endfacet
  facet normal 0 0 1
    outer loop
      vertex 58.0574 -13.2946 1
      vertex 58.5954 -13.1802 1
      vertex 58.5715 -13.0783 1
    endloop
  endfacet
  facet normal 0 0 1
    outer loop
      vertex 58.6412 -13.9092 1
      vertex 58.0932 -13.8632 1
      vertex 58.6303 -14.0133 1
    endloop
  endfacet
  facet normal 0 0 1
    outer loop
      vertex 58.0387 -13.2151 1
      vertex 58.5715 -13.0783 1
      vertex 58.5433 -12.9774 1
    endloop
  endfacet
  facet normal -0 0 1
    outer loop
      vertex 58.0846 -13.9444 1
      vertex 58.6303 -14.0133 1
      vertex 58.0932 -13.8632 1
    endloop
  endfacet
  facet normal 0 0 1
    outer loop
      vertex 58.0168 -13.1364 1
      vertex 58.5433 -12.9774 1
      vertex 58.5109 -12.8778 1
    endloop
  endfacet
  facet normal 0 0 1
    outer loop
      vertex 58.6303 -14.0133 1
      vertex 58.0846 -13.9444 1
      vertex 58.615 -14.1169 1
    endloop
  endfacet
  facet normal 0 0 1
    outer loop
      vertex 57.9915 -13.0587 1
      vertex 58.5109 -12.8778 1
      vertex 58.4744 -12.7797 1
    endloop
  endfacet
  facet normal -0 0 1
    outer loop
      vertex 58.0727 -14.0252 1
      vertex 58.615 -14.1169 1
      vertex 58.0846 -13.9444 1
    endloop
  endfacet
  facet normal 0 0 1
    outer loop
      vertex 57.9631 -12.9822 1
      vertex 58.4744 -12.7797 1
      vertex 58.4339 -12.6832 1
    endloop
  endfacet
  facet normal 0 0 1
    outer loop
      vertex 58.615 -14.1169 1
      vertex 58.0727 -14.0252 1
      vertex 58.5954 -14.2198 1
    endloop
  endfacet
  facet normal 0 0 1
    outer loop
      vertex 57.9314 -12.9069 1
      vertex 58.4339 -12.6832 1
      vertex 58.3893 -12.5884 1
    endloop
  endfacet
  facet normal -0 0 1
    outer loop
      vertex 58.0574 -14.1054 1
      vertex 58.5954 -14.2198 1
      vertex 58.0727 -14.0252 1
    endloop
  endfacet
  facet normal 0 0 1
    outer loop
      vertex 57.8966 -12.833 1
      vertex 58.3893 -12.5884 1
      vertex 58.3408 -12.4956 1
    endloop
  endfacet
  facet normal 0 0 1
    outer loop
      vertex 58.5954 -14.2198 1
      vertex 58.0574 -14.1054 1
      vertex 58.5715 -14.3217 1
    endloop
  endfacet
  facet normal 0 0 1
    outer loop
      vertex 57.8588 -12.7606 1
      vertex 58.3408 -12.4956 1
      vertex 58.2884 -12.4049 1
    endloop
  endfacet
  facet normal -0 0 1
    outer loop
      vertex 58.0387 -14.1849 1
      vertex 58.5715 -14.3217 1
      vertex 58.0574 -14.1054 1
    endloop
  endfacet
  facet normal 0 0 1
    outer loop
      vertex 57.818 -12.6898 1
      vertex 58.2884 -12.4049 1
      vertex 58.2323 -12.3165 1
    endloop
  endfacet
  facet normal 0 0 1
    outer loop
      vertex 58.5715 -14.3217 1
      vertex 58.0387 -14.1849 1
      vertex 58.5433 -14.4226 1
    endloop
  endfacet
  facet normal 0 0 1
    outer loop
      vertex 57.7742 -12.6209 1
      vertex 58.2323 -12.3165 1
      vertex 58.1725 -12.2305 1
    endloop
  endfacet
  facet normal -0 0 1
    outer loop
      vertex 58.0168 -14.2636 1
      vertex 58.5433 -14.4226 1
      vertex 58.0387 -14.1849 1
    endloop
  endfacet
  facet normal 0 0 1
    outer loop
      vertex 57.7276 -12.5538 1
      vertex 58.1725 -12.2305 1
      vertex 58.1092 -12.1471 1
    endloop
  endfacet
  facet normal 0 0 1
    outer loop
      vertex 58.5433 -14.4226 1
      vertex 58.0168 -14.2636 1
      vertex 58.5109 -14.5222 1
    endloop
  endfacet
  facet normal -0 0 1
    outer loop
      vertex 57.9915 -14.3413 1
      vertex 58.5109 -14.5222 1
      vertex 58.0168 -14.2636 1
    endloop
  endfacet
  facet normal 0 0 1
    outer loop
      vertex 58.6478 -13.5953 1
      vertex 58.0983 -13.6183 1
      vertex 58.1 -13.7 1
    endloop
  endfacet
  facet normal 0 0 1
    outer loop
      vertex 58.6412 -13.4908 1
      vertex 58.0932 -13.5368 1
      vertex 58.0983 -13.6183 1
    endloop
  endfacet
  facet normal 0 0 1
    outer loop
      vertex 58.6303 -13.3867 1
      vertex 58.0846 -13.4556 1
      vertex 58.0932 -13.5368 1
    endloop
  endfacet
  facet normal 0 0 1
    outer loop
      vertex 58.615 -13.2831 1
      vertex 58.0727 -13.3748 1
      vertex 58.0846 -13.4556 1
    endloop
  endfacet
  facet normal 0 0 1
    outer loop
      vertex 58.5954 -13.1802 1
      vertex 58.0574 -13.2946 1
      vertex 58.0727 -13.3748 1
    endloop
  endfacet
  facet normal 0 0 1
    outer loop
      vertex 57.6782 -12.4888 1
      vertex 58.1092 -12.1471 1
      vertex 58.0425 -12.0664 1
    endloop
  endfacet
  facet normal 0 0 1
    outer loop
      vertex 58.5715 -13.0783 1
      vertex 58.0387 -13.2151 1
      vertex 58.0574 -13.2946 1
    endloop
  endfacet
  facet normal 0 0 1
    outer loop
      vertex 58.5433 -12.9774 1
      vertex 58.0168 -13.1364 1
      vertex 58.0387 -13.2151 1
    endloop
  endfacet
  facet normal 0 0 1
    outer loop
      vertex 58.5109 -12.8778 1
      vertex 57.9915 -13.0587 1
      vertex 58.0168 -13.1364 1
    endloop
  endfacet
  facet normal 0 0 1
    outer loop
      vertex 57.6261 -12.4258 1
      vertex 58.0425 -12.0664 1
      vertex 57.9724 -11.9886 1
    endloop
  endfacet
  facet normal 0 0 1
    outer loop
      vertex 58.4744 -12.7797 1
      vertex 57.9631 -12.9822 1
      vertex 57.9915 -13.0587 1
    endloop
  endfacet
  facet normal 0 0 1
    outer loop
      vertex 58.4339 -12.6832 1
      vertex 57.9314 -12.9069 1
      vertex 57.9631 -12.9822 1
    endloop
  endfacet
  facet normal 0 0 1
    outer loop
      vertex 57.5715 -12.3651 1
      vertex 57.9724 -11.9886 1
      vertex 57.8992 -11.9138 1
    endloop
  endfacet
  facet normal 0 0 1
    outer loop
      vertex 58.3893 -12.5884 1
      vertex 57.8966 -12.833 1
      vertex 57.9314 -12.9069 1
    endloop
  endfacet
  facet normal 0 0 1
    outer loop
      vertex 58.3408 -12.4956 1
      vertex 57.8588 -12.7606 1
      vertex 57.8966 -12.833 1
    endloop
  endfacet
  facet normal 0 0 1
    outer loop
      vertex 57.5143 -12.3068 1
      vertex 57.8992 -11.9138 1
      vertex 57.8228 -11.8421 1
    endloop
  endfacet
  facet normal 0 0 1
    outer loop
      vertex 58.2884 -12.4049 1
      vertex 57.818 -12.6898 1
      vertex 57.8588 -12.7606 1
    endloop
  endfacet
  facet normal 0 0 1
    outer loop
      vertex 58.2323 -12.3165 1
      vertex 57.7742 -12.6209 1
      vertex 57.818 -12.6898 1
    endloop
  endfacet
  facet normal 0 0 1
    outer loop
      vertex 57.4548 -12.2509 1
      vertex 57.8228 -11.8421 1
      vertex 57.7436 -11.7737 1
    endloop
  endfacet
  facet normal 0 0 1
    outer loop
      vertex 58.1725 -12.2305 1
      vertex 57.7276 -12.5538 1
      vertex 57.7742 -12.6209 1
    endloop
  endfacet
  facet normal 0 0 1
    outer loop
      vertex 58.1092 -12.1471 1
      vertex 57.6782 -12.4888 1
      vertex 57.7276 -12.5538 1
    endloop
  endfacet
  facet normal 0 0 1
    outer loop
      vertex 57.393 -12.1975 1
      vertex 57.7436 -11.7737 1
      vertex 57.6615 -11.7087 1
    endloop
  endfacet
  facet normal 0 0 1
    outer loop
      vertex 58.0425 -12.0664 1
      vertex 57.6261 -12.4258 1
      vertex 57.6782 -12.4888 1
    endloop
  endfacet
  facet normal 0 0 1
    outer loop
      vertex 57.329 -12.1468 1
      vertex 57.6615 -11.7087 1
      vertex 57.5768 -11.6471 1
    endloop
  endfacet
  facet normal 0 0 1
    outer loop
      vertex 57.9724 -11.9886 1
      vertex 57.5715 -12.3651 1
      vertex 57.6261 -12.4258 1
    endloop
  endfacet
  facet normal 0 0 1
    outer loop
      vertex 57.8992 -11.9138 1
      vertex 57.5143 -12.3068 1
      vertex 57.5715 -12.3651 1
    endloop
  endfacet
  facet normal 0 0 1
    outer loop
      vertex 57.2629 -12.0988 1
      vertex 57.5768 -11.6471 1
      vertex 57.4896 -11.5892 1
    endloop
  endfacet
  facet normal 0 0 1
    outer loop
      vertex 57.8228 -11.8421 1
      vertex 57.4548 -12.2509 1
      vertex 57.5143 -12.3068 1
    endloop
  endfacet
  facet normal 0 0 1
    outer loop
      vertex 57.1949 -12.0536 1
      vertex 57.4896 -11.5892 1
      vertex 57.4 -11.5349 1
    endloop
  endfacet
  facet normal 0 0 1
    outer loop
      vertex 57.7436 -11.7737 1
      vertex 57.393 -12.1975 1
      vertex 57.4548 -12.2509 1
    endloop
  endfacet
  facet normal 0 0 1
    outer loop
      vertex 57.6615 -11.7087 1
      vertex 57.329 -12.1468 1
      vertex 57.393 -12.1975 1
    endloop
  endfacet
  facet normal 0 0 1
    outer loop
      vertex 57.125 -12.0112 1
      vertex 57.4 -11.5349 1
      vertex 57.3082 -11.4845 1
    endloop
  endfacet
  facet normal 0 0 1
    outer loop
      vertex 57.5768 -11.6471 1
      vertex 57.2629 -12.0988 1
      vertex 57.329 -12.1468 1
    endloop
  endfacet
  facet normal 0 0 1
    outer loop
      vertex 57.0534 -11.9719 1
      vertex 57.3082 -11.4845 1
      vertex 57.2144 -11.4379 1
    endloop
  endfacet
  facet normal 0 0 1
    outer loop
      vertex 57.4896 -11.5892 1
      vertex 57.1949 -12.0536 1
      vertex 57.2629 -12.0988 1
    endloop
  endfacet
  facet normal 0 0 1
    outer loop
      vertex 57.4 -11.5349 1
      vertex 57.125 -12.0112 1
      vertex 57.1949 -12.0536 1
    endloop
  endfacet
  facet normal 0 0 1
    outer loop
      vertex 56.9803 -11.9356 1
      vertex 57.2144 -11.4379 1
      vertex 57.1188 -11.3953 1
    endloop
  endfacet
  facet normal 0 0 1
    outer loop
      vertex 57.3082 -11.4845 1
      vertex 57.0534 -11.9719 1
      vertex 57.125 -12.0112 1
    endloop
  endfacet
  facet normal 0 0 1
    outer loop
      vertex 56.9057 -11.9024 1
      vertex 57.1188 -11.3953 1
      vertex 57.0214 -11.3568 1
    endloop
  endfacet
  facet normal 0 0 1
    outer loop
      vertex 57.2144 -11.4379 1
      vertex 56.9803 -11.9356 1
      vertex 57.0534 -11.9719 1
    endloop
  endfacet
  facet normal 0 0 1
    outer loop
      vertex 56.8297 -11.8723 1
      vertex 57.0214 -11.3568 1
      vertex 56.9225 -11.3224 1
    endloop
  endfacet
  facet normal 0 0 1
    outer loop
      vertex 57.1188 -11.3953 1
      vertex 56.9057 -11.9024 1
      vertex 56.9803 -11.9356 1
    endloop
  endfacet
  facet normal 0 0 1
    outer loop
      vertex 57.0214 -11.3568 1
      vertex 56.8297 -11.8723 1
      vertex 56.9057 -11.9024 1
    endloop
  endfacet
  facet normal 0 0 1
    outer loop
      vertex 56.7526 -11.8454 1
      vertex 56.9225 -11.3224 1
      vertex 56.8223 -11.2921 1
    endloop
  endfacet
  facet normal 0 0 1
    outer loop
      vertex 56.9225 -11.3224 1
      vertex 56.7526 -11.8454 1
      vertex 56.8297 -11.8723 1
    endloop
  endfacet
  facet normal 0 0 1
    outer loop
      vertex 56.6744 -11.8218 1
      vertex 56.8223 -11.2921 1
      vertex 56.7209 -11.2661 1
    endloop
  endfacet
  facet normal 0 0 1
    outer loop
      vertex 56.8223 -11.2921 1
      vertex 56.6744 -11.8218 1
      vertex 56.7526 -11.8454 1
    endloop
  endfacet
  facet normal 0 0 1
    outer loop
      vertex 56.5953 -11.8015 1
      vertex 56.7209 -11.2661 1
      vertex 56.6185 -11.2443 1
    endloop
  endfacet
  facet normal 0 0 1
    outer loop
      vertex 56.7209 -11.2661 1
      vertex 56.5953 -11.8015 1
      vertex 56.6744 -11.8218 1
    endloop
  endfacet
  facet normal 0 0 1
    outer loop
      vertex 56.6185 -11.2443 1
      vertex 56.5154 -11.7845 1
      vertex 56.5953 -11.8015 1
    endloop
  endfacet
  facet normal 0 0 1
    outer loop
      vertex 56.5152 -11.2268 1
      vertex 56.5154 -11.7845 1
      vertex 56.6185 -11.2443 1
    endloop
  endfacet
  facet normal 0 0 1
    outer loop
      vertex 56.5152 -11.2268 1
      vertex 56.4349 -11.7709 1
      vertex 56.5154 -11.7845 1
    endloop
  endfacet
  facet normal 0 0 1
    outer loop
      vertex 56.4113 -11.2137 1
      vertex 56.4349 -11.7709 1
      vertex 56.5152 -11.2268 1
    endloop
  endfacet
  facet normal 0 0 1
    outer loop
      vertex 56.4113 -11.2137 1
      vertex 56.3538 -11.7607 1
      vertex 56.4349 -11.7709 1
    endloop
  endfacet
  facet normal 0 0 1
    outer loop
      vertex 56.307 -11.2049 1
      vertex 56.3538 -11.7607 1
      vertex 56.4113 -11.2137 1
    endloop
  endfacet
  facet normal 0 0 1
    outer loop
      vertex 56.307 -11.2049 1
      vertex 56.2724 -11.7538 1
      vertex 56.3538 -11.7607 1
    endloop
  endfacet
  facet normal 0 0 1
    outer loop
      vertex 56.2024 -11.2005 1
      vertex 56.2724 -11.7538 1
      vertex 56.307 -11.2049 1
    endloop
  endfacet
  facet normal 0 0 1
    outer loop
      vertex 56.2024 -11.2005 1
      vertex 56.1908 -11.7504 1
      vertex 56.2724 -11.7538 1
    endloop
  endfacet
  facet normal 0 0 1
    outer loop
      vertex 56.2024 -11.2005 1
      vertex 56.1092 -11.7504 1
      vertex 56.1908 -11.7504 1
    endloop
  endfacet
  facet normal -0 0 1
    outer loop
      vertex 56.0976 -11.2005 1
      vertex 56.1092 -11.7504 1
      vertex 56.2024 -11.2005 1
    endloop
  endfacet
  facet normal 0 0 1
    outer loop
      vertex 56.0976 -11.2005 1
      vertex 56.0276 -11.7538 1
      vertex 56.1092 -11.7504 1
    endloop
  endfacet
  facet normal -0 0 1
    outer loop
      vertex 55.993 -11.2049 1
      vertex 56.0276 -11.7538 1
      vertex 56.0976 -11.2005 1
    endloop
  endfacet
  facet normal 0 0 1
    outer loop
      vertex 55.993 -11.2049 1
      vertex 55.9462 -11.7607 1
      vertex 56.0276 -11.7538 1
    endloop
  endfacet
  facet normal -0 0 1
    outer loop
      vertex 55.8887 -11.2137 1
      vertex 55.9462 -11.7607 1
      vertex 55.993 -11.2049 1
    endloop
  endfacet
  facet normal 0 0 1
    outer loop
      vertex 55.8887 -11.2137 1
      vertex 55.8651 -11.7709 1
      vertex 55.9462 -11.7607 1
    endloop
  endfacet
  facet normal -0 0 1
    outer loop
      vertex 55.7848 -11.2268 1
      vertex 55.8651 -11.7709 1
      vertex 55.8887 -11.2137 1
    endloop
  endfacet
  facet normal 0 0 1
    outer loop
      vertex 55.7848 -11.2268 1
      vertex 55.7846 -11.7845 1
      vertex 55.8651 -11.7709 1
    endloop
  endfacet
  facet normal -0 0 1
    outer loop
      vertex 55.6815 -11.2443 1
      vertex 55.7846 -11.7845 1
      vertex 55.7848 -11.2268 1
    endloop
  endfacet
  facet normal 0 0 1
    outer loop
      vertex 55.7846 -11.7845 1
      vertex 55.6815 -11.2443 1
      vertex 55.7047 -11.8015 1
    endloop
  endfacet
  facet normal -0 0 1
    outer loop
      vertex 55.5791 -11.2661 1
      vertex 55.7047 -11.8015 1
      vertex 55.6815 -11.2443 1
    endloop
  endfacet
  facet normal 0 0 1
    outer loop
      vertex 55.7047 -11.8015 1
      vertex 55.5791 -11.2661 1
      vertex 55.6256 -11.8218 1
    endloop
  endfacet
  facet normal -0 0 1
    outer loop
      vertex 55.4777 -11.2921 1
      vertex 55.6256 -11.8218 1
      vertex 55.5791 -11.2661 1
    endloop
  endfacet
  facet normal 0 0 1
    outer loop
      vertex 55.6256 -11.8218 1
      vertex 55.4777 -11.2921 1
      vertex 55.5474 -11.8454 1
    endloop
  endfacet
  facet normal -0 0 1
    outer loop
      vertex 55.3775 -11.3224 1
      vertex 55.5474 -11.8454 1
      vertex 55.4777 -11.2921 1
    endloop
  endfacet
  facet normal 0 0 1
    outer loop
      vertex 55.5474 -11.8454 1
      vertex 55.3775 -11.3224 1
      vertex 55.4703 -11.8723 1
    endloop
  endfacet
  facet normal -0 0 1
    outer loop
      vertex 55.2786 -11.3568 1
      vertex 55.4703 -11.8723 1
      vertex 55.3775 -11.3224 1
    endloop
  endfacet
  facet normal 0 0 1
    outer loop
      vertex 55.4703 -11.8723 1
      vertex 55.2786 -11.3568 1
      vertex 55.3943 -11.9024 1
    endloop
  endfacet
  facet normal -0 0 1
    outer loop
      vertex 55.1812 -11.3953 1
      vertex 55.3943 -11.9024 1
      vertex 55.2786 -11.3568 1
    endloop
  endfacet
  facet normal 0 0 1
    outer loop
      vertex 55.3943 -11.9024 1
      vertex 55.1812 -11.3953 1
      vertex 55.3197 -11.9356 1
    endloop
  endfacet
  facet normal -0 0 1
    outer loop
      vertex 55.0856 -11.4379 1
      vertex 55.3197 -11.9356 1
      vertex 55.1812 -11.3953 1
    endloop
  endfacet
  facet normal 0 0 1
    outer loop
      vertex 55.3197 -11.9356 1
      vertex 55.0856 -11.4379 1
      vertex 55.2466 -11.9719 1
    endloop
  endfacet
  facet normal -0 0 1
    outer loop
      vertex 54.9918 -11.4845 1
      vertex 55.2466 -11.9719 1
      vertex 55.0856 -11.4379 1
    endloop
  endfacet
  facet normal 0 0 1
    outer loop
      vertex 55.2466 -11.9719 1
      vertex 54.9918 -11.4845 1
      vertex 55.175 -12.0112 1
    endloop
  endfacet
  facet normal -0 0 1
    outer loop
      vertex 54.9 -11.5349 1
      vertex 55.175 -12.0112 1
      vertex 54.9918 -11.4845 1
    endloop
  endfacet
  facet normal 0 0 1
    outer loop
      vertex 55.175 -12.0112 1
      vertex 54.9 -11.5349 1
      vertex 55.1051 -12.0536 1
    endloop
  endfacet
  facet normal -0 0 1
    outer loop
      vertex 54.8104 -11.5892 1
      vertex 55.1051 -12.0536 1
      vertex 54.9 -11.5349 1
    endloop
  endfacet
  facet normal 0 0 1
    outer loop
      vertex 55.1051 -12.0536 1
      vertex 54.8104 -11.5892 1
      vertex 55.0371 -12.0988 1
    endloop
  endfacet
  facet normal -0 0 1
    outer loop
      vertex 54.7232 -11.6471 1
      vertex 55.0371 -12.0988 1
      vertex 54.8104 -11.5892 1
    endloop
  endfacet
  facet normal 0 0 1
    outer loop
      vertex 55.0371 -12.0988 1
      vertex 54.7232 -11.6471 1
      vertex 54.971 -12.1468 1
    endloop
  endfacet
  facet normal -0 0 1
    outer loop
      vertex 54.6385 -11.7087 1
      vertex 54.971 -12.1468 1
      vertex 54.7232 -11.6471 1
    endloop
  endfacet
  facet normal 0 0 1
    outer loop
      vertex 54.971 -12.1468 1
      vertex 54.6385 -11.7087 1
      vertex 54.907 -12.1975 1
    endloop
  endfacet
  facet normal -0 0 1
    outer loop
      vertex 54.5564 -11.7737 1
      vertex 54.907 -12.1975 1
      vertex 54.6385 -11.7087 1
    endloop
  endfacet
  facet normal 0 0 1
    outer loop
      vertex 54.907 -12.1975 1
      vertex 54.5564 -11.7737 1
      vertex 54.8452 -12.2509 1
    endloop
  endfacet
  facet normal -0 0 1
    outer loop
      vertex 54.4772 -11.8421 1
      vertex 54.8452 -12.2509 1
      vertex 54.5564 -11.7737 1
    endloop
  endfacet
  facet normal 0 0 1
    outer loop
      vertex 54.8452 -12.2509 1
      vertex 54.4772 -11.8421 1
      vertex 54.7857 -12.3068 1
    endloop
  endfacet
  facet normal -0 0 1
    outer loop
      vertex 54.4008 -11.9138 1
      vertex 54.7857 -12.3068 1
      vertex 54.4772 -11.8421 1
    endloop
  endfacet
  facet normal 0 0 1
    outer loop
      vertex 54.7857 -12.3068 1
      vertex 54.4008 -11.9138 1
      vertex 54.7285 -12.3651 1
    endloop
  endfacet
  facet normal -0 0 1
    outer loop
      vertex 54.3276 -11.9886 1
      vertex 54.7285 -12.3651 1
      vertex 54.4008 -11.9138 1
    endloop
  endfacet
  facet normal 0 0 1
    outer loop
      vertex 54.7285 -12.3651 1
      vertex 54.3276 -11.9886 1
      vertex 54.6739 -12.4258 1
    endloop
  endfacet
  facet normal -0 0 1
    outer loop
      vertex 54.2575 -12.0664 1
      vertex 54.6739 -12.4258 1
      vertex 54.3276 -11.9886 1
    endloop
  endfacet
  facet normal 0 0 1
    outer loop
      vertex 54.6739 -12.4258 1
      vertex 54.2575 -12.0664 1
      vertex 54.6218 -12.4888 1
    endloop
  endfacet
  facet normal -0 0 1
    outer loop
      vertex 54.1908 -12.1471 1
      vertex 54.6218 -12.4888 1
      vertex 54.2575 -12.0664 1
    endloop
  endfacet
  facet normal 0 0 1
    outer loop
      vertex 54.6218 -12.4888 1
      vertex 54.1908 -12.1471 1
      vertex 54.5724 -12.5538 1
    endloop
  endfacet
  facet normal -0 0 1
    outer loop
      vertex 54.1275 -12.2305 1
      vertex 54.5724 -12.5538 1
      vertex 54.1908 -12.1471 1
    endloop
  endfacet
  facet normal 0 0 1
    outer loop
      vertex 54.5724 -12.5538 1
      vertex 54.1275 -12.2305 1
      vertex 54.5258 -12.6209 1
    endloop
  endfacet
  facet normal -0 0 1
    outer loop
      vertex 54.0677 -12.3165 1
      vertex 54.5258 -12.6209 1
      vertex 54.1275 -12.2305 1
    endloop
  endfacet
  facet normal 0 0 1
    outer loop
      vertex 54.5258 -12.6209 1
      vertex 54.0677 -12.3165 1
      vertex 54.482 -12.6898 1
    endloop
  endfacet
  facet normal -0 0 1
    outer loop
      vertex 54.0116 -12.4049 1
      vertex 54.482 -12.6898 1
      vertex 54.0677 -12.3165 1
    endloop
  endfacet
  facet normal 0 0 1
    outer loop
      vertex 54.482 -12.6898 1
      vertex 54.0116 -12.4049 1
      vertex 54.4412 -12.7606 1
    endloop
  endfacet
  facet normal -0 0 1
    outer loop
      vertex 53.9592 -12.4956 1
      vertex 54.4412 -12.7606 1
      vertex 54.0116 -12.4049 1
    endloop
  endfacet
  facet normal 0 0 1
    outer loop
      vertex 54.4412 -12.7606 1
      vertex 53.9592 -12.4956 1
      vertex 54.4034 -12.833 1
    endloop
  endfacet
  facet normal -0 0 1
    outer loop
      vertex 53.9107 -12.5884 1
      vertex 54.4034 -12.833 1
      vertex 53.9592 -12.4956 1
    endloop
  endfacet
  facet normal 0 0 1
    outer loop
      vertex 54.4034 -12.833 1
      vertex 53.9107 -12.5884 1
      vertex 54.3686 -12.9069 1
    endloop
  endfacet
  facet normal -0 0 1
    outer loop
      vertex 53.8661 -12.6832 1
      vertex 54.3686 -12.9069 1
      vertex 53.9107 -12.5884 1
    endloop
  endfacet
  facet normal 0 0 1
    outer loop
      vertex 54.3686 -12.9069 1
      vertex 53.8661 -12.6832 1
      vertex 54.3369 -12.9822 1
    endloop
  endfacet
  facet normal -0 0 1
    outer loop
      vertex 53.8256 -12.7797 1
      vertex 54.3369 -12.9822 1
      vertex 53.8661 -12.6832 1
    endloop
  endfacet
  facet normal -0 0 1
    outer loop
      vertex 53.7891 -12.8778 1
      vertex 54.3085 -13.0587 1
      vertex 53.8256 -12.7797 1
    endloop
  endfacet
  facet normal 0 0 1
    outer loop
      vertex 54.3369 -12.9822 1
      vertex 53.8256 -12.7797 1
      vertex 54.3085 -13.0587 1
    endloop
  endfacet
  facet normal 0 0 1
    outer loop
      vertex 58.5109 -14.5222 1
      vertex 57.9915 -14.3413 1
      vertex 58.4744 -14.6203 1
    endloop
  endfacet
  facet normal -0 0 1
    outer loop
      vertex 57.9631 -14.4178 1
      vertex 58.4744 -14.6203 1
      vertex 57.9915 -14.3413 1
    endloop
  endfacet
  facet normal 0 0 1
    outer loop
      vertex 58.4744 -14.6203 1
      vertex 57.9631 -14.4178 1
      vertex 58.4339 -14.7168 1
    endloop
  endfacet
  facet normal -0 0 1
    outer loop
      vertex 57.9314 -14.4931 1
      vertex 58.4339 -14.7168 1
      vertex 57.9631 -14.4178 1
    endloop
  endfacet
  facet normal 0 0 1
    outer loop
      vertex 58.4339 -14.7168 1
      vertex 57.9314 -14.4931 1
      vertex 58.3893 -14.8116 1
    endloop
  endfacet
  facet normal -0 0 1
    outer loop
      vertex 57.8966 -14.567 1
      vertex 58.3893 -14.8116 1
      vertex 57.9314 -14.4931 1
    endloop
  endfacet
  facet normal 0 0 1
    outer loop
      vertex 58.3893 -14.8116 1
      vertex 57.8966 -14.567 1
      vertex 58.3408 -14.9044 1
    endloop
  endfacet
  facet normal -0 0 1
    outer loop
      vertex 57.8588 -14.6394 1
      vertex 58.3408 -14.9044 1
      vertex 57.8966 -14.567 1
    endloop
  endfacet
  facet normal 0 0 1
    outer loop
      vertex 58.3408 -14.9044 1
      vertex 57.8588 -14.6394 1
      vertex 58.2884 -14.9951 1
    endloop
  endfacet
  facet normal -0 0 1
    outer loop
      vertex 57.818 -14.7102 1
      vertex 58.2884 -14.9951 1
      vertex 57.8588 -14.6394 1
    endloop
  endfacet
  facet normal 0 0 1
    outer loop
      vertex 58.2884 -14.9951 1
      vertex 57.818 -14.7102 1
      vertex 58.2323 -15.0835 1
    endloop
  endfacet
  facet normal -0 0 1
    outer loop
      vertex 57.7742 -14.7791 1
      vertex 58.2323 -15.0835 1
      vertex 57.818 -14.7102 1
    endloop
  endfacet
  facet normal 0 0 1
    outer loop
      vertex 58.2323 -15.0835 1
      vertex 57.7742 -14.7791 1
      vertex 58.1725 -15.1695 1
    endloop
  endfacet
  facet normal -0 0 1
    outer loop
      vertex 57.7276 -14.8462 1
      vertex 58.1725 -15.1695 1
      vertex 57.7742 -14.7791 1
    endloop
  endfacet
  facet normal 0 0 1
    outer loop
      vertex 58.1725 -15.1695 1
      vertex 57.7276 -14.8462 1
      vertex 58.1092 -15.2529 1
    endloop
  endfacet
  facet normal -0 0 1
    outer loop
      vertex 57.6782 -14.9112 1
      vertex 58.1092 -15.2529 1
      vertex 57.7276 -14.8462 1
    endloop
  endfacet
  facet normal 0 0 1
    outer loop
      vertex 58.1092 -15.2529 1
      vertex 57.6782 -14.9112 1
      vertex 58.0425 -15.3336 1
    endloop
  endfacet
  facet normal -0 0 1
    outer loop
      vertex 57.6261 -14.9742 1
      vertex 58.0425 -15.3336 1
      vertex 57.6782 -14.9112 1
    endloop
  endfacet
  facet normal 0 0 1
    outer loop
      vertex 58.0425 -15.3336 1
      vertex 57.6261 -14.9742 1
      vertex 57.9724 -15.4114 1
    endloop
  endfacet
  facet normal -0 0 1
    outer loop
      vertex 57.5715 -15.0349 1
      vertex 57.9724 -15.4114 1
      vertex 57.6261 -14.9742 1
    endloop
  endfacet
  facet normal 0 0 1
    outer loop
      vertex 57.9724 -15.4114 1
      vertex 57.5715 -15.0349 1
      vertex 57.8992 -15.4862 1
    endloop
  endfacet
  facet normal -0 0 1
    outer loop
      vertex 57.5143 -15.0932 1
      vertex 57.8992 -15.4862 1
      vertex 57.5715 -15.0349 1
    endloop
  endfacet
  facet normal 0 0 1
    outer loop
      vertex 57.8992 -15.4862 1
      vertex 57.5143 -15.0932 1
      vertex 57.8228 -15.5579 1
    endloop
  endfacet
  facet normal -0 0 1
    outer loop
      vertex 57.4548 -15.1491 1
      vertex 57.8228 -15.5579 1
      vertex 57.5143 -15.0932 1
    endloop
  endfacet
  facet normal 0 0 1
    outer loop
      vertex 57.8228 -15.5579 1
      vertex 57.4548 -15.1491 1
      vertex 57.7436 -15.6263 1
    endloop
  endfacet
  facet normal -0 0 1
    outer loop
      vertex 57.393 -15.2025 1
      vertex 57.7436 -15.6263 1
      vertex 57.4548 -15.1491 1
    endloop
  endfacet
  facet normal 0 0 1
    outer loop
      vertex 57.7436 -15.6263 1
      vertex 57.393 -15.2025 1
      vertex 57.6615 -15.6913 1
    endloop
  endfacet
  facet normal -0 0 1
    outer loop
      vertex 57.329 -15.2532 1
      vertex 57.6615 -15.6913 1
      vertex 57.393 -15.2025 1
    endloop
  endfacet
  facet normal 0 0 1
    outer loop
      vertex 57.6615 -15.6913 1
      vertex 57.329 -15.2532 1
      vertex 57.5768 -15.7529 1
    endloop
  endfacet
  facet normal -0 0 1
    outer loop
      vertex 57.2629 -15.3012 1
      vertex 57.5768 -15.7529 1
      vertex 57.329 -15.2532 1
    endloop
  endfacet
  facet normal 0 0 1
    outer loop
      vertex 57.5768 -15.7529 1
      vertex 57.2629 -15.3012 1
      vertex 57.4896 -15.8108 1
    endloop
  endfacet
  facet normal -0 0 1
    outer loop
      vertex 57.1949 -15.3464 1
      vertex 57.4896 -15.8108 1
      vertex 57.2629 -15.3012 1
    endloop
  endfacet
  facet normal 0 0 1
    outer loop
      vertex 57.4896 -15.8108 1
      vertex 57.1949 -15.3464 1
      vertex 57.4 -15.8651 1
    endloop
  endfacet
  facet normal -0 0 1
    outer loop
      vertex 57.125 -15.3887 1
      vertex 57.4 -15.8651 1
      vertex 57.1949 -15.3464 1
    endloop
  endfacet
  facet normal 0 0 1
    outer loop
      vertex 57.4 -15.8651 1
      vertex 57.125 -15.3887 1
      vertex 57.3082 -15.9155 1
    endloop
  endfacet
  facet normal -0 0 1
    outer loop
      vertex 57.0534 -15.4281 1
      vertex 57.3082 -15.9155 1
      vertex 57.125 -15.3887 1
    endloop
  endfacet
  facet normal 0 0 1
    outer loop
      vertex 57.3082 -15.9155 1
      vertex 57.0534 -15.4281 1
      vertex 57.2144 -15.9621 1
    endloop
  endfacet
  facet normal -0 0 1
    outer loop
      vertex 56.9803 -15.4644 1
      vertex 57.2144 -15.9621 1
      vertex 57.0534 -15.4281 1
    endloop
  endfacet
  facet normal 0 0 1
    outer loop
      vertex 57.2144 -15.9621 1
      vertex 56.9803 -15.4644 1
      vertex 57.1188 -16.0047 1
    endloop
  endfacet
  facet normal -0 0 1
    outer loop
      vertex 56.9057 -15.4976 1
      vertex 57.1188 -16.0047 1
      vertex 56.9803 -15.4644 1
    endloop
  endfacet
  facet normal 0 0 1
    outer loop
      vertex 57.1188 -16.0047 1
      vertex 56.9057 -15.4976 1
      vertex 57.0214 -16.0432 1
    endloop
  endfacet
  facet normal -0 0 1
    outer loop
      vertex 56.8297 -15.5277 1
      vertex 57.0214 -16.0432 1
      vertex 56.9057 -15.4976 1
    endloop
  endfacet
  facet normal 0 0 1
    outer loop
      vertex 57.0214 -16.0432 1
      vertex 56.8297 -15.5277 1
      vertex 56.9225 -16.0776 1
    endloop
  endfacet
  facet normal -0 0 1
    outer loop
      vertex 56.7526 -15.5546 1
      vertex 56.9225 -16.0776 1
      vertex 56.8297 -15.5277 1
    endloop
  endfacet
  facet normal 0 0 1
    outer loop
      vertex 56.9225 -16.0776 1
      vertex 56.7526 -15.5546 1
      vertex 56.8223 -16.1079 1
    endloop
  endfacet
  facet normal -0 0 1
    outer loop
      vertex 56.6744 -15.5782 1
      vertex 56.8223 -16.1079 1
      vertex 56.7526 -15.5546 1
    endloop
  endfacet
  facet normal 0 0 1
    outer loop
      vertex 56.8223 -16.1079 1
      vertex 56.6744 -15.5782 1
      vertex 56.7209 -16.1339 1
    endloop
  endfacet
  facet normal -0 0 1
    outer loop
      vertex 56.5953 -15.5985 1
      vertex 56.7209 -16.1339 1
      vertex 56.6744 -15.5782 1
    endloop
  endfacet
  facet normal 0 0 1
    outer loop
      vertex 56.7209 -16.1339 1
      vertex 56.5953 -15.5985 1
      vertex 56.6185 -16.1557 1
    endloop
  endfacet
  facet normal -0 0 1
    outer loop
      vertex 56.5154 -15.6155 1
      vertex 56.6185 -16.1557 1
      vertex 56.5953 -15.5985 1
    endloop
  endfacet
  facet normal 0 0 1
    outer loop
      vertex 56.5154 -15.6155 1
      vertex 56.5152 -16.1732 1
      vertex 56.6185 -16.1557 1
    endloop
  endfacet
  facet normal -0 0 1
    outer loop
      vertex 56.4349 -15.6291 1
      vertex 56.5152 -16.1732 1
      vertex 56.5154 -15.6155 1
    endloop
  endfacet
  facet normal 0 0 1
    outer loop
      vertex 56.4349 -15.6291 1
      vertex 56.4113 -16.1863 1
      vertex 56.5152 -16.1732 1
    endloop
  endfacet
  facet normal -0 0 1
    outer loop
      vertex 56.3538 -15.6393 1
      vertex 56.4113 -16.1863 1
      vertex 56.4349 -15.6291 1
    endloop
  endfacet
  facet normal 0 0 1
    outer loop
      vertex 56.3538 -15.6393 1
      vertex 56.307 -16.1951 1
      vertex 56.4113 -16.1863 1
    endloop
  endfacet
  facet normal -0 0 1
    outer loop
      vertex 56.2724 -15.6462 1
      vertex 56.307 -16.1951 1
      vertex 56.3538 -15.6393 1
    endloop
  endfacet
  facet normal 0 0 1
    outer loop
      vertex 56.2724 -15.6462 1
      vertex 56.2024 -16.1995 1
      vertex 56.307 -16.1951 1
    endloop
  endfacet
  facet normal -0 0 1
    outer loop
      vertex 56.1908 -15.6496 1
      vertex 56.2024 -16.1995 1
      vertex 56.2724 -15.6462 1
    endloop
  endfacet
  facet normal -0 0 1
    outer loop
      vertex 56.1092 -15.6496 1
      vertex 56.2024 -16.1995 1
      vertex 56.1908 -15.6496 1
    endloop
  endfacet
  facet normal 0 0 1
    outer loop
      vertex 56.1092 -15.6496 1
      vertex 56.0976 -16.1995 1
      vertex 56.2024 -16.1995 1
    endloop
  endfacet
  facet normal 0 0 1
    outer loop
      vertex 56.0276 -15.6462 1
      vertex 56.0976 -16.1995 1
      vertex 56.1092 -15.6496 1
    endloop
  endfacet
  facet normal 0 0 1
    outer loop
      vertex 56.0276 -15.6462 1
      vertex 55.993 -16.1951 1
      vertex 56.0976 -16.1995 1
    endloop
  endfacet
  facet normal 0 0 1
    outer loop
      vertex 55.9462 -15.6393 1
      vertex 55.993 -16.1951 1
      vertex 56.0276 -15.6462 1
    endloop
  endfacet
  facet normal 0 0 1
    outer loop
      vertex 55.9462 -15.6393 1
      vertex 55.8887 -16.1863 1
      vertex 55.993 -16.1951 1
    endloop
  endfacet
  facet normal 0 0 1
    outer loop
      vertex 55.8651 -15.6291 1
      vertex 55.8887 -16.1863 1
      vertex 55.9462 -15.6393 1
    endloop
  endfacet
  facet normal 0 0 1
    outer loop
      vertex 55.8651 -15.6291 1
      vertex 55.7848 -16.1732 1
      vertex 55.8887 -16.1863 1
    endloop
  endfacet
  facet normal 0 0 1
    outer loop
      vertex 55.7846 -15.6155 1
      vertex 55.7848 -16.1732 1
      vertex 55.8651 -15.6291 1
    endloop
  endfacet
  facet normal 0 0 1
    outer loop
      vertex 55.6815 -16.1557 1
      vertex 55.7846 -15.6155 1
      vertex 55.7047 -15.5985 1
    endloop
  endfacet
  facet normal 0 0 1
    outer loop
      vertex 55.7846 -15.6155 1
      vertex 55.6815 -16.1557 1
      vertex 55.7848 -16.1732 1
    endloop
  endfacet
  facet normal 0 0 1
    outer loop
      vertex 55.5791 -16.1339 1
      vertex 55.7047 -15.5985 1
      vertex 55.6256 -15.5782 1
    endloop
  endfacet
  facet normal 0 0 1
    outer loop
      vertex 55.7047 -15.5985 1
      vertex 55.5791 -16.1339 1
      vertex 55.6815 -16.1557 1
    endloop
  endfacet
  facet normal 0 0 1
    outer loop
      vertex 55.4777 -16.1079 1
      vertex 55.6256 -15.5782 1
      vertex 55.5474 -15.5546 1
    endloop
  endfacet
  facet normal 0 0 1
    outer loop
      vertex 55.6256 -15.5782 1
      vertex 55.4777 -16.1079 1
      vertex 55.5791 -16.1339 1
    endloop
  endfacet
  facet normal 0 0 1
    outer loop
      vertex 55.3775 -16.0776 1
      vertex 55.5474 -15.5546 1
      vertex 55.4703 -15.5277 1
    endloop
  endfacet
  facet normal 0 0 1
    outer loop
      vertex 55.2786 -16.0432 1
      vertex 55.4703 -15.5277 1
      vertex 55.3943 -15.4976 1
    endloop
  endfacet
  facet normal 0 0 1
    outer loop
      vertex 55.5474 -15.5546 1
      vertex 55.3775 -16.0776 1
      vertex 55.4777 -16.1079 1
    endloop
  endfacet
  facet normal 0 0 1
    outer loop
      vertex 55.1812 -16.0047 1
      vertex 55.3943 -15.4976 1
      vertex 55.3197 -15.4644 1
    endloop
  endfacet
  facet normal 0 0 1
    outer loop
      vertex 55.4703 -15.5277 1
      vertex 55.2786 -16.0432 1
      vertex 55.3775 -16.0776 1
    endloop
  endfacet
  facet normal 0 0 1
    outer loop
      vertex 55.0856 -15.9621 1
      vertex 55.3197 -15.4644 1
      vertex 55.2466 -15.4281 1
    endloop
  endfacet
  facet normal 0 0 1
    outer loop
      vertex 55.3943 -15.4976 1
      vertex 55.1812 -16.0047 1
      vertex 55.2786 -16.0432 1
    endloop
  endfacet
  facet normal 0 0 1
    outer loop
      vertex 54.9918 -15.9155 1
      vertex 55.2466 -15.4281 1
      vertex 55.175 -15.3887 1
    endloop
  endfacet
  facet normal 0 0 1
    outer loop
      vertex 54.9 -15.8651 1
      vertex 55.175 -15.3887 1
      vertex 55.1051 -15.3464 1
    endloop
  endfacet
  facet normal 0 0 1
    outer loop
      vertex 55.3197 -15.4644 1
      vertex 55.0856 -15.9621 1
      vertex 55.1812 -16.0047 1
    endloop
  endfacet
  facet normal 0 0 1
    outer loop
      vertex 54.8104 -15.8108 1
      vertex 55.1051 -15.3464 1
      vertex 55.0371 -15.3012 1
    endloop
  endfacet
  facet normal 0 0 1
    outer loop
      vertex 55.2466 -15.4281 1
      vertex 54.9918 -15.9155 1
      vertex 55.0856 -15.9621 1
    endloop
  endfacet
  facet normal 0 0 1
    outer loop
      vertex 54.7232 -15.7529 1
      vertex 55.0371 -15.3012 1
      vertex 54.971 -15.2532 1
    endloop
  endfacet
  facet normal 0 0 1
    outer loop
      vertex 54.6385 -15.6913 1
      vertex 54.971 -15.2532 1
      vertex 54.907 -15.2025 1
    endloop
  endfacet
  facet normal 0 0 1
    outer loop
      vertex 55.175 -15.3887 1
      vertex 54.9 -15.8651 1
      vertex 54.9918 -15.9155 1
    endloop
  endfacet
  facet normal 0 0 1
    outer loop
      vertex 54.5564 -15.6263 1
      vertex 54.907 -15.2025 1
      vertex 54.8452 -15.1491 1
    endloop
  endfacet
  facet normal 0 0 1
    outer loop
      vertex 55.1051 -15.3464 1
      vertex 54.8104 -15.8108 1
      vertex 54.9 -15.8651 1
    endloop
  endfacet
  facet normal 0 0 1
    outer loop
      vertex 54.4772 -15.5579 1
      vertex 54.8452 -15.1491 1
      vertex 54.7857 -15.0932 1
    endloop
  endfacet
  facet normal 0 0 1
    outer loop
      vertex 54.4008 -15.4862 1
      vertex 54.7857 -15.0932 1
      vertex 54.7285 -15.0349 1
    endloop
  endfacet
  facet normal 0 0 1
    outer loop
      vertex 55.0371 -15.3012 1
      vertex 54.7232 -15.7529 1
      vertex 54.8104 -15.8108 1
    endloop
  endfacet
  facet normal 0 0 1
    outer loop
      vertex 54.3276 -15.4114 1
      vertex 54.7285 -15.0349 1
      vertex 54.6739 -14.9742 1
    endloop
  endfacet
  facet normal 0 0 1
    outer loop
      vertex 54.971 -15.2532 1
      vertex 54.6385 -15.6913 1
      vertex 54.7232 -15.7529 1
    endloop
  endfacet
  facet normal 0 0 1
    outer loop
      vertex 54.2575 -15.3336 1
      vertex 54.6739 -14.9742 1
      vertex 54.6218 -14.9112 1
    endloop
  endfacet
  facet normal 0 0 1
    outer loop
      vertex 54.1908 -15.2529 1
      vertex 54.6218 -14.9112 1
      vertex 54.5724 -14.8462 1
    endloop
  endfacet
  facet normal 0 0 1
    outer loop
      vertex 54.907 -15.2025 1
      vertex 54.5564 -15.6263 1
      vertex 54.6385 -15.6913 1
    endloop
  endfacet
  facet normal 0 0 1
    outer loop
      vertex 54.1275 -15.1695 1
      vertex 54.5724 -14.8462 1
      vertex 54.5258 -14.7791 1
    endloop
  endfacet
  facet normal 0 0 1
    outer loop
      vertex 54.0677 -15.0835 1
      vertex 54.5258 -14.7791 1
      vertex 54.482 -14.7102 1
    endloop
  endfacet
  facet normal 0 0 1
    outer loop
      vertex 54.8452 -15.1491 1
      vertex 54.4772 -15.5579 1
      vertex 54.5564 -15.6263 1
    endloop
  endfacet
  facet normal 0 0 1
    outer loop
      vertex 54.0116 -14.9951 1
      vertex 54.482 -14.7102 1
      vertex 54.4412 -14.6394 1
    endloop
  endfacet
  facet normal 0 0 1
    outer loop
      vertex 53.9592 -14.9044 1
      vertex 54.4412 -14.6394 1
      vertex 54.4034 -14.567 1
    endloop
  endfacet
  facet normal 0 0 1
    outer loop
      vertex 54.7857 -15.0932 1
      vertex 54.4008 -15.4862 1
      vertex 54.4772 -15.5579 1
    endloop
  endfacet
  facet normal 0 0 1
    outer loop
      vertex 53.9107 -14.8116 1
      vertex 54.4034 -14.567 1
      vertex 54.3686 -14.4931 1
    endloop
  endfacet
  facet normal 0 0 1
    outer loop
      vertex 53.8661 -14.7168 1
      vertex 54.3686 -14.4931 1
      vertex 54.3369 -14.4178 1
    endloop
  endfacet
  facet normal 0 0 1
    outer loop
      vertex 54.7285 -15.0349 1
      vertex 54.3276 -15.4114 1
      vertex 54.4008 -15.4862 1
    endloop
  endfacet
  facet normal 0 0 1
    outer loop
      vertex 53.8256 -14.6203 1
      vertex 54.3369 -14.4178 1
      vertex 54.3085 -14.3413 1
    endloop
  endfacet
  facet normal 0 0 1
    outer loop
      vertex 53.7891 -14.5222 1
      vertex 54.3085 -14.3413 1
      vertex 54.2832 -14.2636 1
    endloop
  endfacet
  facet normal 0 0 1
    outer loop
      vertex 53.7567 -14.4226 1
      vertex 54.2832 -14.2636 1
      vertex 54.2613 -14.1849 1
    endloop
  endfacet
  facet normal 0 0 1
    outer loop
      vertex 54.6739 -14.9742 1
      vertex 54.2575 -15.3336 1
      vertex 54.3276 -15.4114 1
    endloop
  endfacet
  facet normal 0 0 1
    outer loop
      vertex 53.7285 -14.3217 1
      vertex 54.2613 -14.1849 1
      vertex 54.2426 -14.1054 1
    endloop
  endfacet
  facet normal 0 0 1
    outer loop
      vertex 53.7046 -14.2198 1
      vertex 54.2426 -14.1054 1
      vertex 54.2273 -14.0252 1
    endloop
  endfacet
  facet normal 0 0 1
    outer loop
      vertex 53.685 -14.1169 1
      vertex 54.2273 -14.0252 1
      vertex 54.2154 -13.9444 1
    endloop
  endfacet
  facet normal 0 0 1
    outer loop
      vertex 53.6697 -14.0133 1
      vertex 54.2154 -13.9444 1
      vertex 54.2068 -13.8632 1
    endloop
  endfacet
  facet normal 0 0 1
    outer loop
      vertex 53.6588 -13.9092 1
      vertex 54.2068 -13.8632 1
      vertex 54.2017 -13.7817 1
    endloop
  endfacet
  facet normal 0 0 1
    outer loop
      vertex 54.6218 -14.9112 1
      vertex 54.1908 -15.2529 1
      vertex 54.2575 -15.3336 1
    endloop
  endfacet
  facet normal 0 0 1
    outer loop
      vertex 53.6522 -13.8047 1
      vertex 54.2017 -13.7817 1
      vertex 54.2 -13.7 1
    endloop
  endfacet
  facet normal 0 0 1
    outer loop
      vertex 54.3085 -13.0587 1
      vertex 53.7891 -12.8778 1
      vertex 54.2832 -13.1364 1
    endloop
  endfacet
  facet normal -0 0 1
    outer loop
      vertex 53.7567 -12.9774 1
      vertex 54.2832 -13.1364 1
      vertex 53.7891 -12.8778 1
    endloop
  endfacet
  facet normal 0 0 1
    outer loop
      vertex 54.5724 -14.8462 1
      vertex 54.1275 -15.1695 1
      vertex 54.1908 -15.2529 1
    endloop
  endfacet
  facet normal 0 0 1
    outer loop
      vertex 54.2832 -13.1364 1
      vertex 53.7567 -12.9774 1
      vertex 54.2613 -13.2151 1
    endloop
  endfacet
  facet normal 0 0 1
    outer loop
      vertex 54.5258 -14.7791 1
      vertex 54.0677 -15.0835 1
      vertex 54.1275 -15.1695 1
    endloop
  endfacet
  facet normal -0 0 1
    outer loop
      vertex 53.7285 -13.0783 1
      vertex 54.2613 -13.2151 1
      vertex 53.7567 -12.9774 1
    endloop
  endfacet
  facet normal 0 0 1
    outer loop
      vertex 54.482 -14.7102 1
      vertex 54.0116 -14.9951 1
      vertex 54.0677 -15.0835 1
    endloop
  endfacet
  facet normal 0 0 1
    outer loop
      vertex 54.2613 -13.2151 1
      vertex 53.7285 -13.0783 1
      vertex 54.2426 -13.2946 1
    endloop
  endfacet
  facet normal 0 0 1
    outer loop
      vertex 54.4412 -14.6394 1
      vertex 53.9592 -14.9044 1
      vertex 54.0116 -14.9951 1
    endloop
  endfacet
  facet normal -0 0 1
    outer loop
      vertex 53.7046 -13.1802 1
      vertex 54.2426 -13.2946 1
      vertex 53.7285 -13.0783 1
    endloop
  endfacet
  facet normal 0 0 1
    outer loop
      vertex 54.4034 -14.567 1
      vertex 53.9107 -14.8116 1
      vertex 53.9592 -14.9044 1
    endloop
  endfacet
  facet normal 0 0 1
    outer loop
      vertex 54.2426 -13.2946 1
      vertex 53.7046 -13.1802 1
      vertex 54.2273 -13.3748 1
    endloop
  endfacet
  facet normal 0 0 1
    outer loop
      vertex 54.3686 -14.4931 1
      vertex 53.8661 -14.7168 1
      vertex 53.9107 -14.8116 1
    endloop
  endfacet
  facet normal -0 0 1
    outer loop
      vertex 53.685 -13.2831 1
      vertex 54.2273 -13.3748 1
      vertex 53.7046 -13.1802 1
    endloop
  endfacet
  facet normal 0 0 1
    outer loop
      vertex 54.3369 -14.4178 1
      vertex 53.8256 -14.6203 1
      vertex 53.8661 -14.7168 1
    endloop
  endfacet
  facet normal 0 0 1
    outer loop
      vertex 54.2273 -13.3748 1
      vertex 53.685 -13.2831 1
      vertex 54.2154 -13.4556 1
    endloop
  endfacet
  facet normal 0 0 1
    outer loop
      vertex 54.3085 -14.3413 1
      vertex 53.7891 -14.5222 1
      vertex 53.8256 -14.6203 1
    endloop
  endfacet
  facet normal -0 0 1
    outer loop
      vertex 53.6697 -13.3867 1
      vertex 54.2154 -13.4556 1
      vertex 53.685 -13.2831 1
    endloop
  endfacet
  facet normal 0 0 1
    outer loop
      vertex 54.2832 -14.2636 1
      vertex 53.7567 -14.4226 1
      vertex 53.7891 -14.5222 1
    endloop
  endfacet
  facet normal 0 0 1
    outer loop
      vertex 54.2154 -13.4556 1
      vertex 53.6697 -13.3867 1
      vertex 54.2068 -13.5368 1
    endloop
  endfacet
  facet normal 0 0 1
    outer loop
      vertex 54.2613 -14.1849 1
      vertex 53.7285 -14.3217 1
      vertex 53.7567 -14.4226 1
    endloop
  endfacet
  facet normal -0 0 1
    outer loop
      vertex 53.6588 -13.4908 1
      vertex 54.2068 -13.5368 1
      vertex 53.6697 -13.3867 1
    endloop
  endfacet
  facet normal 0 0 1
    outer loop
      vertex 54.2426 -14.1054 1
      vertex 53.7046 -14.2198 1
      vertex 53.7285 -14.3217 1
    endloop
  endfacet
  facet normal 0 0 1
    outer loop
      vertex 54.2068 -13.5368 1
      vertex 53.6588 -13.4908 1
      vertex 54.2017 -13.6183 1
    endloop
  endfacet
  facet normal 0 0 1
    outer loop
      vertex 54.2273 -14.0252 1
      vertex 53.685 -14.1169 1
      vertex 53.7046 -14.2198 1
    endloop
  endfacet
  facet normal -0 0 1
    outer loop
      vertex 53.6522 -13.5953 1
      vertex 54.2017 -13.6183 1
      vertex 53.6588 -13.4908 1
    endloop
  endfacet
  facet normal 0 0 1
    outer loop
      vertex 54.2154 -13.9444 1
      vertex 53.6697 -14.0133 1
      vertex 53.685 -14.1169 1
    endloop
  endfacet
  facet normal 0 0 1
    outer loop
      vertex 54.2017 -13.6183 1
      vertex 53.6522 -13.5953 1
      vertex 54.2 -13.7 1
    endloop
  endfacet
  facet normal 0 0 1
    outer loop
      vertex 54.2068 -13.8632 1
      vertex 53.6588 -13.9092 1
      vertex 53.6697 -14.0133 1
    endloop
  endfacet
  facet normal 0 0 1
    outer loop
      vertex 53.65 -13.7 1
      vertex 54.2 -13.7 1
      vertex 53.6522 -13.5953 1
    endloop
  endfacet
  facet normal 0 0 1
    outer loop
      vertex 54.2017 -13.7817 1
      vertex 53.6522 -13.8047 1
      vertex 53.6588 -13.9092 1
    endloop
  endfacet
  facet normal 0 0 1
    outer loop
      vertex 54.2 -13.7 1
      vertex 53.65 -13.7 1
      vertex 53.6522 -13.8047 1
    endloop
  endfacet
  facet normal -0.950863 0.309612 0
    outer loop
      vertex 54.2832 -13.1364 1
      vertex 54.3085 -13.0587 12
      vertex 54.3085 -13.0587 1
    endloop
  endfacet
  facet normal -0.950863 0.309612 0
    outer loop
      vertex 54.3085 -13.0587 12
      vertex 54.2832 -13.1364 1
      vertex 54.2832 -13.1364 12
    endloop
  endfacet
  facet normal -0.86643 -0.499299 0
    outer loop
      vertex 54.482 -14.7102 1
      vertex 54.4412 -14.6394 12
      vertex 54.4412 -14.6394 1
    endloop
  endfacet
  facet normal -0.86643 -0.499299 0
    outer loop
      vertex 54.4412 -14.6394 12
      vertex 54.482 -14.7102 1
      vertex 54.482 -14.7102 12
    endloop
  endfacet
  facet normal 0.124788 0.992183 -0
    outer loop
      vertex 56.4349 -11.7709 1
      vertex 56.3538 -11.7607 12
      vertex 56.4349 -11.7709 12
    endloop
  endfacet
  facet normal 0.124788 0.992183 0
    outer loop
      vertex 56.3538 -11.7607 12
      vertex 56.4349 -11.7709 1
      vertex 56.3538 -11.7607 1
    endloop
  endfacet
  facet normal 0.28892 -0.957353 0
    outer loop
      vertex 56.6744 -15.5782 1
      vertex 56.7526 -15.5546 12
      vertex 56.6744 -15.5782 12
    endloop
  endfacet
  facet normal 0.28892 -0.957353 0
    outer loop
      vertex 56.7526 -15.5546 12
      vertex 56.6744 -15.5782 1
      vertex 56.7526 -15.5546 1
    endloop
  endfacet
  facet normal -0.166584 0.986027 0
    outer loop
      vertex 55.8651 -11.7709 1
      vertex 55.7846 -11.7845 12
      vertex 55.8651 -11.7709 12
    endloop
  endfacet
  facet normal -0.166584 0.986027 0
    outer loop
      vertex 55.7846 -11.7845 12
      vertex 55.8651 -11.7709 1
      vertex 55.7846 -11.7845 1
    endloop
  endfacet
  facet normal -0.0416305 -0.999133 0
    outer loop
      vertex 56.0276 -15.6462 1
      vertex 56.1092 -15.6496 12
      vertex 56.0276 -15.6462 12
    endloop
  endfacet
  facet normal -0.0416305 -0.999133 -0
    outer loop
      vertex 56.1092 -15.6496 12
      vertex 56.0276 -15.6462 1
      vertex 56.1092 -15.6496 1
    endloop
  endfacet
  facet normal 0 0 1
    outer loop
      vertex 58.0983 -13.6183 12
      vertex 58.0983 -13.7817 12
      vertex 58.1 -13.7 12
    endloop
  endfacet
  facet normal 0 0 1
    outer loop
      vertex 58.0932 -13.5368 12
      vertex 58.0983 -13.7817 12
      vertex 58.0983 -13.6183 12
    endloop
  endfacet
  facet normal 0 0 1
    outer loop
      vertex 58.0932 -13.5368 12
      vertex 58.0932 -13.8632 12
      vertex 58.0983 -13.7817 12
    endloop
  endfacet
  facet normal 0 0 1
    outer loop
      vertex 58.0846 -13.4556 12
      vertex 58.0932 -13.8632 12
      vertex 58.0932 -13.5368 12
    endloop
  endfacet
  facet normal 0 0 1
    outer loop
      vertex 58.0846 -13.4556 12
      vertex 58.0846 -13.9444 12
      vertex 58.0932 -13.8632 12
    endloop
  endfacet
  facet normal 0 0 1
    outer loop
      vertex 58.0727 -13.3748 12
      vertex 58.0846 -13.9444 12
      vertex 58.0846 -13.4556 12
    endloop
  endfacet
  facet normal 0 0 1
    outer loop
      vertex 58.0727 -13.3748 12
      vertex 58.0727 -14.0252 12
      vertex 58.0846 -13.9444 12
    endloop
  endfacet
  facet normal 0 0 1
    outer loop
      vertex 58.0574 -13.2946 12
      vertex 58.0727 -14.0252 12
      vertex 58.0727 -13.3748 12
    endloop
  endfacet
  facet normal 0 0 1
    outer loop
      vertex 58.0574 -13.2946 12
      vertex 58.0574 -14.1054 12
      vertex 58.0727 -14.0252 12
    endloop
  endfacet
  facet normal 0 0 1
    outer loop
      vertex 58.0387 -13.2151 12
      vertex 58.0574 -14.1054 12
      vertex 58.0574 -13.2946 12
    endloop
  endfacet
  facet normal 0 0 1
    outer loop
      vertex 58.0387 -13.2151 12
      vertex 58.0387 -14.1849 12
      vertex 58.0574 -14.1054 12
    endloop
  endfacet
  facet normal 0 0 1
    outer loop
      vertex 58.0168 -13.1364 12
      vertex 58.0387 -14.1849 12
      vertex 58.0387 -13.2151 12
    endloop
  endfacet
  facet normal 0 0 1
    outer loop
      vertex 58.0168 -13.1364 12
      vertex 58.0168 -14.2636 12
      vertex 58.0387 -14.1849 12
    endloop
  endfacet
  facet normal 0 0 1
    outer loop
      vertex 57.9915 -13.0587 12
      vertex 58.0168 -14.2636 12
      vertex 58.0168 -13.1364 12
    endloop
  endfacet
  facet normal 0 0 1
    outer loop
      vertex 57.9915 -13.0587 12
      vertex 57.9915 -14.3413 12
      vertex 58.0168 -14.2636 12
    endloop
  endfacet
  facet normal 0 0 1
    outer loop
      vertex 57.9631 -12.9822 12
      vertex 57.9915 -14.3413 12
      vertex 57.9915 -13.0587 12
    endloop
  endfacet
  facet normal 0 0 1
    outer loop
      vertex 57.9631 -12.9822 12
      vertex 57.9631 -14.4178 12
      vertex 57.9915 -14.3413 12
    endloop
  endfacet
  facet normal 0 0 1
    outer loop
      vertex 57.9314 -12.9069 12
      vertex 57.9631 -14.4178 12
      vertex 57.9631 -12.9822 12
    endloop
  endfacet
  facet normal 0 0 1
    outer loop
      vertex 57.9314 -12.9069 12
      vertex 57.9314 -14.4931 12
      vertex 57.9631 -14.4178 12
    endloop
  endfacet
  facet normal 0 0 1
    outer loop
      vertex 57.8966 -12.833 12
      vertex 57.9314 -14.4931 12
      vertex 57.9314 -12.9069 12
    endloop
  endfacet
  facet normal 0 0 1
    outer loop
      vertex 57.8966 -12.833 12
      vertex 57.8966 -14.567 12
      vertex 57.9314 -14.4931 12
    endloop
  endfacet
  facet normal 0 0 1
    outer loop
      vertex 57.8588 -12.7606 12
      vertex 57.8966 -14.567 12
      vertex 57.8966 -12.833 12
    endloop
  endfacet
  facet normal 0 0 1
    outer loop
      vertex 57.8588 -12.7606 12
      vertex 57.8588 -14.6394 12
      vertex 57.8966 -14.567 12
    endloop
  endfacet
  facet normal 0 0 1
    outer loop
      vertex 57.818 -12.6898 12
      vertex 57.8588 -14.6394 12
      vertex 57.8588 -12.7606 12
    endloop
  endfacet
  facet normal 0 0 1
    outer loop
      vertex 57.818 -12.6898 12
      vertex 57.818 -14.7102 12
      vertex 57.8588 -14.6394 12
    endloop
  endfacet
  facet normal 0 0 1
    outer loop
      vertex 57.7742 -12.6209 12
      vertex 57.818 -14.7102 12
      vertex 57.818 -12.6898 12
    endloop
  endfacet
  facet normal 0 0 1
    outer loop
      vertex 57.7742 -12.6209 12
      vertex 57.7742 -14.7791 12
      vertex 57.818 -14.7102 12
    endloop
  endfacet
  facet normal 0 0 1
    outer loop
      vertex 57.7276 -12.5538 12
      vertex 57.7742 -14.7791 12
      vertex 57.7742 -12.6209 12
    endloop
  endfacet
  facet normal 0 0 1
    outer loop
      vertex 57.7276 -12.5538 12
      vertex 57.7276 -14.8462 12
      vertex 57.7742 -14.7791 12
    endloop
  endfacet
  facet normal 0 0 1
    outer loop
      vertex 57.6782 -12.4888 12
      vertex 57.7276 -14.8462 12
      vertex 57.7276 -12.5538 12
    endloop
  endfacet
  facet normal 0 0 1
    outer loop
      vertex 57.6782 -12.4888 12
      vertex 57.6782 -14.9112 12
      vertex 57.7276 -14.8462 12
    endloop
  endfacet
  facet normal 0 0 1
    outer loop
      vertex 57.6261 -12.4258 12
      vertex 57.6782 -14.9112 12
      vertex 57.6782 -12.4888 12
    endloop
  endfacet
  facet normal 0 0 1
    outer loop
      vertex 57.6261 -12.4258 12
      vertex 57.6261 -14.9742 12
      vertex 57.6782 -14.9112 12
    endloop
  endfacet
  facet normal 0 0 1
    outer loop
      vertex 57.5715 -12.3651 12
      vertex 57.6261 -14.9742 12
      vertex 57.6261 -12.4258 12
    endloop
  endfacet
  facet normal 0 0 1
    outer loop
      vertex 57.5715 -12.3651 12
      vertex 57.5715 -15.0349 12
      vertex 57.6261 -14.9742 12
    endloop
  endfacet
  facet normal 0 0 1
    outer loop
      vertex 57.5143 -12.3068 12
      vertex 57.5715 -15.0349 12
      vertex 57.5715 -12.3651 12
    endloop
  endfacet
  facet normal 0 0 1
    outer loop
      vertex 57.5143 -12.3068 12
      vertex 57.5143 -15.0932 12
      vertex 57.5715 -15.0349 12
    endloop
  endfacet
  facet normal 0 0 1
    outer loop
      vertex 57.4548 -12.2509 12
      vertex 57.5143 -15.0932 12
      vertex 57.5143 -12.3068 12
    endloop
  endfacet
  facet normal 0 0 1
    outer loop
      vertex 57.4548 -12.2509 12
      vertex 57.4548 -15.1491 12
      vertex 57.5143 -15.0932 12
    endloop
  endfacet
  facet normal 0 0 1
    outer loop
      vertex 57.393 -12.1975 12
      vertex 57.4548 -15.1491 12
      vertex 57.4548 -12.2509 12
    endloop
  endfacet
  facet normal 0 0 1
    outer loop
      vertex 57.393 -12.1975 12
      vertex 57.393 -15.2025 12
      vertex 57.4548 -15.1491 12
    endloop
  endfacet
  facet normal 0 0 1
    outer loop
      vertex 57.329 -12.1468 12
      vertex 57.393 -15.2025 12
      vertex 57.393 -12.1975 12
    endloop
  endfacet
  facet normal 0 0 1
    outer loop
      vertex 57.329 -12.1468 12
      vertex 57.329 -15.2532 12
      vertex 57.393 -15.2025 12
    endloop
  endfacet
  facet normal 0 0 1
    outer loop
      vertex 57.2629 -12.0988 12
      vertex 57.329 -15.2532 12
      vertex 57.329 -12.1468 12
    endloop
  endfacet
  facet normal 0 0 1
    outer loop
      vertex 57.2629 -12.0988 12
      vertex 57.2629 -15.3012 12
      vertex 57.329 -15.2532 12
    endloop
  endfacet
  facet normal 0 0 1
    outer loop
      vertex 57.1949 -12.0536 12
      vertex 57.2629 -15.3012 12
      vertex 57.2629 -12.0988 12
    endloop
  endfacet
  facet normal 0 0 1
    outer loop
      vertex 57.1949 -12.0536 12
      vertex 57.1949 -15.3464 12
      vertex 57.2629 -15.3012 12
    endloop
  endfacet
  facet normal 0 0 1
    outer loop
      vertex 57.125 -12.0112 12
      vertex 57.1949 -15.3464 12
      vertex 57.1949 -12.0536 12
    endloop
  endfacet
  facet normal 0 0 1
    outer loop
      vertex 57.125 -12.0112 12
      vertex 57.125 -15.3887 12
      vertex 57.1949 -15.3464 12
    endloop
  endfacet
  facet normal 0 0 1
    outer loop
      vertex 57.0534 -11.9719 12
      vertex 57.125 -15.3887 12
      vertex 57.125 -12.0112 12
    endloop
  endfacet
  facet normal 0 0 1
    outer loop
      vertex 57.0534 -11.9719 12
      vertex 57.0534 -15.4281 12
      vertex 57.125 -15.3887 12
    endloop
  endfacet
  facet normal 0 0 1
    outer loop
      vertex 56.9803 -11.9356 12
      vertex 57.0534 -15.4281 12
      vertex 57.0534 -11.9719 12
    endloop
  endfacet
  facet normal 0 0 1
    outer loop
      vertex 56.9803 -11.9356 12
      vertex 56.9803 -15.4644 12
      vertex 57.0534 -15.4281 12
    endloop
  endfacet
  facet normal 0 0 1
    outer loop
      vertex 56.9057 -11.9024 12
      vertex 56.9803 -15.4644 12
      vertex 56.9803 -11.9356 12
    endloop
  endfacet
  facet normal 0 0 1
    outer loop
      vertex 56.9057 -11.9024 12
      vertex 56.9057 -15.4976 12
      vertex 56.9803 -15.4644 12
    endloop
  endfacet
  facet normal 0 0 1
    outer loop
      vertex 56.8297 -11.8723 12
      vertex 56.9057 -15.4976 12
      vertex 56.9057 -11.9024 12
    endloop
  endfacet
  facet normal 0 0 1
    outer loop
      vertex 56.8297 -11.8723 12
      vertex 56.8297 -15.5277 12
      vertex 56.9057 -15.4976 12
    endloop
  endfacet
  facet normal 0 0 1
    outer loop
      vertex 56.7526 -11.8454 12
      vertex 56.8297 -15.5277 12
      vertex 56.8297 -11.8723 12
    endloop
  endfacet
  facet normal 0 0 1
    outer loop
      vertex 56.7526 -11.8454 12
      vertex 56.7526 -15.5546 12
      vertex 56.8297 -15.5277 12
    endloop
  endfacet
  facet normal 0 0 1
    outer loop
      vertex 56.6744 -11.8218 12
      vertex 56.7526 -15.5546 12
      vertex 56.7526 -11.8454 12
    endloop
  endfacet
  facet normal 0 0 1
    outer loop
      vertex 56.6744 -11.8218 12
      vertex 56.6744 -15.5782 12
      vertex 56.7526 -15.5546 12
    endloop
  endfacet
  facet normal 0 0 1
    outer loop
      vertex 56.5953 -11.8015 12
      vertex 56.6744 -15.5782 12
      vertex 56.6744 -11.8218 12
    endloop
  endfacet
  facet normal 0 0 1
    outer loop
      vertex 56.5953 -11.8015 12
      vertex 56.5953 -15.5985 12
      vertex 56.6744 -15.5782 12
    endloop
  endfacet
  facet normal 0 0 1
    outer loop
      vertex 56.5154 -11.7845 12
      vertex 56.5953 -15.5985 12
      vertex 56.5953 -11.8015 12
    endloop
  endfacet
  facet normal 0 0 1
    outer loop
      vertex 56.5154 -11.7845 12
      vertex 56.5154 -15.6155 12
      vertex 56.5953 -15.5985 12
    endloop
  endfacet
  facet normal 0 0 1
    outer loop
      vertex 56.4349 -11.7709 12
      vertex 56.5154 -15.6155 12
      vertex 56.5154 -11.7845 12
    endloop
  endfacet
  facet normal 0 0 1
    outer loop
      vertex 56.4349 -11.7709 12
      vertex 56.4349 -15.6291 12
      vertex 56.5154 -15.6155 12
    endloop
  endfacet
  facet normal 0 0 1
    outer loop
      vertex 56.3538 -11.7607 12
      vertex 56.4349 -15.6291 12
      vertex 56.4349 -11.7709 12
    endloop
  endfacet
  facet normal 0 0 1
    outer loop
      vertex 56.3538 -11.7607 12
      vertex 56.3538 -15.6393 12
      vertex 56.4349 -15.6291 12
    endloop
  endfacet
  facet normal 0 0 1
    outer loop
      vertex 56.2724 -11.7538 12
      vertex 56.3538 -15.6393 12
      vertex 56.3538 -11.7607 12
    endloop
  endfacet
  facet normal 0 0 1
    outer loop
      vertex 56.2724 -11.7538 12
      vertex 56.2724 -15.6462 12
      vertex 56.3538 -15.6393 12
    endloop
  endfacet
  facet normal 0 0 1
    outer loop
      vertex 56.1908 -11.7504 12
      vertex 56.2724 -15.6462 12
      vertex 56.2724 -11.7538 12
    endloop
  endfacet
  facet normal 0 0 1
    outer loop
      vertex 56.1908 -11.7504 12
      vertex 56.1908 -15.6496 12
      vertex 56.2724 -15.6462 12
    endloop
  endfacet
  facet normal -0 0 1
    outer loop
      vertex 56.1092 -11.7504 12
      vertex 56.1908 -15.6496 12
      vertex 56.1908 -11.7504 12
    endloop
  endfacet
  facet normal 0 0 1
    outer loop
      vertex 56.1092 -11.7504 12
      vertex 56.1092 -15.6496 12
      vertex 56.1908 -15.6496 12
    endloop
  endfacet
  facet normal -0 0 1
    outer loop
      vertex 56.0276 -11.7538 12
      vertex 56.1092 -15.6496 12
      vertex 56.1092 -11.7504 12
    endloop
  endfacet
  facet normal 0 0 1
    outer loop
      vertex 56.0276 -11.7538 12
      vertex 56.0276 -15.6462 12
      vertex 56.1092 -15.6496 12
    endloop
  endfacet
  facet normal -0 0 1
    outer loop
      vertex 55.9462 -11.7607 12
      vertex 56.0276 -15.6462 12
      vertex 56.0276 -11.7538 12
    endloop
  endfacet
  facet normal 0 0 1
    outer loop
      vertex 55.9462 -11.7607 12
      vertex 55.9462 -15.6393 12
      vertex 56.0276 -15.6462 12
    endloop
  endfacet
  facet normal -0 0 1
    outer loop
      vertex 55.8651 -11.7709 12
      vertex 55.9462 -15.6393 12
      vertex 55.9462 -11.7607 12
    endloop
  endfacet
  facet normal 0 0 1
    outer loop
      vertex 55.8651 -11.7709 12
      vertex 55.8651 -15.6291 12
      vertex 55.9462 -15.6393 12
    endloop
  endfacet
  facet normal -0 0 1
    outer loop
      vertex 55.7846 -11.7845 12
      vertex 55.8651 -15.6291 12
      vertex 55.8651 -11.7709 12
    endloop
  endfacet
  facet normal 0 0 1
    outer loop
      vertex 55.7846 -11.7845 12
      vertex 55.7846 -15.6155 12
      vertex 55.8651 -15.6291 12
    endloop
  endfacet
  facet normal -0 0 1
    outer loop
      vertex 55.7047 -11.8015 12
      vertex 55.7846 -15.6155 12
      vertex 55.7846 -11.7845 12
    endloop
  endfacet
  facet normal 0 0 1
    outer loop
      vertex 55.7047 -11.8015 12
      vertex 55.7047 -15.5985 12
      vertex 55.7846 -15.6155 12
    endloop
  endfacet
  facet normal -0 0 1
    outer loop
      vertex 55.6256 -11.8218 12
      vertex 55.7047 -15.5985 12
      vertex 55.7047 -11.8015 12
    endloop
  endfacet
  facet normal 0 0 1
    outer loop
      vertex 55.6256 -11.8218 12
      vertex 55.6256 -15.5782 12
      vertex 55.7047 -15.5985 12
    endloop
  endfacet
  facet normal -0 0 1
    outer loop
      vertex 55.5474 -11.8454 12
      vertex 55.6256 -15.5782 12
      vertex 55.6256 -11.8218 12
    endloop
  endfacet
  facet normal 0 0 1
    outer loop
      vertex 55.5474 -11.8454 12
      vertex 55.5474 -15.5546 12
      vertex 55.6256 -15.5782 12
    endloop
  endfacet
  facet normal -0 0 1
    outer loop
      vertex 55.4703 -11.8723 12
      vertex 55.5474 -15.5546 12
      vertex 55.5474 -11.8454 12
    endloop
  endfacet
  facet normal 0 0 1
    outer loop
      vertex 55.4703 -11.8723 12
      vertex 55.4703 -15.5277 12
      vertex 55.5474 -15.5546 12
    endloop
  endfacet
  facet normal -0 0 1
    outer loop
      vertex 55.3943 -11.9024 12
      vertex 55.4703 -15.5277 12
      vertex 55.4703 -11.8723 12
    endloop
  endfacet
  facet normal 0 0 1
    outer loop
      vertex 55.3943 -11.9024 12
      vertex 55.3943 -15.4976 12
      vertex 55.4703 -15.5277 12
    endloop
  endfacet
  facet normal -0 0 1
    outer loop
      vertex 55.3197 -11.9356 12
      vertex 55.3943 -15.4976 12
      vertex 55.3943 -11.9024 12
    endloop
  endfacet
  facet normal 0 0 1
    outer loop
      vertex 55.3197 -11.9356 12
      vertex 55.3197 -15.4644 12
      vertex 55.3943 -15.4976 12
    endloop
  endfacet
  facet normal -0 0 1
    outer loop
      vertex 55.2466 -11.9719 12
      vertex 55.3197 -15.4644 12
      vertex 55.3197 -11.9356 12
    endloop
  endfacet
  facet normal 0 0 1
    outer loop
      vertex 55.2466 -11.9719 12
      vertex 55.2466 -15.4281 12
      vertex 55.3197 -15.4644 12
    endloop
  endfacet
  facet normal -0 0 1
    outer loop
      vertex 55.175 -12.0112 12
      vertex 55.2466 -15.4281 12
      vertex 55.2466 -11.9719 12
    endloop
  endfacet
  facet normal 0 0 1
    outer loop
      vertex 55.175 -12.0112 12
      vertex 55.175 -15.3887 12
      vertex 55.2466 -15.4281 12
    endloop
  endfacet
  facet normal -0 0 1
    outer loop
      vertex 55.1051 -12.0536 12
      vertex 55.175 -15.3887 12
      vertex 55.175 -12.0112 12
    endloop
  endfacet
  facet normal 0 0 1
    outer loop
      vertex 55.1051 -12.0536 12
      vertex 55.1051 -15.3464 12
      vertex 55.175 -15.3887 12
    endloop
  endfacet
  facet normal -0 0 1
    outer loop
      vertex 55.0371 -12.0988 12
      vertex 55.1051 -15.3464 12
      vertex 55.1051 -12.0536 12
    endloop
  endfacet
  facet normal 0 0 1
    outer loop
      vertex 55.0371 -12.0988 12
      vertex 55.0371 -15.3012 12
      vertex 55.1051 -15.3464 12
    endloop
  endfacet
  facet normal -0 0 1
    outer loop
      vertex 54.971 -12.1468 12
      vertex 55.0371 -15.3012 12
      vertex 55.0371 -12.0988 12
    endloop
  endfacet
  facet normal 0 0 1
    outer loop
      vertex 54.971 -12.1468 12
      vertex 54.971 -15.2532 12
      vertex 55.0371 -15.3012 12
    endloop
  endfacet
  facet normal -0 0 1
    outer loop
      vertex 54.907 -12.1975 12
      vertex 54.971 -15.2532 12
      vertex 54.971 -12.1468 12
    endloop
  endfacet
  facet normal 0 0 1
    outer loop
      vertex 54.907 -12.1975 12
      vertex 54.907 -15.2025 12
      vertex 54.971 -15.2532 12
    endloop
  endfacet
  facet normal -0 0 1
    outer loop
      vertex 54.8452 -12.2509 12
      vertex 54.907 -15.2025 12
      vertex 54.907 -12.1975 12
    endloop
  endfacet
  facet normal 0 0 1
    outer loop
      vertex 54.8452 -12.2509 12
      vertex 54.8452 -15.1491 12
      vertex 54.907 -15.2025 12
    endloop
  endfacet
  facet normal -0 0 1
    outer loop
      vertex 54.7857 -12.3068 12
      vertex 54.8452 -15.1491 12
      vertex 54.8452 -12.2509 12
    endloop
  endfacet
  facet normal 0 0 1
    outer loop
      vertex 54.7857 -12.3068 12
      vertex 54.7857 -15.0932 12
      vertex 54.8452 -15.1491 12
    endloop
  endfacet
  facet normal -0 0 1
    outer loop
      vertex 54.7285 -12.3651 12
      vertex 54.7857 -15.0932 12
      vertex 54.7857 -12.3068 12
    endloop
  endfacet
  facet normal 0 0 1
    outer loop
      vertex 54.7285 -12.3651 12
      vertex 54.7285 -15.0349 12
      vertex 54.7857 -15.0932 12
    endloop
  endfacet
  facet normal -0 0 1
    outer loop
      vertex 54.6739 -12.4258 12
      vertex 54.7285 -15.0349 12
      vertex 54.7285 -12.3651 12
    endloop
  endfacet
  facet normal 0 0 1
    outer loop
      vertex 54.6739 -12.4258 12
      vertex 54.6739 -14.9742 12
      vertex 54.7285 -15.0349 12
    endloop
  endfacet
  facet normal -0 0 1
    outer loop
      vertex 54.6218 -12.4888 12
      vertex 54.6739 -14.9742 12
      vertex 54.6739 -12.4258 12
    endloop
  endfacet
  facet normal 0 0 1
    outer loop
      vertex 54.6218 -12.4888 12
      vertex 54.6218 -14.9112 12
      vertex 54.6739 -14.9742 12
    endloop
  endfacet
  facet normal -0 0 1
    outer loop
      vertex 54.5724 -12.5538 12
      vertex 54.6218 -14.9112 12
      vertex 54.6218 -12.4888 12
    endloop
  endfacet
  facet normal 0 0 1
    outer loop
      vertex 54.5724 -12.5538 12
      vertex 54.5724 -14.8462 12
      vertex 54.6218 -14.9112 12
    endloop
  endfacet
  facet normal -0 0 1
    outer loop
      vertex 54.5258 -12.6209 12
      vertex 54.5724 -14.8462 12
      vertex 54.5724 -12.5538 12
    endloop
  endfacet
  facet normal 0 0 1
    outer loop
      vertex 54.5258 -12.6209 12
      vertex 54.5258 -14.7791 12
      vertex 54.5724 -14.8462 12
    endloop
  endfacet
  facet normal -0 0 1
    outer loop
      vertex 54.482 -12.6898 12
      vertex 54.5258 -14.7791 12
      vertex 54.5258 -12.6209 12
    endloop
  endfacet
  facet normal 0 0 1
    outer loop
      vertex 54.482 -12.6898 12
      vertex 54.482 -14.7102 12
      vertex 54.5258 -14.7791 12
    endloop
  endfacet
  facet normal -0 0 1
    outer loop
      vertex 54.4412 -12.7606 12
      vertex 54.482 -14.7102 12
      vertex 54.482 -12.6898 12
    endloop
  endfacet
  facet normal 0 0 1
    outer loop
      vertex 54.4412 -12.7606 12
      vertex 54.4412 -14.6394 12
      vertex 54.482 -14.7102 12
    endloop
  endfacet
  facet normal -0 0 1
    outer loop
      vertex 54.4034 -12.833 12
      vertex 54.4412 -14.6394 12
      vertex 54.4412 -12.7606 12
    endloop
  endfacet
  facet normal 0 0 1
    outer loop
      vertex 54.4034 -12.833 12
      vertex 54.4034 -14.567 12
      vertex 54.4412 -14.6394 12
    endloop
  endfacet
  facet normal -0 0 1
    outer loop
      vertex 54.3686 -12.9069 12
      vertex 54.4034 -14.567 12
      vertex 54.4034 -12.833 12
    endloop
  endfacet
  facet normal 0 0 1
    outer loop
      vertex 54.3686 -12.9069 12
      vertex 54.3686 -14.4931 12
      vertex 54.4034 -14.567 12
    endloop
  endfacet
  facet normal -0 0 1
    outer loop
      vertex 54.3369 -12.9822 12
      vertex 54.3686 -14.4931 12
      vertex 54.3686 -12.9069 12
    endloop
  endfacet
  facet normal 0 0 1
    outer loop
      vertex 54.3369 -12.9822 12
      vertex 54.3369 -14.4178 12
      vertex 54.3686 -14.4931 12
    endloop
  endfacet
  facet normal -0 0 1
    outer loop
      vertex 54.3085 -13.0587 12
      vertex 54.3369 -14.4178 12
      vertex 54.3369 -12.9822 12
    endloop
  endfacet
  facet normal 0 0 1
    outer loop
      vertex 54.3085 -13.0587 12
      vertex 54.3085 -14.3413 12
      vertex 54.3369 -14.4178 12
    endloop
  endfacet
  facet normal -0 0 1
    outer loop
      vertex 54.2832 -13.1364 12
      vertex 54.3085 -14.3413 12
      vertex 54.3085 -13.0587 12
    endloop
  endfacet
  facet normal 0 0 1
    outer loop
      vertex 54.2832 -13.1364 12
      vertex 54.2832 -14.2636 12
      vertex 54.3085 -14.3413 12
    endloop
  endfacet
  facet normal -0 0 1
    outer loop
      vertex 54.2613 -13.2151 12
      vertex 54.2832 -14.2636 12
      vertex 54.2832 -13.1364 12
    endloop
  endfacet
  facet normal 0 0 1
    outer loop
      vertex 54.2613 -13.2151 12
      vertex 54.2613 -14.1849 12
      vertex 54.2832 -14.2636 12
    endloop
  endfacet
  facet normal -0 0 1
    outer loop
      vertex 54.2426 -13.2946 12
      vertex 54.2613 -14.1849 12
      vertex 54.2613 -13.2151 12
    endloop
  endfacet
  facet normal 0 0 1
    outer loop
      vertex 54.2426 -13.2946 12
      vertex 54.2426 -14.1054 12
      vertex 54.2613 -14.1849 12
    endloop
  endfacet
  facet normal -0 0 1
    outer loop
      vertex 54.2273 -13.3748 12
      vertex 54.2426 -14.1054 12
      vertex 54.2426 -13.2946 12
    endloop
  endfacet
  facet normal 0 0 1
    outer loop
      vertex 54.2273 -13.3748 12
      vertex 54.2273 -14.0252 12
      vertex 54.2426 -14.1054 12
    endloop
  endfacet
  facet normal -0 0 1
    outer loop
      vertex 54.2154 -13.4556 12
      vertex 54.2273 -14.0252 12
      vertex 54.2273 -13.3748 12
    endloop
  endfacet
  facet normal 0 0 1
    outer loop
      vertex 54.2154 -13.4556 12
      vertex 54.2154 -13.9444 12
      vertex 54.2273 -14.0252 12
    endloop
  endfacet
  facet normal -0 0 1
    outer loop
      vertex 54.2068 -13.5368 12
      vertex 54.2154 -13.9444 12
      vertex 54.2154 -13.4556 12
    endloop
  endfacet
  facet normal 0 0 1
    outer loop
      vertex 54.2068 -13.5368 12
      vertex 54.2068 -13.8632 12
      vertex 54.2154 -13.9444 12
    endloop
  endfacet
  facet normal -0 0 1
    outer loop
      vertex 54.2017 -13.6183 12
      vertex 54.2068 -13.8632 12
      vertex 54.2068 -13.5368 12
    endloop
  endfacet
  facet normal 0 0 1
    outer loop
      vertex 54.2017 -13.6183 12
      vertex 54.2017 -13.7817 12
      vertex 54.2068 -13.8632 12
    endloop
  endfacet
  facet normal 0 -0 1
    outer loop
      vertex 54.2017 -13.7817 12
      vertex 54.2017 -13.6183 12
      vertex 54.2 -13.7 12
    endloop
  endfacet
  facet normal 0.937482 0.348033 0
    outer loop
      vertex 57.9915 -13.0587 12
      vertex 57.9631 -12.9822 1
      vertex 57.9631 -12.9822 12
    endloop
  endfacet
  facet normal 0.937482 0.348033 0
    outer loop
      vertex 57.9631 -12.9822 1
      vertex 57.9915 -13.0587 12
      vertex 57.9915 -13.0587 1
    endloop
  endfacet
  facet normal -0.843914 0.536479 0
    outer loop
      vertex 54.482 -12.6898 1
      vertex 54.5258 -12.6209 12
      vertex 54.5258 -12.6209 1
    endloop
  endfacet
  facet normal -0.843914 0.536479 0
    outer loop
      vertex 54.5258 -12.6209 12
      vertex 54.482 -12.6898 1
      vertex 54.482 -12.6898 12
    endloop
  endfacet
  facet normal 0.86643 0.499299 0
    outer loop
      vertex 57.8588 -12.7606 12
      vertex 57.818 -12.6898 1
      vertex 57.818 -12.6898 12
    endloop
  endfacet
  facet normal 0.86643 0.499299 0
    outer loop
      vertex 57.818 -12.6898 1
      vertex 57.8588 -12.7606 12
      vertex 57.8588 -12.7606 1
    endloop
  endfacet
  facet normal 0.821354 0.570419 0
    outer loop
      vertex 57.7742 -12.6209 12
      vertex 57.7276 -12.5538 1
      vertex 57.7276 -12.5538 12
    endloop
  endfacet
  facet normal 0.821354 0.570419 0
    outer loop
      vertex 57.7276 -12.5538 1
      vertex 57.7742 -12.6209 12
      vertex 57.7742 -12.6209 1
    endloop
  endfacet
  facet normal 0.770622 0.637292 0
    outer loop
      vertex 57.6782 -12.4888 12
      vertex 57.6261 -12.4258 1
      vertex 57.6261 -12.4258 12
    endloop
  endfacet
  facet normal 0.770622 0.637292 0
    outer loop
      vertex 57.6261 -12.4258 1
      vertex 57.6782 -12.4888 12
      vertex 57.6782 -12.4888 1
    endloop
  endfacet
  facet normal 0.743477 0.668762 0
    outer loop
      vertex 57.6261 -12.4258 12
      vertex 57.5715 -12.3651 1
      vertex 57.5715 -12.3651 12
    endloop
  endfacet
  facet normal 0.743477 0.668762 0
    outer loop
      vertex 57.5715 -12.3651 1
      vertex 57.6261 -12.4258 12
      vertex 57.6261 -12.4258 1
    endloop
  endfacet
  facet normal -0.518627 0.855001 0
    outer loop
      vertex 55.175 -12.0112 1
      vertex 55.1051 -12.0536 12
      vertex 55.175 -12.0112 12
    endloop
  endfacet
  facet normal -0.518627 0.855001 0
    outer loop
      vertex 55.1051 -12.0536 12
      vertex 55.175 -12.0112 1
      vertex 55.1051 -12.0536 1
    endloop
  endfacet
  facet normal -0.248582 0.968611 0
    outer loop
      vertex 55.7047 -11.8015 1
      vertex 55.6256 -11.8218 12
      vertex 55.7047 -11.8015 12
    endloop
  endfacet
  facet normal -0.248582 0.968611 0
    outer loop
      vertex 55.6256 -11.8218 12
      vertex 55.7047 -11.8015 1
      vertex 55.6256 -11.8218 1
    endloop
  endfacet
  facet normal -0.0844637 0.996427 0
    outer loop
      vertex 56.0276 -11.7538 1
      vertex 55.9462 -11.7607 12
      vertex 56.0276 -11.7538 12
    endloop
  endfacet
  facet normal -0.0844637 0.996427 0
    outer loop
      vertex 55.9462 -11.7607 12
      vertex 56.0276 -11.7538 1
      vertex 55.9462 -11.7607 1
    endloop
  endfacet
  facet normal -0.124788 0.992183 0
    outer loop
      vertex 55.9462 -11.7607 1
      vertex 55.8651 -11.7709 12
      vertex 55.9462 -11.7607 12
    endloop
  endfacet
  facet normal -0.124788 0.992183 0
    outer loop
      vertex 55.8651 -11.7709 12
      vertex 55.9462 -11.7607 1
      vertex 55.8651 -11.7709 1
    endloop
  endfacet
  facet normal 0.998011 0.0630323 0
    outer loop
      vertex 58.6478 -13.5953 1
      vertex 58.6412 -13.4908 -1
      vertex 58.6412 -13.4908 1
    endloop
  endfacet
  facet normal 0.998011 0.0630323 0
    outer loop
      vertex 58.6412 -13.4908 -1
      vertex 58.6478 -13.5953 1
      vertex 58.6478 -13.5953 -1
    endloop
  endfacet
  facet normal -0.289451 -0.957193 0
    outer loop
      vertex 55.3775 -16.0776 -1
      vertex 55.4777 -16.1079 1
      vertex 55.3775 -16.0776 1
    endloop
  endfacet
  facet normal -0.289451 -0.957193 -0
    outer loop
      vertex 55.4777 -16.1079 1
      vertex 55.3775 -16.0776 -1
      vertex 55.4777 -16.1079 -1
    endloop
  endfacet
  facet normal -0.922084 -0.386989 0
    outer loop
      vertex 53.8661 -14.7168 -1
      vertex 53.8256 -14.6203 1
      vertex 53.8256 -14.6203 -1
    endloop
  endfacet
  facet normal -0.922084 -0.386989 0
    outer loop
      vertex 53.8256 -14.6203 1
      vertex 53.8661 -14.7168 -1
      vertex 53.8661 -14.7168 1
    endloop
  endfacet
  facet normal 0.999779 0.0210078 0
    outer loop
      vertex 58.65 -13.7 1
      vertex 58.6478 -13.5953 -1
      vertex 58.6478 -13.5953 1
    endloop
  endfacet
  facet normal 0.999779 0.0210078 0
    outer loop
      vertex 58.6478 -13.5953 -1
      vertex 58.65 -13.7 1
      vertex 58.65 -13.7 -1
    endloop
  endfacet
  facet normal -0.95095 -0.309345 0
    outer loop
      vertex 53.7891 -14.5222 -1
      vertex 53.7567 -14.4226 1
      vertex 53.7567 -14.4226 -1
    endloop
  endfacet
  facet normal -0.95095 -0.309345 0
    outer loop
      vertex 53.7567 -14.4226 1
      vertex 53.7891 -14.5222 -1
      vertex 53.7891 -14.5222 1
    endloop
  endfacet
  facet normal -0.98927 0.146099 0
    outer loop
      vertex 53.6697 -13.3867 -1
      vertex 53.685 -13.2831 1
      vertex 53.685 -13.2831 -1
    endloop
  endfacet
  facet normal -0.98927 0.146099 0
    outer loop
      vertex 53.685 -13.2831 1
      vertex 53.6697 -13.3867 -1
      vertex 53.6697 -13.3867 1
    endloop
  endfacet
  facet normal 0.937229 0.348714 0
    outer loop
      vertex 58.5109 -12.8778 1
      vertex 58.4744 -12.7797 -1
      vertex 58.4744 -12.7797 1
    endloop
  endfacet
  facet normal 0.937229 0.348714 0
    outer loop
      vertex 58.4744 -12.7797 -1
      vertex 58.5109 -12.8778 1
      vertex 58.5109 -12.8778 -1
    endloop
  endfacet
  facet normal 0.289451 0.957193 -0
    outer loop
      vertex 56.9225 -11.3224 -1
      vertex 56.8223 -11.2921 1
      vertex 56.9225 -11.3224 1
    endloop
  endfacet
  facet normal 0.289451 0.957193 0
    outer loop
      vertex 56.8223 -11.2921 1
      vertex 56.9225 -11.3224 -1
      vertex 56.8223 -11.2921 -1
    endloop
  endfacet
  facet normal -0.714709 -0.699422 0
    outer loop
      vertex 54.4008 -15.4862 -1
      vertex 54.3276 -15.4114 1
      vertex 54.3276 -15.4114 -1
    endloop
  endfacet
  facet normal -0.714709 -0.699422 0
    outer loop
      vertex 54.3276 -15.4114 1
      vertex 54.4008 -15.4862 -1
      vertex 54.4008 -15.4862 1
    endloop
  endfacet
  facet normal 0.98927 -0.146099 0
    outer loop
      vertex 58.615 -14.1169 1
      vertex 58.6303 -14.0133 -1
      vertex 58.6303 -14.0133 1
    endloop
  endfacet
  facet normal 0.98927 -0.146099 0
    outer loop
      vertex 58.6303 -14.0133 -1
      vertex 58.615 -14.1169 1
      vertex 58.615 -14.1169 -1
    endloop
  endfacet
  facet normal -0.886261 0.463186 0
    outer loop
      vertex 53.9107 -12.5884 -1
      vertex 53.9592 -12.4956 1
      vertex 53.9592 -12.4956 -1
    endloop
  endfacet
  facet normal -0.886261 0.463186 0
    outer loop
      vertex 53.9592 -12.4956 1
      vertex 53.9107 -12.5884 -1
      vertex 53.9107 -12.5884 1
    endloop
  endfacet
  facet normal 0.248375 -0.968664 0
    outer loop
      vertex 56.7209 -16.1339 -1
      vertex 56.8223 -16.1079 1
      vertex 56.7209 -16.1339 1
    endloop
  endfacet
  facet normal 0.248375 -0.968664 0
    outer loop
      vertex 56.8223 -16.1079 1
      vertex 56.7209 -16.1339 -1
      vertex 56.8223 -16.1079 -1
    endloop
  endfacet
  facet normal 0.904862 -0.425705 0
    outer loop
      vertex 58.3893 -14.8116 1
      vertex 58.4339 -14.7168 -1
      vertex 58.4339 -14.7168 1
    endloop
  endfacet
  facet normal 0.904862 -0.425705 0
    outer loop
      vertex 58.4339 -14.7168 -1
      vertex 58.3893 -14.8116 1
      vertex 58.3893 -14.8116 -1
    endloop
  endfacet
  facet normal 0.963093 0.26917 0
    outer loop
      vertex 58.5715 -13.0783 1
      vertex 58.5433 -12.9774 -1
      vertex 58.5433 -12.9774 1
    endloop
  endfacet
  facet normal 0.963093 0.26917 0
    outer loop
      vertex 58.5433 -12.9774 -1
      vertex 58.5715 -13.0783 1
      vertex 58.5715 -13.0783 -1
    endloop
  endfacet
  facet normal -0.97358 -0.228347 0
    outer loop
      vertex 53.7285 -14.3217 -1
      vertex 53.7046 -14.2198 1
      vertex 53.7046 -14.2198 -1
    endloop
  endfacet
  facet normal -0.97358 -0.228347 0
    outer loop
      vertex 53.7046 -14.2198 1
      vertex 53.7285 -14.3217 -1
      vertex 53.7285 -14.3217 1
    endloop
  endfacet
  facet normal 0.208224 -0.978081 0
    outer loop
      vertex 56.6185 -16.1557 -1
      vertex 56.7209 -16.1339 1
      vertex 56.6185 -16.1557 1
    endloop
  endfacet
  facet normal 0.208224 -0.978081 0
    outer loop
      vertex 56.7209 -16.1339 1
      vertex 56.6185 -16.1557 -1
      vertex 56.7209 -16.1339 -1
    endloop
  endfacet
  facet normal 0.796549 -0.604575 0
    outer loop
      vertex 58.1092 -15.2529 1
      vertex 58.1725 -15.1695 -1
      vertex 58.1725 -15.1695 1
    endloop
  endfacet
  facet normal 0.796549 -0.604575 0
    outer loop
      vertex 58.1725 -15.1695 -1
      vertex 58.1092 -15.2529 1
      vertex 58.1092 -15.2529 -1
    endloop
  endfacet
  facet normal 0.844329 0.535824 0
    outer loop
      vertex 58.2884 -12.4049 1
      vertex 58.2323 -12.3165 -1
      vertex 58.2323 -12.3165 1
    endloop
  endfacet
  facet normal 0.844329 0.535824 0
    outer loop
      vertex 58.2323 -12.3165 -1
      vertex 58.2884 -12.4049 1
      vertex 58.2884 -12.4049 -1
    endloop
  endfacet
  facet normal -0.937229 0.348714 0
    outer loop
      vertex 53.7891 -12.8778 -1
      vertex 53.8256 -12.7797 1
      vertex 53.8256 -12.7797 -1
    endloop
  endfacet
  facet normal -0.937229 0.348714 0
    outer loop
      vertex 53.8256 -12.7797 1
      vertex 53.7891 -12.8778 -1
      vertex 53.7891 -12.8778 1
    endloop
  endfacet
  facet normal 0.0840733 0.99646 -0
    outer loop
      vertex 56.4113 -11.2137 -1
      vertex 56.307 -11.2049 1
      vertex 56.4113 -11.2137 1
    endloop
  endfacet
  facet normal 0.0840733 0.99646 0
    outer loop
      vertex 56.307 -11.2049 1
      vertex 56.4113 -11.2137 -1
      vertex 56.307 -11.2049 -1
    endloop
  endfacet
  facet normal 0.994563 -0.104138 0
    outer loop
      vertex 58.6303 -14.0133 1
      vertex 58.6412 -13.9092 -1
      vertex 58.6412 -13.9092 1
    endloop
  endfacet
  facet normal 0.994563 -0.104138 0
    outer loop
      vertex 58.6412 -13.9092 -1
      vertex 58.6303 -14.0133 1
      vertex 58.6303 -14.0133 -1
    endloop
  endfacet
  facet normal 0.937229 -0.348714 0
    outer loop
      vertex 58.4744 -14.6203 1
      vertex 58.5109 -14.5222 -1
      vertex 58.5109 -14.5222 1
    endloop
  endfacet
  facet normal 0.937229 -0.348714 0
    outer loop
      vertex 58.5109 -14.5222 -1
      vertex 58.4744 -14.6203 1
      vertex 58.4744 -14.6203 -1
    endloop
  endfacet
  facet normal 0.444921 -0.89557 0
    outer loop
      vertex 57.2144 -15.9621 -1
      vertex 57.3082 -15.9155 1
      vertex 57.2144 -15.9621 1
    endloop
  endfacet
  facet normal 0.444921 -0.89557 0
    outer loop
      vertex 57.3082 -15.9155 1
      vertex 57.2144 -15.9621 -1
      vertex 57.3082 -15.9155 -1
    endloop
  endfacet
  facet normal -0.0840733 0.99646 0
    outer loop
      vertex 55.993 -11.2049 -1
      vertex 55.8887 -11.2137 1
      vertex 55.993 -11.2049 1
    endloop
  endfacet
  facet normal -0.0840733 0.99646 0
    outer loop
      vertex 55.8887 -11.2137 1
      vertex 55.993 -11.2049 -1
      vertex 55.8887 -11.2137 -1
    endloop
  endfacet
  facet normal 0 1 -0
    outer loop
      vertex 56.2024 -11.2005 -1
      vertex 56.0976 -11.2005 1
      vertex 56.2024 -11.2005 1
    endloop
  endfacet
  facet normal 0 1 0
    outer loop
      vertex 56.0976 -11.2005 1
      vertex 56.2024 -11.2005 -1
      vertex 56.0976 -11.2005 -1
    endloop
  endfacet
  facet normal -0.98927 -0.146099 0
    outer loop
      vertex 53.685 -14.1169 -1
      vertex 53.6697 -14.0133 1
      vertex 53.6697 -14.0133 -1
    endloop
  endfacet
  facet normal -0.98927 -0.146099 0
    outer loop
      vertex 53.6697 -14.0133 1
      vertex 53.685 -14.1169 -1
      vertex 53.685 -14.1169 1
    endloop
  endfacet
  facet normal -0.588172 0.808736 0
    outer loop
      vertex 54.7232 -11.6471 -1
      vertex 54.6385 -11.7087 1
      vertex 54.7232 -11.6471 1
    endloop
  endfacet
  facet normal -0.588172 0.808736 0
    outer loop
      vertex 54.6385 -11.7087 1
      vertex 54.7232 -11.6471 -1
      vertex 54.6385 -11.7087 -1
    endloop
  endfacet
  facet normal -0.982339 -0.187112 0
    outer loop
      vertex 53.7046 -14.2198 -1
      vertex 53.685 -14.1169 1
      vertex 53.685 -14.1169 -1
    endloop
  endfacet
  facet normal -0.982339 -0.187112 0
    outer loop
      vertex 53.685 -14.1169 1
      vertex 53.7046 -14.2198 -1
      vertex 53.7046 -14.2198 1
    endloop
  endfacet
  facet normal 0.16703 -0.985952 0
    outer loop
      vertex 56.5152 -16.1732 -1
      vertex 56.6185 -16.1557 1
      vertex 56.5152 -16.1732 1
    endloop
  endfacet
  facet normal 0.16703 -0.985952 0
    outer loop
      vertex 56.6185 -16.1557 1
      vertex 56.5152 -16.1732 -1
      vertex 56.6185 -16.1557 -1
    endloop
  endfacet
  facet normal 0.553156 0.833078 -0
    outer loop
      vertex 57.5768 -11.6471 -1
      vertex 57.4896 -11.5892 1
      vertex 57.5768 -11.6471 1
    endloop
  endfacet
  facet normal 0.553156 0.833078 0
    outer loop
      vertex 57.4896 -11.5892 1
      vertex 57.5768 -11.6471 -1
      vertex 57.4896 -11.5892 -1
    endloop
  endfacet
  facet normal -0.518281 0.855211 0
    outer loop
      vertex 54.9 -11.5349 -1
      vertex 54.8104 -11.5892 1
      vertex 54.9 -11.5349 1
    endloop
  endfacet
  facet normal -0.518281 0.855211 0
    outer loop
      vertex 54.8104 -11.5892 1
      vertex 54.9 -11.5349 -1
      vertex 54.8104 -11.5892 -1
    endloop
  endfacet
  facet normal -0.904862 -0.425705 0
    outer loop
      vertex 53.9107 -14.8116 -1
      vertex 53.8661 -14.7168 1
      vertex 53.8661 -14.7168 -1
    endloop
  endfacet
  facet normal -0.904862 -0.425705 0
    outer loop
      vertex 53.8661 -14.7168 1
      vertex 53.9107 -14.8116 -1
      vertex 53.9107 -14.8116 1
    endloop
  endfacet
  facet normal 0.770799 -0.637079 0
    outer loop
      vertex 58.0425 -15.3336 1
      vertex 58.1092 -15.2529 -1
      vertex 58.1092 -15.2529 1
    endloop
  endfacet
  facet normal 0.770799 -0.637079 0
    outer loop
      vertex 58.1092 -15.2529 -1
      vertex 58.0425 -15.3336 1
      vertex 58.0425 -15.3336 -1
    endloop
  endfacet
  facet normal -0.844329 -0.535824 0
    outer loop
      vertex 54.0677 -15.0835 -1
      vertex 54.0116 -14.9951 1
      vertex 54.0116 -14.9951 -1
    endloop
  endfacet
  facet normal -0.844329 -0.535824 0
    outer loop
      vertex 54.0116 -14.9951 1
      vertex 54.0677 -15.0835 -1
      vertex 54.0677 -15.0835 1
    endloop
  endfacet
  facet normal 0.0420278 -0.999116 0
    outer loop
      vertex 56.2024 -16.1995 -1
      vertex 56.307 -16.1951 1
      vertex 56.2024 -16.1995 1
    endloop
  endfacet
  facet normal 0.0420278 -0.999116 0
    outer loop
      vertex 56.307 -16.1951 1
      vertex 56.2024 -16.1995 -1
      vertex 56.307 -16.1951 -1
    endloop
  endfacet
  facet normal -0.998011 -0.0630323 0
    outer loop
      vertex 53.6588 -13.9092 -1
      vertex 53.6522 -13.8047 1
      vertex 53.6522 -13.8047 -1
    endloop
  endfacet
  facet normal -0.998011 -0.0630323 0
    outer loop
      vertex 53.6522 -13.8047 1
      vertex 53.6588 -13.9092 -1
      vertex 53.6588 -13.9092 1
    endloop
  endfacet
  facet normal 0.588172 0.808736 -0
    outer loop
      vertex 57.6615 -11.7087 -1
      vertex 57.5768 -11.6471 1
      vertex 57.6615 -11.7087 1
    endloop
  endfacet
  facet normal 0.588172 0.808736 0
    outer loop
      vertex 57.5768 -11.6471 1
      vertex 57.6615 -11.7087 -1
      vertex 57.5768 -11.6471 -1
    endloop
  endfacet
  facet normal -0.821022 -0.570897 0
    outer loop
      vertex 54.1275 -15.1695 -1
      vertex 54.0677 -15.0835 1
      vertex 54.0677 -15.0835 -1
    endloop
  endfacet
  facet normal -0.821022 -0.570897 0
    outer loop
      vertex 54.0677 -15.0835 1
      vertex 54.1275 -15.1695 -1
      vertex 54.1275 -15.1695 1
    endloop
  endfacet
  facet normal 0.481259 -0.876579 0
    outer loop
      vertex 57.3082 -15.9155 -1
      vertex 57.4 -15.8651 1
      vertex 57.3082 -15.9155 1
    endloop
  endfacet
  facet normal 0.481259 -0.876579 0
    outer loop
      vertex 57.4 -15.8651 1
      vertex 57.3082 -15.9155 -1
      vertex 57.4 -15.8651 -1
    endloop
  endfacet
  facet normal 0.922084 -0.386989 0
    outer loop
      vertex 58.4339 -14.7168 1
      vertex 58.4744 -14.6203 -1
      vertex 58.4744 -14.6203 1
    endloop
  endfacet
  facet normal 0.922084 -0.386989 0
    outer loop
      vertex 58.4744 -14.6203 -1
      vertex 58.4339 -14.7168 1
      vertex 58.4339 -14.7168 -1
    endloop
  endfacet
  facet normal 0.289451 -0.957193 0
    outer loop
      vertex 56.8223 -16.1079 -1
      vertex 56.9225 -16.0776 1
      vertex 56.8223 -16.1079 1
    endloop
  endfacet
  facet normal 0.289451 -0.957193 0
    outer loop
      vertex 56.9225 -16.0776 1
      vertex 56.8223 -16.1079 -1
      vertex 56.9225 -16.0776 -1
    endloop
  endfacet
  facet normal -0.125092 0.992145 0
    outer loop
      vertex 55.8887 -11.2137 -1
      vertex 55.7848 -11.2268 1
      vertex 55.8887 -11.2137 1
    endloop
  endfacet
  facet normal -0.125092 0.992145 0
    outer loop
      vertex 55.7848 -11.2268 1
      vertex 55.8887 -11.2137 -1
      vertex 55.7848 -11.2268 -1
    endloop
  endfacet
  facet normal -0.865883 0.500246 0
    outer loop
      vertex 53.9592 -12.4956 -1
      vertex 54.0116 -12.4049 1
      vertex 54.0116 -12.4049 -1
    endloop
  endfacet
  facet normal -0.865883 0.500246 0
    outer loop
      vertex 54.0116 -12.4049 1
      vertex 53.9592 -12.4956 -1
      vertex 53.9592 -12.4956 1
    endloop
  endfacet
  facet normal -0.407025 0.913417 0
    outer loop
      vertex 55.1812 -11.3953 -1
      vertex 55.0856 -11.4379 1
      vertex 55.1812 -11.3953 1
    endloop
  endfacet
  facet normal -0.407025 0.913417 0
    outer loop
      vertex 55.0856 -11.4379 1
      vertex 55.1812 -11.3953 -1
      vertex 55.0856 -11.4379 -1
    endloop
  endfacet
  facet normal -0.770799 -0.637079 0
    outer loop
      vertex 54.2575 -15.3336 -1
      vertex 54.1908 -15.2529 1
      vertex 54.1908 -15.2529 -1
    endloop
  endfacet
  facet normal -0.770799 -0.637079 0
    outer loop
      vertex 54.1908 -15.2529 1
      vertex 54.2575 -15.3336 -1
      vertex 54.2575 -15.3336 1
    endloop
  endfacet
  facet normal -0.208224 0.978081 0
    outer loop
      vertex 55.6815 -11.2443 -1
      vertex 55.5791 -11.2661 1
      vertex 55.6815 -11.2443 1
    endloop
  endfacet
  facet normal -0.208224 0.978081 0
    outer loop
      vertex 55.5791 -11.2661 1
      vertex 55.6815 -11.2443 -1
      vertex 55.5791 -11.2661 -1
    endloop
  endfacet
  facet normal 0.994563 0.104138 0
    outer loop
      vertex 58.6412 -13.4908 1
      vertex 58.6303 -13.3867 -1
      vertex 58.6303 -13.3867 1
    endloop
  endfacet
  facet normal 0.994563 0.104138 0
    outer loop
      vertex 58.6303 -13.3867 -1
      vertex 58.6412 -13.4908 1
      vertex 58.6412 -13.4908 -1
    endloop
  endfacet
  facet normal 0.963093 -0.26917 0
    outer loop
      vertex 58.5433 -14.4226 1
      vertex 58.5715 -14.3217 -1
      vertex 58.5715 -14.3217 1
    endloop
  endfacet
  facet normal 0.963093 -0.26917 0
    outer loop
      vertex 58.5715 -14.3217 -1
      vertex 58.5433 -14.4226 1
      vertex 58.5433 -14.4226 -1
    endloop
  endfacet
  facet normal 0.821022 -0.570897 0
    outer loop
      vertex 58.1725 -15.1695 1
      vertex 58.2323 -15.0835 -1
      vertex 58.2323 -15.0835 1
    endloop
  endfacet
  facet normal 0.821022 -0.570897 0
    outer loop
      vertex 58.2323 -15.0835 -1
      vertex 58.1725 -15.1695 1
      vertex 58.1725 -15.1695 -1
    endloop
  endfacet
  facet normal 0.588172 -0.808736 0
    outer loop
      vertex 57.5768 -15.7529 -1
      vertex 57.6615 -15.6913 1
      vertex 57.5768 -15.7529 1
    endloop
  endfacet
  facet normal 0.588172 -0.808736 0
    outer loop
      vertex 57.6615 -15.6913 1
      vertex 57.5768 -15.7529 -1
      vertex 57.6615 -15.6913 -1
    endloop
  endfacet
  facet normal 0.998011 -0.0630323 0
    outer loop
      vertex 58.6412 -13.9092 1
      vertex 58.6478 -13.8047 -1
      vertex 58.6478 -13.8047 1
    endloop
  endfacet
  facet normal 0.998011 -0.0630323 0
    outer loop
      vertex 58.6478 -13.8047 -1
      vertex 58.6412 -13.9092 1
      vertex 58.6412 -13.9092 -1
    endloop
  endfacet
  facet normal -0.994563 -0.104138 0
    outer loop
      vertex 53.6697 -14.0133 -1
      vertex 53.6588 -13.9092 1
      vertex 53.6588 -13.9092 -1
    endloop
  endfacet
  facet normal -0.994563 -0.104138 0
    outer loop
      vertex 53.6588 -13.9092 1
      vertex 53.6697 -14.0133 -1
      vertex 53.6697 -14.0133 1
    endloop
  endfacet
  facet normal -0.886261 -0.463186 0
    outer loop
      vertex 53.9592 -14.9044 -1
      vertex 53.9107 -14.8116 1
      vertex 53.9107 -14.8116 -1
    endloop
  endfacet
  facet normal -0.886261 -0.463186 0
    outer loop
      vertex 53.9107 -14.8116 1
      vertex 53.9592 -14.9044 -1
      vertex 53.9592 -14.9044 1
    endloop
  endfacet
  facet normal -0.770799 0.637079 0
    outer loop
      vertex 54.1908 -12.1471 -1
      vertex 54.2575 -12.0664 1
      vertex 54.2575 -12.0664 -1
    endloop
  endfacet
  facet normal -0.770799 0.637079 0
    outer loop
      vertex 54.2575 -12.0664 1
      vertex 54.1908 -12.1471 -1
      vertex 54.1908 -12.1471 1
    endloop
  endfacet
  facet normal -0.553156 -0.833078 0
    outer loop
      vertex 54.7232 -15.7529 -1
      vertex 54.8104 -15.8108 1
      vertex 54.7232 -15.7529 1
    endloop
  endfacet
  facet normal -0.553156 -0.833078 -0
    outer loop
      vertex 54.8104 -15.8108 1
      vertex 54.7232 -15.7529 -1
      vertex 54.8104 -15.8108 -1
    endloop
  endfacet
  facet normal -0.95095 0.309345 0
    outer loop
      vertex 53.7567 -12.9774 -1
      vertex 53.7891 -12.8778 1
      vertex 53.7891 -12.8778 -1
    endloop
  endfacet
  facet normal -0.95095 0.309345 0
    outer loop
      vertex 53.7891 -12.8778 1
      vertex 53.7567 -12.9774 -1
      vertex 53.7567 -12.9774 1
    endloop
  endfacet
  facet normal 0.821022 0.570897 0
    outer loop
      vertex 58.2323 -12.3165 1
      vertex 58.1725 -12.2305 -1
      vertex 58.1725 -12.2305 1
    endloop
  endfacet
  facet normal 0.821022 0.570897 0
    outer loop
      vertex 58.1725 -12.2305 -1
      vertex 58.2323 -12.3165 1
      vertex 58.2323 -12.3165 -1
    endloop
  endfacet
  facet normal 0.742914 -0.669387 0
    outer loop
      vertex 57.9724 -15.4114 1
      vertex 58.0425 -15.3336 -1
      vertex 58.0425 -15.3336 1
    endloop
  endfacet
  facet normal 0.742914 -0.669387 0
    outer loop
      vertex 58.0425 -15.3336 -1
      vertex 57.9724 -15.4114 1
      vertex 57.9724 -15.4114 -1
    endloop
  endfacet
  facet normal 0.553156 -0.833078 0
    outer loop
      vertex 57.4896 -15.8108 -1
      vertex 57.5768 -15.7529 1
      vertex 57.4896 -15.8108 1
    endloop
  endfacet
  facet normal 0.553156 -0.833078 0
    outer loop
      vertex 57.5768 -15.7529 1
      vertex 57.4896 -15.8108 -1
      vertex 57.5768 -15.7529 -1
    endloop
  endfacet
  facet normal -0.444921 -0.89557 0
    outer loop
      vertex 54.9918 -15.9155 -1
      vertex 55.0856 -15.9621 1
      vertex 54.9918 -15.9155 1
    endloop
  endfacet
  facet normal -0.444921 -0.89557 -0
    outer loop
      vertex 55.0856 -15.9621 1
      vertex 54.9918 -15.9155 -1
      vertex 55.0856 -15.9621 -1
    endloop
  endfacet
  facet normal -0.922084 0.386989 0
    outer loop
      vertex 53.8256 -12.7797 -1
      vertex 53.8661 -12.6832 1
      vertex 53.8661 -12.6832 -1
    endloop
  endfacet
  facet normal -0.922084 0.386989 0
    outer loop
      vertex 53.8661 -12.6832 1
      vertex 53.8256 -12.7797 -1
      vertex 53.8256 -12.7797 1
    endloop
  endfacet
  facet normal 0.95095 -0.309345 0
    outer loop
      vertex 58.5109 -14.5222 1
      vertex 58.5433 -14.4226 -1
      vertex 58.5433 -14.4226 1
    endloop
  endfacet
  facet normal 0.95095 -0.309345 0
    outer loop
      vertex 58.5433 -14.4226 -1
      vertex 58.5109 -14.5222 1
      vertex 58.5109 -14.5222 -1
    endloop
  endfacet
  facet normal 0.886261 -0.463186 0
    outer loop
      vertex 58.3408 -14.9044 1
      vertex 58.3893 -14.8116 -1
      vertex 58.3893 -14.8116 1
    endloop
  endfacet
  facet normal 0.886261 -0.463186 0
    outer loop
      vertex 58.3893 -14.8116 -1
      vertex 58.3408 -14.9044 1
      vertex 58.3408 -14.9044 -1
    endloop
  endfacet
  facet normal 0.982339 -0.187112 0
    outer loop
      vertex 58.5954 -14.2198 1
      vertex 58.615 -14.1169 -1
      vertex 58.615 -14.1169 1
    endloop
  endfacet
  facet normal 0.982339 -0.187112 0
    outer loop
      vertex 58.615 -14.1169 -1
      vertex 58.5954 -14.2198 1
      vertex 58.5954 -14.2198 -1
    endloop
  endfacet
  facet normal -0.937229 -0.348714 0
    outer loop
      vertex 53.8256 -14.6203 -1
      vertex 53.7891 -14.5222 1
      vertex 53.7891 -14.5222 -1
    endloop
  endfacet
  facet normal -0.937229 -0.348714 0
    outer loop
      vertex 53.7891 -14.5222 1
      vertex 53.8256 -14.6203 -1
      vertex 53.8256 -14.6203 1
    endloop
  endfacet
  facet normal -0.0420278 -0.999116 0
    outer loop
      vertex 55.993 -16.1951 -1
      vertex 56.0976 -16.1995 1
      vertex 55.993 -16.1951 1
    endloop
  endfacet
  facet normal -0.0420278 -0.999116 -0
    outer loop
      vertex 56.0976 -16.1995 1
      vertex 55.993 -16.1951 -1
      vertex 56.0976 -16.1995 -1
    endloop
  endfacet
  facet normal -0.0420278 0.999116 0
    outer loop
      vertex 56.0976 -11.2005 -1
      vertex 55.993 -11.2049 1
      vertex 56.0976 -11.2005 1
    endloop
  endfacet
  facet normal -0.0420278 0.999116 0
    outer loop
      vertex 55.993 -11.2049 1
      vertex 56.0976 -11.2005 -1
      vertex 55.993 -11.2049 -1
    endloop
  endfacet
  facet normal -0.844329 0.535824 0
    outer loop
      vertex 54.0116 -12.4049 -1
      vertex 54.0677 -12.3165 1
      vertex 54.0677 -12.3165 -1
    endloop
  endfacet
  facet normal -0.844329 0.535824 0
    outer loop
      vertex 54.0677 -12.3165 1
      vertex 54.0116 -12.4049 -1
      vertex 54.0116 -12.4049 1
    endloop
  endfacet
  facet normal 0.16703 0.985952 -0
    outer loop
      vertex 56.6185 -11.2443 -1
      vertex 56.5152 -11.2268 1
      vertex 56.6185 -11.2443 1
    endloop
  endfacet
  facet normal 0.16703 0.985952 0
    outer loop
      vertex 56.5152 -11.2268 1
      vertex 56.6185 -11.2443 -1
      vertex 56.5152 -11.2268 -1
    endloop
  endfacet
  facet normal -0.821022 0.570897 0
    outer loop
      vertex 54.0677 -12.3165 -1
      vertex 54.1275 -12.2305 1
      vertex 54.1275 -12.2305 -1
    endloop
  endfacet
  facet normal -0.821022 0.570897 0
    outer loop
      vertex 54.1275 -12.2305 1
      vertex 54.0677 -12.3165 -1
      vertex 54.0677 -12.3165 1
    endloop
  endfacet
  facet normal 0.844329 -0.535824 0
    outer loop
      vertex 58.2323 -15.0835 1
      vertex 58.2884 -14.9951 -1
      vertex 58.2884 -14.9951 1
    endloop
  endfacet
  facet normal 0.844329 -0.535824 0
    outer loop
      vertex 58.2884 -14.9951 -1
      vertex 58.2323 -15.0835 1
      vertex 58.2323 -15.0835 -1
    endloop
  endfacet
  facet normal -0.998011 0.0630323 0
    outer loop
      vertex 53.6522 -13.5953 -1
      vertex 53.6588 -13.4908 1
      vertex 53.6588 -13.4908 -1
    endloop
  endfacet
  facet normal -0.998011 0.0630323 0
    outer loop
      vertex 53.6588 -13.4908 1
      vertex 53.6522 -13.5953 -1
      vertex 53.6522 -13.5953 1
    endloop
  endfacet
  facet normal 0.125092 -0.992145 0
    outer loop
      vertex 56.4113 -16.1863 -1
      vertex 56.5152 -16.1732 1
      vertex 56.4113 -16.1863 1
    endloop
  endfacet
  facet normal 0.125092 -0.992145 0
    outer loop
      vertex 56.5152 -16.1732 1
      vertex 56.4113 -16.1863 -1
      vertex 56.5152 -16.1732 -1
    endloop
  endfacet
  facet normal -0.367601 -0.929983 0
    outer loop
      vertex 55.1812 -16.0047 -1
      vertex 55.2786 -16.0432 1
      vertex 55.1812 -16.0047 1
    endloop
  endfacet
  facet normal -0.367601 -0.929983 -0
    outer loop
      vertex 55.2786 -16.0432 1
      vertex 55.1812 -16.0047 -1
      vertex 55.2786 -16.0432 -1
    endloop
  endfacet
  facet normal -0.742914 -0.669387 0
    outer loop
      vertex 54.3276 -15.4114 -1
      vertex 54.2575 -15.3336 1
      vertex 54.2575 -15.3336 -1
    endloop
  endfacet
  facet normal -0.742914 -0.669387 0
    outer loop
      vertex 54.2575 -15.3336 1
      vertex 54.3276 -15.4114 -1
      vertex 54.3276 -15.4114 1
    endloop
  endfacet
  facet normal -0.328521 -0.944497 0
    outer loop
      vertex 55.2786 -16.0432 -1
      vertex 55.3775 -16.0776 1
      vertex 55.2786 -16.0432 1
    endloop
  endfacet
  facet normal -0.328521 -0.944497 -0
    outer loop
      vertex 55.3775 -16.0776 1
      vertex 55.2786 -16.0432 -1
      vertex 55.3775 -16.0776 -1
    endloop
  endfacet
  facet normal -0.444921 0.89557 0
    outer loop
      vertex 55.0856 -11.4379 -1
      vertex 54.9918 -11.4845 1
      vertex 55.0856 -11.4379 1
    endloop
  endfacet
  facet normal -0.444921 0.89557 0
    outer loop
      vertex 54.9918 -11.4845 1
      vertex 55.0856 -11.4379 -1
      vertex 54.9918 -11.4845 -1
    endloop
  endfacet
  facet normal -0.684322 -0.72918 0
    outer loop
      vertex 54.4008 -15.4862 -1
      vertex 54.4772 -15.5579 1
      vertex 54.4008 -15.4862 1
    endloop
  endfacet
  facet normal -0.684322 -0.72918 -0
    outer loop
      vertex 54.4772 -15.5579 1
      vertex 54.4008 -15.4862 -1
      vertex 54.4772 -15.5579 -1
    endloop
  endfacet
  facet normal -0.65362 -0.756823 0
    outer loop
      vertex 54.4772 -15.5579 -1
      vertex 54.5564 -15.6263 1
      vertex 54.4772 -15.5579 1
    endloop
  endfacet
  facet normal -0.65362 -0.756823 -0
    outer loop
      vertex 54.5564 -15.6263 1
      vertex 54.4772 -15.5579 -1
      vertex 54.5564 -15.6263 -1
    endloop
  endfacet
  facet normal 0.65362 -0.756823 0
    outer loop
      vertex 57.7436 -15.6263 -1
      vertex 57.8228 -15.5579 1
      vertex 57.7436 -15.6263 1
    endloop
  endfacet
  facet normal 0.65362 -0.756823 0
    outer loop
      vertex 57.8228 -15.5579 1
      vertex 57.7436 -15.6263 -1
      vertex 57.8228 -15.5579 -1
    endloop
  endfacet
  facet normal -0.963093 -0.26917 0
    outer loop
      vertex 53.7567 -14.4226 -1
      vertex 53.7285 -14.3217 1
      vertex 53.7285 -14.3217 -1
    endloop
  endfacet
  facet normal -0.963093 -0.26917 0
    outer loop
      vertex 53.7285 -14.3217 1
      vertex 53.7567 -14.4226 -1
      vertex 53.7567 -14.4226 1
    endloop
  endfacet
  facet normal -0.620727 -0.784026 0
    outer loop
      vertex 54.5564 -15.6263 -1
      vertex 54.6385 -15.6913 1
      vertex 54.5564 -15.6263 1
    endloop
  endfacet
  facet normal -0.620727 -0.784026 -0
    outer loop
      vertex 54.6385 -15.6913 1
      vertex 54.5564 -15.6263 -1
      vertex 54.6385 -15.6913 -1
    endloop
  endfacet
  facet normal -0.367601 0.929983 0
    outer loop
      vertex 55.2786 -11.3568 -1
      vertex 55.1812 -11.3953 1
      vertex 55.2786 -11.3568 1
    endloop
  endfacet
  facet normal -0.367601 0.929983 0
    outer loop
      vertex 55.1812 -11.3953 1
      vertex 55.2786 -11.3568 -1
      vertex 55.1812 -11.3953 -1
    endloop
  endfacet
  facet normal -0.742914 0.669387 0
    outer loop
      vertex 54.2575 -12.0664 -1
      vertex 54.3276 -11.9886 1
      vertex 54.3276 -11.9886 -1
    endloop
  endfacet
  facet normal -0.742914 0.669387 0
    outer loop
      vertex 54.3276 -11.9886 1
      vertex 54.2575 -12.0664 -1
      vertex 54.2575 -12.0664 1
    endloop
  endfacet
  facet normal 0.982339 0.187112 0
    outer loop
      vertex 58.615 -13.2831 1
      vertex 58.5954 -13.1802 -1
      vertex 58.5954 -13.1802 1
    endloop
  endfacet
  facet normal 0.982339 0.187112 0
    outer loop
      vertex 58.5954 -13.1802 -1
      vertex 58.615 -13.2831 1
      vertex 58.615 -13.2831 -1
    endloop
  endfacet
  facet normal -0.407025 -0.913417 0
    outer loop
      vertex 55.0856 -15.9621 -1
      vertex 55.1812 -16.0047 1
      vertex 55.0856 -15.9621 1
    endloop
  endfacet
  facet normal -0.407025 -0.913417 -0
    outer loop
      vertex 55.1812 -16.0047 1
      vertex 55.0856 -15.9621 -1
      vertex 55.1812 -16.0047 -1
    endloop
  endfacet
  facet normal 0.328521 0.944497 -0
    outer loop
      vertex 57.0214 -11.3568 -1
      vertex 56.9225 -11.3224 1
      vertex 57.0214 -11.3568 1
    endloop
  endfacet
  facet normal 0.328521 0.944497 0
    outer loop
      vertex 56.9225 -11.3224 1
      vertex 57.0214 -11.3568 -1
      vertex 56.9225 -11.3224 -1
    endloop
  endfacet
  facet normal 0.0840733 -0.99646 0
    outer loop
      vertex 56.307 -16.1951 -1
      vertex 56.4113 -16.1863 1
      vertex 56.307 -16.1951 1
    endloop
  endfacet
  facet normal 0.0840733 -0.99646 0
    outer loop
      vertex 56.4113 -16.1863 1
      vertex 56.307 -16.1951 -1
      vertex 56.4113 -16.1863 -1
    endloop
  endfacet
  facet normal -0.865883 -0.500246 0
    outer loop
      vertex 54.0116 -14.9951 -1
      vertex 53.9592 -14.9044 1
      vertex 53.9592 -14.9044 -1
    endloop
  endfacet
  facet normal -0.865883 -0.500246 0
    outer loop
      vertex 53.9592 -14.9044 1
      vertex 54.0116 -14.9951 -1
      vertex 54.0116 -14.9951 1
    endloop
  endfacet
  facet normal -0.16703 0.985952 0
    outer loop
      vertex 55.7848 -11.2268 -1
      vertex 55.6815 -11.2443 1
      vertex 55.7848 -11.2268 1
    endloop
  endfacet
  facet normal -0.16703 0.985952 0
    outer loop
      vertex 55.6815 -11.2443 1
      vertex 55.7848 -11.2268 -1
      vertex 55.6815 -11.2443 -1
    endloop
  endfacet
  facet normal -0.518281 -0.855211 0
    outer loop
      vertex 54.8104 -15.8108 -1
      vertex 54.9 -15.8651 1
      vertex 54.8104 -15.8108 1
    endloop
  endfacet
  facet normal -0.518281 -0.855211 -0
    outer loop
      vertex 54.9 -15.8651 1
      vertex 54.8104 -15.8108 -1
      vertex 54.9 -15.8651 -1
    endloop
  endfacet
  facet normal -0.481259 -0.876579 0
    outer loop
      vertex 54.9 -15.8651 -1
      vertex 54.9918 -15.9155 1
      vertex 54.9 -15.8651 1
    endloop
  endfacet
  facet normal -0.481259 -0.876579 -0
    outer loop
      vertex 54.9918 -15.9155 1
      vertex 54.9 -15.8651 -1
      vertex 54.9918 -15.9155 -1
    endloop
  endfacet
  facet normal 0.922084 0.386989 0
    outer loop
      vertex 58.4744 -12.7797 1
      vertex 58.4339 -12.6832 -1
      vertex 58.4339 -12.6832 1
    endloop
  endfacet
  facet normal 0.922084 0.386989 0
    outer loop
      vertex 58.4339 -12.6832 -1
      vertex 58.4744 -12.7797 1
      vertex 58.4744 -12.7797 -1
    endloop
  endfacet
  facet normal 0.95095 0.309345 0
    outer loop
      vertex 58.5433 -12.9774 1
      vertex 58.5109 -12.8778 -1
      vertex 58.5109 -12.8778 1
    endloop
  endfacet
  facet normal 0.95095 0.309345 0
    outer loop
      vertex 58.5109 -12.8778 -1
      vertex 58.5433 -12.9774 1
      vertex 58.5433 -12.9774 -1
    endloop
  endfacet
  facet normal 0.444921 0.89557 -0
    outer loop
      vertex 57.3082 -11.4845 -1
      vertex 57.2144 -11.4379 1
      vertex 57.3082 -11.4845 1
    endloop
  endfacet
  facet normal 0.444921 0.89557 0
    outer loop
      vertex 57.2144 -11.4379 1
      vertex 57.3082 -11.4845 -1
      vertex 57.2144 -11.4379 -1
    endloop
  endfacet
  facet normal 0.97358 -0.228347 0
    outer loop
      vertex 58.5715 -14.3217 1
      vertex 58.5954 -14.2198 -1
      vertex 58.5954 -14.2198 1
    endloop
  endfacet
  facet normal 0.97358 -0.228347 0
    outer loop
      vertex 58.5954 -14.2198 -1
      vertex 58.5715 -14.3217 1
      vertex 58.5715 -14.3217 -1
    endloop
  endfacet
  facet normal 0.865883 -0.500246 0
    outer loop
      vertex 58.2884 -14.9951 1
      vertex 58.3408 -14.9044 -1
      vertex 58.3408 -14.9044 1
    endloop
  endfacet
  facet normal 0.865883 -0.500246 0
    outer loop
      vertex 58.3408 -14.9044 -1
      vertex 58.2884 -14.9951 1
      vertex 58.2884 -14.9951 -1
    endloop
  endfacet
  facet normal 0.65362 0.756823 -0
    outer loop
      vertex 57.8228 -11.8421 -1
      vertex 57.7436 -11.7737 1
      vertex 57.8228 -11.8421 1
    endloop
  endfacet
  facet normal 0.65362 0.756823 0
    outer loop
      vertex 57.7436 -11.7737 1
      vertex 57.8228 -11.8421 -1
      vertex 57.7436 -11.7737 -1
    endloop
  endfacet
  facet normal -0.289451 0.957193 0
    outer loop
      vertex 55.4777 -11.2921 -1
      vertex 55.3775 -11.3224 1
      vertex 55.4777 -11.2921 1
    endloop
  endfacet
  facet normal -0.289451 0.957193 0
    outer loop
      vertex 55.3775 -11.3224 1
      vertex 55.4777 -11.2921 -1
      vertex 55.3775 -11.3224 -1
    endloop
  endfacet
  facet normal 0.481259 0.876579 -0
    outer loop
      vertex 57.4 -11.5349 -1
      vertex 57.3082 -11.4845 1
      vertex 57.4 -11.5349 1
    endloop
  endfacet
  facet normal 0.481259 0.876579 0
    outer loop
      vertex 57.3082 -11.4845 1
      vertex 57.4 -11.5349 -1
      vertex 57.3082 -11.4845 -1
    endloop
  endfacet
  facet normal 0.999779 -0.0210078 0
    outer loop
      vertex 58.6478 -13.8047 1
      vertex 58.65 -13.7 -1
      vertex 58.65 -13.7 1
    endloop
  endfacet
  facet normal 0.999779 -0.0210078 0
    outer loop
      vertex 58.65 -13.7 -1
      vertex 58.6478 -13.8047 1
      vertex 58.6478 -13.8047 -1
    endloop
  endfacet
  facet normal 0.125092 0.992145 -0
    outer loop
      vertex 56.5152 -11.2268 -1
      vertex 56.4113 -11.2137 1
      vertex 56.5152 -11.2268 1
    endloop
  endfacet
  facet normal 0.125092 0.992145 0
    outer loop
      vertex 56.4113 -11.2137 1
      vertex 56.5152 -11.2268 -1
      vertex 56.4113 -11.2137 -1
    endloop
  endfacet
  facet normal -0.16703 -0.985952 0
    outer loop
      vertex 55.6815 -16.1557 -1
      vertex 55.7848 -16.1732 1
      vertex 55.6815 -16.1557 1
    endloop
  endfacet
  facet normal -0.16703 -0.985952 -0
    outer loop
      vertex 55.7848 -16.1732 1
      vertex 55.6815 -16.1557 -1
      vertex 55.7848 -16.1732 -1
    endloop
  endfacet
  facet normal 0.0420278 0.999116 -0
    outer loop
      vertex 56.307 -11.2049 -1
      vertex 56.2024 -11.2005 1
      vertex 56.307 -11.2049 1
    endloop
  endfacet
  facet normal 0.0420278 0.999116 0
    outer loop
      vertex 56.2024 -11.2005 1
      vertex 56.307 -11.2049 -1
      vertex 56.2024 -11.2005 -1
    endloop
  endfacet
  facet normal -0.999779 0.0210078 0
    outer loop
      vertex 53.65 -13.7 -1
      vertex 53.6522 -13.5953 1
      vertex 53.6522 -13.5953 -1
    endloop
  endfacet
  facet normal -0.999779 0.0210078 0
    outer loop
      vertex 53.6522 -13.5953 1
      vertex 53.65 -13.7 -1
      vertex 53.65 -13.7 1
    endloop
  endfacet
  facet normal 0.328521 -0.944497 0
    outer loop
      vertex 56.9225 -16.0776 -1
      vertex 57.0214 -16.0432 1
      vertex 56.9225 -16.0776 1
    endloop
  endfacet
  facet normal 0.328521 -0.944497 0
    outer loop
      vertex 57.0214 -16.0432 1
      vertex 56.9225 -16.0776 -1
      vertex 57.0214 -16.0432 -1
    endloop
  endfacet
  facet normal -0.588172 -0.808736 0
    outer loop
      vertex 54.6385 -15.6913 -1
      vertex 54.7232 -15.7529 1
      vertex 54.6385 -15.6913 1
    endloop
  endfacet
  facet normal -0.588172 -0.808736 -0
    outer loop
      vertex 54.7232 -15.7529 1
      vertex 54.6385 -15.6913 -1
      vertex 54.7232 -15.7529 -1
    endloop
  endfacet
  facet normal 0 -1 0
    outer loop
      vertex 56.0976 -16.1995 -1
      vertex 56.2024 -16.1995 1
      vertex 56.0976 -16.1995 1
    endloop
  endfacet
  facet normal 0 -1 -0
    outer loop
      vertex 56.2024 -16.1995 1
      vertex 56.0976 -16.1995 -1
      vertex 56.2024 -16.1995 -1
    endloop
  endfacet
  facet normal -0.999779 -0.0210078 0
    outer loop
      vertex 53.6522 -13.8047 -1
      vertex 53.65 -13.7 1
      vertex 53.65 -13.7 -1
    endloop
  endfacet
  facet normal -0.999779 -0.0210078 0
    outer loop
      vertex 53.65 -13.7 1
      vertex 53.6522 -13.8047 -1
      vertex 53.6522 -13.8047 1
    endloop
  endfacet
  facet normal 0.248375 0.968664 -0
    outer loop
      vertex 56.8223 -11.2921 -1
      vertex 56.7209 -11.2661 1
      vertex 56.8223 -11.2921 1
    endloop
  endfacet
  facet normal 0.248375 0.968664 0
    outer loop
      vertex 56.7209 -11.2661 1
      vertex 56.8223 -11.2921 -1
      vertex 56.7209 -11.2661 -1
    endloop
  endfacet
  facet normal -0.208224 -0.978081 0
    outer loop
      vertex 55.5791 -16.1339 -1
      vertex 55.6815 -16.1557 1
      vertex 55.5791 -16.1339 1
    endloop
  endfacet
  facet normal -0.208224 -0.978081 -0
    outer loop
      vertex 55.6815 -16.1557 1
      vertex 55.5791 -16.1339 -1
      vertex 55.6815 -16.1557 -1
    endloop
  endfacet
  facet normal 0.518281 -0.855211 0
    outer loop
      vertex 57.4 -15.8651 -1
      vertex 57.4896 -15.8108 1
      vertex 57.4 -15.8651 1
    endloop
  endfacet
  facet normal 0.518281 -0.855211 0
    outer loop
      vertex 57.4896 -15.8108 1
      vertex 57.4 -15.8651 -1
      vertex 57.4896 -15.8108 -1
    endloop
  endfacet
  facet normal 0.620727 0.784026 -0
    outer loop
      vertex 57.7436 -11.7737 -1
      vertex 57.6615 -11.7087 1
      vertex 57.7436 -11.7737 1
    endloop
  endfacet
  facet normal 0.620727 0.784026 0
    outer loop
      vertex 57.6615 -11.7087 1
      vertex 57.7436 -11.7737 -1
      vertex 57.6615 -11.7087 -1
    endloop
  endfacet
  facet normal -0.796549 -0.604575 0
    outer loop
      vertex 54.1908 -15.2529 -1
      vertex 54.1275 -15.1695 1
      vertex 54.1275 -15.1695 -1
    endloop
  endfacet
  facet normal -0.796549 -0.604575 0
    outer loop
      vertex 54.1275 -15.1695 1
      vertex 54.1908 -15.2529 -1
      vertex 54.1908 -15.2529 1
    endloop
  endfacet
  facet normal -0.248375 0.968664 0
    outer loop
      vertex 55.5791 -11.2661 -1
      vertex 55.4777 -11.2921 1
      vertex 55.5791 -11.2661 1
    endloop
  endfacet
  facet normal -0.248375 0.968664 0
    outer loop
      vertex 55.4777 -11.2921 1
      vertex 55.5791 -11.2661 -1
      vertex 55.4777 -11.2921 -1
    endloop
  endfacet
  facet normal 0.407025 -0.913417 0
    outer loop
      vertex 57.1188 -16.0047 -1
      vertex 57.2144 -15.9621 1
      vertex 57.1188 -16.0047 1
    endloop
  endfacet
  facet normal 0.407025 -0.913417 0
    outer loop
      vertex 57.2144 -15.9621 1
      vertex 57.1188 -16.0047 -1
      vertex 57.2144 -15.9621 -1
    endloop
  endfacet
  facet normal -0.328521 0.944497 0
    outer loop
      vertex 55.3775 -11.3224 -1
      vertex 55.2786 -11.3568 1
      vertex 55.3775 -11.3224 1
    endloop
  endfacet
  facet normal -0.328521 0.944497 0
    outer loop
      vertex 55.2786 -11.3568 1
      vertex 55.3775 -11.3224 -1
      vertex 55.2786 -11.3568 -1
    endloop
  endfacet
  facet normal 0.796549 0.604575 0
    outer loop
      vertex 58.1725 -12.2305 1
      vertex 58.1092 -12.1471 -1
      vertex 58.1092 -12.1471 1
    endloop
  endfacet
  facet normal 0.796549 0.604575 0
    outer loop
      vertex 58.1092 -12.1471 -1
      vertex 58.1725 -12.2305 1
      vertex 58.1725 -12.2305 -1
    endloop
  endfacet
  facet normal -0.684322 0.72918 0
    outer loop
      vertex 54.4772 -11.8421 -1
      vertex 54.4008 -11.9138 1
      vertex 54.4772 -11.8421 1
    endloop
  endfacet
  facet normal -0.684322 0.72918 0
    outer loop
      vertex 54.4008 -11.9138 1
      vertex 54.4772 -11.8421 -1
      vertex 54.4008 -11.9138 -1
    endloop
  endfacet
  facet normal -0.125092 -0.992145 0
    outer loop
      vertex 55.7848 -16.1732 -1
      vertex 55.8887 -16.1863 1
      vertex 55.7848 -16.1732 1
    endloop
  endfacet
  facet normal -0.125092 -0.992145 -0
    outer loop
      vertex 55.8887 -16.1863 1
      vertex 55.7848 -16.1732 -1
      vertex 55.8887 -16.1863 -1
    endloop
  endfacet
  facet normal 0.684322 -0.72918 0
    outer loop
      vertex 57.8228 -15.5579 -1
      vertex 57.8992 -15.4862 1
      vertex 57.8228 -15.5579 1
    endloop
  endfacet
  facet normal 0.684322 -0.72918 0
    outer loop
      vertex 57.8992 -15.4862 1
      vertex 57.8228 -15.5579 -1
      vertex 57.8992 -15.4862 -1
    endloop
  endfacet
  facet normal 0.742914 0.669387 0
    outer loop
      vertex 58.0425 -12.0664 1
      vertex 57.9724 -11.9886 -1
      vertex 57.9724 -11.9886 1
    endloop
  endfacet
  facet normal 0.742914 0.669387 0
    outer loop
      vertex 57.9724 -11.9886 -1
      vertex 58.0425 -12.0664 1
      vertex 58.0425 -12.0664 -1
    endloop
  endfacet
  facet normal 0.367601 -0.929983 0
    outer loop
      vertex 57.0214 -16.0432 -1
      vertex 57.1188 -16.0047 1
      vertex 57.0214 -16.0432 1
    endloop
  endfacet
  facet normal 0.367601 -0.929983 0
    outer loop
      vertex 57.1188 -16.0047 1
      vertex 57.0214 -16.0432 -1
      vertex 57.1188 -16.0047 -1
    endloop
  endfacet
  facet normal 0.714709 -0.699422 0
    outer loop
      vertex 57.8992 -15.4862 1
      vertex 57.9724 -15.4114 -1
      vertex 57.9724 -15.4114 1
    endloop
  endfacet
  facet normal 0.714709 -0.699422 0
    outer loop
      vertex 57.9724 -15.4114 -1
      vertex 57.8992 -15.4862 1
      vertex 57.8992 -15.4862 -1
    endloop
  endfacet
  facet normal 0.886261 0.463186 0
    outer loop
      vertex 58.3893 -12.5884 1
      vertex 58.3408 -12.4956 -1
      vertex 58.3408 -12.4956 1
    endloop
  endfacet
  facet normal 0.886261 0.463186 0
    outer loop
      vertex 58.3408 -12.4956 -1
      vertex 58.3893 -12.5884 1
      vertex 58.3893 -12.5884 -1
    endloop
  endfacet
  facet normal -0.714709 0.699422 0
    outer loop
      vertex 54.3276 -11.9886 -1
      vertex 54.4008 -11.9138 1
      vertex 54.4008 -11.9138 -1
    endloop
  endfacet
  facet normal -0.714709 0.699422 0
    outer loop
      vertex 54.4008 -11.9138 1
      vertex 54.3276 -11.9886 -1
      vertex 54.3276 -11.9886 1
    endloop
  endfacet
  facet normal -0.982339 0.187112 0
    outer loop
      vertex 53.685 -13.2831 -1
      vertex 53.7046 -13.1802 1
      vertex 53.7046 -13.1802 -1
    endloop
  endfacet
  facet normal -0.982339 0.187112 0
    outer loop
      vertex 53.7046 -13.1802 1
      vertex 53.685 -13.2831 -1
      vertex 53.685 -13.2831 1
    endloop
  endfacet
  facet normal -0.994563 0.104138 0
    outer loop
      vertex 53.6588 -13.4908 -1
      vertex 53.6697 -13.3867 1
      vertex 53.6697 -13.3867 -1
    endloop
  endfacet
  facet normal -0.994563 0.104138 0
    outer loop
      vertex 53.6697 -13.3867 1
      vertex 53.6588 -13.4908 -1
      vertex 53.6588 -13.4908 1
    endloop
  endfacet
  facet normal -0.0840733 -0.99646 0
    outer loop
      vertex 55.8887 -16.1863 -1
      vertex 55.993 -16.1951 1
      vertex 55.8887 -16.1863 1
    endloop
  endfacet
  facet normal -0.0840733 -0.99646 -0
    outer loop
      vertex 55.993 -16.1951 1
      vertex 55.8887 -16.1863 -1
      vertex 55.993 -16.1951 -1
    endloop
  endfacet
  facet normal 0.407025 0.913417 -0
    outer loop
      vertex 57.2144 -11.4379 -1
      vertex 57.1188 -11.3953 1
      vertex 57.2144 -11.4379 1
    endloop
  endfacet
  facet normal 0.407025 0.913417 0
    outer loop
      vertex 57.1188 -11.3953 1
      vertex 57.2144 -11.4379 -1
      vertex 57.1188 -11.3953 -1
    endloop
  endfacet
  facet normal -0.963093 0.26917 0
    outer loop
      vertex 53.7285 -13.0783 -1
      vertex 53.7567 -12.9774 1
      vertex 53.7567 -12.9774 -1
    endloop
  endfacet
  facet normal -0.963093 0.26917 0
    outer loop
      vertex 53.7567 -12.9774 1
      vertex 53.7285 -13.0783 -1
      vertex 53.7285 -13.0783 1
    endloop
  endfacet
  facet normal 0.620727 -0.784026 0
    outer loop
      vertex 57.6615 -15.6913 -1
      vertex 57.7436 -15.6263 1
      vertex 57.6615 -15.6913 1
    endloop
  endfacet
  facet normal 0.620727 -0.784026 0
    outer loop
      vertex 57.7436 -15.6263 1
      vertex 57.6615 -15.6913 -1
      vertex 57.7436 -15.6263 -1
    endloop
  endfacet
  facet normal -0.796549 0.604575 0
    outer loop
      vertex 54.1275 -12.2305 -1
      vertex 54.1908 -12.1471 1
      vertex 54.1908 -12.1471 -1
    endloop
  endfacet
  facet normal -0.796549 0.604575 0
    outer loop
      vertex 54.1908 -12.1471 1
      vertex 54.1275 -12.2305 -1
      vertex 54.1275 -12.2305 1
    endloop
  endfacet
  facet normal 0.684322 0.72918 -0
    outer loop
      vertex 57.8992 -11.9138 -1
      vertex 57.8228 -11.8421 1
      vertex 57.8992 -11.9138 1
    endloop
  endfacet
  facet normal 0.684322 0.72918 0
    outer loop
      vertex 57.8228 -11.8421 1
      vertex 57.8992 -11.9138 -1
      vertex 57.8228 -11.8421 -1
    endloop
  endfacet
  facet normal -0.97358 0.228347 0
    outer loop
      vertex 53.7046 -13.1802 -1
      vertex 53.7285 -13.0783 1
      vertex 53.7285 -13.0783 -1
    endloop
  endfacet
  facet normal -0.97358 0.228347 0
    outer loop
      vertex 53.7285 -13.0783 1
      vertex 53.7046 -13.1802 -1
      vertex 53.7046 -13.1802 1
    endloop
  endfacet
  facet normal 0.367601 0.929983 -0
    outer loop
      vertex 57.1188 -11.3953 -1
      vertex 57.0214 -11.3568 1
      vertex 57.1188 -11.3953 1
    endloop
  endfacet
  facet normal 0.367601 0.929983 0
    outer loop
      vertex 57.0214 -11.3568 1
      vertex 57.1188 -11.3953 -1
      vertex 57.0214 -11.3568 -1
    endloop
  endfacet
  facet normal 0.208224 0.978081 -0
    outer loop
      vertex 56.7209 -11.2661 -1
      vertex 56.6185 -11.2443 1
      vertex 56.7209 -11.2661 1
    endloop
  endfacet
  facet normal 0.208224 0.978081 0
    outer loop
      vertex 56.6185 -11.2443 1
      vertex 56.7209 -11.2661 -1
      vertex 56.6185 -11.2443 -1
    endloop
  endfacet
  facet normal 0.518281 0.855211 -0
    outer loop
      vertex 57.4896 -11.5892 -1
      vertex 57.4 -11.5349 1
      vertex 57.4896 -11.5892 1
    endloop
  endfacet
  facet normal 0.518281 0.855211 0
    outer loop
      vertex 57.4 -11.5349 1
      vertex 57.4896 -11.5892 -1
      vertex 57.4 -11.5349 -1
    endloop
  endfacet
  facet normal -0.65362 0.756823 0
    outer loop
      vertex 54.5564 -11.7737 -1
      vertex 54.4772 -11.8421 1
      vertex 54.5564 -11.7737 1
    endloop
  endfacet
  facet normal -0.65362 0.756823 0
    outer loop
      vertex 54.4772 -11.8421 1
      vertex 54.5564 -11.7737 -1
      vertex 54.4772 -11.8421 -1
    endloop
  endfacet
  facet normal -0.620727 0.784026 0
    outer loop
      vertex 54.6385 -11.7087 -1
      vertex 54.5564 -11.7737 1
      vertex 54.6385 -11.7087 1
    endloop
  endfacet
  facet normal -0.620727 0.784026 0
    outer loop
      vertex 54.5564 -11.7737 1
      vertex 54.6385 -11.7087 -1
      vertex 54.5564 -11.7737 -1
    endloop
  endfacet
  facet normal -0.248375 -0.968664 0
    outer loop
      vertex 55.4777 -16.1079 -1
      vertex 55.5791 -16.1339 1
      vertex 55.4777 -16.1079 1
    endloop
  endfacet
  facet normal -0.248375 -0.968664 -0
    outer loop
      vertex 55.5791 -16.1339 1
      vertex 55.4777 -16.1079 -1
      vertex 55.5791 -16.1339 -1
    endloop
  endfacet
  facet normal -0.904862 0.425705 0
    outer loop
      vertex 53.8661 -12.6832 -1
      vertex 53.9107 -12.5884 1
      vertex 53.9107 -12.5884 -1
    endloop
  endfacet
  facet normal -0.904862 0.425705 0
    outer loop
      vertex 53.9107 -12.5884 1
      vertex 53.8661 -12.6832 -1
      vertex 53.8661 -12.6832 1
    endloop
  endfacet
  facet normal 0.770799 0.637079 0
    outer loop
      vertex 58.1092 -12.1471 1
      vertex 58.0425 -12.0664 -1
      vertex 58.0425 -12.0664 1
    endloop
  endfacet
  facet normal 0.770799 0.637079 0
    outer loop
      vertex 58.0425 -12.0664 -1
      vertex 58.1092 -12.1471 1
      vertex 58.1092 -12.1471 -1
    endloop
  endfacet
  facet normal 0 0 -1
    outer loop
      vertex 58.6478 -13.8047 -1
      vertex 58.6478 -13.5953 -1
      vertex 58.65 -13.7 -1
    endloop
  endfacet
  facet normal 0 0 -1
    outer loop
      vertex 58.6412 -13.9092 -1
      vertex 58.6478 -13.5953 -1
      vertex 58.6478 -13.8047 -1
    endloop
  endfacet
  facet normal 0 0 -1
    outer loop
      vertex 58.6412 -13.9092 -1
      vertex 58.6412 -13.4908 -1
      vertex 58.6478 -13.5953 -1
    endloop
  endfacet
  facet normal 0 0 -1
    outer loop
      vertex 58.6303 -14.0133 -1
      vertex 58.6412 -13.4908 -1
      vertex 58.6412 -13.9092 -1
    endloop
  endfacet
  facet normal 0 0 -1
    outer loop
      vertex 58.6303 -14.0133 -1
      vertex 58.6303 -13.3867 -1
      vertex 58.6412 -13.4908 -1
    endloop
  endfacet
  facet normal 0 0 -1
    outer loop
      vertex 58.615 -14.1169 -1
      vertex 58.6303 -13.3867 -1
      vertex 58.6303 -14.0133 -1
    endloop
  endfacet
  facet normal 0 0 -1
    outer loop
      vertex 58.615 -14.1169 -1
      vertex 58.615 -13.2831 -1
      vertex 58.6303 -13.3867 -1
    endloop
  endfacet
  facet normal 0 0 -1
    outer loop
      vertex 58.5954 -14.2198 -1
      vertex 58.615 -13.2831 -1
      vertex 58.615 -14.1169 -1
    endloop
  endfacet
  facet normal 0 0 -1
    outer loop
      vertex 58.5954 -14.2198 -1
      vertex 58.5954 -13.1802 -1
      vertex 58.615 -13.2831 -1
    endloop
  endfacet
  facet normal 0 0 -1
    outer loop
      vertex 58.5715 -14.3217 -1
      vertex 58.5954 -13.1802 -1
      vertex 58.5954 -14.2198 -1
    endloop
  endfacet
  facet normal 0 0 -1
    outer loop
      vertex 58.5715 -14.3217 -1
      vertex 58.5715 -13.0783 -1
      vertex 58.5954 -13.1802 -1
    endloop
  endfacet
  facet normal 0 0 -1
    outer loop
      vertex 58.5433 -14.4226 -1
      vertex 58.5715 -13.0783 -1
      vertex 58.5715 -14.3217 -1
    endloop
  endfacet
  facet normal 0 0 -1
    outer loop
      vertex 58.5433 -14.4226 -1
      vertex 58.5433 -12.9774 -1
      vertex 58.5715 -13.0783 -1
    endloop
  endfacet
  facet normal 0 0 -1
    outer loop
      vertex 58.5109 -14.5222 -1
      vertex 58.5433 -12.9774 -1
      vertex 58.5433 -14.4226 -1
    endloop
  endfacet
  facet normal 0 0 -1
    outer loop
      vertex 58.5109 -14.5222 -1
      vertex 58.5109 -12.8778 -1
      vertex 58.5433 -12.9774 -1
    endloop
  endfacet
  facet normal 0 0 -1
    outer loop
      vertex 58.4744 -14.6203 -1
      vertex 58.5109 -12.8778 -1
      vertex 58.5109 -14.5222 -1
    endloop
  endfacet
  facet normal 0 0 -1
    outer loop
      vertex 58.4744 -14.6203 -1
      vertex 58.4744 -12.7797 -1
      vertex 58.5109 -12.8778 -1
    endloop
  endfacet
  facet normal 0 0 -1
    outer loop
      vertex 58.4339 -14.7168 -1
      vertex 58.4744 -12.7797 -1
      vertex 58.4744 -14.6203 -1
    endloop
  endfacet
  facet normal 0 0 -1
    outer loop
      vertex 58.4339 -14.7168 -1
      vertex 58.4339 -12.6832 -1
      vertex 58.4744 -12.7797 -1
    endloop
  endfacet
  facet normal 0 0 -1
    outer loop
      vertex 58.3893 -14.8116 -1
      vertex 58.4339 -12.6832 -1
      vertex 58.4339 -14.7168 -1
    endloop
  endfacet
  facet normal 0 0 -1
    outer loop
      vertex 58.3893 -14.8116 -1
      vertex 58.3893 -12.5884 -1
      vertex 58.4339 -12.6832 -1
    endloop
  endfacet
  facet normal 0 0 -1
    outer loop
      vertex 58.3408 -14.9044 -1
      vertex 58.3893 -12.5884 -1
      vertex 58.3893 -14.8116 -1
    endloop
  endfacet
  facet normal 0 0 -1
    outer loop
      vertex 58.3408 -14.9044 -1
      vertex 58.3408 -12.4956 -1
      vertex 58.3893 -12.5884 -1
    endloop
  endfacet
  facet normal 0 0 -1
    outer loop
      vertex 58.2884 -14.9951 -1
      vertex 58.3408 -12.4956 -1
      vertex 58.3408 -14.9044 -1
    endloop
  endfacet
  facet normal 0 0 -1
    outer loop
      vertex 58.2884 -14.9951 -1
      vertex 58.2884 -12.4049 -1
      vertex 58.3408 -12.4956 -1
    endloop
  endfacet
  facet normal 0 0 -1
    outer loop
      vertex 58.2323 -15.0835 -1
      vertex 58.2884 -12.4049 -1
      vertex 58.2884 -14.9951 -1
    endloop
  endfacet
  facet normal 0 0 -1
    outer loop
      vertex 58.2323 -15.0835 -1
      vertex 58.2323 -12.3165 -1
      vertex 58.2884 -12.4049 -1
    endloop
  endfacet
  facet normal 0 0 -1
    outer loop
      vertex 58.1725 -15.1695 -1
      vertex 58.2323 -12.3165 -1
      vertex 58.2323 -15.0835 -1
    endloop
  endfacet
  facet normal 0 0 -1
    outer loop
      vertex 58.1725 -15.1695 -1
      vertex 58.1725 -12.2305 -1
      vertex 58.2323 -12.3165 -1
    endloop
  endfacet
  facet normal 0 0 -1
    outer loop
      vertex 58.1092 -15.2529 -1
      vertex 58.1725 -12.2305 -1
      vertex 58.1725 -15.1695 -1
    endloop
  endfacet
  facet normal 0 0 -1
    outer loop
      vertex 58.1092 -15.2529 -1
      vertex 58.1092 -12.1471 -1
      vertex 58.1725 -12.2305 -1
    endloop
  endfacet
  facet normal 0 0 -1
    outer loop
      vertex 58.0425 -15.3336 -1
      vertex 58.1092 -12.1471 -1
      vertex 58.1092 -15.2529 -1
    endloop
  endfacet
  facet normal 0 0 -1
    outer loop
      vertex 58.0425 -15.3336 -1
      vertex 58.0425 -12.0664 -1
      vertex 58.1092 -12.1471 -1
    endloop
  endfacet
  facet normal 0 0 -1
    outer loop
      vertex 57.9724 -15.4114 -1
      vertex 58.0425 -12.0664 -1
      vertex 58.0425 -15.3336 -1
    endloop
  endfacet
  facet normal 0 0 -1
    outer loop
      vertex 57.9724 -15.4114 -1
      vertex 57.9724 -11.9886 -1
      vertex 58.0425 -12.0664 -1
    endloop
  endfacet
  facet normal 0 0 -1
    outer loop
      vertex 57.8992 -15.4862 -1
      vertex 57.9724 -11.9886 -1
      vertex 57.9724 -15.4114 -1
    endloop
  endfacet
  facet normal 0 0 -1
    outer loop
      vertex 57.8992 -15.4862 -1
      vertex 57.8992 -11.9138 -1
      vertex 57.9724 -11.9886 -1
    endloop
  endfacet
  facet normal 0 0 -1
    outer loop
      vertex 57.8228 -15.5579 -1
      vertex 57.8992 -11.9138 -1
      vertex 57.8992 -15.4862 -1
    endloop
  endfacet
  facet normal 0 0 -1
    outer loop
      vertex 57.8228 -15.5579 -1
      vertex 57.8228 -11.8421 -1
      vertex 57.8992 -11.9138 -1
    endloop
  endfacet
  facet normal 0 0 -1
    outer loop
      vertex 57.7436 -15.6263 -1
      vertex 57.8228 -11.8421 -1
      vertex 57.8228 -15.5579 -1
    endloop
  endfacet
  facet normal 0 0 -1
    outer loop
      vertex 57.7436 -15.6263 -1
      vertex 57.7436 -11.7737 -1
      vertex 57.8228 -11.8421 -1
    endloop
  endfacet
  facet normal 0 0 -1
    outer loop
      vertex 57.6615 -15.6913 -1
      vertex 57.7436 -11.7737 -1
      vertex 57.7436 -15.6263 -1
    endloop
  endfacet
  facet normal 0 0 -1
    outer loop
      vertex 57.6615 -15.6913 -1
      vertex 57.6615 -11.7087 -1
      vertex 57.7436 -11.7737 -1
    endloop
  endfacet
  facet normal 0 0 -1
    outer loop
      vertex 57.5768 -15.7529 -1
      vertex 57.6615 -11.7087 -1
      vertex 57.6615 -15.6913 -1
    endloop
  endfacet
  facet normal 0 0 -1
    outer loop
      vertex 57.5768 -15.7529 -1
      vertex 57.5768 -11.6471 -1
      vertex 57.6615 -11.7087 -1
    endloop
  endfacet
  facet normal 0 0 -1
    outer loop
      vertex 57.4896 -15.8108 -1
      vertex 57.5768 -11.6471 -1
      vertex 57.5768 -15.7529 -1
    endloop
  endfacet
  facet normal 0 0 -1
    outer loop
      vertex 57.4896 -15.8108 -1
      vertex 57.4896 -11.5892 -1
      vertex 57.5768 -11.6471 -1
    endloop
  endfacet
  facet normal 0 0 -1
    outer loop
      vertex 57.4 -15.8651 -1
      vertex 57.4896 -11.5892 -1
      vertex 57.4896 -15.8108 -1
    endloop
  endfacet
  facet normal 0 0 -1
    outer loop
      vertex 57.4 -15.8651 -1
      vertex 57.4 -11.5349 -1
      vertex 57.4896 -11.5892 -1
    endloop
  endfacet
  facet normal 0 0 -1
    outer loop
      vertex 57.3082 -15.9155 -1
      vertex 57.4 -11.5349 -1
      vertex 57.4 -15.8651 -1
    endloop
  endfacet
  facet normal 0 0 -1
    outer loop
      vertex 57.3082 -15.9155 -1
      vertex 57.3082 -11.4845 -1
      vertex 57.4 -11.5349 -1
    endloop
  endfacet
  facet normal 0 0 -1
    outer loop
      vertex 57.2144 -15.9621 -1
      vertex 57.3082 -11.4845 -1
      vertex 57.3082 -15.9155 -1
    endloop
  endfacet
  facet normal 0 0 -1
    outer loop
      vertex 57.2144 -15.9621 -1
      vertex 57.2144 -11.4379 -1
      vertex 57.3082 -11.4845 -1
    endloop
  endfacet
  facet normal 0 0 -1
    outer loop
      vertex 57.1188 -16.0047 -1
      vertex 57.2144 -11.4379 -1
      vertex 57.2144 -15.9621 -1
    endloop
  endfacet
  facet normal 0 0 -1
    outer loop
      vertex 57.1188 -16.0047 -1
      vertex 57.1188 -11.3953 -1
      vertex 57.2144 -11.4379 -1
    endloop
  endfacet
  facet normal 0 0 -1
    outer loop
      vertex 57.0214 -16.0432 -1
      vertex 57.1188 -11.3953 -1
      vertex 57.1188 -16.0047 -1
    endloop
  endfacet
  facet normal 0 0 -1
    outer loop
      vertex 57.0214 -16.0432 -1
      vertex 57.0214 -11.3568 -1
      vertex 57.1188 -11.3953 -1
    endloop
  endfacet
  facet normal 0 0 -1
    outer loop
      vertex 56.9225 -16.0776 -1
      vertex 57.0214 -11.3568 -1
      vertex 57.0214 -16.0432 -1
    endloop
  endfacet
  facet normal 0 0 -1
    outer loop
      vertex 56.9225 -16.0776 -1
      vertex 56.9225 -11.3224 -1
      vertex 57.0214 -11.3568 -1
    endloop
  endfacet
  facet normal 0 0 -1
    outer loop
      vertex 56.8223 -16.1079 -1
      vertex 56.9225 -11.3224 -1
      vertex 56.9225 -16.0776 -1
    endloop
  endfacet
  facet normal 0 0 -1
    outer loop
      vertex 56.8223 -16.1079 -1
      vertex 56.8223 -11.2921 -1
      vertex 56.9225 -11.3224 -1
    endloop
  endfacet
  facet normal 0 0 -1
    outer loop
      vertex 56.7209 -16.1339 -1
      vertex 56.8223 -11.2921 -1
      vertex 56.8223 -16.1079 -1
    endloop
  endfacet
  facet normal 0 0 -1
    outer loop
      vertex 56.7209 -16.1339 -1
      vertex 56.7209 -11.2661 -1
      vertex 56.8223 -11.2921 -1
    endloop
  endfacet
  facet normal 0 0 -1
    outer loop
      vertex 56.6185 -16.1557 -1
      vertex 56.7209 -11.2661 -1
      vertex 56.7209 -16.1339 -1
    endloop
  endfacet
  facet normal 0 0 -1
    outer loop
      vertex 56.6185 -16.1557 -1
      vertex 56.6185 -11.2443 -1
      vertex 56.7209 -11.2661 -1
    endloop
  endfacet
  facet normal 0 0 -1
    outer loop
      vertex 56.5152 -16.1732 -1
      vertex 56.6185 -11.2443 -1
      vertex 56.6185 -16.1557 -1
    endloop
  endfacet
  facet normal 0 0 -1
    outer loop
      vertex 56.5152 -16.1732 -1
      vertex 56.5152 -11.2268 -1
      vertex 56.6185 -11.2443 -1
    endloop
  endfacet
  facet normal 0 0 -1
    outer loop
      vertex 56.4113 -16.1863 -1
      vertex 56.5152 -11.2268 -1
      vertex 56.5152 -16.1732 -1
    endloop
  endfacet
  facet normal 0 0 -1
    outer loop
      vertex 56.4113 -16.1863 -1
      vertex 56.4113 -11.2137 -1
      vertex 56.5152 -11.2268 -1
    endloop
  endfacet
  facet normal 0 0 -1
    outer loop
      vertex 56.307 -16.1951 -1
      vertex 56.4113 -11.2137 -1
      vertex 56.4113 -16.1863 -1
    endloop
  endfacet
  facet normal 0 0 -1
    outer loop
      vertex 56.307 -16.1951 -1
      vertex 56.307 -11.2049 -1
      vertex 56.4113 -11.2137 -1
    endloop
  endfacet
  facet normal 0 0 -1
    outer loop
      vertex 56.2024 -16.1995 -1
      vertex 56.307 -11.2049 -1
      vertex 56.307 -16.1951 -1
    endloop
  endfacet
  facet normal 0 0 -1
    outer loop
      vertex 56.2024 -16.1995 -1
      vertex 56.2024 -11.2005 -1
      vertex 56.307 -11.2049 -1
    endloop
  endfacet
  facet normal 0 0 -1
    outer loop
      vertex 56.0976 -16.1995 -1
      vertex 56.2024 -11.2005 -1
      vertex 56.2024 -16.1995 -1
    endloop
  endfacet
  facet normal 0 0 -1
    outer loop
      vertex 56.0976 -16.1995 -1
      vertex 56.0976 -11.2005 -1
      vertex 56.2024 -11.2005 -1
    endloop
  endfacet
  facet normal 0 0 -1
    outer loop
      vertex 55.993 -16.1951 -1
      vertex 56.0976 -11.2005 -1
      vertex 56.0976 -16.1995 -1
    endloop
  endfacet
  facet normal 0 0 -1
    outer loop
      vertex 55.993 -16.1951 -1
      vertex 55.993 -11.2049 -1
      vertex 56.0976 -11.2005 -1
    endloop
  endfacet
  facet normal 0 0 -1
    outer loop
      vertex 55.8887 -16.1863 -1
      vertex 55.993 -11.2049 -1
      vertex 55.993 -16.1951 -1
    endloop
  endfacet
  facet normal 0 0 -1
    outer loop
      vertex 55.8887 -16.1863 -1
      vertex 55.8887 -11.2137 -1
      vertex 55.993 -11.2049 -1
    endloop
  endfacet
  facet normal 0 0 -1
    outer loop
      vertex 55.7848 -16.1732 -1
      vertex 55.8887 -11.2137 -1
      vertex 55.8887 -16.1863 -1
    endloop
  endfacet
  facet normal 0 0 -1
    outer loop
      vertex 55.7848 -16.1732 -1
      vertex 55.7848 -11.2268 -1
      vertex 55.8887 -11.2137 -1
    endloop
  endfacet
  facet normal 0 0 -1
    outer loop
      vertex 55.6815 -16.1557 -1
      vertex 55.7848 -11.2268 -1
      vertex 55.7848 -16.1732 -1
    endloop
  endfacet
  facet normal 0 0 -1
    outer loop
      vertex 55.6815 -16.1557 -1
      vertex 55.6815 -11.2443 -1
      vertex 55.7848 -11.2268 -1
    endloop
  endfacet
  facet normal 0 0 -1
    outer loop
      vertex 55.5791 -16.1339 -1
      vertex 55.6815 -11.2443 -1
      vertex 55.6815 -16.1557 -1
    endloop
  endfacet
  facet normal 0 0 -1
    outer loop
      vertex 55.5791 -16.1339 -1
      vertex 55.5791 -11.2661 -1
      vertex 55.6815 -11.2443 -1
    endloop
  endfacet
  facet normal 0 0 -1
    outer loop
      vertex 55.4777 -16.1079 -1
      vertex 55.5791 -11.2661 -1
      vertex 55.5791 -16.1339 -1
    endloop
  endfacet
  facet normal 0 0 -1
    outer loop
      vertex 55.4777 -16.1079 -1
      vertex 55.4777 -11.2921 -1
      vertex 55.5791 -11.2661 -1
    endloop
  endfacet
  facet normal 0 0 -1
    outer loop
      vertex 55.3775 -16.0776 -1
      vertex 55.4777 -11.2921 -1
      vertex 55.4777 -16.1079 -1
    endloop
  endfacet
  facet normal 0 0 -1
    outer loop
      vertex 55.3775 -16.0776 -1
      vertex 55.3775 -11.3224 -1
      vertex 55.4777 -11.2921 -1
    endloop
  endfacet
  facet normal 0 0 -1
    outer loop
      vertex 55.2786 -16.0432 -1
      vertex 55.3775 -11.3224 -1
      vertex 55.3775 -16.0776 -1
    endloop
  endfacet
  facet normal 0 0 -1
    outer loop
      vertex 55.2786 -16.0432 -1
      vertex 55.2786 -11.3568 -1
      vertex 55.3775 -11.3224 -1
    endloop
  endfacet
  facet normal 0 0 -1
    outer loop
      vertex 55.1812 -16.0047 -1
      vertex 55.2786 -11.3568 -1
      vertex 55.2786 -16.0432 -1
    endloop
  endfacet
  facet normal 0 0 -1
    outer loop
      vertex 55.1812 -16.0047 -1
      vertex 55.1812 -11.3953 -1
      vertex 55.2786 -11.3568 -1
    endloop
  endfacet
  facet normal 0 0 -1
    outer loop
      vertex 55.0856 -15.9621 -1
      vertex 55.1812 -11.3953 -1
      vertex 55.1812 -16.0047 -1
    endloop
  endfacet
  facet normal 0 0 -1
    outer loop
      vertex 55.0856 -15.9621 -1
      vertex 55.0856 -11.4379 -1
      vertex 55.1812 -11.3953 -1
    endloop
  endfacet
  facet normal 0 0 -1
    outer loop
      vertex 54.9918 -15.9155 -1
      vertex 55.0856 -11.4379 -1
      vertex 55.0856 -15.9621 -1
    endloop
  endfacet
  facet normal 0 0 -1
    outer loop
      vertex 54.9918 -15.9155 -1
      vertex 54.9918 -11.4845 -1
      vertex 55.0856 -11.4379 -1
    endloop
  endfacet
  facet normal 0 0 -1
    outer loop
      vertex 54.9 -15.8651 -1
      vertex 54.9918 -11.4845 -1
      vertex 54.9918 -15.9155 -1
    endloop
  endfacet
  facet normal 0 0 -1
    outer loop
      vertex 54.9 -15.8651 -1
      vertex 54.9 -11.5349 -1
      vertex 54.9918 -11.4845 -1
    endloop
  endfacet
  facet normal 0 0 -1
    outer loop
      vertex 54.8104 -15.8108 -1
      vertex 54.9 -11.5349 -1
      vertex 54.9 -15.8651 -1
    endloop
  endfacet
  facet normal 0 0 -1
    outer loop
      vertex 54.8104 -15.8108 -1
      vertex 54.8104 -11.5892 -1
      vertex 54.9 -11.5349 -1
    endloop
  endfacet
  facet normal 0 0 -1
    outer loop
      vertex 54.7232 -15.7529 -1
      vertex 54.8104 -11.5892 -1
      vertex 54.8104 -15.8108 -1
    endloop
  endfacet
  facet normal 0 0 -1
    outer loop
      vertex 54.7232 -15.7529 -1
      vertex 54.7232 -11.6471 -1
      vertex 54.8104 -11.5892 -1
    endloop
  endfacet
  facet normal 0 0 -1
    outer loop
      vertex 54.6385 -15.6913 -1
      vertex 54.7232 -11.6471 -1
      vertex 54.7232 -15.7529 -1
    endloop
  endfacet
  facet normal 0 0 -1
    outer loop
      vertex 54.6385 -15.6913 -1
      vertex 54.6385 -11.7087 -1
      vertex 54.7232 -11.6471 -1
    endloop
  endfacet
  facet normal 0 0 -1
    outer loop
      vertex 54.5564 -15.6263 -1
      vertex 54.6385 -11.7087 -1
      vertex 54.6385 -15.6913 -1
    endloop
  endfacet
  facet normal 0 0 -1
    outer loop
      vertex 54.5564 -15.6263 -1
      vertex 54.5564 -11.7737 -1
      vertex 54.6385 -11.7087 -1
    endloop
  endfacet
  facet normal 0 0 -1
    outer loop
      vertex 54.4772 -15.5579 -1
      vertex 54.5564 -11.7737 -1
      vertex 54.5564 -15.6263 -1
    endloop
  endfacet
  facet normal 0 0 -1
    outer loop
      vertex 54.4772 -15.5579 -1
      vertex 54.4772 -11.8421 -1
      vertex 54.5564 -11.7737 -1
    endloop
  endfacet
  facet normal 0 0 -1
    outer loop
      vertex 54.4008 -15.4862 -1
      vertex 54.4772 -11.8421 -1
      vertex 54.4772 -15.5579 -1
    endloop
  endfacet
  facet normal 0 0 -1
    outer loop
      vertex 54.4008 -15.4862 -1
      vertex 54.4008 -11.9138 -1
      vertex 54.4772 -11.8421 -1
    endloop
  endfacet
  facet normal 0 0 -1
    outer loop
      vertex 54.3276 -15.4114 -1
      vertex 54.4008 -11.9138 -1
      vertex 54.4008 -15.4862 -1
    endloop
  endfacet
  facet normal 0 0 -1
    outer loop
      vertex 54.3276 -15.4114 -1
      vertex 54.3276 -11.9886 -1
      vertex 54.4008 -11.9138 -1
    endloop
  endfacet
  facet normal 0 0 -1
    outer loop
      vertex 54.2575 -15.3336 -1
      vertex 54.3276 -11.9886 -1
      vertex 54.3276 -15.4114 -1
    endloop
  endfacet
  facet normal 0 0 -1
    outer loop
      vertex 54.2575 -15.3336 -1
      vertex 54.2575 -12.0664 -1
      vertex 54.3276 -11.9886 -1
    endloop
  endfacet
  facet normal 0 0 -1
    outer loop
      vertex 54.1908 -15.2529 -1
      vertex 54.2575 -12.0664 -1
      vertex 54.2575 -15.3336 -1
    endloop
  endfacet
  facet normal 0 0 -1
    outer loop
      vertex 54.1908 -15.2529 -1
      vertex 54.1908 -12.1471 -1
      vertex 54.2575 -12.0664 -1
    endloop
  endfacet
  facet normal 0 0 -1
    outer loop
      vertex 54.1275 -15.1695 -1
      vertex 54.1908 -12.1471 -1
      vertex 54.1908 -15.2529 -1
    endloop
  endfacet
  facet normal 0 0 -1
    outer loop
      vertex 54.1275 -15.1695 -1
      vertex 54.1275 -12.2305 -1
      vertex 54.1908 -12.1471 -1
    endloop
  endfacet
  facet normal 0 0 -1
    outer loop
      vertex 54.0677 -15.0835 -1
      vertex 54.1275 -12.2305 -1
      vertex 54.1275 -15.1695 -1
    endloop
  endfacet
  facet normal 0 0 -1
    outer loop
      vertex 54.0677 -15.0835 -1
      vertex 54.0677 -12.3165 -1
      vertex 54.1275 -12.2305 -1
    endloop
  endfacet
  facet normal 0 0 -1
    outer loop
      vertex 54.0116 -14.9951 -1
      vertex 54.0677 -12.3165 -1
      vertex 54.0677 -15.0835 -1
    endloop
  endfacet
  facet normal 0 0 -1
    outer loop
      vertex 54.0116 -14.9951 -1
      vertex 54.0116 -12.4049 -1
      vertex 54.0677 -12.3165 -1
    endloop
  endfacet
  facet normal 0 0 -1
    outer loop
      vertex 53.9592 -14.9044 -1
      vertex 54.0116 -12.4049 -1
      vertex 54.0116 -14.9951 -1
    endloop
  endfacet
  facet normal 0 0 -1
    outer loop
      vertex 53.9592 -14.9044 -1
      vertex 53.9592 -12.4956 -1
      vertex 54.0116 -12.4049 -1
    endloop
  endfacet
  facet normal 0 0 -1
    outer loop
      vertex 53.9107 -14.8116 -1
      vertex 53.9592 -12.4956 -1
      vertex 53.9592 -14.9044 -1
    endloop
  endfacet
  facet normal 0 0 -1
    outer loop
      vertex 53.9107 -14.8116 -1
      vertex 53.9107 -12.5884 -1
      vertex 53.9592 -12.4956 -1
    endloop
  endfacet
  facet normal 0 0 -1
    outer loop
      vertex 53.8661 -14.7168 -1
      vertex 53.9107 -12.5884 -1
      vertex 53.9107 -14.8116 -1
    endloop
  endfacet
  facet normal 0 0 -1
    outer loop
      vertex 53.8661 -14.7168 -1
      vertex 53.8661 -12.6832 -1
      vertex 53.9107 -12.5884 -1
    endloop
  endfacet
  facet normal 0 0 -1
    outer loop
      vertex 53.8256 -14.6203 -1
      vertex 53.8661 -12.6832 -1
      vertex 53.8661 -14.7168 -1
    endloop
  endfacet
  facet normal 0 0 -1
    outer loop
      vertex 53.8256 -14.6203 -1
      vertex 53.8256 -12.7797 -1
      vertex 53.8661 -12.6832 -1
    endloop
  endfacet
  facet normal 0 0 -1
    outer loop
      vertex 53.7891 -14.5222 -1
      vertex 53.8256 -12.7797 -1
      vertex 53.8256 -14.6203 -1
    endloop
  endfacet
  facet normal 0 0 -1
    outer loop
      vertex 53.7891 -14.5222 -1
      vertex 53.7891 -12.8778 -1
      vertex 53.8256 -12.7797 -1
    endloop
  endfacet
  facet normal 0 0 -1
    outer loop
      vertex 53.7567 -14.4226 -1
      vertex 53.7891 -12.8778 -1
      vertex 53.7891 -14.5222 -1
    endloop
  endfacet
  facet normal 0 0 -1
    outer loop
      vertex 53.7567 -14.4226 -1
      vertex 53.7567 -12.9774 -1
      vertex 53.7891 -12.8778 -1
    endloop
  endfacet
  facet normal 0 0 -1
    outer loop
      vertex 53.7285 -14.3217 -1
      vertex 53.7567 -12.9774 -1
      vertex 53.7567 -14.4226 -1
    endloop
  endfacet
  facet normal 0 0 -1
    outer loop
      vertex 53.7285 -14.3217 -1
      vertex 53.7285 -13.0783 -1
      vertex 53.7567 -12.9774 -1
    endloop
  endfacet
  facet normal 0 0 -1
    outer loop
      vertex 53.7046 -14.2198 -1
      vertex 53.7285 -13.0783 -1
      vertex 53.7285 -14.3217 -1
    endloop
  endfacet
  facet normal 0 0 -1
    outer loop
      vertex 53.7046 -14.2198 -1
      vertex 53.7046 -13.1802 -1
      vertex 53.7285 -13.0783 -1
    endloop
  endfacet
  facet normal 0 0 -1
    outer loop
      vertex 53.685 -14.1169 -1
      vertex 53.7046 -13.1802 -1
      vertex 53.7046 -14.2198 -1
    endloop
  endfacet
  facet normal 0 0 -1
    outer loop
      vertex 53.685 -14.1169 -1
      vertex 53.685 -13.2831 -1
      vertex 53.7046 -13.1802 -1
    endloop
  endfacet
  facet normal 0 0 -1
    outer loop
      vertex 53.6697 -14.0133 -1
      vertex 53.685 -13.2831 -1
      vertex 53.685 -14.1169 -1
    endloop
  endfacet
  facet normal 0 0 -1
    outer loop
      vertex 53.6697 -14.0133 -1
      vertex 53.6697 -13.3867 -1
      vertex 53.685 -13.2831 -1
    endloop
  endfacet
  facet normal 0 0 -1
    outer loop
      vertex 53.6588 -13.9092 -1
      vertex 53.6697 -13.3867 -1
      vertex 53.6697 -14.0133 -1
    endloop
  endfacet
  facet normal 0 0 -1
    outer loop
      vertex 53.6588 -13.9092 -1
      vertex 53.6588 -13.4908 -1
      vertex 53.6697 -13.3867 -1
    endloop
  endfacet
  facet normal 0 0 -1
    outer loop
      vertex 53.6522 -13.8047 -1
      vertex 53.6588 -13.4908 -1
      vertex 53.6588 -13.9092 -1
    endloop
  endfacet
  facet normal 0 0 -1
    outer loop
      vertex 53.6522 -13.8047 -1
      vertex 53.6522 -13.5953 -1
      vertex 53.6588 -13.4908 -1
    endloop
  endfacet
  facet normal 0 -0 -1
    outer loop
      vertex 53.6522 -13.5953 -1
      vertex 53.6522 -13.8047 -1
      vertex 53.65 -13.7 -1
    endloop
  endfacet
  facet normal 0.97358 0.228347 0
    outer loop
      vertex 58.5954 -13.1802 1
      vertex 58.5715 -13.0783 -1
      vertex 58.5715 -13.0783 1
    endloop
  endfacet
  facet normal 0.97358 0.228347 0
    outer loop
      vertex 58.5715 -13.0783 -1
      vertex 58.5954 -13.1802 1
      vertex 58.5954 -13.1802 -1
    endloop
  endfacet
  facet normal -0.481259 0.876579 0
    outer loop
      vertex 54.9918 -11.4845 -1
      vertex 54.9 -11.5349 1
      vertex 54.9918 -11.4845 1
    endloop
  endfacet
  facet normal -0.481259 0.876579 0
    outer loop
      vertex 54.9 -11.5349 1
      vertex 54.9918 -11.4845 -1
      vertex 54.9 -11.5349 -1
    endloop
  endfacet
  facet normal 0.904862 0.425705 0
    outer loop
      vertex 58.4339 -12.6832 1
      vertex 58.3893 -12.5884 -1
      vertex 58.3893 -12.5884 1
    endloop
  endfacet
  facet normal 0.904862 0.425705 0
    outer loop
      vertex 58.3893 -12.5884 -1
      vertex 58.4339 -12.6832 1
      vertex 58.4339 -12.6832 -1
    endloop
  endfacet
  facet normal -0.553156 0.833078 0
    outer loop
      vertex 54.8104 -11.5892 -1
      vertex 54.7232 -11.6471 1
      vertex 54.8104 -11.5892 1
    endloop
  endfacet
  facet normal -0.553156 0.833078 0
    outer loop
      vertex 54.7232 -11.6471 1
      vertex 54.8104 -11.5892 -1
      vertex 54.7232 -11.6471 -1
    endloop
  endfacet
  facet normal 0.865883 0.500246 0
    outer loop
      vertex 58.3408 -12.4956 1
      vertex 58.2884 -12.4049 -1
      vertex 58.2884 -12.4049 1
    endloop
  endfacet
  facet normal 0.865883 0.500246 0
    outer loop
      vertex 58.2884 -12.4049 -1
      vertex 58.3408 -12.4956 1
      vertex 58.3408 -12.4956 -1
    endloop
  endfacet
  facet normal 0.714709 0.699422 0
    outer loop
      vertex 57.9724 -11.9886 1
      vertex 57.8992 -11.9138 -1
      vertex 57.8992 -11.9138 1
    endloop
  endfacet
  facet normal 0.714709 0.699422 0
    outer loop
      vertex 57.8992 -11.9138 -1
      vertex 57.9724 -11.9886 1
      vertex 57.9724 -11.9886 -1
    endloop
  endfacet
  facet normal 0.98927 0.146099 0
    outer loop
      vertex 58.6303 -13.3867 1
      vertex 58.615 -13.2831 -1
      vertex 58.615 -13.2831 1
    endloop
  endfacet
  facet normal 0.98927 0.146099 0
    outer loop
      vertex 58.615 -13.2831 -1
      vertex 58.6303 -13.3867 1
      vertex 58.6303 -13.3867 -1
    endloop
  endfacet
endsolid OpenSCAD_Model
